{
  "meta": {
    "data_version": "1.0.0",
    "created": "2016-08-19",
    "revision": 1
  },
  "info": {
    "balls_per_over": 6,
    "city": "Stockholm",
    "dates": [
      "2016-08-17"
    ],
    "event": {
      "name": "ICC World Cricket League Europe Region Division Two Twenty20"
    },
    "gender": "male",
    "match_type": "IT20",
    "missing": [
      "player_of_match"
    ],
    "officials": {
      "match_referees": [
        "DT Jukes"
      ],
      "reserve_umpires": [
        "DH Mclean"
      ],
      "umpires": [
        "J Jensen",
        "EM Young"
      ]
    },
    "outcome": {
      "by": {
        "runs": 100
      },
      "winner": "Germany"
    },
    "overs": 20,
    "players": {
      "Germany": [
        "A Sarma",
        "Mudassar Muhammad",
        "R Pillai",
        "D Weston",
        "B Ess",
        "Sajid Liaqat",
        "Khaled Khan",
        "Asad Mohammad",
        "Ahmed Wardak",
        "Kashif Hussain",
        "ME Latif"
      ],
      "Isle of Man": [
        "A McAuley",
        "OJ Webster",
        "P Littlejohns",
        "D Kniveton",
        "C Hawke",
        "AM Killey",
        "DJ Hawke",
        "MJ Ansell",
        "S Mills",
        "K Cawte",
        "A van den Berg"
      ]
    },
    "registry": {
      "people": {
        "A McAuley": "39e599c8",
        "A Sarma": "a5efce80",
        "A van den Berg": "63af7f6e",
        "AM Killey": "7ed05554",
        "Ahmed Wardak": "3daaabaa",
        "Asad Mohammad": "89b7e368",
        "B Ess": "20ccbb4c",
        "C Hawke": "fa135031",
        "D Kniveton": "178b4188",
        "D Weston": "92256e66",
        "DH Mclean": "281d4749",
        "DJ Hawke": "0c5f662b",
        "DT Jukes": "7c215d14",
        "EM Young": "543b4552",
        "J Jensen": "fc80e7a2",
        "K Cawte": "a2dd9236",
        "Kashif Hussain": "9334796c",
        "Khaled Khan": "12197705",
        "ME Latif": "bf00f426",
        "MJ Ansell": "6e60a792",
        "Mudassar Muhammad": "7dde58c9",
        "OJ Webster": "a69e2964",
        "P Littlejohns": "0d9992e3",
        "R Pillai": "7a7c7e57",
        "S Mills": "86ac0262",
        "Sajid Liaqat": "b1b99a1a"
      }
    },
    "season": 2016,
    "team_type": "international",
    "teams": [
      "Germany",
      "Isle of Man"
    ],
    "toss": {
      "decision": "field",
      "winner": "Isle of Man"
    },
    "venue": "Skarpnack 2"
  },
  "innings": [
    {
      "team": "Germany",
      "overs": [
        {
          "over": 0,
          "deliveries": [
            {
              "batter": "A Sarma",
              "bowler": "MJ Ansell",
              "non_striker": "Mudassar Muhammad",
              "runs": {
                "batter": 1,
                "extras": 0,
                "total": 1
              }
            },
            {
              "batter": "Mudassar Muhammad",
              "bowler": "MJ Ansell",
              "non_striker": "A Sarma",
              "runs": {
                "batter": 4,
                "extras": 0,
                "total": 4
              }
            },
            {
              "batter": "Mudassar Muhammad",
              "bowler": "MJ Ansell",
              "non_striker": "A Sarma",
              "runs": {
                "batter": 1,
                "extras": 0,
                "total": 1
              }
            },
            {
              "batter": "A Sarma",
              "bowler": "MJ Ansell",
              "non_striker": "Mudassar Muhammad",
              "runs": {
                "batter": 2,
                "extras": 0,
                "total": 2
              }
            },
            {
              "batter": "A Sarma",
              "bowler": "MJ Ansell",
              "non_striker": "Mudassar Muhammad",
              "runs": {
                "batter": 0,
                "extras": 0,
                "total": 0
              }
            },
            {
              "batter": "A Sarma",
              "bowler": "MJ Ansell",
              "non_striker": "Mudassar Muhammad",
              "runs": {
                "batter": 0,
                "extras": 0,
                "total": 0
              }
            }
          ]
        },
        {
          "over": 1,
          "deliveries": [
            {
              "batter": "Mudassar Muhammad",
              "bowler": "A van den Berg",
              "non_striker": "A Sarma",
              "runs": {
                "batter": 0,
                "extras": 0,
                "total": 0
              }
            },
            {
              "batter": "Mudassar Muhammad",
              "bowler": "A van den Berg",
              "non_striker": "A Sarma",
              "runs": {
                "batter": 0,
                "extras": 0,
                "total": 0
              },
              "wickets": [
                {
                  "kind": "caught",
                  "player_out": "Mudassar Muhammad",
                  "fielders": [
                    {
                      "name": "S Mills"
                    }
                  ]
                }
              ]
            },
            {
              "batter": "A Sarma",
              "bowler": "A van den Berg",
              "non_striker": "R Pillai",
              "runs": {
                "batter": 0,
                "extras": 0,
                "total": 0
              }
            },
            {
              "batter": "A Sarma",
              "bowler": "A van den Berg",
              "non_striker": "R Pillai",
              "runs": {
                "batter": 4,
                "extras": 0,
                "total": 4
              }
            },
            {
              "batter": "A Sarma",
              "bowler": "A van den Berg",
              "non_striker": "R Pillai",
              "runs": {
                "batter": 1,
                "extras": 0,
                "total": 1
              }
            },
            {
              "batter": "R Pillai",
              "bowler": "A van den Berg",
              "non_striker": "A Sarma",
              "runs": {
                "batter": 0,
                "extras": 0,
                "total": 0
              }
            }
          ]
        },
        {
          "over": 2,
          "deliveries": [
            {
              "batter": "A Sarma",
              "bowler": "MJ Ansell",
              "non_striker": "R Pillai",
              "runs": {
                "batter": 1,
                "extras": 0,
                "total": 1
              }
            },
            {
              "batter": "R Pillai",
              "bowler": "MJ Ansell",
              "non_striker": "A Sarma",
              "runs": {
                "batter": 0,
                "extras": 0,
                "total": 0
              }
            },
            {
              "batter": "R Pillai",
              "bowler": "MJ Ansell",
              "non_striker": "A Sarma",
              "runs": {
                "batter": 0,
                "extras": 0,
                "total": 0
              }
            },
            {
              "batter": "R Pillai",
              "bowler": "MJ Ansell",
              "non_striker": "A Sarma",
              "runs": {
                "batter": 1,
                "extras": 0,
                "total": 1
              }
            },
            {
              "batter": "A Sarma",
              "bowler": "MJ Ansell",
              "non_striker": "R Pillai",
              "runs": {
                "batter": 0,
                "extras": 0,
                "total": 0
              }
            },
            {
              "batter": "A Sarma",
              "bowler": "MJ Ansell",
              "non_striker": "R Pillai",
              "runs": {
                "batter": 6,
                "extras": 0,
                "total": 6
              }
            }
          ]
        },
        {
          "over": 3,
          "deliveries": [
            {
              "batter": "R Pillai",
              "bowler": "A van den Berg",
              "non_striker": "A Sarma",
              "runs": {
                "batter": 0,
                "extras": 0,
                "total": 0
              }
            },
            {
              "batter": "R Pillai",
              "bowler": "A van den Berg",
              "extras": {
                "wides": 1
              },
              "non_striker": "A Sarma",
              "runs": {
                "batter": 0,
                "extras": 1,
                "total": 1
              }
            },
            {
              "batter": "R Pillai",
              "bowler": "A van den Berg",
              "non_striker": "A Sarma",
              "runs": {
                "batter": 0,
                "extras": 0,
                "total": 0
              }
            },
            {
              "batter": "R Pillai",
              "bowler": "A van den Berg",
              "non_striker": "A Sarma",
              "runs": {
                "batter": 1,
                "extras": 0,
                "total": 1
              }
            },
            {
              "batter": "A Sarma",
              "bowler": "A van den Berg",
              "non_striker": "R Pillai",
              "runs": {
                "batter": 0,
                "extras": 0,
                "total": 0
              }
            },
            {
              "batter": "A Sarma",
              "bowler": "A van den Berg",
              "non_striker": "R Pillai",
              "runs": {
                "batter": 1,
                "extras": 0,
                "total": 1
              }
            },
            {
              "batter": "R Pillai",
              "bowler": "A van den Berg",
              "non_striker": "A Sarma",
              "runs": {
                "batter": 0,
                "extras": 0,
                "total": 0
              }
            }
          ]
        },
        {
          "over": 4,
          "deliveries": [
            {
              "batter": "A Sarma",
              "bowler": "K Cawte",
              "non_striker": "R Pillai",
              "runs": {
                "batter": 1,
                "extras": 0,
                "total": 1
              }
            },
            {
              "batter": "R Pillai",
              "bowler": "K Cawte",
              "non_striker": "A Sarma",
              "runs": {
                "batter": 1,
                "extras": 0,
                "total": 1
              }
            },
            {
              "batter": "A Sarma",
              "bowler": "K Cawte",
              "extras": {
                "wides": 5
              },
              "non_striker": "R Pillai",
              "runs": {
                "batter": 0,
                "extras": 5,
                "total": 5
              }
            },
            {
              "batter": "A Sarma",
              "bowler": "K Cawte",
              "non_striker": "R Pillai",
              "runs": {
                "batter": 0,
                "extras": 0,
                "total": 0
              },
              "wickets": [
                {
                  "kind": "caught",
                  "player_out": "A Sarma",
                  "fielders": [
                    {
                      "name": "A McAuley"
                    }
                  ]
                }
              ]
            },
            {
              "batter": "R Pillai",
              "bowler": "K Cawte",
              "non_striker": "D Weston",
              "runs": {
                "batter": 1,
                "extras": 0,
                "total": 1
              }
            },
            {
              "batter": "D Weston",
              "bowler": "K Cawte",
              "non_striker": "R Pillai",
              "runs": {
                "batter": 4,
                "extras": 0,
                "total": 4
              }
            },
            {
              "batter": "D Weston",
              "bowler": "K Cawte",
              "extras": {
                "wides": 1
              },
              "non_striker": "R Pillai",
              "runs": {
                "batter": 0,
                "extras": 1,
                "total": 1
              }
            },
            {
              "batter": "D Weston",
              "bowler": "K Cawte",
              "non_striker": "R Pillai",
              "runs": {
                "batter": 1,
                "extras": 0,
                "total": 1
              }
            }
          ]
        },
        {
          "over": 5,
          "deliveries": [
            {
              "batter": "D Weston",
              "bowler": "A van den Berg",
              "non_striker": "R Pillai",
              "runs": {
                "batter": 0,
                "extras": 0,
                "total": 0
              }
            },
            {
              "batter": "D Weston",
              "bowler": "A van den Berg",
              "non_striker": "R Pillai",
              "runs": {
                "batter": 4,
                "extras": 0,
                "total": 4
              }
            },
            {
              "batter": "D Weston",
              "bowler": "A van den Berg",
              "non_striker": "R Pillai",
              "runs": {
                "batter": 4,
                "extras": 0,
                "total": 4
              }
            },
            {
              "batter": "D Weston",
              "bowler": "A van den Berg",
              "non_striker": "R Pillai",
              "runs": {
                "batter": 0,
                "extras": 0,
                "total": 0
              }
            },
            {
              "batter": "D Weston",
              "bowler": "A van den Berg",
              "non_striker": "R Pillai",
              "runs": {
                "batter": 6,
                "extras": 0,
                "total": 6
              }
            },
            {
              "batter": "D Weston",
              "bowler": "A van den Berg",
              "non_striker": "R Pillai",
              "runs": {
                "batter": 1,
                "extras": 0,
                "total": 1
              }
            }
          ]
        },
        {
          "over": 6,
          "deliveries": [
            {
              "batter": "D Weston",
              "bowler": "DJ Hawke",
              "non_striker": "R Pillai",
              "runs": {
                "batter": 1,
                "extras": 0,
                "total": 1
              }
            },
            {
              "batter": "R Pillai",
              "bowler": "DJ Hawke",
              "non_striker": "D Weston",
              "runs": {
                "batter": 0,
                "extras": 0,
                "total": 0
              }
            },
            {
              "batter": "R Pillai",
              "bowler": "DJ Hawke",
              "non_striker": "D Weston",
              "runs": {
                "batter": 1,
                "extras": 0,
                "total": 1
              }
            },
            {
              "batter": "D Weston",
              "bowler": "DJ Hawke",
              "non_striker": "R Pillai",
              "runs": {
                "batter": 0,
                "extras": 0,
                "total": 0
              },
              "wickets": [
                {
                  "kind": "caught",
                  "player_out": "D Weston",
                  "fielders": [
                    {
                      "name": "AM Killey"
                    }
                  ]
                }
              ]
            },
            {
              "batter": "B Ess",
              "bowler": "DJ Hawke",
              "non_striker": "R Pillai",
              "runs": {
                "batter": 0,
                "extras": 0,
                "total": 0
              }
            },
            {
              "batter": "B Ess",
              "bowler": "DJ Hawke",
              "non_striker": "R Pillai",
              "runs": {
                "batter": 1,
                "extras": 0,
                "total": 1
              }
            }
          ]
        },
        {
          "over": 7,
          "deliveries": [
            {
              "batter": "B Ess",
              "bowler": "S Mills",
              "extras": {
                "wides": 1
              },
              "non_striker": "R Pillai",
              "runs": {
                "batter": 0,
                "extras": 1,
                "total": 1
              }
            },
            {
              "batter": "B Ess",
              "bowler": "S Mills",
              "non_striker": "R Pillai",
              "runs": {
                "batter": 0,
                "extras": 0,
                "total": 0
              },
              "wickets": [
                {
                  "kind": "stumped",
                  "player_out": "B Ess",
                  "fielders": [
                    {
                      "name": "AM Killey"
                    }
                  ]
                }
              ]
            },
            {
              "batter": "Sajid Liaqat",
              "bowler": "S Mills",
              "non_striker": "R Pillai",
              "runs": {
                "batter": 1,
                "extras": 0,
                "total": 1
              }
            },
            {
              "batter": "R Pillai",
              "bowler": "S Mills",
              "non_striker": "Sajid Liaqat",
              "runs": {
                "batter": 1,
                "extras": 0,
                "total": 1
              }
            },
            {
              "batter": "Sajid Liaqat",
              "bowler": "S Mills",
              "non_striker": "R Pillai",
              "runs": {
                "batter": 0,
                "extras": 0,
                "total": 0
              }
            },
            {
              "batter": "Sajid Liaqat",
              "bowler": "S Mills",
              "extras": {
                "legbyes": 1
              },
              "non_striker": "R Pillai",
              "runs": {
                "batter": 0,
                "extras": 1,
                "total": 1
              }
            },
            {
              "batter": "R Pillai",
              "bowler": "S Mills",
              "non_striker": "Sajid Liaqat",
              "runs": {
                "batter": 1,
                "extras": 0,
                "total": 1
              }
            }
          ]
        },
        {
          "over": 8,
          "deliveries": [
            {
              "batter": "R Pillai",
              "bowler": "DJ Hawke",
              "non_striker": "Sajid Liaqat",
              "runs": {
                "batter": 1,
                "extras": 0,
                "total": 1
              }
            },
            {
              "batter": "Sajid Liaqat",
              "bowler": "DJ Hawke",
              "non_striker": "R Pillai",
              "runs": {
                "batter": 1,
                "extras": 0,
                "total": 1
              }
            },
            {
              "batter": "R Pillai",
              "bowler": "DJ Hawke",
              "non_striker": "Sajid Liaqat",
              "runs": {
                "batter": 1,
                "extras": 0,
                "total": 1
              }
            },
            {
              "batter": "Sajid Liaqat",
              "bowler": "DJ Hawke",
              "extras": {
                "wides": 1
              },
              "non_striker": "R Pillai",
              "runs": {
                "batter": 0,
                "extras": 1,
                "total": 1
              }
            },
            {
              "batter": "Sajid Liaqat",
              "bowler": "DJ Hawke",
              "extras": {
                "wides": 1
              },
              "non_striker": "R Pillai",
              "runs": {
                "batter": 0,
                "extras": 1,
                "total": 1
              }
            },
            {
              "batter": "Sajid Liaqat",
              "bowler": "DJ Hawke",
              "non_striker": "R Pillai",
              "runs": {
                "batter": 0,
                "extras": 0,
                "total": 0
              }
            },
            {
              "batter": "Sajid Liaqat",
              "bowler": "DJ Hawke",
              "non_striker": "R Pillai",
              "runs": {
                "batter": 1,
                "extras": 0,
                "total": 1
              }
            },
            {
              "batter": "R Pillai",
              "bowler": "DJ Hawke",
              "non_striker": "Sajid Liaqat",
              "runs": {
                "batter": 1,
                "extras": 0,
                "total": 1
              }
            }
          ]
        },
        {
          "over": 9,
          "deliveries": [
            {
              "batter": "R Pillai",
              "bowler": "S Mills",
              "non_striker": "Sajid Liaqat",
              "runs": {
                "batter": 0,
                "extras": 0,
                "total": 0
              }
            },
            {
              "batter": "R Pillai",
              "bowler": "S Mills",
              "non_striker": "Sajid Liaqat",
              "runs": {
                "batter": 1,
                "extras": 0,
                "total": 1
              }
            },
            {
              "batter": "Sajid Liaqat",
              "bowler": "S Mills",
              "non_striker": "R Pillai",
              "runs": {
                "batter": 1,
                "extras": 0,
                "total": 1
              }
            },
            {
              "batter": "R Pillai",
              "bowler": "S Mills",
              "non_striker": "Sajid Liaqat",
              "runs": {
                "batter": 1,
                "extras": 0,
                "total": 1
              }
            },
            {
              "batter": "Sajid Liaqat",
              "bowler": "S Mills",
              "non_striker": "R Pillai",
              "runs": {
                "batter": 1,
                "extras": 0,
                "total": 1
              }
            },
            {
              "batter": "R Pillai",
              "bowler": "S Mills",
              "non_striker": "Sajid Liaqat",
              "runs": {
                "batter": 1,
                "extras": 0,
                "total": 1
              }
            }
          ]
        },
        {
          "over": 10,
          "deliveries": [
            {
              "batter": "R Pillai",
              "bowler": "K Cawte",
              "non_striker": "Sajid Liaqat",
              "runs": {
                "batter": 1,
                "extras": 0,
                "total": 1
              }
            },
            {
              "batter": "Sajid Liaqat",
              "bowler": "K Cawte",
              "non_striker": "R Pillai",
              "runs": {
                "batter": 1,
                "extras": 0,
                "total": 1
              }
            },
            {
              "batter": "R Pillai",
              "bowler": "K Cawte",
              "non_striker": "Sajid Liaqat",
              "runs": {
                "batter": 1,
                "extras": 0,
                "total": 1
              }
            },
            {
              "batter": "Sajid Liaqat",
              "bowler": "K Cawte",
              "non_striker": "R Pillai",
              "runs": {
                "batter": 0,
                "extras": 0,
                "total": 0
              }
            },
            {
              "batter": "Sajid Liaqat",
              "bowler": "K Cawte",
              "extras": {
                "byes": 1
              },
              "non_striker": "R Pillai",
              "runs": {
                "batter": 0,
                "extras": 1,
                "total": 1
              }
            },
            {
              "batter": "R Pillai",
              "bowler": "K Cawte",
              "non_striker": "Sajid Liaqat",
              "runs": {
                "batter": 0,
                "extras": 0,
                "total": 0
              }
            }
          ]
        },
        {
          "over": 11,
          "deliveries": [
            {
              "batter": "Sajid Liaqat",
              "bowler": "S Mills",
              "non_striker": "R Pillai",
              "runs": {
                "batter": 6,
                "extras": 0,
                "total": 6
              }
            },
            {
              "batter": "Sajid Liaqat",
              "bowler": "S Mills",
              "non_striker": "R Pillai",
              "runs": {
                "batter": 1,
                "extras": 0,
                "total": 1
              }
            },
            {
              "batter": "R Pillai",
              "bowler": "S Mills",
              "non_striker": "Sajid Liaqat",
              "runs": {
                "batter": 1,
                "extras": 0,
                "total": 1
              }
            },
            {
              "batter": "Sajid Liaqat",
              "bowler": "S Mills",
              "non_striker": "R Pillai",
              "runs": {
                "batter": 1,
                "extras": 0,
                "total": 1
              }
            },
            {
              "batter": "R Pillai",
              "bowler": "S Mills",
              "non_striker": "Sajid Liaqat",
              "runs": {
                "batter": 1,
                "extras": 0,
                "total": 1
              }
            },
            {
              "batter": "Sajid Liaqat",
              "bowler": "S Mills",
              "non_striker": "R Pillai",
              "runs": {
                "batter": 2,
                "extras": 0,
                "total": 2
              }
            }
          ]
        },
        {
          "over": 12,
          "deliveries": [
            {
              "batter": "R Pillai",
              "bowler": "K Cawte",
              "non_striker": "Sajid Liaqat",
              "runs": {
                "batter": 1,
                "extras": 0,
                "total": 1
              }
            },
            {
              "batter": "Sajid Liaqat",
              "bowler": "K Cawte",
              "non_striker": "R Pillai",
              "runs": {
                "batter": 0,
                "extras": 0,
                "total": 0
              }
            },
            {
              "batter": "Sajid Liaqat",
              "bowler": "K Cawte",
              "non_striker": "R Pillai",
              "runs": {
                "batter": 1,
                "extras": 0,
                "total": 1
              }
            },
            {
              "batter": "R Pillai",
              "bowler": "K Cawte",
              "non_striker": "Sajid Liaqat",
              "runs": {
                "batter": 1,
                "extras": 0,
                "total": 1
              }
            },
            {
              "batter": "Sajid Liaqat",
              "bowler": "K Cawte",
              "non_striker": "R Pillai",
              "runs": {
                "batter": 1,
                "extras": 0,
                "total": 1
              }
            },
            {
              "batter": "R Pillai",
              "bowler": "K Cawte",
              "non_striker": "Sajid Liaqat",
              "runs": {
                "batter": 0,
                "extras": 0,
                "total": 0
              }
            }
          ]
        },
        {
          "over": 13,
          "deliveries": [
            {
              "batter": "Sajid Liaqat",
              "bowler": "S Mills",
              "non_striker": "R Pillai",
              "runs": {
                "batter": 1,
                "extras": 0,
                "total": 1
              }
            },
            {
              "batter": "R Pillai",
              "bowler": "S Mills",
              "non_striker": "Sajid Liaqat",
              "runs": {
                "batter": 0,
                "extras": 0,
                "total": 0
              }
            },
            {
              "batter": "R Pillai",
              "bowler": "S Mills",
              "non_striker": "Sajid Liaqat",
              "runs": {
                "batter": 0,
                "extras": 0,
                "total": 0
              }
            },
            {
              "batter": "R Pillai",
              "bowler": "S Mills",
              "non_striker": "Sajid Liaqat",
              "runs": {
                "batter": 1,
                "extras": 0,
                "total": 1
              }
            },
            {
              "batter": "Sajid Liaqat",
              "bowler": "S Mills",
              "non_striker": "R Pillai",
              "runs": {
                "batter": 0,
                "extras": 0,
                "total": 0
              }
            },
            {
              "batter": "Sajid Liaqat",
              "bowler": "S Mills",
              "non_striker": "R Pillai",
              "runs": {
                "batter": 0,
                "extras": 0,
                "total": 0
              }
            }
          ]
        },
        {
          "over": 14,
          "deliveries": [
            {
              "batter": "R Pillai",
              "bowler": "K Cawte",
              "non_striker": "Sajid Liaqat",
              "runs": {
                "batter": 0,
                "extras": 0,
                "total": 0
              },
              "wickets": [
                {
                  "kind": "stumped",
                  "player_out": "R Pillai",
                  "fielders": [
                    {
                      "name": "AM Killey"
                    }
                  ]
                }
              ]
            },
            {
              "batter": "Khaled Khan",
              "bowler": "K Cawte",
              "non_striker": "Sajid Liaqat",
              "runs": {
                "batter": 1,
                "extras": 0,
                "total": 1
              }
            },
            {
              "batter": "Sajid Liaqat",
              "bowler": "K Cawte",
              "non_striker": "Khaled Khan",
              "runs": {
                "batter": 1,
                "extras": 0,
                "total": 1
              }
            },
            {
              "batter": "Khaled Khan",
              "bowler": "K Cawte",
              "non_striker": "Sajid Liaqat",
              "runs": {
                "batter": 1,
                "extras": 0,
                "total": 1
              }
            },
            {
              "batter": "Sajid Liaqat",
              "bowler": "K Cawte",
              "extras": {
                "legbyes": 1
              },
              "non_striker": "Khaled Khan",
              "runs": {
                "batter": 0,
                "extras": 1,
                "total": 1
              }
            },
            {
              "batter": "Khaled Khan",
              "bowler": "K Cawte",
              "non_striker": "Sajid Liaqat",
              "runs": {
                "batter": 0,
                "extras": 0,
                "total": 0
              }
            }
          ]
        },
        {
          "over": 15,
          "deliveries": [
            {
              "batter": "Sajid Liaqat",
              "bowler": "MJ Ansell",
              "non_striker": "Khaled Khan",
              "runs": {
                "batter": 0,
                "extras": 0,
                "total": 0
              }
            },
            {
              "batter": "Sajid Liaqat",
              "bowler": "MJ Ansell",
              "non_striker": "Khaled Khan",
              "runs": {
                "batter": 1,
                "extras": 0,
                "total": 1
              }
            },
            {
              "batter": "Khaled Khan",
              "bowler": "MJ Ansell",
              "non_striker": "Sajid Liaqat",
              "runs": {
                "batter": 1,
                "extras": 0,
                "total": 1
              }
            },
            {
              "batter": "Sajid Liaqat",
              "bowler": "MJ Ansell",
              "non_striker": "Khaled Khan",
              "runs": {
                "batter": 6,
                "extras": 0,
                "total": 6
              }
            },
            {
              "batter": "Sajid Liaqat",
              "bowler": "MJ Ansell",
              "non_striker": "Khaled Khan",
              "runs": {
                "batter": 0,
                "extras": 0,
                "total": 0
              },
              "wickets": [
                {
                  "kind": "caught",
                  "player_out": "Sajid Liaqat",
                  "fielders": [
                    {
                      "name": "D Kniveton"
                    }
                  ]
                }
              ]
            },
            {
              "batter": "Khaled Khan",
              "bowler": "MJ Ansell",
              "non_striker": "Asad Mohammad",
              "runs": {
                "batter": 1,
                "extras": 0,
                "total": 1
              }
            }
          ]
        },
        {
          "over": 16,
          "deliveries": [
            {
              "batter": "Khaled Khan",
              "bowler": "DJ Hawke",
              "non_striker": "Asad Mohammad",
              "runs": {
                "batter": 2,
                "extras": 0,
                "total": 2
              }
            },
            {
              "batter": "Khaled Khan",
              "bowler": "DJ Hawke",
              "non_striker": "Asad Mohammad",
              "runs": {
                "batter": 1,
                "extras": 0,
                "total": 1
              }
            },
            {
              "batter": "Asad Mohammad",
              "bowler": "DJ Hawke",
              "non_striker": "Khaled Khan",
              "runs": {
                "batter": 1,
                "extras": 0,
                "total": 1
              }
            },
            {
              "batter": "Khaled Khan",
              "bowler": "DJ Hawke",
              "non_striker": "Asad Mohammad",
              "runs": {
                "batter": 2,
                "extras": 0,
                "total": 2
              }
            },
            {
              "batter": "Khaled Khan",
              "bowler": "DJ Hawke",
              "non_striker": "Asad Mohammad",
              "runs": {
                "batter": 1,
                "extras": 0,
                "total": 1
              }
            },
            {
              "batter": "Asad Mohammad",
              "bowler": "DJ Hawke",
              "non_striker": "Khaled Khan",
              "runs": {
                "batter": 6,
                "extras": 0,
                "total": 6
              }
            }
          ]
        },
        {
          "over": 17,
          "deliveries": [
            {
              "batter": "Khaled Khan",
              "bowler": "MJ Ansell",
              "non_striker": "Asad Mohammad",
              "runs": {
                "batter": 0,
                "extras": 0,
                "total": 0
              }
            },
            {
              "batter": "Khaled Khan",
              "bowler": "MJ Ansell",
              "non_striker": "Asad Mohammad",
              "runs": {
                "batter": 6,
                "extras": 0,
                "total": 6
              }
            },
            {
              "batter": "Khaled Khan",
              "bowler": "MJ Ansell",
              "non_striker": "Asad Mohammad",
              "runs": {
                "batter": 4,
                "extras": 0,
                "total": 4
              }
            },
            {
              "batter": "Khaled Khan",
              "bowler": "MJ Ansell",
              "non_striker": "Asad Mohammad",
              "runs": {
                "batter": 1,
                "extras": 0,
                "total": 1
              }
            },
            {
              "batter": "Asad Mohammad",
              "bowler": "MJ Ansell",
              "non_striker": "Khaled Khan",
              "runs": {
                "batter": 1,
                "extras": 0,
                "total": 1
              }
            },
            {
              "batter": "Khaled Khan",
              "bowler": "MJ Ansell",
              "non_striker": "Asad Mohammad",
              "runs": {
                "batter": 0,
                "extras": 0,
                "total": 0
              }
            }
          ]
        },
        {
          "over": 18,
          "deliveries": [
            {
              "batter": "Asad Mohammad",
              "bowler": "DJ Hawke",
              "extras": {
                "byes": 1
              },
              "non_striker": "Khaled Khan",
              "runs": {
                "batter": 0,
                "extras": 1,
                "total": 1
              }
            },
            {
              "batter": "Khaled Khan",
              "bowler": "DJ Hawke",
              "non_striker": "Asad Mohammad",
              "runs": {
                "batter": 1,
                "extras": 0,
                "total": 1
              }
            },
            {
              "batter": "Asad Mohammad",
              "bowler": "DJ Hawke",
              "non_striker": "Khaled Khan",
              "runs": {
                "batter": 6,
                "extras": 0,
                "total": 6
              }
            },
            {
              "batter": "Asad Mohammad",
              "bowler": "DJ Hawke",
              "non_striker": "Khaled Khan",
              "runs": {
                "batter": 4,
                "extras": 0,
                "total": 4
              }
            },
            {
              "batter": "Asad Mohammad",
              "bowler": "DJ Hawke",
              "non_striker": "Khaled Khan",
              "runs": {
                "batter": 6,
                "extras": 0,
                "total": 6
              }
            },
            {
              "batter": "Asad Mohammad",
              "bowler": "DJ Hawke",
              "non_striker": "Khaled Khan",
              "runs": {
                "batter": 6,
                "extras": 0,
                "total": 6
              }
            }
          ]
        },
        {
          "over": 19,
          "deliveries": [
            {
              "batter": "Khaled Khan",
              "bowler": "A van den Berg",
              "non_striker": "Asad Mohammad",
              "runs": {
                "batter": 0,
                "extras": 0,
                "total": 0
              }
            },
            {
              "batter": "Khaled Khan",
              "bowler": "A van den Berg",
              "non_striker": "Asad Mohammad",
              "runs": {
                "batter": 6,
                "extras": 0,
                "total": 6
              }
            },
            {
              "batter": "Khaled Khan",
              "bowler": "A van den Berg",
              "non_striker": "Asad Mohammad",
              "runs": {
                "batter": 0,
                "extras": 0,
                "total": 0
              },
              "wickets": [
                {
                  "kind": "caught",
                  "player_out": "Khaled Khan",
                  "fielders": [
                    {
                      "name": "D Kniveton"
                    }
                  ]
                }
              ]
            },
            {
              "batter": "Asad Mohammad",
              "bowler": "A van den Berg",
              "non_striker": "Ahmed Wardak",
              "runs": {
                "batter": 2,
                "extras": 0,
                "total": 2
              }
            },
            {
              "batter": "Asad Mohammad",
              "bowler": "A van den Berg",
              "non_striker": "Ahmed Wardak",
              "runs": {
                "batter": 0,
                "extras": 0,
                "total": 0
              },
              "wickets": [
                {
                  "kind": "bowled",
                  "player_out": "Asad Mohammad"
                }
              ]
            },
            {
              "batter": "Kashif Hussain",
              "bowler": "A van den Berg",
              "non_striker": "Ahmed Wardak",
              "runs": {
                "batter": 1,
                "extras": 0,
                "total": 1
              }
            }
          ]
        }
      ],
      "powerplays": [
        {
          "from": 0.1,
          "to": 5.6,
          "type": "mandatory"
        }
      ]
    },
    {
      "team": "Isle of Man",
      "overs": [
        {
          "over": 0,
          "deliveries": [
            {
              "batter": "A McAuley",
              "bowler": "Ahmed Wardak",
              "non_striker": "OJ Webster",
              "runs": {
                "batter": 0,
                "extras": 0,
                "total": 0
              }
            },
            {
              "batter": "A McAuley",
              "bowler": "Ahmed Wardak",
              "non_striker": "OJ Webster",
              "runs": {
                "batter": 0,
                "extras": 0,
                "total": 0
              }
            },
            {
              "batter": "A McAuley",
              "bowler": "Ahmed Wardak",
              "non_striker": "OJ Webster",
              "runs": {
                "batter": 2,
                "extras": 0,
                "total": 2
              }
            },
            {
              "batter": "A McAuley",
              "bowler": "Ahmed Wardak",
              "non_striker": "OJ Webster",
              "runs": {
                "batter": 0,
                "extras": 0,
                "total": 0
              }
            },
            {
              "batter": "A McAuley",
              "bowler": "Ahmed Wardak",
              "non_striker": "OJ Webster",
              "runs": {
                "batter": 0,
                "extras": 0,
                "total": 0
              }
            },
            {
              "batter": "A McAuley",
              "bowler": "Ahmed Wardak",
              "non_striker": "OJ Webster",
              "runs": {
                "batter": 0,
                "extras": 0,
                "total": 0
              }
            }
          ]
        },
        {
          "over": 1,
          "deliveries": [
            {
              "batter": "OJ Webster",
              "bowler": "Khaled Khan",
              "extras": {
                "wides": 1
              },
              "non_striker": "A McAuley",
              "runs": {
                "batter": 0,
                "extras": 1,
                "total": 1
              }
            },
            {
              "batter": "OJ Webster",
              "bowler": "Khaled Khan",
              "non_striker": "A McAuley",
              "runs": {
                "batter": 0,
                "extras": 0,
                "total": 0
              },
              "wickets": [
                {
                  "kind": "caught",
                  "player_out": "OJ Webster",
                  "fielders": [
                    {
                      "name": "Kashif Hussain"
                    }
                  ]
                }
              ]
            },
            {
              "batter": "A McAuley",
              "bowler": "Khaled Khan",
              "non_striker": "P Littlejohns",
              "runs": {
                "batter": 0,
                "extras": 0,
                "total": 0
              }
            },
            {
              "batter": "A McAuley",
              "bowler": "Khaled Khan",
              "non_striker": "P Littlejohns",
              "runs": {
                "batter": 4,
                "extras": 0,
                "total": 4
              }
            },
            {
              "batter": "A McAuley",
              "bowler": "Khaled Khan",
              "non_striker": "P Littlejohns",
              "runs": {
                "batter": 0,
                "extras": 0,
                "total": 0
              },
              "wickets": [
                {
                  "kind": "bowled",
                  "player_out": "A McAuley"
                }
              ]
            },
            {
              "batter": "D Kniveton",
              "bowler": "Khaled Khan",
              "non_striker": "P Littlejohns",
              "runs": {
                "batter": 0,
                "extras": 0,
                "total": 0
              }
            },
            {
              "batter": "D Kniveton",
              "bowler": "Khaled Khan",
              "non_striker": "P Littlejohns",
              "runs": {
                "batter": 0,
                "extras": 0,
                "total": 0
              }
            }
          ]
        },
        {
          "over": 2,
          "deliveries": [
            {
              "batter": "P Littlejohns",
              "bowler": "Ahmed Wardak",
              "non_striker": "D Kniveton",
              "runs": {
                "batter": 0,
                "extras": 0,
                "total": 0
              }
            },
            {
              "batter": "P Littlejohns",
              "bowler": "Ahmed Wardak",
              "non_striker": "D Kniveton",
              "runs": {
                "batter": 0,
                "extras": 0,
                "total": 0
              }
            },
            {
              "batter": "P Littlejohns",
              "bowler": "Ahmed Wardak",
              "non_striker": "D Kniveton",
              "runs": {
                "batter": 0,
                "extras": 0,
                "total": 0
              }
            },
            {
              "batter": "P Littlejohns",
              "bowler": "Ahmed Wardak",
              "non_striker": "D Kniveton",
              "runs": {
                "batter": 1,
                "extras": 0,
                "total": 1
              }
            },
            {
              "batter": "D Kniveton",
              "bowler": "Ahmed Wardak",
              "non_striker": "P Littlejohns",
              "runs": {
                "batter": 0,
                "extras": 0,
                "total": 0
              }
            },
            {
              "batter": "D Kniveton",
              "bowler": "Ahmed Wardak",
              "non_striker": "P Littlejohns",
              "runs": {
                "batter": 0,
                "extras": 0,
                "total": 0
              }
            }
          ]
        },
        {
          "over": 3,
          "deliveries": [
            {
              "batter": "P Littlejohns",
              "bowler": "Khaled Khan",
              "non_striker": "D Kniveton",
              "runs": {
                "batter": 0,
                "extras": 0,
                "total": 0
              }
            },
            {
              "batter": "P Littlejohns",
              "bowler": "Khaled Khan",
              "non_striker": "D Kniveton",
              "runs": {
                "batter": 6,
                "extras": 0,
                "total": 6
              }
            },
            {
              "batter": "P Littlejohns",
              "bowler": "Khaled Khan",
              "non_striker": "D Kniveton",
              "runs": {
                "batter": 1,
                "extras": 0,
                "total": 1
              }
            },
            {
              "batter": "D Kniveton",
              "bowler": "Khaled Khan",
              "non_striker": "P Littlejohns",
              "runs": {
                "batter": 0,
                "extras": 0,
                "total": 0
              }
            },
            {
              "batter": "D Kniveton",
              "bowler": "Khaled Khan",
              "non_striker": "P Littlejohns",
              "runs": {
                "batter": 1,
                "extras": 0,
                "total": 1
              }
            },
            {
              "batter": "P Littlejohns",
              "bowler": "Khaled Khan",
              "non_striker": "D Kniveton",
              "runs": {
                "batter": 0,
                "extras": 0,
                "total": 0
              }
            }
          ]
        },
        {
          "over": 4,
          "deliveries": [
            {
              "batter": "D Kniveton",
              "bowler": "Ahmed Wardak",
              "non_striker": "P Littlejohns",
              "runs": {
                "batter": 0,
                "extras": 0,
                "total": 0
              }
            },
            {
              "batter": "D Kniveton",
              "bowler": "Ahmed Wardak",
              "non_striker": "P Littlejohns",
              "runs": {
                "batter": 0,
                "extras": 0,
                "total": 0
              }
            },
            {
              "batter": "D Kniveton",
              "bowler": "Ahmed Wardak",
              "non_striker": "P Littlejohns",
              "runs": {
                "batter": 1,
                "extras": 0,
                "total": 1
              }
            },
            {
              "batter": "P Littlejohns",
              "bowler": "Ahmed Wardak",
              "non_striker": "D Kniveton",
              "runs": {
                "batter": 0,
                "extras": 0,
                "total": 0
              }
            },
            {
              "batter": "P Littlejohns",
              "bowler": "Ahmed Wardak",
              "non_striker": "D Kniveton",
              "runs": {
                "batter": 0,
                "extras": 0,
                "total": 0
              }
            },
            {
              "batter": "P Littlejohns",
              "bowler": "Ahmed Wardak",
              "non_striker": "D Kniveton",
              "runs": {
                "batter": 0,
                "extras": 0,
                "total": 0
              }
            }
          ]
        },
        {
          "over": 5,
          "deliveries": [
            {
              "batter": "D Kniveton",
              "bowler": "Khaled Khan",
              "non_striker": "P Littlejohns",
              "runs": {
                "batter": 0,
                "extras": 0,
                "total": 0
              }
            },
            {
              "batter": "D Kniveton",
              "bowler": "Khaled Khan",
              "non_striker": "P Littlejohns",
              "runs": {
                "batter": 0,
                "extras": 0,
                "total": 0
              }
            },
            {
              "batter": "D Kniveton",
              "bowler": "Khaled Khan",
              "non_striker": "P Littlejohns",
              "runs": {
                "batter": 1,
                "extras": 0,
                "total": 1
              }
            },
            {
              "batter": "P Littlejohns",
              "bowler": "Khaled Khan",
              "non_striker": "D Kniveton",
              "runs": {
                "batter": 1,
                "extras": 0,
                "total": 1
              }
            },
            {
              "batter": "D Kniveton",
              "bowler": "Khaled Khan",
              "non_striker": "P Littlejohns",
              "runs": {
                "batter": 1,
                "extras": 0,
                "total": 1
              }
            },
            {
              "batter": "P Littlejohns",
              "bowler": "Khaled Khan",
              "non_striker": "D Kniveton",
              "runs": {
                "batter": 6,
                "extras": 0,
                "total": 6
              }
            }
          ]
        },
        {
          "over": 6,
          "deliveries": [
            {
              "batter": "D Kniveton",
              "bowler": "Mudassar Muhammad",
              "non_striker": "P Littlejohns",
              "runs": {
                "batter": 1,
                "extras": 0,
                "total": 1
              }
            },
            {
              "batter": "P Littlejohns",
              "bowler": "Mudassar Muhammad",
              "non_striker": "D Kniveton",
              "runs": {
                "batter": 0,
                "extras": 0,
                "total": 0
              }
            },
            {
              "batter": "P Littlejohns",
              "bowler": "Mudassar Muhammad",
              "non_striker": "D Kniveton",
              "runs": {
                "batter": 0,
                "extras": 0,
                "total": 0
              },
              "wickets": [
                {
                  "kind": "lbw",
                  "player_out": "P Littlejohns"
                }
              ]
            },
            {
              "batter": "C Hawke",
              "bowler": "Mudassar Muhammad",
              "non_striker": "D Kniveton",
              "runs": {
                "batter": 0,
                "extras": 0,
                "total": 0
              }
            },
            {
              "batter": "C Hawke",
              "bowler": "Mudassar Muhammad",
              "non_striker": "D Kniveton",
              "runs": {
                "batter": 1,
                "extras": 0,
                "total": 1
              }
            },
            {
              "batter": "D Kniveton",
              "bowler": "Mudassar Muhammad",
              "extras": {
                "wides": 5
              },
              "non_striker": "C Hawke",
              "runs": {
                "batter": 0,
                "extras": 5,
                "total": 5
              }
            },
            {
              "batter": "D Kniveton",
              "bowler": "Mudassar Muhammad",
              "non_striker": "C Hawke",
              "runs": {
                "batter": 1,
                "extras": 0,
                "total": 1
              }
            }
          ]
        },
        {
          "over": 7,
          "deliveries": [
            {
              "batter": "D Kniveton",
              "bowler": "ME Latif",
              "non_striker": "C Hawke",
              "runs": {
                "batter": 1,
                "extras": 0,
                "total": 1
              }
            },
            {
              "batter": "C Hawke",
              "bowler": "ME Latif",
              "non_striker": "D Kniveton",
              "runs": {
                "batter": 0,
                "extras": 0,
                "total": 0
              }
            },
            {
              "batter": "C Hawke",
              "bowler": "ME Latif",
              "non_striker": "D Kniveton",
              "runs": {
                "batter": 1,
                "extras": 0,
                "total": 1
              }
            },
            {
              "batter": "D Kniveton",
              "bowler": "ME Latif",
              "non_striker": "C Hawke",
              "runs": {
                "batter": 1,
                "extras": 0,
                "total": 1
              }
            },
            {
              "batter": "C Hawke",
              "bowler": "ME Latif",
              "non_striker": "D Kniveton",
              "runs": {
                "batter": 0,
                "extras": 0,
                "total": 0
              },
              "wickets": [
                {
                  "kind": "bowled",
                  "player_out": "C Hawke"
                }
              ]
            },
            {
              "batter": "AM Killey",
              "bowler": "ME Latif",
              "extras": {
                "legbyes": 1
              },
              "non_striker": "D Kniveton",
              "runs": {
                "batter": 0,
                "extras": 1,
                "total": 1
              }
            }
          ]
        },
        {
          "over": 8,
          "deliveries": [
            {
              "batter": "AM Killey",
              "bowler": "Mudassar Muhammad",
              "non_striker": "D Kniveton",
              "runs": {
                "batter": 0,
                "extras": 0,
                "total": 0
              }
            },
            {
              "batter": "AM Killey",
              "bowler": "Mudassar Muhammad",
              "non_striker": "D Kniveton",
              "runs": {
                "batter": 1,
                "extras": 0,
                "total": 1
              }
            },
            {
              "batter": "D Kniveton",
              "bowler": "Mudassar Muhammad",
              "non_striker": "AM Killey",
              "runs": {
                "batter": 0,
                "extras": 0,
                "total": 0
              }
            },
            {
              "batter": "D Kniveton",
              "bowler": "Mudassar Muhammad",
              "non_striker": "AM Killey",
              "runs": {
                "batter": 0,
                "extras": 0,
                "total": 0
              }
            },
            {
              "batter": "D Kniveton",
              "bowler": "Mudassar Muhammad",
              "non_striker": "AM Killey",
              "runs": {
                "batter": 1,
                "extras": 0,
                "total": 1
              }
            },
            {
              "batter": "AM Killey",
              "bowler": "Mudassar Muhammad",
              "non_striker": "D Kniveton",
              "runs": {
                "batter": 1,
                "extras": 0,
                "total": 1
              }
            }
          ]
        },
        {
          "over": 9,
          "deliveries": [
            {
              "batter": "AM Killey",
              "bowler": "ME Latif",
              "non_striker": "D Kniveton",
              "runs": {
                "batter": 4,
                "extras": 0,
                "total": 4
              }
            },
            {
              "batter": "AM Killey",
              "bowler": "ME Latif",
              "non_striker": "D Kniveton",
              "runs": {
                "batter": 2,
                "extras": 0,
                "total": 2
              }
            },
            {
              "batter": "AM Killey",
              "bowler": "ME Latif",
              "non_striker": "D Kniveton",
              "runs": {
                "batter": 0,
                "extras": 0,
                "total": 0
              }
            },
            {
              "batter": "AM Killey",
              "bowler": "ME Latif",
              "non_striker": "D Kniveton",
              "runs": {
                "batter": 0,
                "extras": 0,
                "total": 0
              }
            },
            {
              "batter": "AM Killey",
              "bowler": "ME Latif",
              "non_striker": "D Kniveton",
              "runs": {
                "batter": 0,
                "extras": 0,
                "total": 0
              }
            },
            {
              "batter": "AM Killey",
              "bowler": "ME Latif",
              "non_striker": "D Kniveton",
              "runs": {
                "batter": 1,
                "extras": 0,
                "total": 1
              }
            }
          ]
        },
        {
          "over": 10,
          "deliveries": [
            {
              "batter": "AM Killey",
              "bowler": "Mudassar Muhammad",
              "non_striker": "D Kniveton",
              "runs": {
                "batter": 0,
                "extras": 0,
                "total": 0
              },
              "wickets": [
                {
                  "kind": "caught and bowled",
                  "player_out": "AM Killey"
                }
              ]
            },
            {
              "batter": "DJ Hawke",
              "bowler": "Mudassar Muhammad",
              "non_striker": "D Kniveton",
              "runs": {
                "batter": 0,
                "extras": 0,
                "total": 0
              }
            },
            {
              "batter": "DJ Hawke",
              "bowler": "Mudassar Muhammad",
              "non_striker": "D Kniveton",
              "runs": {
                "batter": 2,
                "extras": 0,
                "total": 2
              }
            },
            {
              "batter": "DJ Hawke",
              "bowler": "Mudassar Muhammad",
              "non_striker": "D Kniveton",
              "runs": {
                "batter": 0,
                "extras": 0,
                "total": 0
              }
            },
            {
              "batter": "DJ Hawke",
              "bowler": "Mudassar Muhammad",
              "non_striker": "D Kniveton",
              "runs": {
                "batter": 0,
                "extras": 0,
                "total": 0
              }
            },
            {
              "batter": "DJ Hawke",
              "bowler": "Mudassar Muhammad",
              "non_striker": "D Kniveton",
              "runs": {
                "batter": 0,
                "extras": 0,
                "total": 0
              }
            }
          ]
        },
        {
          "over": 11,
          "deliveries": [
            {
              "batter": "D Kniveton",
              "bowler": "ME Latif",
              "non_striker": "DJ Hawke",
              "runs": {
                "batter": 0,
                "extras": 0,
                "total": 0
              }
            },
            {
              "batter": "D Kniveton",
              "bowler": "ME Latif",
              "non_striker": "DJ Hawke",
              "runs": {
                "batter": 2,
                "extras": 0,
                "total": 2
              }
            },
            {
              "batter": "D Kniveton",
              "bowler": "ME Latif",
              "non_striker": "DJ Hawke",
              "runs": {
                "batter": 4,
                "extras": 0,
                "total": 4
              }
            },
            {
              "batter": "D Kniveton",
              "bowler": "ME Latif",
              "non_striker": "DJ Hawke",
              "runs": {
                "batter": 0,
                "extras": 0,
                "total": 0
              }
            },
            {
              "batter": "D Kniveton",
              "bowler": "ME Latif",
              "non_striker": "DJ Hawke",
              "runs": {
                "batter": 1,
                "extras": 0,
                "total": 1
              }
            },
            {
              "batter": "DJ Hawke",
              "bowler": "ME Latif",
              "non_striker": "D Kniveton",
              "runs": {
                "batter": 1,
                "extras": 0,
                "total": 1
              }
            }
          ]
        },
        {
          "over": 12,
          "deliveries": [
            {
              "batter": "DJ Hawke",
              "bowler": "Mudassar Muhammad",
              "non_striker": "D Kniveton",
              "runs": {
                "batter": 1,
                "extras": 0,
                "total": 1
              }
            },
            {
              "batter": "D Kniveton",
              "bowler": "Mudassar Muhammad",
              "non_striker": "DJ Hawke",
              "runs": {
                "batter": 0,
                "extras": 0,
                "total": 0
              },
              "wickets": [
                {
                  "kind": "caught",
                  "player_out": "D Kniveton",
                  "fielders": [
                    {
                      "name": "Khaled Khan"
                    }
                  ]
                }
              ]
            },
            {
              "batter": "DJ Hawke",
              "bowler": "Mudassar Muhammad",
              "non_striker": "MJ Ansell",
              "runs": {
                "batter": 0,
                "extras": 0,
                "total": 0
              }
            },
            {
              "batter": "DJ Hawke",
              "bowler": "Mudassar Muhammad",
              "non_striker": "MJ Ansell",
              "runs": {
                "batter": 0,
                "extras": 0,
                "total": 0
              }
            },
            {
              "batter": "DJ Hawke",
              "bowler": "Mudassar Muhammad",
              "non_striker": "MJ Ansell",
              "runs": {
                "batter": 1,
                "extras": 0,
                "total": 1
              }
            }
          ]
        },
        {
          "over": 13,
          "deliveries": [
            {
              "batter": "DJ Hawke",
              "bowler": "Asad Mohammad",
              "non_striker": "MJ Ansell",
              "runs": {
                "batter": 0,
                "extras": 0,
                "total": 0
              }
            },
            {
              "batter": "DJ Hawke",
              "bowler": "Asad Mohammad",
              "non_striker": "MJ Ansell",
              "runs": {
                "batter": 0,
                "extras": 0,
                "total": 0
              },
              "wickets": [
                {
                  "kind": "run out",
                  "player_out": "MJ Ansell",
                  "fielders": [
                    {
                      "name": "R Pillai"
                    },
                    {
                      "name": "D Weston"
                    }
                  ]
                }
              ]
            },
            {
              "batter": "S Mills",
              "bowler": "Asad Mohammad",
              "non_striker": "DJ Hawke",
              "runs": {
                "batter": 0,
                "extras": 0,
                "total": 0
              }
            },
            {
              "batter": "S Mills",
              "bowler": "Asad Mohammad",
              "non_striker": "DJ Hawke",
              "runs": {
                "batter": 1,
                "extras": 0,
                "total": 1
              }
            },
            {
              "batter": "DJ Hawke",
              "bowler": "Asad Mohammad",
              "non_striker": "S Mills",
              "runs": {
                "batter": 1,
                "extras": 0,
                "total": 1
              }
            },
            {
              "batter": "S Mills",
              "bowler": "Asad Mohammad",
              "non_striker": "DJ Hawke",
              "runs": {
                "batter": 0,
                "extras": 0,
                "total": 0
              }
            }
          ]
        },
        {
          "over": 14,
          "deliveries": [
            {
              "batter": "DJ Hawke",
              "bowler": "Ahmed Wardak",
              "non_striker": "S Mills",
              "runs": {
                "batter": 1,
                "extras": 0,
                "total": 1
              }
            },
            {
              "batter": "S Mills",
              "bowler": "Ahmed Wardak",
              "non_striker": "DJ Hawke",
              "runs": {
                "batter": 0,
                "extras": 0,
                "total": 0
              },
              "wickets": [
                {
                  "kind": "run out",
                  "player_out": "DJ Hawke",
                  "fielders": [
                    {
                      "name": "Asad Mohammad"
                    },
                    {
                      "name": "D Weston"
                    }
                  ]
                }
              ]
            },
            {
              "batter": "K Cawte",
              "bowler": "Ahmed Wardak",
              "non_striker": "S Mills",
              "runs": {
                "batter": 0,
                "extras": 0,
                "total": 0
              }
            },
            {
              "batter": "K Cawte",
              "bowler": "Ahmed Wardak",
              "non_striker": "S Mills",
              "runs": {
                "batter": 0,
                "extras": 0,
                "total": 0
              }
            },
            {
              "batter": "K Cawte",
              "bowler": "Ahmed Wardak",
              "non_striker": "S Mills",
              "runs": {
                "batter": 1,
                "extras": 0,
                "total": 1
              }
            },
            {
              "batter": "S Mills",
              "bowler": "Ahmed Wardak",
              "non_striker": "K Cawte",
              "runs": {
                "batter": 0,
                "extras": 0,
                "total": 0
              },
              "wickets": [
                {
                  "kind": "bowled",
                  "player_out": "S Mills"
                }
              ]
            }
          ]
        },
        {
          "over": 15,
          "deliveries": [
            {
              "batter": "K Cawte",
              "bowler": "Asad Mohammad",
              "non_striker": "A van den Berg",
              "runs": {
                "batter": 1,
                "extras": 0,
                "total": 1
              }
            },
            {
              "batter": "A van den Berg",
              "bowler": "Asad Mohammad",
              "non_striker": "K Cawte",
              "runs": {
                "batter": 0,
                "extras": 0,
                "total": 0
              }
            },
            {
              "batter": "A van den Berg",
              "bowler": "Asad Mohammad",
              "non_striker": "K Cawte",
              "runs": {
                "batter": 0,
                "extras": 0,
                "total": 0
              }
            },
            {
              "batter": "A van den Berg",
              "bowler": "Asad Mohammad",
              "non_striker": "K Cawte",
              "runs": {
                "batter": 1,
                "extras": 0,
                "total": 1
              }
            },
            {
              "batter": "K Cawte",
              "bowler": "Asad Mohammad",
              "non_striker": "A van den Berg",
              "runs": {
                "batter": 0,
                "extras": 0,
                "total": 0
              },
              "wickets": [
                {
                  "kind": "bowled",
                  "player_out": "K Cawte"
                }
              ]
            }
          ]
        }
      ],
      "powerplays": [
        {
          "from": 0.1,
          "to": 5.6,
          "type": "mandatory"
        }
      ],
      "target": {
        "overs": 20,
        "runs": 167
      },
      "miscounted_overs": {
        "12": {
          "balls": 5
        }
      }
    }
  ]
}