{
  "meta": {
    "data_version": "1.0.0",
    "created": "2016-08-19",
    "revision": 1
  },
  "info": {
    "balls_per_over": 6,
    "city": "Stockholm",
    "dates": [
      "2016-08-17"
    ],
    "event": {
      "name": "ICC World Cricket League Europe Region Division Two Twenty20"
    },
    "gender": "male",
    "match_type": "IT20",
    "missing": [
      "player_of_match"
    ],
    "officials": {
      "match_referees": [
        "DT Jukes"
      ],
      "umpires": [
        "NN Davidson",
        "HE Kearns"
      ]
    },
    "outcome": {
      "by": {
        "wickets": 5
      },
      "winner": "Israel"
    },
    "overs": 20,
    "players": {
      "Gibraltar": [
        "KJ Ferrary",
        "MO Bacarese",
        "K Aswani",
        "IDM Latin",
        "CJ Phillips",
        "K Mirpuri",
        "JD Freyone",
        "J Hazell",
        "A Orfila",
        "SA Chipolina",
        "S Suarez"
      ],
      "Israel": [
        "SRM Arachichige",
        "M Hoffman",
        "E Kahamker",
        "Emanuel Solomon",
        "J Evans",
        "E Solomon",
        "Y Razpurker",
        "D Massil",
        "R Schachat",
        "S Bangera",
        "S Waskar"
      ]
    },
    "registry": {
      "people": {
        "A Orfila": "7c6293d1",
        "CJ Phillips": "5629202a",
        "D Massil": "17f344c4",
        "DT Jukes": "7c215d14",
        "E Kahamker": "41acc8bf",
        "E Solomon": "8da9a284",
        "Emanuel Solomon": "6fea65a0",
        "HE Kearns": "fd4959c8",
        "IDM Latin": "78f719ea",
        "J Evans": "027662be",
        "J Hazell": "40d29a33",
        "JD Freyone": "7cd7eb50",
        "K Aswani": "8ad721dd",
        "K Mirpuri": "441006af",
        "KJ Ferrary": "81898acc",
        "M Hoffman": "fbac5c86",
        "MO Bacarese": "486f252b",
        "NN Davidson": "a2424a28",
        "R Schachat": "8f929af6",
        "S Bangera": "856fc47a",
        "S Suarez": "1d1a15fa",
        "S Waskar": "b7861788",
        "SA Chipolina": "b02bdcfc",
        "SRM Arachichige": "13f86301",
        "Y Razpurker": "e62a07ce"
      }
    },
    "season": 2016,
    "team_type": "international",
    "teams": [
      "Gibraltar",
      "Israel"
    ],
    "toss": {
      "decision": "field",
      "winner": "Israel"
    },
    "venue": "Skarpnack 1"
  },
  "innings": [
    {
      "team": "Gibraltar",
      "overs": [
        {
          "over": 0,
          "deliveries": [
            {
              "batter": "KJ Ferrary",
              "bowler": "D Massil",
              "non_striker": "MO Bacarese",
              "runs": {
                "batter": 1,
                "extras": 0,
                "total": 1
              }
            },
            {
              "batter": "MO Bacarese",
              "bowler": "D Massil",
              "non_striker": "KJ Ferrary",
              "runs": {
                "batter": 0,
                "extras": 0,
                "total": 0
              }
            },
            {
              "batter": "MO Bacarese",
              "bowler": "D Massil",
              "extras": {
                "wides": 1
              },
              "non_striker": "KJ Ferrary",
              "runs": {
                "batter": 0,
                "extras": 1,
                "total": 1
              }
            },
            {
              "batter": "MO Bacarese",
              "bowler": "D Massil",
              "non_striker": "KJ Ferrary",
              "runs": {
                "batter": 4,
                "extras": 0,
                "total": 4
              }
            },
            {
              "batter": "MO Bacarese",
              "bowler": "D Massil",
              "non_striker": "KJ Ferrary",
              "runs": {
                "batter": 0,
                "extras": 0,
                "total": 0
              }
            },
            {
              "batter": "MO Bacarese",
              "bowler": "D Massil",
              "non_striker": "KJ Ferrary",
              "runs": {
                "batter": 0,
                "extras": 0,
                "total": 0
              }
            },
            {
              "batter": "MO Bacarese",
              "bowler": "D Massil",
              "non_striker": "KJ Ferrary",
              "runs": {
                "batter": 1,
                "extras": 0,
                "total": 1
              }
            }
          ]
        },
        {
          "over": 1,
          "deliveries": [
            {
              "batter": "MO Bacarese",
              "bowler": "S Waskar",
              "non_striker": "KJ Ferrary",
              "runs": {
                "batter": 0,
                "extras": 0,
                "total": 0
              }
            },
            {
              "batter": "MO Bacarese",
              "bowler": "S Waskar",
              "non_striker": "KJ Ferrary",
              "runs": {
                "batter": 4,
                "extras": 0,
                "total": 4
              }
            },
            {
              "batter": "MO Bacarese",
              "bowler": "S Waskar",
              "non_striker": "KJ Ferrary",
              "runs": {
                "batter": 1,
                "extras": 0,
                "total": 1
              }
            },
            {
              "batter": "KJ Ferrary",
              "bowler": "S Waskar",
              "non_striker": "MO Bacarese",
              "runs": {
                "batter": 0,
                "extras": 0,
                "total": 0
              }
            },
            {
              "batter": "KJ Ferrary",
              "bowler": "S Waskar",
              "non_striker": "MO Bacarese",
              "runs": {
                "batter": 0,
                "extras": 0,
                "total": 0
              }
            },
            {
              "batter": "KJ Ferrary",
              "bowler": "S Waskar",
              "non_striker": "MO Bacarese",
              "runs": {
                "batter": 0,
                "extras": 0,
                "total": 0
              }
            }
          ]
        },
        {
          "over": 2,
          "deliveries": [
            {
              "batter": "MO Bacarese",
              "bowler": "D Massil",
              "non_striker": "KJ Ferrary",
              "runs": {
                "batter": 0,
                "extras": 0,
                "total": 0
              }
            },
            {
              "batter": "MO Bacarese",
              "bowler": "D Massil",
              "non_striker": "KJ Ferrary",
              "runs": {
                "batter": 1,
                "extras": 0,
                "total": 1
              }
            },
            {
              "batter": "KJ Ferrary",
              "bowler": "D Massil",
              "non_striker": "MO Bacarese",
              "runs": {
                "batter": 4,
                "extras": 0,
                "total": 4
              }
            },
            {
              "batter": "KJ Ferrary",
              "bowler": "D Massil",
              "non_striker": "MO Bacarese",
              "runs": {
                "batter": 1,
                "extras": 0,
                "total": 1
              }
            },
            {
              "batter": "MO Bacarese",
              "bowler": "D Massil",
              "non_striker": "KJ Ferrary",
              "runs": {
                "batter": 0,
                "extras": 0,
                "total": 0
              }
            },
            {
              "batter": "MO Bacarese",
              "bowler": "D Massil",
              "non_striker": "KJ Ferrary",
              "runs": {
                "batter": 0,
                "extras": 0,
                "total": 0
              }
            }
          ]
        },
        {
          "over": 3,
          "deliveries": [
            {
              "batter": "KJ Ferrary",
              "bowler": "S Waskar",
              "non_striker": "MO Bacarese",
              "runs": {
                "batter": 0,
                "extras": 0,
                "total": 0
              }
            },
            {
              "batter": "KJ Ferrary",
              "bowler": "S Waskar",
              "non_striker": "MO Bacarese",
              "runs": {
                "batter": 1,
                "extras": 0,
                "total": 1
              }
            },
            {
              "batter": "MO Bacarese",
              "bowler": "S Waskar",
              "non_striker": "KJ Ferrary",
              "runs": {
                "batter": 1,
                "extras": 0,
                "total": 1
              }
            },
            {
              "batter": "KJ Ferrary",
              "bowler": "S Waskar",
              "non_striker": "MO Bacarese",
              "runs": {
                "batter": 4,
                "extras": 0,
                "total": 4
              }
            },
            {
              "batter": "KJ Ferrary",
              "bowler": "S Waskar",
              "non_striker": "MO Bacarese",
              "runs": {
                "batter": 0,
                "extras": 0,
                "total": 0
              }
            },
            {
              "batter": "KJ Ferrary",
              "bowler": "S Waskar",
              "non_striker": "MO Bacarese",
              "runs": {
                "batter": 4,
                "extras": 0,
                "total": 4
              }
            }
          ]
        },
        {
          "over": 4,
          "deliveries": [
            {
              "batter": "MO Bacarese",
              "bowler": "SRM Arachichige",
              "non_striker": "KJ Ferrary",
              "runs": {
                "batter": 0,
                "extras": 0,
                "total": 0
              }
            },
            {
              "batter": "MO Bacarese",
              "bowler": "SRM Arachichige",
              "non_striker": "KJ Ferrary",
              "runs": {
                "batter": 0,
                "extras": 0,
                "total": 0
              },
              "wickets": [
                {
                  "kind": "caught",
                  "player_out": "MO Bacarese",
                  "fielders": [
                    {
                      "name": "E Solomon"
                    }
                  ]
                }
              ]
            },
            {
              "batter": "KJ Ferrary",
              "bowler": "SRM Arachichige",
              "non_striker": "K Aswani",
              "runs": {
                "batter": 0,
                "extras": 0,
                "total": 0
              }
            },
            {
              "batter": "KJ Ferrary",
              "bowler": "SRM Arachichige",
              "non_striker": "K Aswani",
              "runs": {
                "batter": 0,
                "extras": 0,
                "total": 0
              }
            },
            {
              "batter": "KJ Ferrary",
              "bowler": "SRM Arachichige",
              "non_striker": "K Aswani",
              "runs": {
                "batter": 4,
                "extras": 0,
                "total": 4
              }
            },
            {
              "batter": "KJ Ferrary",
              "bowler": "SRM Arachichige",
              "non_striker": "K Aswani",
              "runs": {
                "batter": 0,
                "extras": 0,
                "total": 0
              },
              "wickets": [
                {
                  "kind": "caught",
                  "player_out": "KJ Ferrary",
                  "fielders": [
                    {
                      "name": "S Bangera"
                    }
                  ]
                }
              ]
            }
          ]
        },
        {
          "over": 5,
          "deliveries": [
            {
              "batter": "K Aswani",
              "bowler": "E Kahamker",
              "non_striker": "IDM Latin",
              "runs": {
                "batter": 1,
                "extras": 0,
                "total": 1
              }
            },
            {
              "batter": "IDM Latin",
              "bowler": "E Kahamker",
              "non_striker": "K Aswani",
              "runs": {
                "batter": 1,
                "extras": 0,
                "total": 1
              }
            },
            {
              "batter": "K Aswani",
              "bowler": "E Kahamker",
              "non_striker": "IDM Latin",
              "runs": {
                "batter": 0,
                "extras": 0,
                "total": 0
              }
            },
            {
              "batter": "K Aswani",
              "bowler": "E Kahamker",
              "non_striker": "IDM Latin",
              "runs": {
                "batter": 0,
                "extras": 0,
                "total": 0
              }
            },
            {
              "batter": "K Aswani",
              "bowler": "E Kahamker",
              "non_striker": "IDM Latin",
              "runs": {
                "batter": 6,
                "extras": 0,
                "total": 6
              }
            },
            {
              "batter": "K Aswani",
              "bowler": "E Kahamker",
              "non_striker": "IDM Latin",
              "runs": {
                "batter": 0,
                "extras": 0,
                "total": 0
              }
            }
          ]
        },
        {
          "over": 6,
          "deliveries": [
            {
              "batter": "IDM Latin",
              "bowler": "SRM Arachichige",
              "non_striker": "K Aswani",
              "runs": {
                "batter": 0,
                "extras": 0,
                "total": 0
              }
            },
            {
              "batter": "IDM Latin",
              "bowler": "SRM Arachichige",
              "non_striker": "K Aswani",
              "runs": {
                "batter": 1,
                "extras": 0,
                "total": 1
              }
            },
            {
              "batter": "K Aswani",
              "bowler": "SRM Arachichige",
              "non_striker": "IDM Latin",
              "runs": {
                "batter": 2,
                "extras": 0,
                "total": 2
              }
            },
            {
              "batter": "K Aswani",
              "bowler": "SRM Arachichige",
              "non_striker": "IDM Latin",
              "runs": {
                "batter": 0,
                "extras": 0,
                "total": 0
              },
              "wickets": [
                {
                  "kind": "lbw",
                  "player_out": "K Aswani"
                }
              ]
            },
            {
              "batter": "CJ Phillips",
              "bowler": "SRM Arachichige",
              "non_striker": "IDM Latin",
              "runs": {
                "batter": 0,
                "extras": 0,
                "total": 0
              }
            },
            {
              "batter": "CJ Phillips",
              "bowler": "SRM Arachichige",
              "non_striker": "IDM Latin",
              "runs": {
                "batter": 0,
                "extras": 0,
                "total": 0
              }
            }
          ]
        },
        {
          "over": 7,
          "deliveries": [
            {
              "batter": "IDM Latin",
              "bowler": "E Kahamker",
              "non_striker": "CJ Phillips",
              "runs": {
                "batter": 0,
                "extras": 0,
                "total": 0
              }
            },
            {
              "batter": "IDM Latin",
              "bowler": "E Kahamker",
              "non_striker": "CJ Phillips",
              "runs": {
                "batter": 1,
                "extras": 0,
                "total": 1
              }
            },
            {
              "batter": "CJ Phillips",
              "bowler": "E Kahamker",
              "non_striker": "IDM Latin",
              "runs": {
                "batter": 0,
                "extras": 0,
                "total": 0
              }
            },
            {
              "batter": "CJ Phillips",
              "bowler": "E Kahamker",
              "non_striker": "IDM Latin",
              "runs": {
                "batter": 1,
                "extras": 0,
                "total": 1
              }
            },
            {
              "batter": "IDM Latin",
              "bowler": "E Kahamker",
              "non_striker": "CJ Phillips",
              "runs": {
                "batter": 4,
                "extras": 0,
                "total": 4
              }
            },
            {
              "batter": "IDM Latin",
              "bowler": "E Kahamker",
              "non_striker": "CJ Phillips",
              "runs": {
                "batter": 0,
                "extras": 0,
                "total": 0
              }
            }
          ]
        },
        {
          "over": 8,
          "deliveries": [
            {
              "batter": "CJ Phillips",
              "bowler": "SRM Arachichige",
              "non_striker": "IDM Latin",
              "runs": {
                "batter": 1,
                "extras": 0,
                "total": 1
              }
            },
            {
              "batter": "IDM Latin",
              "bowler": "SRM Arachichige",
              "extras": {
                "legbyes": 1
              },
              "non_striker": "CJ Phillips",
              "runs": {
                "batter": 0,
                "extras": 1,
                "total": 1
              }
            },
            {
              "batter": "CJ Phillips",
              "bowler": "SRM Arachichige",
              "non_striker": "IDM Latin",
              "runs": {
                "batter": 0,
                "extras": 0,
                "total": 0
              }
            },
            {
              "batter": "CJ Phillips",
              "bowler": "SRM Arachichige",
              "non_striker": "IDM Latin",
              "runs": {
                "batter": 0,
                "extras": 0,
                "total": 0
              }
            },
            {
              "batter": "CJ Phillips",
              "bowler": "SRM Arachichige",
              "non_striker": "IDM Latin",
              "runs": {
                "batter": 0,
                "extras": 0,
                "total": 0
              }
            },
            {
              "batter": "CJ Phillips",
              "bowler": "SRM Arachichige",
              "non_striker": "IDM Latin",
              "runs": {
                "batter": 1,
                "extras": 0,
                "total": 1
              }
            }
          ]
        },
        {
          "over": 9,
          "deliveries": [
            {
              "batter": "CJ Phillips",
              "bowler": "R Schachat",
              "non_striker": "IDM Latin",
              "runs": {
                "batter": 1,
                "extras": 0,
                "total": 1
              }
            },
            {
              "batter": "IDM Latin",
              "bowler": "R Schachat",
              "non_striker": "CJ Phillips",
              "runs": {
                "batter": 1,
                "extras": 0,
                "total": 1
              }
            },
            {
              "batter": "CJ Phillips",
              "bowler": "R Schachat",
              "non_striker": "IDM Latin",
              "runs": {
                "batter": 0,
                "extras": 0,
                "total": 0
              }
            },
            {
              "batter": "CJ Phillips",
              "bowler": "R Schachat",
              "non_striker": "IDM Latin",
              "runs": {
                "batter": 0,
                "extras": 0,
                "total": 0
              }
            },
            {
              "batter": "CJ Phillips",
              "bowler": "R Schachat",
              "non_striker": "IDM Latin",
              "runs": {
                "batter": 1,
                "extras": 0,
                "total": 1
              }
            },
            {
              "batter": "IDM Latin",
              "bowler": "R Schachat",
              "non_striker": "CJ Phillips",
              "runs": {
                "batter": 0,
                "extras": 0,
                "total": 0
              }
            }
          ]
        },
        {
          "over": 10,
          "deliveries": [
            {
              "batter": "CJ Phillips",
              "bowler": "J Evans",
              "non_striker": "IDM Latin",
              "runs": {
                "batter": 0,
                "extras": 0,
                "total": 0
              }
            },
            {
              "batter": "CJ Phillips",
              "bowler": "J Evans",
              "extras": {
                "noballs": 1
              },
              "non_striker": "IDM Latin",
              "runs": {
                "batter": 0,
                "extras": 1,
                "total": 1
              }
            },
            {
              "batter": "CJ Phillips",
              "bowler": "J Evans",
              "non_striker": "IDM Latin",
              "runs": {
                "batter": 1,
                "extras": 0,
                "total": 1
              }
            },
            {
              "batter": "IDM Latin",
              "bowler": "J Evans",
              "non_striker": "CJ Phillips",
              "runs": {
                "batter": 0,
                "extras": 0,
                "total": 0
              }
            },
            {
              "batter": "IDM Latin",
              "bowler": "J Evans",
              "non_striker": "CJ Phillips",
              "runs": {
                "batter": 1,
                "extras": 0,
                "total": 1
              }
            },
            {
              "batter": "CJ Phillips",
              "bowler": "J Evans",
              "non_striker": "IDM Latin",
              "runs": {
                "batter": 4,
                "extras": 0,
                "total": 4
              }
            },
            {
              "batter": "CJ Phillips",
              "bowler": "J Evans",
              "non_striker": "IDM Latin",
              "runs": {
                "batter": 1,
                "extras": 0,
                "total": 1
              }
            }
          ]
        },
        {
          "over": 11,
          "deliveries": [
            {
              "batter": "CJ Phillips",
              "bowler": "R Schachat",
              "non_striker": "IDM Latin",
              "runs": {
                "batter": 2,
                "extras": 0,
                "total": 2
              }
            },
            {
              "batter": "CJ Phillips",
              "bowler": "R Schachat",
              "non_striker": "IDM Latin",
              "runs": {
                "batter": 0,
                "extras": 0,
                "total": 0
              }
            },
            {
              "batter": "CJ Phillips",
              "bowler": "R Schachat",
              "non_striker": "IDM Latin",
              "runs": {
                "batter": 0,
                "extras": 0,
                "total": 0
              }
            },
            {
              "batter": "CJ Phillips",
              "bowler": "R Schachat",
              "non_striker": "IDM Latin",
              "runs": {
                "batter": 0,
                "extras": 0,
                "total": 0
              }
            },
            {
              "batter": "CJ Phillips",
              "bowler": "R Schachat",
              "non_striker": "IDM Latin",
              "runs": {
                "batter": 2,
                "extras": 0,
                "total": 2
              }
            },
            {
              "batter": "CJ Phillips",
              "bowler": "R Schachat",
              "non_striker": "IDM Latin",
              "runs": {
                "batter": 0,
                "extras": 0,
                "total": 0
              }
            }
          ]
        },
        {
          "over": 12,
          "deliveries": [
            {
              "batter": "IDM Latin",
              "bowler": "J Evans",
              "extras": {
                "wides": 1
              },
              "non_striker": "CJ Phillips",
              "runs": {
                "batter": 0,
                "extras": 1,
                "total": 1
              }
            },
            {
              "batter": "IDM Latin",
              "bowler": "J Evans",
              "non_striker": "CJ Phillips",
              "runs": {
                "batter": 1,
                "extras": 0,
                "total": 1
              }
            },
            {
              "batter": "CJ Phillips",
              "bowler": "J Evans",
              "non_striker": "IDM Latin",
              "runs": {
                "batter": 0,
                "extras": 0,
                "total": 0
              },
              "wickets": [
                {
                  "kind": "caught",
                  "player_out": "CJ Phillips",
                  "fielders": [
                    {
                      "name": "Y Razpurker"
                    }
                  ]
                }
              ]
            },
            {
              "batter": "IDM Latin",
              "bowler": "J Evans",
              "non_striker": "K Mirpuri",
              "runs": {
                "batter": 1,
                "extras": 0,
                "total": 1
              }
            },
            {
              "batter": "K Mirpuri",
              "bowler": "J Evans",
              "non_striker": "IDM Latin",
              "runs": {
                "batter": 0,
                "extras": 0,
                "total": 0
              }
            },
            {
              "batter": "K Mirpuri",
              "bowler": "J Evans",
              "non_striker": "IDM Latin",
              "runs": {
                "batter": 0,
                "extras": 0,
                "total": 0
              }
            },
            {
              "batter": "K Mirpuri",
              "bowler": "J Evans",
              "non_striker": "IDM Latin",
              "runs": {
                "batter": 1,
                "extras": 0,
                "total": 1
              }
            }
          ]
        },
        {
          "over": 13,
          "deliveries": [
            {
              "batter": "K Mirpuri",
              "bowler": "Y Razpurker",
              "non_striker": "IDM Latin",
              "runs": {
                "batter": 0,
                "extras": 0,
                "total": 0
              }
            },
            {
              "batter": "K Mirpuri",
              "bowler": "Y Razpurker",
              "extras": {
                "wides": 1
              },
              "non_striker": "IDM Latin",
              "runs": {
                "batter": 0,
                "extras": 1,
                "total": 1
              }
            },
            {
              "batter": "K Mirpuri",
              "bowler": "Y Razpurker",
              "extras": {
                "wides": 1
              },
              "non_striker": "IDM Latin",
              "runs": {
                "batter": 0,
                "extras": 1,
                "total": 1
              }
            },
            {
              "batter": "K Mirpuri",
              "bowler": "Y Razpurker",
              "non_striker": "IDM Latin",
              "runs": {
                "batter": 0,
                "extras": 0,
                "total": 0
              }
            },
            {
              "batter": "K Mirpuri",
              "bowler": "Y Razpurker",
              "non_striker": "IDM Latin",
              "runs": {
                "batter": 1,
                "extras": 0,
                "total": 1
              }
            },
            {
              "batter": "IDM Latin",
              "bowler": "Y Razpurker",
              "non_striker": "K Mirpuri",
              "runs": {
                "batter": 2,
                "extras": 0,
                "total": 2
              }
            },
            {
              "batter": "IDM Latin",
              "bowler": "Y Razpurker",
              "non_striker": "K Mirpuri",
              "runs": {
                "batter": 1,
                "extras": 0,
                "total": 1
              }
            },
            {
              "batter": "K Mirpuri",
              "bowler": "Y Razpurker",
              "non_striker": "IDM Latin",
              "runs": {
                "batter": 0,
                "extras": 0,
                "total": 0
              }
            }
          ]
        },
        {
          "over": 14,
          "deliveries": [
            {
              "batter": "IDM Latin",
              "bowler": "J Evans",
              "non_striker": "K Mirpuri",
              "runs": {
                "batter": 1,
                "extras": 0,
                "total": 1
              }
            },
            {
              "batter": "K Mirpuri",
              "bowler": "J Evans",
              "non_striker": "IDM Latin",
              "runs": {
                "batter": 0,
                "extras": 0,
                "total": 0
              }
            },
            {
              "batter": "K Mirpuri",
              "bowler": "J Evans",
              "non_striker": "IDM Latin",
              "runs": {
                "batter": 0,
                "extras": 0,
                "total": 0
              }
            },
            {
              "batter": "K Mirpuri",
              "bowler": "J Evans",
              "extras": {
                "legbyes": 1
              },
              "non_striker": "IDM Latin",
              "runs": {
                "batter": 0,
                "extras": 1,
                "total": 1
              }
            },
            {
              "batter": "IDM Latin",
              "bowler": "J Evans",
              "non_striker": "K Mirpuri",
              "runs": {
                "batter": 0,
                "extras": 0,
                "total": 0
              },
              "wickets": [
                {
                  "kind": "bowled",
                  "player_out": "IDM Latin"
                }
              ]
            },
            {
              "batter": "JD Freyone",
              "bowler": "J Evans",
              "non_striker": "K Mirpuri",
              "runs": {
                "batter": 0,
                "extras": 0,
                "total": 0
              }
            }
          ]
        },
        {
          "over": 15,
          "deliveries": [
            {
              "batter": "K Mirpuri",
              "bowler": "Y Razpurker",
              "non_striker": "JD Freyone",
              "runs": {
                "batter": 1,
                "extras": 0,
                "total": 1
              }
            },
            {
              "batter": "JD Freyone",
              "bowler": "Y Razpurker",
              "non_striker": "K Mirpuri",
              "runs": {
                "batter": 0,
                "extras": 0,
                "total": 0
              }
            },
            {
              "batter": "JD Freyone",
              "bowler": "Y Razpurker",
              "non_striker": "K Mirpuri",
              "runs": {
                "batter": 1,
                "extras": 0,
                "total": 1
              }
            },
            {
              "batter": "K Mirpuri",
              "bowler": "Y Razpurker",
              "non_striker": "JD Freyone",
              "runs": {
                "batter": 2,
                "extras": 0,
                "total": 2
              }
            },
            {
              "batter": "K Mirpuri",
              "bowler": "Y Razpurker",
              "non_striker": "JD Freyone",
              "runs": {
                "batter": 0,
                "extras": 0,
                "total": 0
              }
            },
            {
              "batter": "K Mirpuri",
              "bowler": "Y Razpurker",
              "non_striker": "JD Freyone",
              "runs": {
                "batter": 1,
                "extras": 0,
                "total": 1
              }
            }
          ]
        },
        {
          "over": 16,
          "deliveries": [
            {
              "batter": "K Mirpuri",
              "bowler": "J Evans",
              "non_striker": "JD Freyone",
              "runs": {
                "batter": 1,
                "extras": 0,
                "total": 1
              }
            },
            {
              "batter": "JD Freyone",
              "bowler": "J Evans",
              "non_striker": "K Mirpuri",
              "runs": {
                "batter": 0,
                "extras": 0,
                "total": 0
              }
            },
            {
              "batter": "JD Freyone",
              "bowler": "J Evans",
              "non_striker": "K Mirpuri",
              "runs": {
                "batter": 0,
                "extras": 0,
                "total": 0
              }
            },
            {
              "batter": "JD Freyone",
              "bowler": "J Evans",
              "non_striker": "K Mirpuri",
              "runs": {
                "batter": 0,
                "extras": 0,
                "total": 0
              }
            },
            {
              "batter": "JD Freyone",
              "bowler": "J Evans",
              "non_striker": "K Mirpuri",
              "runs": {
                "batter": 1,
                "extras": 0,
                "total": 1
              }
            },
            {
              "batter": "K Mirpuri",
              "bowler": "J Evans",
              "non_striker": "JD Freyone",
              "runs": {
                "batter": 1,
                "extras": 0,
                "total": 1
              }
            }
          ]
        },
        {
          "over": 17,
          "deliveries": [
            {
              "batter": "K Mirpuri",
              "bowler": "R Schachat",
              "non_striker": "JD Freyone",
              "runs": {
                "batter": 0,
                "extras": 0,
                "total": 0
              }
            },
            {
              "batter": "K Mirpuri",
              "bowler": "R Schachat",
              "non_striker": "JD Freyone",
              "runs": {
                "batter": 2,
                "extras": 0,
                "total": 2
              }
            },
            {
              "batter": "K Mirpuri",
              "bowler": "R Schachat",
              "non_striker": "JD Freyone",
              "runs": {
                "batter": 2,
                "extras": 0,
                "total": 2
              }
            },
            {
              "batter": "K Mirpuri",
              "bowler": "R Schachat",
              "non_striker": "JD Freyone",
              "runs": {
                "batter": 1,
                "extras": 0,
                "total": 1
              }
            },
            {
              "batter": "JD Freyone",
              "bowler": "R Schachat",
              "non_striker": "K Mirpuri",
              "runs": {
                "batter": 0,
                "extras": 0,
                "total": 0
              }
            },
            {
              "batter": "JD Freyone",
              "bowler": "R Schachat",
              "non_striker": "K Mirpuri",
              "runs": {
                "batter": 0,
                "extras": 0,
                "total": 0
              }
            }
          ]
        },
        {
          "over": 18,
          "deliveries": [
            {
              "batter": "K Mirpuri",
              "bowler": "SRM Arachichige",
              "non_striker": "JD Freyone",
              "runs": {
                "batter": 1,
                "extras": 0,
                "total": 1
              }
            },
            {
              "batter": "JD Freyone",
              "bowler": "SRM Arachichige",
              "non_striker": "K Mirpuri",
              "runs": {
                "batter": 1,
                "extras": 0,
                "total": 1
              }
            },
            {
              "batter": "K Mirpuri",
              "bowler": "SRM Arachichige",
              "non_striker": "JD Freyone",
              "runs": {
                "batter": 0,
                "extras": 0,
                "total": 0
              }
            },
            {
              "batter": "K Mirpuri",
              "bowler": "SRM Arachichige",
              "non_striker": "JD Freyone",
              "runs": {
                "batter": 1,
                "extras": 0,
                "total": 1
              }
            },
            {
              "batter": "JD Freyone",
              "bowler": "SRM Arachichige",
              "non_striker": "K Mirpuri",
              "runs": {
                "batter": 0,
                "extras": 0,
                "total": 0
              }
            },
            {
              "batter": "JD Freyone",
              "bowler": "SRM Arachichige",
              "extras": {
                "wides": 1
              },
              "non_striker": "K Mirpuri",
              "runs": {
                "batter": 0,
                "extras": 1,
                "total": 1
              }
            },
            {
              "batter": "JD Freyone",
              "bowler": "SRM Arachichige",
              "non_striker": "K Mirpuri",
              "runs": {
                "batter": 0,
                "extras": 0,
                "total": 0
              },
              "wickets": [
                {
                  "kind": "caught",
                  "player_out": "JD Freyone",
                  "fielders": [
                    {
                      "name": "S Bangera"
                    }
                  ]
                }
              ]
            }
          ]
        },
        {
          "over": 19,
          "deliveries": [
            {
              "batter": "K Mirpuri",
              "bowler": "R Schachat",
              "non_striker": "J Hazell",
              "runs": {
                "batter": 0,
                "extras": 0,
                "total": 0
              }
            },
            {
              "batter": "K Mirpuri",
              "bowler": "R Schachat",
              "non_striker": "J Hazell",
              "runs": {
                "batter": 4,
                "extras": 0,
                "total": 4
              }
            },
            {
              "batter": "K Mirpuri",
              "bowler": "R Schachat",
              "non_striker": "J Hazell",
              "runs": {
                "batter": 1,
                "extras": 0,
                "total": 1
              }
            },
            {
              "batter": "J Hazell",
              "bowler": "R Schachat",
              "non_striker": "K Mirpuri",
              "runs": {
                "batter": 1,
                "extras": 0,
                "total": 1
              }
            },
            {
              "batter": "K Mirpuri",
              "bowler": "R Schachat",
              "non_striker": "J Hazell",
              "runs": {
                "batter": 1,
                "extras": 0,
                "total": 1
              }
            },
            {
              "batter": "J Hazell",
              "bowler": "R Schachat",
              "non_striker": "K Mirpuri",
              "runs": {
                "batter": 1,
                "extras": 0,
                "total": 1
              }
            }
          ]
        }
      ],
      "powerplays": [
        {
          "from": 0.1,
          "to": 5.6,
          "type": "mandatory"
        }
      ]
    },
    {
      "team": "Israel",
      "overs": [
        {
          "over": 0,
          "deliveries": [
            {
              "batter": "SRM Arachichige",
              "bowler": "S Suarez",
              "non_striker": "M Hoffman",
              "runs": {
                "batter": 0,
                "extras": 0,
                "total": 0
              }
            },
            {
              "batter": "SRM Arachichige",
              "bowler": "S Suarez",
              "non_striker": "M Hoffman",
              "runs": {
                "batter": 4,
                "extras": 0,
                "total": 4
              }
            },
            {
              "batter": "SRM Arachichige",
              "bowler": "S Suarez",
              "non_striker": "M Hoffman",
              "runs": {
                "batter": 2,
                "extras": 0,
                "total": 2
              }
            },
            {
              "batter": "SRM Arachichige",
              "bowler": "S Suarez",
              "non_striker": "M Hoffman",
              "runs": {
                "batter": 4,
                "extras": 0,
                "total": 4
              }
            },
            {
              "batter": "SRM Arachichige",
              "bowler": "S Suarez",
              "non_striker": "M Hoffman",
              "runs": {
                "batter": 0,
                "extras": 0,
                "total": 0
              }
            },
            {
              "batter": "SRM Arachichige",
              "bowler": "S Suarez",
              "non_striker": "M Hoffman",
              "runs": {
                "batter": 1,
                "extras": 0,
                "total": 1
              }
            }
          ]
        },
        {
          "over": 1,
          "deliveries": [
            {
              "batter": "SRM Arachichige",
              "bowler": "MO Bacarese",
              "non_striker": "M Hoffman",
              "runs": {
                "batter": 2,
                "extras": 0,
                "total": 2
              }
            },
            {
              "batter": "SRM Arachichige",
              "bowler": "MO Bacarese",
              "non_striker": "M Hoffman",
              "runs": {
                "batter": 0,
                "extras": 0,
                "total": 0
              }
            },
            {
              "batter": "SRM Arachichige",
              "bowler": "MO Bacarese",
              "non_striker": "M Hoffman",
              "runs": {
                "batter": 0,
                "extras": 0,
                "total": 0
              }
            },
            {
              "batter": "SRM Arachichige",
              "bowler": "MO Bacarese",
              "non_striker": "M Hoffman",
              "runs": {
                "batter": 4,
                "extras": 0,
                "total": 4
              }
            },
            {
              "batter": "SRM Arachichige",
              "bowler": "MO Bacarese",
              "non_striker": "M Hoffman",
              "runs": {
                "batter": 0,
                "extras": 0,
                "total": 0
              }
            },
            {
              "batter": "SRM Arachichige",
              "bowler": "MO Bacarese",
              "non_striker": "M Hoffman",
              "runs": {
                "batter": 0,
                "extras": 0,
                "total": 0
              }
            }
          ]
        },
        {
          "over": 2,
          "deliveries": [
            {
              "batter": "M Hoffman",
              "bowler": "S Suarez",
              "extras": {
                "wides": 1
              },
              "non_striker": "SRM Arachichige",
              "runs": {
                "batter": 0,
                "extras": 1,
                "total": 1
              }
            },
            {
              "batter": "M Hoffman",
              "bowler": "S Suarez",
              "non_striker": "SRM Arachichige",
              "runs": {
                "batter": 0,
                "extras": 0,
                "total": 0
              }
            },
            {
              "batter": "M Hoffman",
              "bowler": "S Suarez",
              "non_striker": "SRM Arachichige",
              "runs": {
                "batter": 1,
                "extras": 0,
                "total": 1
              }
            },
            {
              "batter": "SRM Arachichige",
              "bowler": "S Suarez",
              "non_striker": "M Hoffman",
              "runs": {
                "batter": 1,
                "extras": 0,
                "total": 1
              }
            },
            {
              "batter": "M Hoffman",
              "bowler": "S Suarez",
              "non_striker": "SRM Arachichige",
              "runs": {
                "batter": 4,
                "extras": 0,
                "total": 4
              }
            },
            {
              "batter": "M Hoffman",
              "bowler": "S Suarez",
              "non_striker": "SRM Arachichige",
              "runs": {
                "batter": 0,
                "extras": 0,
                "total": 0
              }
            },
            {
              "batter": "M Hoffman",
              "bowler": "S Suarez",
              "non_striker": "SRM Arachichige",
              "runs": {
                "batter": 1,
                "extras": 0,
                "total": 1
              }
            }
          ]
        },
        {
          "over": 3,
          "deliveries": [
            {
              "batter": "M Hoffman",
              "bowler": "MO Bacarese",
              "non_striker": "SRM Arachichige",
              "runs": {
                "batter": 0,
                "extras": 0,
                "total": 0
              }
            },
            {
              "batter": "M Hoffman",
              "bowler": "MO Bacarese",
              "non_striker": "SRM Arachichige",
              "runs": {
                "batter": 1,
                "extras": 0,
                "total": 1
              }
            },
            {
              "batter": "SRM Arachichige",
              "bowler": "MO Bacarese",
              "non_striker": "M Hoffman",
              "runs": {
                "batter": 0,
                "extras": 0,
                "total": 0
              },
              "wickets": [
                {
                  "kind": "run out",
                  "player_out": "M Hoffman",
                  "fielders": [
                    {
                      "name": "MO Bacarese"
                    }
                  ]
                }
              ]
            },
            {
              "batter": "SRM Arachichige",
              "bowler": "MO Bacarese",
              "non_striker": "E Kahamker",
              "runs": {
                "batter": 0,
                "extras": 0,
                "total": 0
              }
            },
            {
              "batter": "SRM Arachichige",
              "bowler": "MO Bacarese",
              "non_striker": "E Kahamker",
              "runs": {
                "batter": 0,
                "extras": 0,
                "total": 0
              }
            },
            {
              "batter": "SRM Arachichige",
              "bowler": "MO Bacarese",
              "non_striker": "E Kahamker",
              "runs": {
                "batter": 1,
                "extras": 0,
                "total": 1
              }
            }
          ]
        },
        {
          "over": 4,
          "deliveries": [
            {
              "batter": "SRM Arachichige",
              "bowler": "K Mirpuri",
              "non_striker": "E Kahamker",
              "runs": {
                "batter": 0,
                "extras": 0,
                "total": 0
              }
            },
            {
              "batter": "SRM Arachichige",
              "bowler": "K Mirpuri",
              "non_striker": "E Kahamker",
              "runs": {
                "batter": 1,
                "extras": 0,
                "total": 1
              }
            },
            {
              "batter": "E Kahamker",
              "bowler": "K Mirpuri",
              "non_striker": "SRM Arachichige",
              "runs": {
                "batter": 1,
                "extras": 0,
                "total": 1
              }
            },
            {
              "batter": "SRM Arachichige",
              "bowler": "K Mirpuri",
              "non_striker": "E Kahamker",
              "runs": {
                "batter": 0,
                "extras": 0,
                "total": 0
              },
              "wickets": [
                {
                  "kind": "caught",
                  "player_out": "SRM Arachichige",
                  "fielders": [
                    {
                      "name": "JD Freyone"
                    }
                  ]
                }
              ]
            },
            {
              "batter": "E Kahamker",
              "bowler": "K Mirpuri",
              "non_striker": "Emanuel Solomon",
              "runs": {
                "batter": 0,
                "extras": 0,
                "total": 0
              }
            },
            {
              "batter": "E Kahamker",
              "bowler": "K Mirpuri",
              "non_striker": "Emanuel Solomon",
              "runs": {
                "batter": 0,
                "extras": 0,
                "total": 0
              }
            }
          ]
        },
        {
          "over": 5,
          "deliveries": [
            {
              "batter": "Emanuel Solomon",
              "bowler": "MO Bacarese",
              "non_striker": "E Kahamker",
              "runs": {
                "batter": 0,
                "extras": 0,
                "total": 0
              }
            },
            {
              "batter": "Emanuel Solomon",
              "bowler": "MO Bacarese",
              "non_striker": "E Kahamker",
              "runs": {
                "batter": 4,
                "extras": 0,
                "total": 4
              }
            },
            {
              "batter": "Emanuel Solomon",
              "bowler": "MO Bacarese",
              "non_striker": "E Kahamker",
              "runs": {
                "batter": 1,
                "extras": 0,
                "total": 1
              }
            },
            {
              "batter": "E Kahamker",
              "bowler": "MO Bacarese",
              "non_striker": "Emanuel Solomon",
              "runs": {
                "batter": 0,
                "extras": 0,
                "total": 0
              }
            },
            {
              "batter": "E Kahamker",
              "bowler": "MO Bacarese",
              "non_striker": "Emanuel Solomon",
              "runs": {
                "batter": 1,
                "extras": 0,
                "total": 1
              }
            },
            {
              "batter": "Emanuel Solomon",
              "bowler": "MO Bacarese",
              "non_striker": "E Kahamker",
              "runs": {
                "batter": 4,
                "extras": 0,
                "total": 4
              }
            }
          ]
        },
        {
          "over": 6,
          "deliveries": [
            {
              "batter": "E Kahamker",
              "bowler": "K Mirpuri",
              "non_striker": "Emanuel Solomon",
              "runs": {
                "batter": 0,
                "extras": 0,
                "total": 0
              }
            },
            {
              "batter": "E Kahamker",
              "bowler": "K Mirpuri",
              "non_striker": "Emanuel Solomon",
              "runs": {
                "batter": 2,
                "extras": 0,
                "total": 2
              }
            },
            {
              "batter": "E Kahamker",
              "bowler": "K Mirpuri",
              "non_striker": "Emanuel Solomon",
              "runs": {
                "batter": 1,
                "extras": 0,
                "total": 1
              }
            },
            {
              "batter": "Emanuel Solomon",
              "bowler": "K Mirpuri",
              "non_striker": "E Kahamker",
              "runs": {
                "batter": 4,
                "extras": 0,
                "total": 4
              }
            },
            {
              "batter": "Emanuel Solomon",
              "bowler": "K Mirpuri",
              "non_striker": "E Kahamker",
              "runs": {
                "batter": 0,
                "extras": 0,
                "total": 0
              }
            },
            {
              "batter": "Emanuel Solomon",
              "bowler": "K Mirpuri",
              "non_striker": "E Kahamker",
              "runs": {
                "batter": 1,
                "extras": 0,
                "total": 1
              }
            }
          ]
        },
        {
          "over": 7,
          "deliveries": [
            {
              "batter": "Emanuel Solomon",
              "bowler": "SA Chipolina",
              "non_striker": "E Kahamker",
              "runs": {
                "batter": 6,
                "extras": 0,
                "total": 6
              }
            },
            {
              "batter": "Emanuel Solomon",
              "bowler": "SA Chipolina",
              "non_striker": "E Kahamker",
              "runs": {
                "batter": 1,
                "extras": 0,
                "total": 1
              }
            },
            {
              "batter": "E Kahamker",
              "bowler": "SA Chipolina",
              "non_striker": "Emanuel Solomon",
              "runs": {
                "batter": 1,
                "extras": 0,
                "total": 1
              }
            },
            {
              "batter": "Emanuel Solomon",
              "bowler": "SA Chipolina",
              "non_striker": "E Kahamker",
              "runs": {
                "batter": 1,
                "extras": 0,
                "total": 1
              }
            },
            {
              "batter": "E Kahamker",
              "bowler": "SA Chipolina",
              "non_striker": "Emanuel Solomon",
              "runs": {
                "batter": 0,
                "extras": 0,
                "total": 0
              }
            },
            {
              "batter": "E Kahamker",
              "bowler": "SA Chipolina",
              "non_striker": "Emanuel Solomon",
              "runs": {
                "batter": 1,
                "extras": 0,
                "total": 1
              }
            }
          ]
        },
        {
          "over": 8,
          "deliveries": [
            {
              "batter": "E Kahamker",
              "bowler": "A Orfila",
              "non_striker": "Emanuel Solomon",
              "runs": {
                "batter": 1,
                "extras": 0,
                "total": 1
              }
            },
            {
              "batter": "Emanuel Solomon",
              "bowler": "A Orfila",
              "non_striker": "E Kahamker",
              "runs": {
                "batter": 6,
                "extras": 0,
                "total": 6
              }
            },
            {
              "batter": "Emanuel Solomon",
              "bowler": "A Orfila",
              "non_striker": "E Kahamker",
              "runs": {
                "batter": 1,
                "extras": 0,
                "total": 1
              }
            },
            {
              "batter": "E Kahamker",
              "bowler": "A Orfila",
              "non_striker": "Emanuel Solomon",
              "runs": {
                "batter": 0,
                "extras": 0,
                "total": 0
              }
            },
            {
              "batter": "E Kahamker",
              "bowler": "A Orfila",
              "non_striker": "Emanuel Solomon",
              "runs": {
                "batter": 2,
                "extras": 0,
                "total": 2
              }
            },
            {
              "batter": "E Kahamker",
              "bowler": "A Orfila",
              "non_striker": "Emanuel Solomon",
              "runs": {
                "batter": 0,
                "extras": 0,
                "total": 0
              },
              "wickets": [
                {
                  "kind": "bowled",
                  "player_out": "E Kahamker"
                }
              ]
            }
          ]
        },
        {
          "over": 9,
          "deliveries": [
            {
              "batter": "Emanuel Solomon",
              "bowler": "SA Chipolina",
              "extras": {
                "noballs": 1
              },
              "non_striker": "J Evans",
              "runs": {
                "batter": 2,
                "extras": 1,
                "total": 3
              }
            },
            {
              "batter": "Emanuel Solomon",
              "bowler": "SA Chipolina",
              "non_striker": "J Evans",
              "runs": {
                "batter": 0,
                "extras": 0,
                "total": 0
              }
            },
            {
              "batter": "Emanuel Solomon",
              "bowler": "SA Chipolina",
              "non_striker": "J Evans",
              "runs": {
                "batter": 4,
                "extras": 0,
                "total": 4
              }
            },
            {
              "batter": "Emanuel Solomon",
              "bowler": "SA Chipolina",
              "non_striker": "J Evans",
              "runs": {
                "batter": 1,
                "extras": 0,
                "total": 1
              }
            },
            {
              "batter": "J Evans",
              "bowler": "SA Chipolina",
              "non_striker": "Emanuel Solomon",
              "runs": {
                "batter": 1,
                "extras": 0,
                "total": 1
              }
            },
            {
              "batter": "Emanuel Solomon",
              "bowler": "SA Chipolina",
              "non_striker": "J Evans",
              "runs": {
                "batter": 0,
                "extras": 0,
                "total": 0
              },
              "wickets": [
                {
                  "kind": "bowled",
                  "player_out": "Emanuel Solomon"
                }
              ]
            },
            {
              "batter": "E Solomon",
              "bowler": "SA Chipolina",
              "non_striker": "J Evans",
              "runs": {
                "batter": 0,
                "extras": 0,
                "total": 0
              },
              "wickets": [
                {
                  "kind": "caught",
                  "player_out": "E Solomon",
                  "fielders": [
                    {
                      "name": "S Suarez"
                    }
                  ]
                }
              ]
            }
          ]
        },
        {
          "over": 10,
          "deliveries": [
            {
              "batter": "Y Razpurker",
              "bowler": "K Mirpuri",
              "non_striker": "J Evans",
              "runs": {
                "batter": 0,
                "extras": 0,
                "total": 0
              }
            },
            {
              "batter": "Y Razpurker",
              "bowler": "K Mirpuri",
              "non_striker": "J Evans",
              "runs": {
                "batter": 0,
                "extras": 0,
                "total": 0
              }
            },
            {
              "batter": "Y Razpurker",
              "bowler": "K Mirpuri",
              "non_striker": "J Evans",
              "runs": {
                "batter": 1,
                "extras": 0,
                "total": 1
              }
            },
            {
              "batter": "J Evans",
              "bowler": "K Mirpuri",
              "non_striker": "Y Razpurker",
              "runs": {
                "batter": 0,
                "extras": 0,
                "total": 0
              }
            },
            {
              "batter": "J Evans",
              "bowler": "K Mirpuri",
              "non_striker": "Y Razpurker",
              "runs": {
                "batter": 1,
                "extras": 0,
                "total": 1
              }
            },
            {
              "batter": "Y Razpurker",
              "bowler": "K Mirpuri",
              "non_striker": "J Evans",
              "runs": {
                "batter": 0,
                "extras": 0,
                "total": 0
              }
            }
          ]
        },
        {
          "over": 11,
          "deliveries": [
            {
              "batter": "J Evans",
              "bowler": "KJ Ferrary",
              "non_striker": "Y Razpurker",
              "runs": {
                "batter": 0,
                "extras": 0,
                "total": 0
              }
            },
            {
              "batter": "J Evans",
              "bowler": "KJ Ferrary",
              "non_striker": "Y Razpurker",
              "runs": {
                "batter": 0,
                "extras": 0,
                "total": 0
              }
            },
            {
              "batter": "J Evans",
              "bowler": "KJ Ferrary",
              "extras": {
                "wides": 1
              },
              "non_striker": "Y Razpurker",
              "runs": {
                "batter": 0,
                "extras": 1,
                "total": 1
              }
            },
            {
              "batter": "J Evans",
              "bowler": "KJ Ferrary",
              "non_striker": "Y Razpurker",
              "runs": {
                "batter": 0,
                "extras": 0,
                "total": 0
              }
            },
            {
              "batter": "J Evans",
              "bowler": "KJ Ferrary",
              "non_striker": "Y Razpurker",
              "runs": {
                "batter": 0,
                "extras": 0,
                "total": 0
              }
            },
            {
              "batter": "J Evans",
              "bowler": "KJ Ferrary",
              "non_striker": "Y Razpurker",
              "runs": {
                "batter": 1,
                "extras": 0,
                "total": 1
              }
            },
            {
              "batter": "Y Razpurker",
              "bowler": "KJ Ferrary",
              "non_striker": "J Evans",
              "runs": {
                "batter": 1,
                "extras": 0,
                "total": 1
              }
            }
          ]
        },
        {
          "over": 12,
          "deliveries": [
            {
              "batter": "Y Razpurker",
              "bowler": "K Mirpuri",
              "non_striker": "J Evans",
              "runs": {
                "batter": 0,
                "extras": 0,
                "total": 0
              }
            },
            {
              "batter": "Y Razpurker",
              "bowler": "K Mirpuri",
              "non_striker": "J Evans",
              "runs": {
                "batter": 2,
                "extras": 0,
                "total": 2
              }
            },
            {
              "batter": "Y Razpurker",
              "bowler": "K Mirpuri",
              "non_striker": "J Evans",
              "runs": {
                "batter": 1,
                "extras": 0,
                "total": 1
              }
            },
            {
              "batter": "J Evans",
              "bowler": "K Mirpuri",
              "non_striker": "Y Razpurker",
              "runs": {
                "batter": 6,
                "extras": 0,
                "total": 6
              }
            },
            {
              "batter": "J Evans",
              "bowler": "K Mirpuri",
              "non_striker": "Y Razpurker",
              "runs": {
                "batter": 1,
                "extras": 0,
                "total": 1
              }
            },
            {
              "batter": "Y Razpurker",
              "bowler": "K Mirpuri",
              "non_striker": "J Evans",
              "runs": {
                "batter": 0,
                "extras": 0,
                "total": 0
              }
            }
          ]
        },
        {
          "over": 13,
          "deliveries": [
            {
              "batter": "J Evans",
              "bowler": "KJ Ferrary",
              "non_striker": "Y Razpurker",
              "runs": {
                "batter": 6,
                "extras": 0,
                "total": 6
              }
            },
            {
              "batter": "J Evans",
              "bowler": "KJ Ferrary",
              "non_striker": "Y Razpurker",
              "runs": {
                "batter": 1,
                "extras": 0,
                "total": 1
              }
            },
            {
              "batter": "Y Razpurker",
              "bowler": "KJ Ferrary",
              "non_striker": "J Evans",
              "runs": {
                "batter": 0,
                "extras": 0,
                "total": 0
              }
            },
            {
              "batter": "Y Razpurker",
              "bowler": "KJ Ferrary",
              "non_striker": "J Evans",
              "runs": {
                "batter": 0,
                "extras": 0,
                "total": 0
              }
            },
            {
              "batter": "Y Razpurker",
              "bowler": "KJ Ferrary",
              "non_striker": "J Evans",
              "runs": {
                "batter": 4,
                "extras": 0,
                "total": 4
              }
            },
            {
              "batter": "Y Razpurker",
              "bowler": "KJ Ferrary",
              "non_striker": "J Evans",
              "runs": {
                "batter": 4,
                "extras": 0,
                "total": 4
              }
            }
          ]
        }
      ],
      "powerplays": [
        {
          "from": 0.1,
          "to": 5.6,
          "type": "mandatory"
        }
      ],
      "target": {
        "overs": 20,
        "runs": 105
      }
    }
  ]
}