{
  "meta": {
    "data_version": "1.0.0",
    "created": "2016-10-03",
    "revision": 3
  },
  "info": {
    "balls_per_over": 6,
    "city": "Nairobi",
    "dates": [
      "2016-09-28"
    ],
    "event": {
      "match_number": 6,
      "name": "Kenya T20 Quadrangular Series"
    },
    "gender": "male",
    "match_type": "IT20",
    "missing": [
      "player_of_match"
    ],
    "officials": {
      "umpires": [
        "H Ochieng",
        "C Udoyi"
      ]
    },
    "outcome": {
      "by": {
        "runs": 36
      },
      "winner": "Saudi Arabia"
    },
    "overs": 20,
    "players": {
      "Qatar": [
        "Faisal Javed",
        "Kamran Khan",
        "Mohammad Rizlan",
        "Tamoor Sajjad",
        "Nouman Sarwar",
        "Imran Ashraf",
        "Mohammed Awais",
        "Mujeeb-ur-Rehman",
        "Dharmang Patel",
        "Iqbal Hussain",
        "Mohammed Nadeem"
      ],
      "Saudi Arabia": [
        "Abdul Waheed",
        "Hammad Saeed",
        "Muhammad Abbasi",
        "Afzal Saleem",
        "Muzaffar Mujeed",
        "Shoaib Ali",
        "Ibrarul Haq",
        "Mohsin Shabbir",
        "Roheel Shamus",
        "Imran Azam",
        "Waqas Akram"
      ]
    },
    "registry": {
      "people": {
        "Abdul Waheed": "23fa9ea9",
        "Afzal Saleem": "746fd7bf",
        "C Udoyi": "fdf9c85a",
        "Dharmang Patel": "643f2e6a",
        "Faisal Javed": "b0ef0346",
        "H Ochieng": "a6ea5758",
        "Hammad Saeed": "fcec4285",
        "Ibrarul Haq": "119007ef",
        "Imran Ashraf": "e95eb01b",
        "Imran Azam": "8a6602c4",
        "Iqbal Hussain": "b9fd3959",
        "Kamran Khan": "922e3dcc",
        "Mohammad Rizlan": "82afc034",
        "Mohammed Awais": "34b8b1b5",
        "Mohammed Nadeem": "856cbb1e",
        "Mohsin Shabbir": "941dfb84",
        "Muhammad Abbasi": "08f04bc3",
        "Mujeeb-ur-Rehman": "1a8f879b",
        "Muzaffar Mujeed": "382ca816",
        "Nouman Sarwar": "6adabee6",
        "Roheel Shamus": "5539605a",
        "Shoaib Ali": "f0e8d51a",
        "Tamoor Sajjad": "7bb926a7",
        "Waqas Akram": "e29e7278"
      }
    },
    "season": 2016,
    "team_type": "international",
    "teams": [
      "Qatar",
      "Saudi Arabia"
    ],
    "toss": {
      "decision": "field",
      "winner": "Qatar"
    },
    "venue": "Jaffery Sports Club Ground"
  },
  "innings": [
    {
      "team": "Saudi Arabia",
      "overs": [
        {
          "over": 0,
          "deliveries": [
            {
              "batter": "Abdul Waheed",
              "bowler": "Mohammed Awais",
              "non_striker": "Hammad Saeed",
              "runs": {
                "batter": 0,
                "extras": 0,
                "total": 0
              }
            },
            {
              "batter": "Abdul Waheed",
              "bowler": "Mohammed Awais",
              "non_striker": "Hammad Saeed",
              "runs": {
                "batter": 0,
                "extras": 0,
                "total": 0
              }
            },
            {
              "batter": "Abdul Waheed",
              "bowler": "Mohammed Awais",
              "non_striker": "Hammad Saeed",
              "runs": {
                "batter": 0,
                "extras": 0,
                "total": 0
              }
            },
            {
              "batter": "Abdul Waheed",
              "bowler": "Mohammed Awais",
              "non_striker": "Hammad Saeed",
              "runs": {
                "batter": 1,
                "extras": 0,
                "total": 1
              }
            },
            {
              "batter": "Hammad Saeed",
              "bowler": "Mohammed Awais",
              "non_striker": "Abdul Waheed",
              "runs": {
                "batter": 0,
                "extras": 0,
                "total": 0
              }
            },
            {
              "batter": "Hammad Saeed",
              "bowler": "Mohammed Awais",
              "non_striker": "Abdul Waheed",
              "runs": {
                "batter": 0,
                "extras": 0,
                "total": 0
              }
            }
          ]
        },
        {
          "over": 1,
          "deliveries": [
            {
              "batter": "Abdul Waheed",
              "bowler": "Mujeeb-ur-Rehman",
              "non_striker": "Hammad Saeed",
              "runs": {
                "batter": 1,
                "extras": 0,
                "total": 1
              }
            },
            {
              "batter": "Hammad Saeed",
              "bowler": "Mujeeb-ur-Rehman",
              "non_striker": "Abdul Waheed",
              "runs": {
                "batter": 0,
                "extras": 0,
                "total": 0
              }
            },
            {
              "batter": "Hammad Saeed",
              "bowler": "Mujeeb-ur-Rehman",
              "non_striker": "Abdul Waheed",
              "runs": {
                "batter": 0,
                "extras": 0,
                "total": 0
              }
            },
            {
              "batter": "Hammad Saeed",
              "bowler": "Mujeeb-ur-Rehman",
              "non_striker": "Abdul Waheed",
              "runs": {
                "batter": 1,
                "extras": 0,
                "total": 1
              }
            },
            {
              "batter": "Abdul Waheed",
              "bowler": "Mujeeb-ur-Rehman",
              "non_striker": "Hammad Saeed",
              "runs": {
                "batter": 6,
                "extras": 0,
                "total": 6
              }
            },
            {
              "batter": "Abdul Waheed",
              "bowler": "Mujeeb-ur-Rehman",
              "non_striker": "Hammad Saeed",
              "runs": {
                "batter": 4,
                "extras": 0,
                "total": 4
              }
            }
          ]
        },
        {
          "over": 2,
          "deliveries": [
            {
              "batter": "Hammad Saeed",
              "bowler": "Mohammed Awais",
              "non_striker": "Abdul Waheed",
              "runs": {
                "batter": 0,
                "extras": 0,
                "total": 0
              }
            },
            {
              "batter": "Hammad Saeed",
              "bowler": "Mohammed Awais",
              "non_striker": "Abdul Waheed",
              "runs": {
                "batter": 0,
                "extras": 0,
                "total": 0
              }
            },
            {
              "batter": "Hammad Saeed",
              "bowler": "Mohammed Awais",
              "non_striker": "Abdul Waheed",
              "runs": {
                "batter": 0,
                "extras": 0,
                "total": 0
              },
              "wickets": [
                {
                  "kind": "caught",
                  "player_out": "Hammad Saeed",
                  "fielders": [
                    {
                      "name": "Mujeeb-ur-Rehman"
                    }
                  ]
                }
              ]
            },
            {
              "batter": "Muhammad Abbasi",
              "bowler": "Mohammed Awais",
              "non_striker": "Abdul Waheed",
              "runs": {
                "batter": 1,
                "extras": 0,
                "total": 1
              }
            },
            {
              "batter": "Abdul Waheed",
              "bowler": "Mohammed Awais",
              "non_striker": "Muhammad Abbasi",
              "runs": {
                "batter": 6,
                "extras": 0,
                "total": 6
              }
            },
            {
              "batter": "Abdul Waheed",
              "bowler": "Mohammed Awais",
              "non_striker": "Muhammad Abbasi",
              "runs": {
                "batter": 0,
                "extras": 0,
                "total": 0
              }
            }
          ]
        },
        {
          "over": 3,
          "deliveries": [
            {
              "batter": "Muhammad Abbasi",
              "bowler": "Nouman Sarwar",
              "non_striker": "Abdul Waheed",
              "runs": {
                "batter": 1,
                "extras": 0,
                "total": 1
              }
            },
            {
              "batter": "Abdul Waheed",
              "bowler": "Nouman Sarwar",
              "non_striker": "Muhammad Abbasi",
              "runs": {
                "batter": 0,
                "extras": 0,
                "total": 0
              }
            },
            {
              "batter": "Abdul Waheed",
              "bowler": "Nouman Sarwar",
              "non_striker": "Muhammad Abbasi",
              "runs": {
                "batter": 1,
                "extras": 0,
                "total": 1
              }
            },
            {
              "batter": "Muhammad Abbasi",
              "bowler": "Nouman Sarwar",
              "non_striker": "Abdul Waheed",
              "runs": {
                "batter": 4,
                "extras": 0,
                "total": 4
              }
            },
            {
              "batter": "Muhammad Abbasi",
              "bowler": "Nouman Sarwar",
              "non_striker": "Abdul Waheed",
              "runs": {
                "batter": 1,
                "extras": 0,
                "total": 1
              }
            },
            {
              "batter": "Abdul Waheed",
              "bowler": "Nouman Sarwar",
              "non_striker": "Muhammad Abbasi",
              "runs": {
                "batter": 6,
                "extras": 0,
                "total": 6
              }
            }
          ]
        },
        {
          "over": 4,
          "deliveries": [
            {
              "batter": "Muhammad Abbasi",
              "bowler": "Mohammed Awais",
              "non_striker": "Abdul Waheed",
              "runs": {
                "batter": 0,
                "extras": 0,
                "total": 0
              }
            },
            {
              "batter": "Muhammad Abbasi",
              "bowler": "Mohammed Awais",
              "non_striker": "Abdul Waheed",
              "runs": {
                "batter": 0,
                "extras": 0,
                "total": 0
              }
            },
            {
              "batter": "Muhammad Abbasi",
              "bowler": "Mohammed Awais",
              "non_striker": "Abdul Waheed",
              "runs": {
                "batter": 1,
                "extras": 0,
                "total": 1
              }
            },
            {
              "batter": "Abdul Waheed",
              "bowler": "Mohammed Awais",
              "non_striker": "Muhammad Abbasi",
              "runs": {
                "batter": 0,
                "extras": 0,
                "total": 0
              }
            },
            {
              "batter": "Abdul Waheed",
              "bowler": "Mohammed Awais",
              "non_striker": "Muhammad Abbasi",
              "runs": {
                "batter": 0,
                "extras": 0,
                "total": 0
              },
              "wickets": [
                {
                  "kind": "bowled",
                  "player_out": "Abdul Waheed"
                }
              ]
            },
            {
              "batter": "Afzal Saleem",
              "bowler": "Mohammed Awais",
              "non_striker": "Muhammad Abbasi",
              "runs": {
                "batter": 0,
                "extras": 0,
                "total": 0
              }
            }
          ]
        },
        {
          "over": 5,
          "deliveries": [
            {
              "batter": "Muhammad Abbasi",
              "bowler": "Nouman Sarwar",
              "non_striker": "Afzal Saleem",
              "runs": {
                "batter": 0,
                "extras": 0,
                "total": 0
              }
            },
            {
              "batter": "Muhammad Abbasi",
              "bowler": "Nouman Sarwar",
              "non_striker": "Afzal Saleem",
              "runs": {
                "batter": 4,
                "extras": 0,
                "total": 4
              }
            },
            {
              "batter": "Muhammad Abbasi",
              "bowler": "Nouman Sarwar",
              "non_striker": "Afzal Saleem",
              "runs": {
                "batter": 4,
                "extras": 0,
                "total": 4
              }
            },
            {
              "batter": "Muhammad Abbasi",
              "bowler": "Nouman Sarwar",
              "non_striker": "Afzal Saleem",
              "runs": {
                "batter": 1,
                "extras": 0,
                "total": 1
              }
            },
            {
              "batter": "Afzal Saleem",
              "bowler": "Nouman Sarwar",
              "non_striker": "Muhammad Abbasi",
              "runs": {
                "batter": 0,
                "extras": 0,
                "total": 0
              }
            },
            {
              "batter": "Afzal Saleem",
              "bowler": "Nouman Sarwar",
              "non_striker": "Muhammad Abbasi",
              "runs": {
                "batter": 0,
                "extras": 0,
                "total": 0
              }
            }
          ]
        },
        {
          "over": 6,
          "deliveries": [
            {
              "batter": "Muhammad Abbasi",
              "bowler": "Mujeeb-ur-Rehman",
              "non_striker": "Afzal Saleem",
              "runs": {
                "batter": 0,
                "extras": 0,
                "total": 0
              }
            },
            {
              "batter": "Muhammad Abbasi",
              "bowler": "Mujeeb-ur-Rehman",
              "non_striker": "Afzal Saleem",
              "runs": {
                "batter": 0,
                "extras": 0,
                "total": 0
              }
            },
            {
              "batter": "Muhammad Abbasi",
              "bowler": "Mujeeb-ur-Rehman",
              "non_striker": "Afzal Saleem",
              "runs": {
                "batter": 0,
                "extras": 0,
                "total": 0
              }
            },
            {
              "batter": "Muhammad Abbasi",
              "bowler": "Mujeeb-ur-Rehman",
              "non_striker": "Afzal Saleem",
              "runs": {
                "batter": 0,
                "extras": 0,
                "total": 0
              },
              "wickets": [
                {
                  "kind": "caught",
                  "player_out": "Muhammad Abbasi",
                  "fielders": [
                    {
                      "name": "Mohammed Nadeem"
                    }
                  ]
                }
              ]
            },
            {
              "batter": "Muzaffar Mujeed",
              "bowler": "Mujeeb-ur-Rehman",
              "non_striker": "Afzal Saleem",
              "runs": {
                "batter": 0,
                "extras": 0,
                "total": 0
              }
            },
            {
              "batter": "Muzaffar Mujeed",
              "bowler": "Mujeeb-ur-Rehman",
              "non_striker": "Afzal Saleem",
              "runs": {
                "batter": 0,
                "extras": 0,
                "total": 0
              }
            }
          ]
        },
        {
          "over": 7,
          "deliveries": [
            {
              "batter": "Afzal Saleem",
              "bowler": "Iqbal Hussain",
              "non_striker": "Muzaffar Mujeed",
              "runs": {
                "batter": 1,
                "extras": 0,
                "total": 1
              }
            },
            {
              "batter": "Muzaffar Mujeed",
              "bowler": "Iqbal Hussain",
              "non_striker": "Afzal Saleem",
              "runs": {
                "batter": 1,
                "extras": 0,
                "total": 1
              }
            },
            {
              "batter": "Afzal Saleem",
              "bowler": "Iqbal Hussain",
              "non_striker": "Muzaffar Mujeed",
              "runs": {
                "batter": 4,
                "extras": 0,
                "total": 4
              }
            },
            {
              "batter": "Afzal Saleem",
              "bowler": "Iqbal Hussain",
              "non_striker": "Muzaffar Mujeed",
              "runs": {
                "batter": 1,
                "extras": 0,
                "total": 1
              }
            },
            {
              "batter": "Muzaffar Mujeed",
              "bowler": "Iqbal Hussain",
              "non_striker": "Afzal Saleem",
              "runs": {
                "batter": 1,
                "extras": 0,
                "total": 1
              }
            },
            {
              "batter": "Afzal Saleem",
              "bowler": "Iqbal Hussain",
              "non_striker": "Muzaffar Mujeed",
              "runs": {
                "batter": 1,
                "extras": 0,
                "total": 1
              }
            }
          ]
        },
        {
          "over": 8,
          "deliveries": [
            {
              "batter": "Afzal Saleem",
              "bowler": "Mujeeb-ur-Rehman",
              "non_striker": "Muzaffar Mujeed",
              "runs": {
                "batter": 0,
                "extras": 0,
                "total": 0
              }
            },
            {
              "batter": "Afzal Saleem",
              "bowler": "Mujeeb-ur-Rehman",
              "non_striker": "Muzaffar Mujeed",
              "runs": {
                "batter": 1,
                "extras": 0,
                "total": 1
              }
            },
            {
              "batter": "Muzaffar Mujeed",
              "bowler": "Mujeeb-ur-Rehman",
              "non_striker": "Afzal Saleem",
              "runs": {
                "batter": 1,
                "extras": 0,
                "total": 1
              }
            },
            {
              "batter": "Afzal Saleem",
              "bowler": "Mujeeb-ur-Rehman",
              "non_striker": "Muzaffar Mujeed",
              "runs": {
                "batter": 0,
                "extras": 0,
                "total": 0
              }
            },
            {
              "batter": "Afzal Saleem",
              "bowler": "Mujeeb-ur-Rehman",
              "non_striker": "Muzaffar Mujeed",
              "runs": {
                "batter": 0,
                "extras": 0,
                "total": 0
              }
            },
            {
              "batter": "Afzal Saleem",
              "bowler": "Mujeeb-ur-Rehman",
              "non_striker": "Muzaffar Mujeed",
              "runs": {
                "batter": 4,
                "extras": 0,
                "total": 4
              }
            }
          ]
        },
        {
          "over": 9,
          "deliveries": [
            {
              "batter": "Muzaffar Mujeed",
              "bowler": "Mohammed Nadeem",
              "non_striker": "Afzal Saleem",
              "runs": {
                "batter": 4,
                "extras": 0,
                "total": 4
              }
            },
            {
              "batter": "Muzaffar Mujeed",
              "bowler": "Mohammed Nadeem",
              "non_striker": "Afzal Saleem",
              "runs": {
                "batter": 1,
                "extras": 0,
                "total": 1
              }
            },
            {
              "batter": "Afzal Saleem",
              "bowler": "Mohammed Nadeem",
              "non_striker": "Muzaffar Mujeed",
              "runs": {
                "batter": 1,
                "extras": 0,
                "total": 1
              }
            },
            {
              "batter": "Muzaffar Mujeed",
              "bowler": "Mohammed Nadeem",
              "non_striker": "Afzal Saleem",
              "runs": {
                "batter": 1,
                "extras": 0,
                "total": 1
              }
            },
            {
              "batter": "Afzal Saleem",
              "bowler": "Mohammed Nadeem",
              "non_striker": "Muzaffar Mujeed",
              "runs": {
                "batter": 2,
                "extras": 0,
                "total": 2
              }
            },
            {
              "batter": "Afzal Saleem",
              "bowler": "Mohammed Nadeem",
              "non_striker": "Muzaffar Mujeed",
              "runs": {
                "batter": 1,
                "extras": 0,
                "total": 1
              }
            }
          ]
        },
        {
          "over": 10,
          "deliveries": [
            {
              "batter": "Afzal Saleem",
              "bowler": "Mujeeb-ur-Rehman",
              "non_striker": "Muzaffar Mujeed",
              "runs": {
                "batter": 0,
                "extras": 0,
                "total": 0
              }
            },
            {
              "batter": "Afzal Saleem",
              "bowler": "Mujeeb-ur-Rehman",
              "non_striker": "Muzaffar Mujeed",
              "runs": {
                "batter": 1,
                "extras": 0,
                "total": 1
              }
            },
            {
              "batter": "Muzaffar Mujeed",
              "bowler": "Mujeeb-ur-Rehman",
              "non_striker": "Afzal Saleem",
              "runs": {
                "batter": 0,
                "extras": 0,
                "total": 0
              }
            },
            {
              "batter": "Muzaffar Mujeed",
              "bowler": "Mujeeb-ur-Rehman",
              "non_striker": "Afzal Saleem",
              "runs": {
                "batter": 0,
                "extras": 0,
                "total": 0
              }
            },
            {
              "batter": "Muzaffar Mujeed",
              "bowler": "Mujeeb-ur-Rehman",
              "non_striker": "Afzal Saleem",
              "runs": {
                "batter": 0,
                "extras": 0,
                "total": 0
              }
            },
            {
              "batter": "Muzaffar Mujeed",
              "bowler": "Mujeeb-ur-Rehman",
              "non_striker": "Afzal Saleem",
              "runs": {
                "batter": 6,
                "extras": 0,
                "total": 6
              }
            }
          ]
        },
        {
          "over": 11,
          "deliveries": [
            {
              "batter": "Afzal Saleem",
              "bowler": "Tamoor Sajjad",
              "non_striker": "Muzaffar Mujeed",
              "runs": {
                "batter": 1,
                "extras": 0,
                "total": 1
              }
            },
            {
              "batter": "Muzaffar Mujeed",
              "bowler": "Tamoor Sajjad",
              "non_striker": "Afzal Saleem",
              "runs": {
                "batter": 0,
                "extras": 0,
                "total": 0
              },
              "wickets": [
                {
                  "kind": "caught",
                  "player_out": "Muzaffar Mujeed",
                  "fielders": [
                    {
                      "name": "Mohammad Rizlan"
                    }
                  ]
                }
              ]
            },
            {
              "batter": "Shoaib Ali",
              "bowler": "Tamoor Sajjad",
              "non_striker": "Afzal Saleem",
              "runs": {
                "batter": 1,
                "extras": 0,
                "total": 1
              }
            },
            {
              "batter": "Afzal Saleem",
              "bowler": "Tamoor Sajjad",
              "non_striker": "Shoaib Ali",
              "runs": {
                "batter": 1,
                "extras": 0,
                "total": 1
              }
            },
            {
              "batter": "Shoaib Ali",
              "bowler": "Tamoor Sajjad",
              "non_striker": "Afzal Saleem",
              "runs": {
                "batter": 1,
                "extras": 0,
                "total": 1
              }
            },
            {
              "batter": "Afzal Saleem",
              "bowler": "Tamoor Sajjad",
              "non_striker": "Shoaib Ali",
              "runs": {
                "batter": 0,
                "extras": 0,
                "total": 0
              }
            }
          ]
        },
        {
          "over": 12,
          "deliveries": [
            {
              "batter": "Shoaib Ali",
              "bowler": "Mohammed Nadeem",
              "non_striker": "Afzal Saleem",
              "runs": {
                "batter": 1,
                "extras": 0,
                "total": 1
              }
            },
            {
              "batter": "Afzal Saleem",
              "bowler": "Mohammed Nadeem",
              "non_striker": "Shoaib Ali",
              "runs": {
                "batter": 0,
                "extras": 0,
                "total": 0
              }
            },
            {
              "batter": "Afzal Saleem",
              "bowler": "Mohammed Nadeem",
              "non_striker": "Shoaib Ali",
              "runs": {
                "batter": 1,
                "extras": 0,
                "total": 1
              }
            },
            {
              "batter": "Shoaib Ali",
              "bowler": "Mohammed Nadeem",
              "non_striker": "Afzal Saleem",
              "runs": {
                "batter": 0,
                "extras": 0,
                "total": 0
              }
            },
            {
              "batter": "Shoaib Ali",
              "bowler": "Mohammed Nadeem",
              "non_striker": "Afzal Saleem",
              "runs": {
                "batter": 1,
                "extras": 0,
                "total": 1
              }
            },
            {
              "batter": "Afzal Saleem",
              "bowler": "Mohammed Nadeem",
              "non_striker": "Shoaib Ali",
              "runs": {
                "batter": 4,
                "extras": 0,
                "total": 4
              }
            }
          ]
        },
        {
          "over": 13,
          "deliveries": [
            {
              "batter": "Shoaib Ali",
              "bowler": "Tamoor Sajjad",
              "non_striker": "Afzal Saleem",
              "runs": {
                "batter": 6,
                "extras": 0,
                "total": 6
              }
            },
            {
              "batter": "Shoaib Ali",
              "bowler": "Tamoor Sajjad",
              "non_striker": "Afzal Saleem",
              "runs": {
                "batter": 2,
                "extras": 0,
                "total": 2
              }
            },
            {
              "batter": "Shoaib Ali",
              "bowler": "Tamoor Sajjad",
              "non_striker": "Afzal Saleem",
              "runs": {
                "batter": 6,
                "extras": 0,
                "total": 6
              }
            },
            {
              "batter": "Shoaib Ali",
              "bowler": "Tamoor Sajjad",
              "non_striker": "Afzal Saleem",
              "runs": {
                "batter": 4,
                "extras": 0,
                "total": 4
              }
            },
            {
              "batter": "Shoaib Ali",
              "bowler": "Tamoor Sajjad",
              "non_striker": "Afzal Saleem",
              "runs": {
                "batter": 1,
                "extras": 0,
                "total": 1
              }
            },
            {
              "batter": "Afzal Saleem",
              "bowler": "Tamoor Sajjad",
              "non_striker": "Shoaib Ali",
              "runs": {
                "batter": 2,
                "extras": 0,
                "total": 2
              }
            }
          ]
        },
        {
          "over": 14,
          "deliveries": [
            {
              "batter": "Shoaib Ali",
              "bowler": "Mohammed Nadeem",
              "non_striker": "Afzal Saleem",
              "runs": {
                "batter": 6,
                "extras": 0,
                "total": 6
              }
            },
            {
              "batter": "Shoaib Ali",
              "bowler": "Mohammed Nadeem",
              "non_striker": "Afzal Saleem",
              "runs": {
                "batter": 6,
                "extras": 0,
                "total": 6
              }
            },
            {
              "batter": "Shoaib Ali",
              "bowler": "Mohammed Nadeem",
              "non_striker": "Afzal Saleem",
              "runs": {
                "batter": 6,
                "extras": 0,
                "total": 6
              }
            },
            {
              "batter": "Shoaib Ali",
              "bowler": "Mohammed Nadeem",
              "non_striker": "Afzal Saleem",
              "runs": {
                "batter": 6,
                "extras": 0,
                "total": 6
              }
            },
            {
              "batter": "Shoaib Ali",
              "bowler": "Mohammed Nadeem",
              "non_striker": "Afzal Saleem",
              "runs": {
                "batter": 0,
                "extras": 0,
                "total": 0
              }
            },
            {
              "batter": "Shoaib Ali",
              "bowler": "Mohammed Nadeem",
              "non_striker": "Afzal Saleem",
              "runs": {
                "batter": 1,
                "extras": 0,
                "total": 1
              }
            }
          ]
        },
        {
          "over": 15,
          "deliveries": [
            {
              "batter": "Shoaib Ali",
              "bowler": "Iqbal Hussain",
              "non_striker": "Afzal Saleem",
              "runs": {
                "batter": 6,
                "extras": 0,
                "total": 6
              }
            },
            {
              "batter": "Shoaib Ali",
              "bowler": "Iqbal Hussain",
              "non_striker": "Afzal Saleem",
              "runs": {
                "batter": 0,
                "extras": 0,
                "total": 0
              },
              "wickets": [
                {
                  "kind": "caught",
                  "player_out": "Shoaib Ali",
                  "fielders": [
                    {
                      "name": "Tamoor Sajjad"
                    }
                  ]
                }
              ]
            },
            {
              "batter": "Afzal Saleem",
              "bowler": "Iqbal Hussain",
              "non_striker": "Ibrarul Haq",
              "runs": {
                "batter": 1,
                "extras": 0,
                "total": 1
              }
            },
            {
              "batter": "Ibrarul Haq",
              "bowler": "Iqbal Hussain",
              "non_striker": "Afzal Saleem",
              "runs": {
                "batter": 0,
                "extras": 0,
                "total": 0
              }
            },
            {
              "batter": "Ibrarul Haq",
              "bowler": "Iqbal Hussain",
              "non_striker": "Afzal Saleem",
              "runs": {
                "batter": 1,
                "extras": 0,
                "total": 1
              }
            },
            {
              "batter": "Afzal Saleem",
              "bowler": "Iqbal Hussain",
              "non_striker": "Ibrarul Haq",
              "runs": {
                "batter": 1,
                "extras": 0,
                "total": 1
              }
            }
          ]
        },
        {
          "over": 16,
          "deliveries": [
            {
              "batter": "Afzal Saleem",
              "bowler": "Tamoor Sajjad",
              "non_striker": "Ibrarul Haq",
              "runs": {
                "batter": 4,
                "extras": 0,
                "total": 4
              }
            },
            {
              "batter": "Afzal Saleem",
              "bowler": "Tamoor Sajjad",
              "non_striker": "Ibrarul Haq",
              "runs": {
                "batter": 0,
                "extras": 0,
                "total": 0
              }
            },
            {
              "batter": "Afzal Saleem",
              "bowler": "Tamoor Sajjad",
              "non_striker": "Ibrarul Haq",
              "runs": {
                "batter": 6,
                "extras": 0,
                "total": 6
              }
            },
            {
              "batter": "Afzal Saleem",
              "bowler": "Tamoor Sajjad",
              "non_striker": "Ibrarul Haq",
              "runs": {
                "batter": 2,
                "extras": 0,
                "total": 2
              }
            },
            {
              "batter": "Afzal Saleem",
              "bowler": "Tamoor Sajjad",
              "non_striker": "Ibrarul Haq",
              "runs": {
                "batter": 1,
                "extras": 0,
                "total": 1
              }
            },
            {
              "batter": "Ibrarul Haq",
              "bowler": "Tamoor Sajjad",
              "non_striker": "Afzal Saleem",
              "runs": {
                "batter": 0,
                "extras": 0,
                "total": 0
              },
              "wickets": [
                {
                  "kind": "caught",
                  "player_out": "Ibrarul Haq",
                  "fielders": [
                    {
                      "name": "Iqbal Hussain"
                    }
                  ]
                }
              ]
            }
          ]
        },
        {
          "over": 17,
          "deliveries": [
            {
              "batter": "Afzal Saleem",
              "bowler": "Iqbal Hussain",
              "non_striker": "Mohsin Shabbir",
              "runs": {
                "batter": 1,
                "extras": 0,
                "total": 1
              }
            },
            {
              "batter": "Mohsin Shabbir",
              "bowler": "Iqbal Hussain",
              "non_striker": "Afzal Saleem",
              "runs": {
                "batter": 2,
                "extras": 0,
                "total": 2
              }
            },
            {
              "batter": "Mohsin Shabbir",
              "bowler": "Iqbal Hussain",
              "non_striker": "Afzal Saleem",
              "runs": {
                "batter": 1,
                "extras": 0,
                "total": 1
              }
            },
            {
              "batter": "Afzal Saleem",
              "bowler": "Iqbal Hussain",
              "non_striker": "Mohsin Shabbir",
              "runs": {
                "batter": 0,
                "extras": 0,
                "total": 0
              }
            },
            {
              "batter": "Afzal Saleem",
              "bowler": "Iqbal Hussain",
              "non_striker": "Mohsin Shabbir",
              "runs": {
                "batter": 4,
                "extras": 0,
                "total": 4
              }
            },
            {
              "batter": "Afzal Saleem",
              "bowler": "Iqbal Hussain",
              "non_striker": "Mohsin Shabbir",
              "runs": {
                "batter": 1,
                "extras": 0,
                "total": 1
              }
            }
          ]
        },
        {
          "over": 18,
          "deliveries": [
            {
              "batter": "Afzal Saleem",
              "bowler": "Mohammed Awais",
              "non_striker": "Mohsin Shabbir",
              "runs": {
                "batter": 0,
                "extras": 0,
                "total": 0
              }
            },
            {
              "batter": "Afzal Saleem",
              "bowler": "Mohammed Awais",
              "extras": {
                "wides": 1
              },
              "non_striker": "Mohsin Shabbir",
              "runs": {
                "batter": 0,
                "extras": 1,
                "total": 1
              }
            },
            {
              "batter": "Afzal Saleem",
              "bowler": "Mohammed Awais",
              "non_striker": "Mohsin Shabbir",
              "runs": {
                "batter": 1,
                "extras": 0,
                "total": 1
              }
            },
            {
              "batter": "Mohsin Shabbir",
              "bowler": "Mohammed Awais",
              "non_striker": "Afzal Saleem",
              "runs": {
                "batter": 1,
                "extras": 0,
                "total": 1
              }
            },
            {
              "batter": "Afzal Saleem",
              "bowler": "Mohammed Awais",
              "non_striker": "Mohsin Shabbir",
              "runs": {
                "batter": 2,
                "extras": 0,
                "total": 2
              }
            },
            {
              "batter": "Afzal Saleem",
              "bowler": "Mohammed Awais",
              "non_striker": "Mohsin Shabbir",
              "runs": {
                "batter": 1,
                "extras": 0,
                "total": 1
              }
            },
            {
              "batter": "Mohsin Shabbir",
              "bowler": "Mohammed Awais",
              "non_striker": "Afzal Saleem",
              "runs": {
                "batter": 1,
                "extras": 0,
                "total": 1
              }
            }
          ]
        },
        {
          "over": 19,
          "deliveries": [
            {
              "batter": "Mohsin Shabbir",
              "bowler": "Iqbal Hussain",
              "non_striker": "Afzal Saleem",
              "runs": {
                "batter": 0,
                "extras": 0,
                "total": 0
              }
            },
            {
              "batter": "Mohsin Shabbir",
              "bowler": "Iqbal Hussain",
              "non_striker": "Afzal Saleem",
              "runs": {
                "batter": 0,
                "extras": 0,
                "total": 0
              }
            },
            {
              "batter": "Mohsin Shabbir",
              "bowler": "Iqbal Hussain",
              "non_striker": "Afzal Saleem",
              "runs": {
                "batter": 1,
                "extras": 0,
                "total": 1
              }
            },
            {
              "batter": "Afzal Saleem",
              "bowler": "Iqbal Hussain",
              "non_striker": "Mohsin Shabbir",
              "runs": {
                "batter": 1,
                "extras": 0,
                "total": 1
              }
            },
            {
              "batter": "Mohsin Shabbir",
              "bowler": "Iqbal Hussain",
              "non_striker": "Afzal Saleem",
              "runs": {
                "batter": 1,
                "extras": 0,
                "total": 1
              }
            },
            {
              "batter": "Afzal Saleem",
              "bowler": "Iqbal Hussain",
              "non_striker": "Mohsin Shabbir",
              "runs": {
                "batter": 2,
                "extras": 0,
                "total": 2
              }
            }
          ]
        }
      ],
      "powerplays": [
        {
          "from": 0.1,
          "to": 5.6,
          "type": "mandatory"
        }
      ]
    },
    {
      "team": "Qatar",
      "overs": [
        {
          "over": 0,
          "deliveries": [
            {
              "batter": "Faisal Javed",
              "bowler": "Ibrarul Haq",
              "non_striker": "Kamran Khan",
              "runs": {
                "batter": 1,
                "extras": 0,
                "total": 1
              }
            },
            {
              "batter": "Kamran Khan",
              "bowler": "Ibrarul Haq",
              "extras": {
                "wides": 1
              },
              "non_striker": "Faisal Javed",
              "runs": {
                "batter": 0,
                "extras": 1,
                "total": 1
              }
            },
            {
              "batter": "Kamran Khan",
              "bowler": "Ibrarul Haq",
              "non_striker": "Faisal Javed",
              "runs": {
                "batter": 1,
                "extras": 0,
                "total": 1
              }
            },
            {
              "batter": "Faisal Javed",
              "bowler": "Ibrarul Haq",
              "non_striker": "Kamran Khan",
              "runs": {
                "batter": 6,
                "extras": 0,
                "total": 6
              }
            },
            {
              "batter": "Faisal Javed",
              "bowler": "Ibrarul Haq",
              "non_striker": "Kamran Khan",
              "runs": {
                "batter": 0,
                "extras": 0,
                "total": 0
              }
            },
            {
              "batter": "Faisal Javed",
              "bowler": "Ibrarul Haq",
              "non_striker": "Kamran Khan",
              "runs": {
                "batter": 4,
                "extras": 0,
                "total": 4
              }
            },
            {
              "batter": "Faisal Javed",
              "bowler": "Ibrarul Haq",
              "non_striker": "Kamran Khan",
              "runs": {
                "batter": 0,
                "extras": 0,
                "total": 0
              }
            }
          ]
        },
        {
          "over": 1,
          "deliveries": [
            {
              "batter": "Kamran Khan",
              "bowler": "Muhammad Abbasi",
              "non_striker": "Faisal Javed",
              "runs": {
                "batter": 1,
                "extras": 0,
                "total": 1
              }
            },
            {
              "batter": "Faisal Javed",
              "bowler": "Muhammad Abbasi",
              "non_striker": "Kamran Khan",
              "runs": {
                "batter": 4,
                "extras": 0,
                "total": 4
              }
            },
            {
              "batter": "Faisal Javed",
              "bowler": "Muhammad Abbasi",
              "non_striker": "Kamran Khan",
              "runs": {
                "batter": 4,
                "extras": 0,
                "total": 4
              }
            },
            {
              "batter": "Faisal Javed",
              "bowler": "Muhammad Abbasi",
              "extras": {
                "legbyes": 1
              },
              "non_striker": "Kamran Khan",
              "runs": {
                "batter": 0,
                "extras": 1,
                "total": 1
              }
            },
            {
              "batter": "Kamran Khan",
              "bowler": "Muhammad Abbasi",
              "non_striker": "Faisal Javed",
              "runs": {
                "batter": 0,
                "extras": 0,
                "total": 0
              },
              "wickets": [
                {
                  "kind": "caught",
                  "player_out": "Kamran Khan",
                  "fielders": [
                    {
                      "name": "Afzal Saleem"
                    }
                  ]
                }
              ]
            },
            {
              "batter": "Faisal Javed",
              "bowler": "Muhammad Abbasi",
              "non_striker": "Mohammad Rizlan",
              "runs": {
                "batter": 4,
                "extras": 0,
                "total": 4
              }
            }
          ]
        },
        {
          "over": 2,
          "deliveries": [
            {
              "batter": "Mohammad Rizlan",
              "bowler": "Ibrarul Haq",
              "non_striker": "Faisal Javed",
              "runs": {
                "batter": 1,
                "extras": 0,
                "total": 1
              }
            },
            {
              "batter": "Faisal Javed",
              "bowler": "Ibrarul Haq",
              "non_striker": "Mohammad Rizlan",
              "runs": {
                "batter": 4,
                "extras": 0,
                "total": 4
              }
            },
            {
              "batter": "Faisal Javed",
              "bowler": "Ibrarul Haq",
              "non_striker": "Mohammad Rizlan",
              "runs": {
                "batter": 4,
                "extras": 0,
                "total": 4
              }
            },
            {
              "batter": "Faisal Javed",
              "bowler": "Ibrarul Haq",
              "non_striker": "Mohammad Rizlan",
              "runs": {
                "batter": 4,
                "extras": 0,
                "total": 4
              }
            },
            {
              "batter": "Faisal Javed",
              "bowler": "Ibrarul Haq",
              "non_striker": "Mohammad Rizlan",
              "runs": {
                "batter": 0,
                "extras": 0,
                "total": 0
              },
              "wickets": [
                {
                  "kind": "caught",
                  "player_out": "Faisal Javed",
                  "fielders": [
                    {
                      "name": "Abdul Waheed"
                    }
                  ]
                }
              ]
            },
            {
              "batter": "Mohammad Rizlan",
              "bowler": "Ibrarul Haq",
              "non_striker": "Tamoor Sajjad",
              "runs": {
                "batter": 0,
                "extras": 0,
                "total": 0
              }
            }
          ]
        },
        {
          "over": 3,
          "deliveries": [
            {
              "batter": "Tamoor Sajjad",
              "bowler": "Muhammad Abbasi",
              "non_striker": "Mohammad Rizlan",
              "runs": {
                "batter": 0,
                "extras": 0,
                "total": 0
              }
            },
            {
              "batter": "Tamoor Sajjad",
              "bowler": "Muhammad Abbasi",
              "non_striker": "Mohammad Rizlan",
              "runs": {
                "batter": 2,
                "extras": 0,
                "total": 2
              }
            },
            {
              "batter": "Tamoor Sajjad",
              "bowler": "Muhammad Abbasi",
              "extras": {
                "wides": 1
              },
              "non_striker": "Mohammad Rizlan",
              "runs": {
                "batter": 0,
                "extras": 1,
                "total": 1
              }
            },
            {
              "batter": "Tamoor Sajjad",
              "bowler": "Muhammad Abbasi",
              "non_striker": "Mohammad Rizlan",
              "runs": {
                "batter": 1,
                "extras": 0,
                "total": 1
              }
            },
            {
              "batter": "Mohammad Rizlan",
              "bowler": "Muhammad Abbasi",
              "non_striker": "Tamoor Sajjad",
              "runs": {
                "batter": 0,
                "extras": 0,
                "total": 0
              },
              "wickets": [
                {
                  "kind": "caught",
                  "player_out": "Mohammad Rizlan",
                  "fielders": [
                    {
                      "name": "Waqas Akram"
                    }
                  ]
                }
              ]
            },
            {
              "batter": "Nouman Sarwar",
              "bowler": "Muhammad Abbasi",
              "non_striker": "Tamoor Sajjad",
              "runs": {
                "batter": 0,
                "extras": 0,
                "total": 0
              }
            },
            {
              "batter": "Nouman Sarwar",
              "bowler": "Muhammad Abbasi",
              "non_striker": "Tamoor Sajjad",
              "runs": {
                "batter": 0,
                "extras": 0,
                "total": 0
              }
            }
          ]
        },
        {
          "over": 4,
          "deliveries": [
            {
              "batter": "Tamoor Sajjad",
              "bowler": "Ibrarul Haq",
              "non_striker": "Nouman Sarwar",
              "runs": {
                "batter": 0,
                "extras": 0,
                "total": 0
              }
            },
            {
              "batter": "Tamoor Sajjad",
              "bowler": "Ibrarul Haq",
              "non_striker": "Nouman Sarwar",
              "runs": {
                "batter": 0,
                "extras": 0,
                "total": 0
              }
            },
            {
              "batter": "Tamoor Sajjad",
              "bowler": "Ibrarul Haq",
              "non_striker": "Nouman Sarwar",
              "runs": {
                "batter": 1,
                "extras": 0,
                "total": 1
              }
            },
            {
              "batter": "Nouman Sarwar",
              "bowler": "Ibrarul Haq",
              "non_striker": "Tamoor Sajjad",
              "runs": {
                "batter": 1,
                "extras": 0,
                "total": 1
              }
            },
            {
              "batter": "Tamoor Sajjad",
              "bowler": "Ibrarul Haq",
              "non_striker": "Nouman Sarwar",
              "runs": {
                "batter": 4,
                "extras": 0,
                "total": 4
              }
            },
            {
              "batter": "Tamoor Sajjad",
              "bowler": "Ibrarul Haq",
              "non_striker": "Nouman Sarwar",
              "runs": {
                "batter": 1,
                "extras": 0,
                "total": 1
              }
            }
          ]
        },
        {
          "over": 5,
          "deliveries": [
            {
              "batter": "Tamoor Sajjad",
              "bowler": "Muhammad Abbasi",
              "non_striker": "Nouman Sarwar",
              "runs": {
                "batter": 0,
                "extras": 0,
                "total": 0
              }
            },
            {
              "batter": "Tamoor Sajjad",
              "bowler": "Muhammad Abbasi",
              "non_striker": "Nouman Sarwar",
              "runs": {
                "batter": 0,
                "extras": 0,
                "total": 0
              }
            },
            {
              "batter": "Tamoor Sajjad",
              "bowler": "Muhammad Abbasi",
              "non_striker": "Nouman Sarwar",
              "runs": {
                "batter": 1,
                "extras": 0,
                "total": 1
              }
            },
            {
              "batter": "Nouman Sarwar",
              "bowler": "Muhammad Abbasi",
              "non_striker": "Tamoor Sajjad",
              "runs": {
                "batter": 0,
                "extras": 0,
                "total": 0
              }
            },
            {
              "batter": "Nouman Sarwar",
              "bowler": "Muhammad Abbasi",
              "non_striker": "Tamoor Sajjad",
              "runs": {
                "batter": 0,
                "extras": 0,
                "total": 0
              }
            },
            {
              "batter": "Nouman Sarwar",
              "bowler": "Muhammad Abbasi",
              "non_striker": "Tamoor Sajjad",
              "runs": {
                "batter": 1,
                "extras": 0,
                "total": 1
              }
            }
          ]
        },
        {
          "over": 6,
          "deliveries": [
            {
              "batter": "Nouman Sarwar",
              "bowler": "Roheel Shamus",
              "non_striker": "Tamoor Sajjad",
              "runs": {
                "batter": 0,
                "extras": 0,
                "total": 0
              }
            },
            {
              "batter": "Nouman Sarwar",
              "bowler": "Roheel Shamus",
              "non_striker": "Tamoor Sajjad",
              "runs": {
                "batter": 0,
                "extras": 0,
                "total": 0
              }
            },
            {
              "batter": "Nouman Sarwar",
              "bowler": "Roheel Shamus",
              "non_striker": "Tamoor Sajjad",
              "runs": {
                "batter": 0,
                "extras": 0,
                "total": 0
              }
            },
            {
              "batter": "Nouman Sarwar",
              "bowler": "Roheel Shamus",
              "non_striker": "Tamoor Sajjad",
              "runs": {
                "batter": 0,
                "extras": 0,
                "total": 0
              }
            },
            {
              "batter": "Nouman Sarwar",
              "bowler": "Roheel Shamus",
              "non_striker": "Tamoor Sajjad",
              "runs": {
                "batter": 1,
                "extras": 0,
                "total": 1
              }
            },
            {
              "batter": "Tamoor Sajjad",
              "bowler": "Roheel Shamus",
              "non_striker": "Nouman Sarwar",
              "runs": {
                "batter": 2,
                "extras": 0,
                "total": 2
              }
            }
          ]
        },
        {
          "over": 7,
          "deliveries": [
            {
              "batter": "Nouman Sarwar",
              "bowler": "Waqas Akram",
              "non_striker": "Tamoor Sajjad",
              "runs": {
                "batter": 1,
                "extras": 0,
                "total": 1
              }
            },
            {
              "batter": "Tamoor Sajjad",
              "bowler": "Waqas Akram",
              "non_striker": "Nouman Sarwar",
              "runs": {
                "batter": 4,
                "extras": 0,
                "total": 4
              }
            },
            {
              "batter": "Tamoor Sajjad",
              "bowler": "Waqas Akram",
              "non_striker": "Nouman Sarwar",
              "runs": {
                "batter": 0,
                "extras": 0,
                "total": 0
              }
            },
            {
              "batter": "Tamoor Sajjad",
              "bowler": "Waqas Akram",
              "non_striker": "Nouman Sarwar",
              "runs": {
                "batter": 0,
                "extras": 0,
                "total": 0
              }
            },
            {
              "batter": "Tamoor Sajjad",
              "bowler": "Waqas Akram",
              "non_striker": "Nouman Sarwar",
              "runs": {
                "batter": 4,
                "extras": 0,
                "total": 4
              }
            },
            {
              "batter": "Tamoor Sajjad",
              "bowler": "Waqas Akram",
              "non_striker": "Nouman Sarwar",
              "runs": {
                "batter": 0,
                "extras": 0,
                "total": 0
              }
            }
          ]
        },
        {
          "over": 8,
          "deliveries": [
            {
              "batter": "Nouman Sarwar",
              "bowler": "Roheel Shamus",
              "non_striker": "Tamoor Sajjad",
              "runs": {
                "batter": 0,
                "extras": 0,
                "total": 0
              }
            },
            {
              "batter": "Nouman Sarwar",
              "bowler": "Roheel Shamus",
              "non_striker": "Tamoor Sajjad",
              "runs": {
                "batter": 2,
                "extras": 0,
                "total": 2
              }
            },
            {
              "batter": "Nouman Sarwar",
              "bowler": "Roheel Shamus",
              "non_striker": "Tamoor Sajjad",
              "runs": {
                "batter": 2,
                "extras": 0,
                "total": 2
              }
            },
            {
              "batter": "Nouman Sarwar",
              "bowler": "Roheel Shamus",
              "non_striker": "Tamoor Sajjad",
              "runs": {
                "batter": 0,
                "extras": 0,
                "total": 0
              }
            },
            {
              "batter": "Nouman Sarwar",
              "bowler": "Roheel Shamus",
              "non_striker": "Tamoor Sajjad",
              "runs": {
                "batter": 1,
                "extras": 0,
                "total": 1
              }
            },
            {
              "batter": "Tamoor Sajjad",
              "bowler": "Roheel Shamus",
              "non_striker": "Nouman Sarwar",
              "runs": {
                "batter": 1,
                "extras": 0,
                "total": 1
              }
            }
          ]
        },
        {
          "over": 9,
          "deliveries": [
            {
              "batter": "Tamoor Sajjad",
              "bowler": "Waqas Akram",
              "non_striker": "Nouman Sarwar",
              "runs": {
                "batter": 0,
                "extras": 0,
                "total": 0
              }
            },
            {
              "batter": "Tamoor Sajjad",
              "bowler": "Waqas Akram",
              "non_striker": "Nouman Sarwar",
              "runs": {
                "batter": 1,
                "extras": 0,
                "total": 1
              }
            },
            {
              "batter": "Nouman Sarwar",
              "bowler": "Waqas Akram",
              "non_striker": "Tamoor Sajjad",
              "runs": {
                "batter": 0,
                "extras": 0,
                "total": 0
              }
            },
            {
              "batter": "Nouman Sarwar",
              "bowler": "Waqas Akram",
              "non_striker": "Tamoor Sajjad",
              "runs": {
                "batter": 0,
                "extras": 0,
                "total": 0
              },
              "wickets": [
                {
                  "kind": "caught",
                  "player_out": "Nouman Sarwar",
                  "fielders": [
                    {
                      "name": "Muhammad Abbasi"
                    }
                  ]
                }
              ]
            },
            {
              "batter": "Imran Ashraf",
              "bowler": "Waqas Akram",
              "non_striker": "Tamoor Sajjad",
              "runs": {
                "batter": 0,
                "extras": 0,
                "total": 0
              }
            },
            {
              "batter": "Imran Ashraf",
              "bowler": "Waqas Akram",
              "non_striker": "Tamoor Sajjad",
              "runs": {
                "batter": 0,
                "extras": 0,
                "total": 0
              }
            }
          ]
        },
        {
          "over": 10,
          "deliveries": [
            {
              "batter": "Tamoor Sajjad",
              "bowler": "Roheel Shamus",
              "non_striker": "Imran Ashraf",
              "runs": {
                "batter": 2,
                "extras": 0,
                "total": 2
              }
            },
            {
              "batter": "Tamoor Sajjad",
              "bowler": "Roheel Shamus",
              "non_striker": "Imran Ashraf",
              "runs": {
                "batter": 1,
                "extras": 0,
                "total": 1
              }
            },
            {
              "batter": "Imran Ashraf",
              "bowler": "Roheel Shamus",
              "non_striker": "Tamoor Sajjad",
              "runs": {
                "batter": 0,
                "extras": 0,
                "total": 0
              }
            },
            {
              "batter": "Imran Ashraf",
              "bowler": "Roheel Shamus",
              "non_striker": "Tamoor Sajjad",
              "runs": {
                "batter": 0,
                "extras": 0,
                "total": 0
              },
              "wickets": [
                {
                  "kind": "caught",
                  "player_out": "Imran Ashraf",
                  "fielders": [
                    {
                      "name": "Afzal Saleem"
                    }
                  ]
                }
              ]
            },
            {
              "batter": "Tamoor Sajjad",
              "bowler": "Roheel Shamus",
              "non_striker": "Mohammed Awais",
              "runs": {
                "batter": 2,
                "extras": 0,
                "total": 2
              }
            },
            {
              "batter": "Tamoor Sajjad",
              "bowler": "Roheel Shamus",
              "non_striker": "Mohammed Awais",
              "runs": {
                "batter": 1,
                "extras": 0,
                "total": 1
              }
            }
          ]
        },
        {
          "over": 11,
          "deliveries": [
            {
              "batter": "Tamoor Sajjad",
              "bowler": "Waqas Akram",
              "non_striker": "Mohammed Awais",
              "runs": {
                "batter": 0,
                "extras": 0,
                "total": 0
              }
            },
            {
              "batter": "Tamoor Sajjad",
              "bowler": "Waqas Akram",
              "non_striker": "Mohammed Awais",
              "runs": {
                "batter": 1,
                "extras": 0,
                "total": 1
              }
            },
            {
              "batter": "Mohammed Awais",
              "bowler": "Waqas Akram",
              "non_striker": "Tamoor Sajjad",
              "runs": {
                "batter": 0,
                "extras": 0,
                "total": 0
              }
            },
            {
              "batter": "Mohammed Awais",
              "bowler": "Waqas Akram",
              "non_striker": "Tamoor Sajjad",
              "runs": {
                "batter": 0,
                "extras": 0,
                "total": 0
              }
            },
            {
              "batter": "Mohammed Awais",
              "bowler": "Waqas Akram",
              "non_striker": "Tamoor Sajjad",
              "runs": {
                "batter": 1,
                "extras": 0,
                "total": 1
              }
            },
            {
              "batter": "Tamoor Sajjad",
              "bowler": "Waqas Akram",
              "non_striker": "Mohammed Awais",
              "runs": {
                "batter": 0,
                "extras": 0,
                "total": 0
              }
            }
          ]
        },
        {
          "over": 12,
          "deliveries": [
            {
              "batter": "Mohammed Awais",
              "bowler": "Roheel Shamus",
              "non_striker": "Tamoor Sajjad",
              "runs": {
                "batter": 1,
                "extras": 0,
                "total": 1
              }
            },
            {
              "batter": "Tamoor Sajjad",
              "bowler": "Roheel Shamus",
              "non_striker": "Mohammed Awais",
              "runs": {
                "batter": 0,
                "extras": 0,
                "total": 0
              }
            },
            {
              "batter": "Tamoor Sajjad",
              "bowler": "Roheel Shamus",
              "non_striker": "Mohammed Awais",
              "runs": {
                "batter": 1,
                "extras": 0,
                "total": 1
              }
            },
            {
              "batter": "Mohammed Awais",
              "bowler": "Roheel Shamus",
              "non_striker": "Tamoor Sajjad",
              "runs": {
                "batter": 1,
                "extras": 0,
                "total": 1
              }
            },
            {
              "batter": "Tamoor Sajjad",
              "bowler": "Roheel Shamus",
              "non_striker": "Mohammed Awais",
              "runs": {
                "batter": 1,
                "extras": 0,
                "total": 1
              }
            },
            {
              "batter": "Mohammed Awais",
              "bowler": "Roheel Shamus",
              "non_striker": "Tamoor Sajjad",
              "runs": {
                "batter": 0,
                "extras": 0,
                "total": 0
              }
            }
          ]
        },
        {
          "over": 13,
          "deliveries": [
            {
              "batter": "Tamoor Sajjad",
              "bowler": "Waqas Akram",
              "non_striker": "Mohammed Awais",
              "runs": {
                "batter": 4,
                "extras": 0,
                "total": 4
              }
            },
            {
              "batter": "Tamoor Sajjad",
              "bowler": "Waqas Akram",
              "non_striker": "Mohammed Awais",
              "runs": {
                "batter": 0,
                "extras": 0,
                "total": 0
              }
            },
            {
              "batter": "Tamoor Sajjad",
              "bowler": "Waqas Akram",
              "non_striker": "Mohammed Awais",
              "runs": {
                "batter": 6,
                "extras": 0,
                "total": 6
              }
            },
            {
              "batter": "Tamoor Sajjad",
              "bowler": "Waqas Akram",
              "non_striker": "Mohammed Awais",
              "runs": {
                "batter": 2,
                "extras": 0,
                "total": 2
              }
            },
            {
              "batter": "Tamoor Sajjad",
              "bowler": "Waqas Akram",
              "non_striker": "Mohammed Awais",
              "runs": {
                "batter": 1,
                "extras": 0,
                "total": 1
              }
            },
            {
              "batter": "Mohammed Awais",
              "bowler": "Waqas Akram",
              "non_striker": "Tamoor Sajjad",
              "runs": {
                "batter": 1,
                "extras": 0,
                "total": 1
              }
            }
          ]
        },
        {
          "over": 14,
          "deliveries": [
            {
              "batter": "Mohammed Awais",
              "bowler": "Afzal Saleem",
              "non_striker": "Tamoor Sajjad",
              "runs": {
                "batter": 1,
                "extras": 0,
                "total": 1
              }
            },
            {
              "batter": "Tamoor Sajjad",
              "bowler": "Afzal Saleem",
              "non_striker": "Mohammed Awais",
              "runs": {
                "batter": 1,
                "extras": 0,
                "total": 1
              }
            },
            {
              "batter": "Mohammed Awais",
              "bowler": "Afzal Saleem",
              "non_striker": "Tamoor Sajjad",
              "runs": {
                "batter": 1,
                "extras": 0,
                "total": 1
              }
            },
            {
              "batter": "Tamoor Sajjad",
              "bowler": "Afzal Saleem",
              "non_striker": "Mohammed Awais",
              "runs": {
                "batter": 1,
                "extras": 0,
                "total": 1
              }
            },
            {
              "batter": "Mohammed Awais",
              "bowler": "Afzal Saleem",
              "non_striker": "Tamoor Sajjad",
              "runs": {
                "batter": 1,
                "extras": 0,
                "total": 1
              }
            },
            {
              "batter": "Tamoor Sajjad",
              "bowler": "Afzal Saleem",
              "non_striker": "Mohammed Awais",
              "runs": {
                "batter": 2,
                "extras": 0,
                "total": 2
              }
            }
          ]
        },
        {
          "over": 15,
          "deliveries": [
            {
              "batter": "Mohammed Awais",
              "bowler": "Shoaib Ali",
              "non_striker": "Tamoor Sajjad",
              "runs": {
                "batter": 1,
                "extras": 0,
                "total": 1
              }
            },
            {
              "batter": "Tamoor Sajjad",
              "bowler": "Shoaib Ali",
              "non_striker": "Mohammed Awais",
              "runs": {
                "batter": 0,
                "extras": 0,
                "total": 0
              }
            },
            {
              "batter": "Tamoor Sajjad",
              "bowler": "Shoaib Ali",
              "non_striker": "Mohammed Awais",
              "runs": {
                "batter": 0,
                "extras": 0,
                "total": 0
              }
            },
            {
              "batter": "Tamoor Sajjad",
              "bowler": "Shoaib Ali",
              "non_striker": "Mohammed Awais",
              "runs": {
                "batter": 2,
                "extras": 0,
                "total": 2
              }
            },
            {
              "batter": "Tamoor Sajjad",
              "bowler": "Shoaib Ali",
              "non_striker": "Mohammed Awais",
              "runs": {
                "batter": 0,
                "extras": 0,
                "total": 0
              }
            },
            {
              "batter": "Tamoor Sajjad",
              "bowler": "Shoaib Ali",
              "non_striker": "Mohammed Awais",
              "runs": {
                "batter": 1,
                "extras": 0,
                "total": 1
              }
            }
          ]
        },
        {
          "over": 16,
          "deliveries": [
            {
              "batter": "Tamoor Sajjad",
              "bowler": "Afzal Saleem",
              "non_striker": "Mohammed Awais",
              "runs": {
                "batter": 0,
                "extras": 0,
                "total": 0
              }
            },
            {
              "batter": "Tamoor Sajjad",
              "bowler": "Afzal Saleem",
              "non_striker": "Mohammed Awais",
              "runs": {
                "batter": 0,
                "extras": 0,
                "total": 0
              },
              "wickets": [
                {
                  "kind": "lbw",
                  "player_out": "Tamoor Sajjad"
                }
              ]
            },
            {
              "batter": "Mujeeb-ur-Rehman",
              "bowler": "Afzal Saleem",
              "non_striker": "Mohammed Awais",
              "runs": {
                "batter": 0,
                "extras": 0,
                "total": 0
              }
            },
            {
              "batter": "Mujeeb-ur-Rehman",
              "bowler": "Afzal Saleem",
              "non_striker": "Mohammed Awais",
              "runs": {
                "batter": 2,
                "extras": 0,
                "total": 2
              }
            },
            {
              "batter": "Mujeeb-ur-Rehman",
              "bowler": "Afzal Saleem",
              "non_striker": "Mohammed Awais",
              "runs": {
                "batter": 1,
                "extras": 0,
                "total": 1
              }
            },
            {
              "batter": "Mohammed Awais",
              "bowler": "Afzal Saleem",
              "non_striker": "Mujeeb-ur-Rehman",
              "runs": {
                "batter": 1,
                "extras": 0,
                "total": 1
              }
            }
          ]
        },
        {
          "over": 17,
          "deliveries": [
            {
              "batter": "Mohammed Awais",
              "bowler": "Shoaib Ali",
              "non_striker": "Mujeeb-ur-Rehman",
              "runs": {
                "batter": 0,
                "extras": 0,
                "total": 0
              },
              "wickets": [
                {
                  "kind": "caught",
                  "player_out": "Mohammed Awais",
                  "fielders": [
                    {
                      "name": "Muzaffar Mujeed"
                    }
                  ]
                }
              ]
            },
            {
              "batter": "Dharmang Patel",
              "bowler": "Shoaib Ali",
              "non_striker": "Mujeeb-ur-Rehman",
              "runs": {
                "batter": 1,
                "extras": 0,
                "total": 1
              }
            },
            {
              "batter": "Mujeeb-ur-Rehman",
              "bowler": "Shoaib Ali",
              "non_striker": "Dharmang Patel",
              "runs": {
                "batter": 6,
                "extras": 0,
                "total": 6
              }
            },
            {
              "batter": "Mujeeb-ur-Rehman",
              "bowler": "Shoaib Ali",
              "non_striker": "Dharmang Patel",
              "runs": {
                "batter": 1,
                "extras": 0,
                "total": 1
              }
            },
            {
              "batter": "Dharmang Patel",
              "bowler": "Shoaib Ali",
              "non_striker": "Mujeeb-ur-Rehman",
              "runs": {
                "batter": 4,
                "extras": 0,
                "total": 4
              }
            },
            {
              "batter": "Dharmang Patel",
              "bowler": "Shoaib Ali",
              "non_striker": "Mujeeb-ur-Rehman",
              "runs": {
                "batter": 1,
                "extras": 0,
                "total": 1
              }
            }
          ]
        },
        {
          "over": 18,
          "deliveries": [
            {
              "batter": "Dharmang Patel",
              "bowler": "Afzal Saleem",
              "non_striker": "Mujeeb-ur-Rehman",
              "runs": {
                "batter": 1,
                "extras": 0,
                "total": 1
              }
            },
            {
              "batter": "Mujeeb-ur-Rehman",
              "bowler": "Afzal Saleem",
              "non_striker": "Dharmang Patel",
              "runs": {
                "batter": 1,
                "extras": 0,
                "total": 1
              }
            },
            {
              "batter": "Dharmang Patel",
              "bowler": "Afzal Saleem",
              "non_striker": "Mujeeb-ur-Rehman",
              "runs": {
                "batter": 1,
                "extras": 0,
                "total": 1
              }
            },
            {
              "batter": "Mujeeb-ur-Rehman",
              "bowler": "Afzal Saleem",
              "non_striker": "Dharmang Patel",
              "runs": {
                "batter": 0,
                "extras": 0,
                "total": 0
              },
              "wickets": [
                {
                  "kind": "caught",
                  "player_out": "Mujeeb-ur-Rehman",
                  "fielders": [
                    {
                      "name": "Mohsin Shabbir"
                    }
                  ]
                }
              ]
            },
            {
              "batter": "Dharmang Patel",
              "bowler": "Afzal Saleem",
              "non_striker": "Iqbal Hussain",
              "runs": {
                "batter": 1,
                "extras": 0,
                "total": 1
              }
            },
            {
              "batter": "Iqbal Hussain",
              "bowler": "Afzal Saleem",
              "non_striker": "Dharmang Patel",
              "runs": {
                "batter": 4,
                "extras": 0,
                "total": 4
              }
            }
          ]
        },
        {
          "over": 19,
          "deliveries": [
            {
              "batter": "Dharmang Patel",
              "bowler": "Ibrarul Haq",
              "non_striker": "Iqbal Hussain",
              "runs": {
                "batter": 1,
                "extras": 0,
                "total": 1
              }
            },
            {
              "batter": "Iqbal Hussain",
              "bowler": "Ibrarul Haq",
              "non_striker": "Dharmang Patel",
              "runs": {
                "batter": 1,
                "extras": 0,
                "total": 1
              }
            },
            {
              "batter": "Dharmang Patel",
              "bowler": "Ibrarul Haq",
              "non_striker": "Iqbal Hussain",
              "runs": {
                "batter": 1,
                "extras": 0,
                "total": 1
              }
            },
            {
              "batter": "Iqbal Hussain",
              "bowler": "Ibrarul Haq",
              "non_striker": "Dharmang Patel",
              "runs": {
                "batter": 1,
                "extras": 0,
                "total": 1
              }
            },
            {
              "batter": "Dharmang Patel",
              "bowler": "Ibrarul Haq",
              "non_striker": "Iqbal Hussain",
              "runs": {
                "batter": 1,
                "extras": 0,
                "total": 1
              }
            },
            {
              "batter": "Iqbal Hussain",
              "bowler": "Ibrarul Haq",
              "non_striker": "Dharmang Patel",
              "runs": {
                "batter": 0,
                "extras": 0,
                "total": 0
              }
            }
          ]
        }
      ],
      "powerplays": [
        {
          "from": 0.1,
          "to": 5.6,
          "type": "mandatory"
        }
      ],
      "target": {
        "overs": 20,
        "runs": 176
      }
    }
  ]
}