{
  "meta": {
    "data_version": "1.0.0",
    "created": "2020-10-09",
    "revision": 4
  },
  "info": {
    "balls_per_over": 6,
    "city": "Windhoek",
    "dates": [
      "2017-09-12"
    ],
    "event": {
      "name": "ICC Women's World Twenty20 Qualifying Series Africa Region",
      "match_number": 8
    },
    "gender": "female",
    "match_type": "IT20",
    "officials": {
      "match_referees": [
        "DT Jukes"
      ],
      "reserve_umpires": [
        "F Ekalunga"
      ],
      "umpires": [
        "Emmanuel Byiringiro",
        "Patric Makumbi"
      ]
    },
    "outcome": {
      "winner": "Namibia",
      "by": {
        "wickets": 6
      }
    },
    "overs": 20,
    "player_of_match": [
      "SA Wittmann"
    ],
    "players": {
      "Tanzania": [
        "FO Kibasu",
        "M Pascal",
        "NJ Pius",
        "NN Saidi",
        "TS Omary",
        "HM Omary",
        "SH Mohamedi",
        "Zinaida Jeremiah",
        "A Mohamed",
        "NO Tindo",
        "PZ Kamunya"
      ],
      "Namibia": [
        "A van Schoor",
        "MP Enright",
        "SA Wittmann",
        "Yasmeen Khan",
        "I van Zyl",
        "H de Klerk",
        "D Dreyer",
        "D Foerster",
        "KA Green",
        "A van der Merwe",
        "W Els"
      ]
    },
    "registry": {
      "people": {
        "A van Schoor": "06209a4c",
        "A van der Merwe": "02610bad",
        "A Mohamed": "86a68879",
        "D Dreyer": "20fef1f3",
        "D Foerster": "5596d5bf",
        "DT Jukes": "7c215d14",
        "Emmanuel Byiringiro": "d89c27d1",
        "F Ekalunga": "b1c9d04c",
        "FO Kibasu": "1c726c76",
        "H de Klerk": "d2eb0b8c",
        "HM Omary": "2cbe5db1",
        "I van Zyl": "44c3cb6d",
        "KA Green": "fa9fdefa",
        "M Pascal": "729c5ab5",
        "MP Enright": "7a03f67d",
        "NJ Pius": "f4270fc7",
        "NN Saidi": "16610c7b",
        "NO Tindo": "7f8316e3",
        "PZ Kamunya": "6e60bbe2",
        "Patric Makumbi": "e4c69c16",
        "SA Wittmann": "531aef3b",
        "SH Mohamedi": "10ab6a37",
        "TS Omary": "88e90658",
        "W Els": "ad209cfe",
        "Yasmeen Khan": "ade5c0c0",
        "Zinaida Jeremiah": "967806a5"
      }
    },
    "season": "2017",
    "team_type": "international",
    "teams": [
      "Tanzania",
      "Namibia"
    ],
    "toss": {
      "decision": "bat",
      "winner": "Tanzania"
    },
    "venue": "Wanderers Cricket Ground"
  },
  "innings": [
    {
      "team": "Tanzania",
      "overs": [
        {
          "over": 0,
          "deliveries": [
            {
              "batter": "FO Kibasu",
              "bowler": "MP Enright",
              "extras": {
                "wides": 1
              },
              "non_striker": "M Pascal",
              "runs": {
                "batter": 0,
                "extras": 1,
                "total": 1
              }
            },
            {
              "batter": "FO Kibasu",
              "bowler": "MP Enright",
              "non_striker": "M Pascal",
              "runs": {
                "batter": 0,
                "extras": 0,
                "total": 0
              }
            },
            {
              "batter": "FO Kibasu",
              "bowler": "MP Enright",
              "non_striker": "M Pascal",
              "runs": {
                "batter": 0,
                "extras": 0,
                "total": 0
              }
            },
            {
              "batter": "FO Kibasu",
              "bowler": "MP Enright",
              "non_striker": "M Pascal",
              "runs": {
                "batter": 4,
                "extras": 0,
                "total": 4
              }
            },
            {
              "batter": "FO Kibasu",
              "bowler": "MP Enright",
              "non_striker": "M Pascal",
              "runs": {
                "batter": 1,
                "extras": 0,
                "total": 1
              }
            },
            {
              "batter": "M Pascal",
              "bowler": "MP Enright",
              "non_striker": "FO Kibasu",
              "runs": {
                "batter": 1,
                "extras": 0,
                "total": 1
              }
            },
            {
              "batter": "FO Kibasu",
              "bowler": "MP Enright",
              "extras": {
                "noballs": 1
              },
              "non_striker": "M Pascal",
              "runs": {
                "batter": 4,
                "extras": 1,
                "total": 5
              }
            },
            {
              "batter": "FO Kibasu",
              "bowler": "MP Enright",
              "non_striker": "M Pascal",
              "runs": {
                "batter": 4,
                "extras": 0,
                "total": 4
              }
            }
          ]
        },
        {
          "over": 1,
          "deliveries": [
            {
              "batter": "M Pascal",
              "bowler": "SA Wittmann",
              "non_striker": "FO Kibasu",
              "runs": {
                "batter": 0,
                "extras": 0,
                "total": 0
              }
            },
            {
              "batter": "M Pascal",
              "bowler": "SA Wittmann",
              "non_striker": "FO Kibasu",
              "runs": {
                "batter": 0,
                "extras": 0,
                "total": 0
              }
            },
            {
              "batter": "M Pascal",
              "bowler": "SA Wittmann",
              "non_striker": "FO Kibasu",
              "runs": {
                "batter": 1,
                "extras": 0,
                "total": 1
              }
            },
            {
              "batter": "FO Kibasu",
              "bowler": "SA Wittmann",
              "non_striker": "M Pascal",
              "runs": {
                "batter": 0,
                "extras": 0,
                "total": 0
              }
            },
            {
              "batter": "FO Kibasu",
              "bowler": "SA Wittmann",
              "non_striker": "M Pascal",
              "runs": {
                "batter": 1,
                "extras": 0,
                "total": 1
              }
            },
            {
              "batter": "M Pascal",
              "bowler": "SA Wittmann",
              "extras": {
                "wides": 1
              },
              "non_striker": "FO Kibasu",
              "runs": {
                "batter": 0,
                "extras": 1,
                "total": 1
              }
            },
            {
              "batter": "M Pascal",
              "bowler": "SA Wittmann",
              "non_striker": "FO Kibasu",
              "runs": {
                "batter": 0,
                "extras": 0,
                "total": 0
              }
            }
          ]
        },
        {
          "over": 2,
          "deliveries": [
            {
              "batter": "FO Kibasu",
              "bowler": "I van Zyl",
              "non_striker": "M Pascal",
              "runs": {
                "batter": 0,
                "extras": 0,
                "total": 0
              }
            },
            {
              "batter": "FO Kibasu",
              "bowler": "I van Zyl",
              "non_striker": "M Pascal",
              "runs": {
                "batter": 4,
                "extras": 0,
                "total": 4
              }
            },
            {
              "batter": "FO Kibasu",
              "bowler": "I van Zyl",
              "non_striker": "M Pascal",
              "runs": {
                "batter": 0,
                "extras": 0,
                "total": 0
              }
            },
            {
              "batter": "FO Kibasu",
              "bowler": "I van Zyl",
              "non_striker": "M Pascal",
              "runs": {
                "batter": 0,
                "extras": 0,
                "total": 0
              }
            },
            {
              "batter": "FO Kibasu",
              "bowler": "I van Zyl",
              "non_striker": "M Pascal",
              "runs": {
                "batter": 0,
                "extras": 0,
                "total": 0
              }
            },
            {
              "batter": "FO Kibasu",
              "bowler": "I van Zyl",
              "non_striker": "M Pascal",
              "runs": {
                "batter": 4,
                "extras": 0,
                "total": 4
              }
            }
          ]
        },
        {
          "over": 3,
          "deliveries": [
            {
              "batter": "M Pascal",
              "bowler": "SA Wittmann",
              "non_striker": "FO Kibasu",
              "runs": {
                "batter": 0,
                "extras": 0,
                "total": 0
              }
            },
            {
              "batter": "M Pascal",
              "bowler": "SA Wittmann",
              "non_striker": "FO Kibasu",
              "runs": {
                "batter": 1,
                "extras": 0,
                "total": 1
              }
            },
            {
              "batter": "FO Kibasu",
              "bowler": "SA Wittmann",
              "non_striker": "M Pascal",
              "runs": {
                "batter": 4,
                "extras": 0,
                "total": 4
              }
            },
            {
              "batter": "FO Kibasu",
              "bowler": "SA Wittmann",
              "non_striker": "M Pascal",
              "runs": {
                "batter": 1,
                "extras": 0,
                "total": 1
              }
            },
            {
              "batter": "M Pascal",
              "bowler": "SA Wittmann",
              "non_striker": "FO Kibasu",
              "runs": {
                "batter": 1,
                "extras": 0,
                "total": 1
              }
            },
            {
              "batter": "FO Kibasu",
              "bowler": "SA Wittmann",
              "non_striker": "M Pascal",
              "runs": {
                "batter": 0,
                "extras": 0,
                "total": 0
              },
              "wickets": [
                {
                  "player_out": "FO Kibasu",
                  "fielders": [
                    {
                      "name": "W Els"
                    }
                  ],
                  "kind": "caught"
                }
              ]
            }
          ]
        },
        {
          "over": 4,
          "deliveries": [
            {
              "batter": "M Pascal",
              "bowler": "A van Schoor",
              "non_striker": "NJ Pius",
              "runs": {
                "batter": 0,
                "extras": 0,
                "total": 0
              }
            },
            {
              "batter": "M Pascal",
              "bowler": "A van Schoor",
              "non_striker": "NJ Pius",
              "runs": {
                "batter": 0,
                "extras": 0,
                "total": 0
              }
            },
            {
              "batter": "M Pascal",
              "bowler": "A van Schoor",
              "non_striker": "NJ Pius",
              "runs": {
                "batter": 2,
                "extras": 0,
                "total": 2
              }
            },
            {
              "batter": "M Pascal",
              "bowler": "A van Schoor",
              "non_striker": "NJ Pius",
              "runs": {
                "batter": 0,
                "extras": 0,
                "total": 0
              }
            },
            {
              "batter": "M Pascal",
              "bowler": "A van Schoor",
              "non_striker": "NJ Pius",
              "runs": {
                "batter": 0,
                "extras": 0,
                "total": 0
              }
            },
            {
              "batter": "M Pascal",
              "bowler": "A van Schoor",
              "extras": {
                "byes": 2
              },
              "non_striker": "NJ Pius",
              "runs": {
                "batter": 0,
                "extras": 2,
                "total": 2
              }
            }
          ]
        },
        {
          "over": 5,
          "deliveries": [
            {
              "batter": "NJ Pius",
              "bowler": "H de Klerk",
              "non_striker": "M Pascal",
              "runs": {
                "batter": 0,
                "extras": 0,
                "total": 0
              }
            },
            {
              "batter": "NJ Pius",
              "bowler": "H de Klerk",
              "non_striker": "M Pascal",
              "runs": {
                "batter": 0,
                "extras": 0,
                "total": 0
              }
            },
            {
              "batter": "NJ Pius",
              "bowler": "H de Klerk",
              "extras": {
                "wides": 1
              },
              "non_striker": "M Pascal",
              "runs": {
                "batter": 0,
                "extras": 1,
                "total": 1
              }
            },
            {
              "batter": "NJ Pius",
              "bowler": "H de Klerk",
              "non_striker": "M Pascal",
              "runs": {
                "batter": 0,
                "extras": 0,
                "total": 0
              }
            },
            {
              "batter": "NJ Pius",
              "bowler": "H de Klerk",
              "non_striker": "M Pascal",
              "runs": {
                "batter": 0,
                "extras": 0,
                "total": 0
              }
            },
            {
              "batter": "NJ Pius",
              "bowler": "H de Klerk",
              "non_striker": "M Pascal",
              "runs": {
                "batter": 0,
                "extras": 0,
                "total": 0
              }
            },
            {
              "batter": "NJ Pius",
              "bowler": "H de Klerk",
              "extras": {
                "legbyes": 1
              },
              "non_striker": "M Pascal",
              "runs": {
                "batter": 0,
                "extras": 1,
                "total": 1
              }
            }
          ]
        },
        {
          "over": 6,
          "deliveries": [
            {
              "batter": "NJ Pius",
              "bowler": "A van Schoor",
              "non_striker": "M Pascal",
              "runs": {
                "batter": 1,
                "extras": 0,
                "total": 1
              }
            },
            {
              "batter": "M Pascal",
              "bowler": "A van Schoor",
              "non_striker": "NJ Pius",
              "runs": {
                "batter": 2,
                "extras": 0,
                "total": 2
              }
            },
            {
              "batter": "M Pascal",
              "bowler": "A van Schoor",
              "non_striker": "NJ Pius",
              "runs": {
                "batter": 0,
                "extras": 0,
                "total": 0
              }
            },
            {
              "batter": "M Pascal",
              "bowler": "A van Schoor",
              "non_striker": "NJ Pius",
              "runs": {
                "batter": 0,
                "extras": 0,
                "total": 0
              }
            },
            {
              "batter": "M Pascal",
              "bowler": "A van Schoor",
              "non_striker": "NJ Pius",
              "runs": {
                "batter": 1,
                "extras": 0,
                "total": 1
              }
            },
            {
              "batter": "NJ Pius",
              "bowler": "A van Schoor",
              "non_striker": "M Pascal",
              "runs": {
                "batter": 1,
                "extras": 0,
                "total": 1
              }
            }
          ]
        },
        {
          "over": 7,
          "deliveries": [
            {
              "batter": "NJ Pius",
              "bowler": "H de Klerk",
              "non_striker": "M Pascal",
              "runs": {
                "batter": 0,
                "extras": 0,
                "total": 0
              }
            },
            {
              "batter": "NJ Pius",
              "bowler": "H de Klerk",
              "non_striker": "M Pascal",
              "runs": {
                "batter": 0,
                "extras": 0,
                "total": 0
              }
            },
            {
              "batter": "NJ Pius",
              "bowler": "H de Klerk",
              "non_striker": "M Pascal",
              "runs": {
                "batter": 0,
                "extras": 0,
                "total": 0
              }
            },
            {
              "batter": "NJ Pius",
              "bowler": "H de Klerk",
              "non_striker": "M Pascal",
              "runs": {
                "batter": 0,
                "extras": 0,
                "total": 0
              }
            },
            {
              "batter": "NJ Pius",
              "bowler": "H de Klerk",
              "non_striker": "M Pascal",
              "runs": {
                "batter": 0,
                "extras": 0,
                "total": 0
              }
            },
            {
              "batter": "NJ Pius",
              "bowler": "H de Klerk",
              "non_striker": "M Pascal",
              "runs": {
                "batter": 0,
                "extras": 0,
                "total": 0
              }
            }
          ]
        },
        {
          "over": 8,
          "deliveries": [
            {
              "batter": "M Pascal",
              "bowler": "A van Schoor",
              "non_striker": "NJ Pius",
              "runs": {
                "batter": 0,
                "extras": 0,
                "total": 0
              }
            },
            {
              "batter": "M Pascal",
              "bowler": "A van Schoor",
              "non_striker": "NJ Pius",
              "runs": {
                "batter": 0,
                "extras": 0,
                "total": 0
              }
            },
            {
              "batter": "M Pascal",
              "bowler": "A van Schoor",
              "non_striker": "NJ Pius",
              "runs": {
                "batter": 0,
                "extras": 0,
                "total": 0
              }
            },
            {
              "batter": "M Pascal",
              "bowler": "A van Schoor",
              "non_striker": "NJ Pius",
              "runs": {
                "batter": 1,
                "extras": 0,
                "total": 1
              }
            },
            {
              "batter": "NJ Pius",
              "bowler": "A van Schoor",
              "extras": {
                "wides": 1
              },
              "non_striker": "M Pascal",
              "runs": {
                "batter": 0,
                "extras": 1,
                "total": 1
              }
            },
            {
              "batter": "NJ Pius",
              "bowler": "A van Schoor",
              "non_striker": "M Pascal",
              "runs": {
                "batter": 1,
                "extras": 0,
                "total": 1
              }
            },
            {
              "batter": "M Pascal",
              "bowler": "A van Schoor",
              "non_striker": "NJ Pius",
              "runs": {
                "batter": 0,
                "extras": 0,
                "total": 0
              }
            }
          ]
        },
        {
          "over": 9,
          "deliveries": [
            {
              "batter": "NJ Pius",
              "bowler": "KA Green",
              "non_striker": "M Pascal",
              "runs": {
                "batter": 1,
                "extras": 0,
                "total": 1
              }
            },
            {
              "batter": "M Pascal",
              "bowler": "KA Green",
              "non_striker": "NJ Pius",
              "runs": {
                "batter": 0,
                "extras": 0,
                "total": 0
              }
            },
            {
              "batter": "M Pascal",
              "bowler": "KA Green",
              "non_striker": "NJ Pius",
              "runs": {
                "batter": 0,
                "extras": 0,
                "total": 0
              }
            },
            {
              "batter": "M Pascal",
              "bowler": "KA Green",
              "non_striker": "NJ Pius",
              "runs": {
                "batter": 0,
                "extras": 0,
                "total": 0
              }
            },
            {
              "batter": "M Pascal",
              "bowler": "KA Green",
              "non_striker": "NJ Pius",
              "runs": {
                "batter": 0,
                "extras": 0,
                "total": 0
              }
            },
            {
              "batter": "M Pascal",
              "bowler": "KA Green",
              "non_striker": "NJ Pius",
              "runs": {
                "batter": 0,
                "extras": 0,
                "total": 0
              }
            }
          ]
        },
        {
          "over": 10,
          "deliveries": [
            {
              "batter": "NJ Pius",
              "bowler": "A van Schoor",
              "non_striker": "M Pascal",
              "runs": {
                "batter": 0,
                "extras": 0,
                "total": 0
              }
            },
            {
              "batter": "NJ Pius",
              "bowler": "A van Schoor",
              "non_striker": "M Pascal",
              "runs": {
                "batter": 0,
                "extras": 0,
                "total": 0
              }
            },
            {
              "batter": "NJ Pius",
              "bowler": "A van Schoor",
              "non_striker": "M Pascal",
              "runs": {
                "batter": 1,
                "extras": 0,
                "total": 1
              }
            },
            {
              "batter": "M Pascal",
              "bowler": "A van Schoor",
              "extras": {
                "wides": 1
              },
              "non_striker": "NJ Pius",
              "runs": {
                "batter": 0,
                "extras": 1,
                "total": 1
              }
            },
            {
              "batter": "M Pascal",
              "bowler": "A van Schoor",
              "non_striker": "NJ Pius",
              "runs": {
                "batter": 0,
                "extras": 0,
                "total": 0
              }
            },
            {
              "batter": "M Pascal",
              "bowler": "A van Schoor",
              "non_striker": "NJ Pius",
              "runs": {
                "batter": 0,
                "extras": 0,
                "total": 0
              }
            },
            {
              "batter": "M Pascal",
              "bowler": "A van Schoor",
              "non_striker": "NJ Pius",
              "runs": {
                "batter": 0,
                "extras": 0,
                "total": 0
              }
            }
          ]
        },
        {
          "over": 11,
          "deliveries": [
            {
              "batter": "NJ Pius",
              "bowler": "KA Green",
              "non_striker": "M Pascal",
              "runs": {
                "batter": 0,
                "extras": 0,
                "total": 0
              }
            },
            {
              "batter": "NJ Pius",
              "bowler": "KA Green",
              "non_striker": "M Pascal",
              "runs": {
                "batter": 1,
                "extras": 0,
                "total": 1
              }
            },
            {
              "batter": "M Pascal",
              "bowler": "KA Green",
              "non_striker": "NJ Pius",
              "runs": {
                "batter": 0,
                "extras": 0,
                "total": 0
              }
            },
            {
              "batter": "M Pascal",
              "bowler": "KA Green",
              "non_striker": "NJ Pius",
              "runs": {
                "batter": 0,
                "extras": 0,
                "total": 0
              }
            },
            {
              "batter": "M Pascal",
              "bowler": "KA Green",
              "extras": {
                "wides": 1
              },
              "non_striker": "NJ Pius",
              "runs": {
                "batter": 0,
                "extras": 1,
                "total": 1
              }
            },
            {
              "batter": "M Pascal",
              "bowler": "KA Green",
              "non_striker": "NJ Pius",
              "runs": {
                "batter": 1,
                "extras": 0,
                "total": 1
              }
            },
            {
              "batter": "NJ Pius",
              "bowler": "KA Green",
              "non_striker": "M Pascal",
              "runs": {
                "batter": 0,
                "extras": 0,
                "total": 0
              }
            }
          ]
        },
        {
          "over": 12,
          "deliveries": [
            {
              "batter": "M Pascal",
              "bowler": "MP Enright",
              "extras": {
                "legbyes": 1
              },
              "non_striker": "NJ Pius",
              "runs": {
                "batter": 0,
                "extras": 1,
                "total": 1
              }
            },
            {
              "batter": "NJ Pius",
              "bowler": "MP Enright",
              "extras": {
                "legbyes": 1
              },
              "non_striker": "M Pascal",
              "runs": {
                "batter": 0,
                "extras": 1,
                "total": 1
              }
            },
            {
              "batter": "M Pascal",
              "bowler": "MP Enright",
              "non_striker": "NJ Pius",
              "runs": {
                "batter": 1,
                "extras": 0,
                "total": 1
              }
            },
            {
              "batter": "NJ Pius",
              "bowler": "MP Enright",
              "extras": {
                "legbyes": 1
              },
              "non_striker": "M Pascal",
              "runs": {
                "batter": 0,
                "extras": 1,
                "total": 1
              }
            },
            {
              "batter": "M Pascal",
              "bowler": "MP Enright",
              "non_striker": "NJ Pius",
              "runs": {
                "batter": 1,
                "extras": 0,
                "total": 1
              }
            },
            {
              "batter": "NJ Pius",
              "bowler": "MP Enright",
              "non_striker": "M Pascal",
              "runs": {
                "batter": 1,
                "extras": 0,
                "total": 1
              }
            }
          ]
        },
        {
          "over": 13,
          "deliveries": [
            {
              "batter": "NJ Pius",
              "bowler": "KA Green",
              "extras": {
                "wides": 2
              },
              "non_striker": "M Pascal",
              "runs": {
                "batter": 0,
                "extras": 2,
                "total": 2
              }
            },
            {
              "batter": "M Pascal",
              "bowler": "KA Green",
              "non_striker": "NJ Pius",
              "runs": {
                "batter": 1,
                "extras": 0,
                "total": 1
              }
            },
            {
              "batter": "NJ Pius",
              "bowler": "KA Green",
              "non_striker": "M Pascal",
              "runs": {
                "batter": 1,
                "extras": 0,
                "total": 1
              }
            },
            {
              "batter": "M Pascal",
              "bowler": "KA Green",
              "non_striker": "NJ Pius",
              "runs": {
                "batter": 0,
                "extras": 0,
                "total": 0
              }
            },
            {
              "batter": "M Pascal",
              "bowler": "KA Green",
              "extras": {
                "wides": 3
              },
              "non_striker": "NJ Pius",
              "runs": {
                "batter": 0,
                "extras": 3,
                "total": 3
              }
            },
            {
              "batter": "M Pascal",
              "bowler": "KA Green",
              "non_striker": "NJ Pius",
              "runs": {
                "batter": 1,
                "extras": 0,
                "total": 1
              }
            },
            {
              "batter": "NJ Pius",
              "bowler": "KA Green",
              "non_striker": "M Pascal",
              "runs": {
                "batter": 0,
                "extras": 0,
                "total": 0
              }
            },
            {
              "batter": "NJ Pius",
              "bowler": "KA Green",
              "non_striker": "M Pascal",
              "runs": {
                "batter": 1,
                "extras": 0,
                "total": 1
              }
            }
          ]
        },
        {
          "over": 14,
          "deliveries": [
            {
              "batter": "NJ Pius",
              "bowler": "H de Klerk",
              "non_striker": "M Pascal",
              "runs": {
                "batter": 0,
                "extras": 0,
                "total": 0
              }
            },
            {
              "batter": "NJ Pius",
              "bowler": "H de Klerk",
              "non_striker": "M Pascal",
              "runs": {
                "batter": 0,
                "extras": 0,
                "total": 0
              }
            },
            {
              "batter": "NJ Pius",
              "bowler": "H de Klerk",
              "non_striker": "M Pascal",
              "runs": {
                "batter": 0,
                "extras": 0,
                "total": 0
              }
            },
            {
              "batter": "NJ Pius",
              "bowler": "H de Klerk",
              "extras": {
                "wides": 1
              },
              "non_striker": "M Pascal",
              "runs": {
                "batter": 0,
                "extras": 1,
                "total": 1
              }
            },
            {
              "batter": "NJ Pius",
              "bowler": "H de Klerk",
              "non_striker": "M Pascal",
              "runs": {
                "batter": 2,
                "extras": 0,
                "total": 2
              }
            },
            {
              "batter": "NJ Pius",
              "bowler": "H de Klerk",
              "non_striker": "M Pascal",
              "runs": {
                "batter": 1,
                "extras": 0,
                "total": 1
              }
            },
            {
              "batter": "M Pascal",
              "bowler": "H de Klerk",
              "non_striker": "NJ Pius",
              "runs": {
                "batter": 0,
                "extras": 0,
                "total": 0
              }
            }
          ]
        },
        {
          "over": 15,
          "deliveries": [
            {
              "batter": "NJ Pius",
              "bowler": "KA Green",
              "non_striker": "M Pascal",
              "runs": {
                "batter": 1,
                "extras": 0,
                "total": 1
              }
            },
            {
              "batter": "M Pascal",
              "bowler": "KA Green",
              "non_striker": "NJ Pius",
              "runs": {
                "batter": 4,
                "extras": 0,
                "total": 4
              }
            },
            {
              "batter": "M Pascal",
              "bowler": "KA Green",
              "non_striker": "NJ Pius",
              "runs": {
                "batter": 1,
                "extras": 0,
                "total": 1
              }
            },
            {
              "batter": "NJ Pius",
              "bowler": "KA Green",
              "extras": {
                "wides": 1
              },
              "non_striker": "M Pascal",
              "runs": {
                "batter": 0,
                "extras": 1,
                "total": 1
              }
            },
            {
              "batter": "NJ Pius",
              "bowler": "KA Green",
              "non_striker": "M Pascal",
              "runs": {
                "batter": 1,
                "extras": 0,
                "total": 1
              }
            },
            {
              "batter": "M Pascal",
              "bowler": "KA Green",
              "extras": {
                "wides": 1
              },
              "non_striker": "NJ Pius",
              "runs": {
                "batter": 0,
                "extras": 1,
                "total": 1
              }
            },
            {
              "batter": "M Pascal",
              "bowler": "KA Green",
              "non_striker": "NJ Pius",
              "runs": {
                "batter": 1,
                "extras": 0,
                "total": 1
              }
            },
            {
              "batter": "NJ Pius",
              "bowler": "KA Green",
              "non_striker": "M Pascal",
              "runs": {
                "batter": 0,
                "extras": 0,
                "total": 0
              }
            }
          ]
        },
        {
          "over": 16,
          "deliveries": [
            {
              "batter": "M Pascal",
              "bowler": "H de Klerk",
              "non_striker": "NJ Pius",
              "runs": {
                "batter": 1,
                "extras": 0,
                "total": 1
              }
            },
            {
              "batter": "NJ Pius",
              "bowler": "H de Klerk",
              "non_striker": "M Pascal",
              "runs": {
                "batter": 1,
                "extras": 0,
                "total": 1
              }
            },
            {
              "batter": "M Pascal",
              "bowler": "H de Klerk",
              "extras": {
                "byes": 1
              },
              "non_striker": "NJ Pius",
              "runs": {
                "batter": 0,
                "extras": 1,
                "total": 1
              }
            },
            {
              "batter": "NJ Pius",
              "bowler": "H de Klerk",
              "extras": {
                "wides": 2
              },
              "non_striker": "M Pascal",
              "runs": {
                "batter": 0,
                "extras": 2,
                "total": 2
              }
            },
            {
              "batter": "M Pascal",
              "bowler": "H de Klerk",
              "non_striker": "NJ Pius",
              "runs": {
                "batter": 1,
                "extras": 0,
                "total": 1
              }
            },
            {
              "batter": "NJ Pius",
              "bowler": "H de Klerk",
              "non_striker": "M Pascal",
              "runs": {
                "batter": 0,
                "extras": 0,
                "total": 0
              },
              "wickets": [
                {
                  "player_out": "NJ Pius",
                  "fielders": [
                    {
                      "name": "D Foerster"
                    }
                  ],
                  "kind": "caught"
                }
              ]
            },
            {
              "batter": "NN Saidi",
              "bowler": "H de Klerk",
              "non_striker": "M Pascal",
              "runs": {
                "batter": 0,
                "extras": 0,
                "total": 0
              },
              "wickets": [
                {
                  "player_out": "NN Saidi",
                  "kind": "bowled"
                }
              ]
            }
          ]
        },
        {
          "over": 17,
          "deliveries": [
            {
              "batter": "M Pascal",
              "bowler": "I van Zyl",
              "non_striker": "TS Omary",
              "runs": {
                "batter": 0,
                "extras": 0,
                "total": 0
              }
            },
            {
              "batter": "M Pascal",
              "bowler": "I van Zyl",
              "non_striker": "TS Omary",
              "runs": {
                "batter": 1,
                "extras": 0,
                "total": 1
              }
            },
            {
              "batter": "TS Omary",
              "bowler": "I van Zyl",
              "non_striker": "M Pascal",
              "runs": {
                "batter": 0,
                "extras": 0,
                "total": 0
              }
            },
            {
              "batter": "TS Omary",
              "bowler": "I van Zyl",
              "non_striker": "M Pascal",
              "runs": {
                "batter": 0,
                "extras": 0,
                "total": 0
              }
            },
            {
              "batter": "TS Omary",
              "bowler": "I van Zyl",
              "non_striker": "M Pascal",
              "runs": {
                "batter": 1,
                "extras": 0,
                "total": 1
              }
            },
            {
              "batter": "M Pascal",
              "bowler": "I van Zyl",
              "non_striker": "TS Omary",
              "runs": {
                "batter": 0,
                "extras": 0,
                "total": 0
              }
            }
          ]
        },
        {
          "over": 18,
          "deliveries": [
            {
              "batter": "TS Omary",
              "bowler": "MP Enright",
              "non_striker": "M Pascal",
              "runs": {
                "batter": 1,
                "extras": 0,
                "total": 1
              }
            },
            {
              "batter": "M Pascal",
              "bowler": "MP Enright",
              "non_striker": "TS Omary",
              "runs": {
                "batter": 4,
                "extras": 0,
                "total": 4
              }
            },
            {
              "batter": "M Pascal",
              "bowler": "MP Enright",
              "non_striker": "TS Omary",
              "runs": {
                "batter": 0,
                "extras": 0,
                "total": 0
              }
            },
            {
              "batter": "M Pascal",
              "bowler": "MP Enright",
              "non_striker": "TS Omary",
              "runs": {
                "batter": 1,
                "extras": 0,
                "total": 1
              }
            },
            {
              "batter": "TS Omary",
              "bowler": "MP Enright",
              "non_striker": "M Pascal",
              "runs": {
                "batter": 2,
                "extras": 0,
                "total": 2
              }
            },
            {
              "batter": "TS Omary",
              "bowler": "MP Enright",
              "non_striker": "M Pascal",
              "runs": {
                "batter": 0,
                "extras": 0,
                "total": 0
              }
            }
          ]
        },
        {
          "over": 19,
          "deliveries": [
            {
              "batter": "M Pascal",
              "bowler": "I van Zyl",
              "non_striker": "TS Omary",
              "runs": {
                "batter": 1,
                "extras": 0,
                "total": 1
              }
            },
            {
              "batter": "TS Omary",
              "bowler": "I van Zyl",
              "non_striker": "M Pascal",
              "runs": {
                "batter": 0,
                "extras": 0,
                "total": 0
              }
            },
            {
              "batter": "TS Omary",
              "bowler": "I van Zyl",
              "non_striker": "M Pascal",
              "runs": {
                "batter": 2,
                "extras": 0,
                "total": 2
              }
            },
            {
              "batter": "TS Omary",
              "bowler": "I van Zyl",
              "non_striker": "M Pascal",
              "runs": {
                "batter": 0,
                "extras": 0,
                "total": 0
              },
              "wickets": [
                {
                  "player_out": "TS Omary",
                  "kind": "bowled"
                }
              ]
            },
            {
              "batter": "HM Omary",
              "bowler": "I van Zyl",
              "non_striker": "M Pascal",
              "runs": {
                "batter": 0,
                "extras": 0,
                "total": 0
              }
            },
            {
              "batter": "HM Omary",
              "bowler": "I van Zyl",
              "non_striker": "M Pascal",
              "runs": {
                "batter": 0,
                "extras": 0,
                "total": 0
              },
              "wickets": [
                {
                  "player_out": "HM Omary",
                  "kind": "bowled"
                }
              ]
            }
          ]
        }
      ],
      "powerplays": [
        {
          "from": 0.1,
          "to": 5.7,
          "type": "mandatory"
        }
      ]
    },
    {
      "team": "Namibia",
      "overs": [
        {
          "over": 0,
          "deliveries": [
            {
              "batter": "A van Schoor",
              "bowler": "PZ Kamunya",
              "non_striker": "MP Enright",
              "runs": {
                "batter": 2,
                "extras": 0,
                "total": 2
              }
            },
            {
              "batter": "A van Schoor",
              "bowler": "PZ Kamunya",
              "non_striker": "MP Enright",
              "runs": {
                "batter": 0,
                "extras": 0,
                "total": 0
              }
            },
            {
              "batter": "A van Schoor",
              "bowler": "PZ Kamunya",
              "non_striker": "MP Enright",
              "runs": {
                "batter": 4,
                "extras": 0,
                "total": 4
              }
            },
            {
              "batter": "A van Schoor",
              "bowler": "PZ Kamunya",
              "non_striker": "MP Enright",
              "runs": {
                "batter": 0,
                "extras": 0,
                "total": 0
              }
            },
            {
              "batter": "A van Schoor",
              "bowler": "PZ Kamunya",
              "non_striker": "MP Enright",
              "runs": {
                "batter": 0,
                "extras": 0,
                "total": 0
              }
            },
            {
              "batter": "A van Schoor",
              "bowler": "PZ Kamunya",
              "non_striker": "MP Enright",
              "runs": {
                "batter": 0,
                "extras": 0,
                "total": 0
              }
            }
          ]
        },
        {
          "over": 1,
          "deliveries": [
            {
              "batter": "MP Enright",
              "bowler": "TS Omary",
              "non_striker": "A van Schoor",
              "runs": {
                "batter": 1,
                "extras": 0,
                "total": 1
              }
            },
            {
              "batter": "A van Schoor",
              "bowler": "TS Omary",
              "non_striker": "MP Enright",
              "runs": {
                "batter": 0,
                "extras": 0,
                "total": 0
              }
            },
            {
              "batter": "A van Schoor",
              "bowler": "TS Omary",
              "non_striker": "MP Enright",
              "runs": {
                "batter": 1,
                "extras": 0,
                "total": 1
              }
            },
            {
              "batter": "MP Enright",
              "bowler": "TS Omary",
              "non_striker": "A van Schoor",
              "runs": {
                "batter": 0,
                "extras": 0,
                "total": 0
              }
            },
            {
              "batter": "MP Enright",
              "bowler": "TS Omary",
              "non_striker": "A van Schoor",
              "runs": {
                "batter": 0,
                "extras": 0,
                "total": 0
              }
            },
            {
              "batter": "MP Enright",
              "bowler": "TS Omary",
              "non_striker": "A van Schoor",
              "runs": {
                "batter": 4,
                "extras": 0,
                "total": 4
              }
            }
          ]
        },
        {
          "over": 2,
          "deliveries": [
            {
              "batter": "A van Schoor",
              "bowler": "FO Kibasu",
              "non_striker": "MP Enright",
              "runs": {
                "batter": 0,
                "extras": 0,
                "total": 0
              }
            },
            {
              "batter": "A van Schoor",
              "bowler": "FO Kibasu",
              "non_striker": "MP Enright",
              "runs": {
                "batter": 0,
                "extras": 0,
                "total": 0
              }
            },
            {
              "batter": "A van Schoor",
              "bowler": "FO Kibasu",
              "non_striker": "MP Enright",
              "runs": {
                "batter": 2,
                "extras": 0,
                "total": 2
              }
            },
            {
              "batter": "A van Schoor",
              "bowler": "FO Kibasu",
              "non_striker": "MP Enright",
              "runs": {
                "batter": 0,
                "extras": 0,
                "total": 0
              }
            },
            {
              "batter": "A van Schoor",
              "bowler": "FO Kibasu",
              "non_striker": "MP Enright",
              "runs": {
                "batter": 4,
                "extras": 0,
                "total": 4
              }
            },
            {
              "batter": "A van Schoor",
              "bowler": "FO Kibasu",
              "non_striker": "MP Enright",
              "runs": {
                "batter": 0,
                "extras": 0,
                "total": 0
              },
              "wickets": [
                {
                  "player_out": "A van Schoor",
                  "kind": "run out"
                }
              ]
            }
          ]
        },
        {
          "over": 3,
          "deliveries": [
            {
              "batter": "SA Wittmann",
              "bowler": "Zinaida Jeremiah",
              "non_striker": "MP Enright",
              "runs": {
                "batter": 0,
                "extras": 0,
                "total": 0
              }
            },
            {
              "batter": "SA Wittmann",
              "bowler": "Zinaida Jeremiah",
              "non_striker": "MP Enright",
              "runs": {
                "batter": 4,
                "extras": 0,
                "total": 4
              }
            },
            {
              "batter": "SA Wittmann",
              "bowler": "Zinaida Jeremiah",
              "non_striker": "MP Enright",
              "runs": {
                "batter": 1,
                "extras": 0,
                "total": 1
              }
            },
            {
              "batter": "MP Enright",
              "bowler": "Zinaida Jeremiah",
              "non_striker": "SA Wittmann",
              "runs": {
                "batter": 0,
                "extras": 0,
                "total": 0
              }
            },
            {
              "batter": "MP Enright",
              "bowler": "Zinaida Jeremiah",
              "non_striker": "SA Wittmann",
              "runs": {
                "batter": 0,
                "extras": 0,
                "total": 0
              }
            },
            {
              "batter": "MP Enright",
              "bowler": "Zinaida Jeremiah",
              "non_striker": "SA Wittmann",
              "runs": {
                "batter": 1,
                "extras": 0,
                "total": 1
              }
            }
          ]
        },
        {
          "over": 4,
          "deliveries": [
            {
              "batter": "MP Enright",
              "bowler": "FO Kibasu",
              "non_striker": "SA Wittmann",
              "runs": {
                "batter": 1,
                "extras": 0,
                "total": 1
              }
            },
            {
              "batter": "SA Wittmann",
              "bowler": "FO Kibasu",
              "non_striker": "MP Enright",
              "runs": {
                "batter": 4,
                "extras": 0,
                "total": 4
              }
            },
            {
              "batter": "SA Wittmann",
              "bowler": "FO Kibasu",
              "non_striker": "MP Enright",
              "runs": {
                "batter": 0,
                "extras": 0,
                "total": 0
              }
            },
            {
              "batter": "SA Wittmann",
              "bowler": "FO Kibasu",
              "non_striker": "MP Enright",
              "runs": {
                "batter": 0,
                "extras": 0,
                "total": 0
              }
            },
            {
              "batter": "SA Wittmann",
              "bowler": "FO Kibasu",
              "non_striker": "MP Enright",
              "runs": {
                "batter": 4,
                "extras": 0,
                "total": 4
              }
            },
            {
              "batter": "SA Wittmann",
              "bowler": "FO Kibasu",
              "non_striker": "MP Enright",
              "runs": {
                "batter": 0,
                "extras": 0,
                "total": 0
              }
            }
          ]
        },
        {
          "over": 5,
          "deliveries": [
            {
              "batter": "MP Enright",
              "bowler": "Zinaida Jeremiah",
              "non_striker": "SA Wittmann",
              "runs": {
                "batter": 0,
                "extras": 0,
                "total": 0
              }
            },
            {
              "batter": "MP Enright",
              "bowler": "Zinaida Jeremiah",
              "non_striker": "SA Wittmann",
              "runs": {
                "batter": 4,
                "extras": 0,
                "total": 4
              }
            },
            {
              "batter": "MP Enright",
              "bowler": "Zinaida Jeremiah",
              "non_striker": "SA Wittmann",
              "runs": {
                "batter": 0,
                "extras": 0,
                "total": 0
              }
            },
            {
              "batter": "MP Enright",
              "bowler": "Zinaida Jeremiah",
              "non_striker": "SA Wittmann",
              "runs": {
                "batter": 1,
                "extras": 0,
                "total": 1
              },
              "wickets": [
                {
                  "player_out": "MP Enright",
                  "kind": "run out"
                }
              ]
            },
            {
              "batter": "SA Wittmann",
              "bowler": "Zinaida Jeremiah",
              "non_striker": "Yasmeen Khan",
              "runs": {
                "batter": 1,
                "extras": 0,
                "total": 1
              }
            },
            {
              "batter": "Yasmeen Khan",
              "bowler": "Zinaida Jeremiah",
              "non_striker": "SA Wittmann",
              "runs": {
                "batter": 0,
                "extras": 0,
                "total": 0
              },
              "wickets": [
                {
                  "player_out": "Yasmeen Khan",
                  "kind": "bowled"
                }
              ]
            }
          ]
        },
        {
          "over": 6,
          "deliveries": [
            {
              "batter": "SA Wittmann",
              "bowler": "M Pascal",
              "non_striker": "I van Zyl",
              "runs": {
                "batter": 4,
                "extras": 0,
                "total": 4
              }
            },
            {
              "batter": "SA Wittmann",
              "bowler": "M Pascal",
              "non_striker": "I van Zyl",
              "runs": {
                "batter": 1,
                "extras": 0,
                "total": 1
              }
            },
            {
              "batter": "I van Zyl",
              "bowler": "M Pascal",
              "extras": {
                "wides": 1
              },
              "non_striker": "SA Wittmann",
              "runs": {
                "batter": 0,
                "extras": 1,
                "total": 1
              }
            },
            {
              "batter": "I van Zyl",
              "bowler": "M Pascal",
              "non_striker": "SA Wittmann",
              "runs": {
                "batter": 2,
                "extras": 0,
                "total": 2
              }
            },
            {
              "batter": "I van Zyl",
              "bowler": "M Pascal",
              "non_striker": "SA Wittmann",
              "runs": {
                "batter": 1,
                "extras": 0,
                "total": 1
              }
            },
            {
              "batter": "SA Wittmann",
              "bowler": "M Pascal",
              "non_striker": "I van Zyl",
              "runs": {
                "batter": 1,
                "extras": 0,
                "total": 1
              }
            },
            {
              "batter": "I van Zyl",
              "bowler": "M Pascal",
              "extras": {
                "wides": 1
              },
              "non_striker": "SA Wittmann",
              "runs": {
                "batter": 0,
                "extras": 1,
                "total": 1
              }
            },
            {
              "batter": "I van Zyl",
              "bowler": "M Pascal",
              "non_striker": "SA Wittmann",
              "runs": {
                "batter": 0,
                "extras": 0,
                "total": 0
              }
            }
          ]
        },
        {
          "over": 7,
          "deliveries": [
            {
              "batter": "SA Wittmann",
              "bowler": "Zinaida Jeremiah",
              "non_striker": "I van Zyl",
              "runs": {
                "batter": 1,
                "extras": 0,
                "total": 1
              }
            },
            {
              "batter": "I van Zyl",
              "bowler": "Zinaida Jeremiah",
              "non_striker": "SA Wittmann",
              "runs": {
                "batter": 1,
                "extras": 0,
                "total": 1
              }
            },
            {
              "batter": "SA Wittmann",
              "bowler": "Zinaida Jeremiah",
              "non_striker": "I van Zyl",
              "runs": {
                "batter": 0,
                "extras": 0,
                "total": 0
              }
            },
            {
              "batter": "SA Wittmann",
              "bowler": "Zinaida Jeremiah",
              "non_striker": "I van Zyl",
              "runs": {
                "batter": 1,
                "extras": 0,
                "total": 1
              }
            },
            {
              "batter": "I van Zyl",
              "bowler": "Zinaida Jeremiah",
              "non_striker": "SA Wittmann",
              "runs": {
                "batter": 1,
                "extras": 0,
                "total": 1
              }
            },
            {
              "batter": "SA Wittmann",
              "bowler": "Zinaida Jeremiah",
              "non_striker": "I van Zyl",
              "runs": {
                "batter": 0,
                "extras": 0,
                "total": 0
              }
            }
          ]
        },
        {
          "over": 8,
          "deliveries": [
            {
              "batter": "I van Zyl",
              "bowler": "M Pascal",
              "non_striker": "SA Wittmann",
              "runs": {
                "batter": 0,
                "extras": 0,
                "total": 0
              }
            },
            {
              "batter": "I van Zyl",
              "bowler": "M Pascal",
              "non_striker": "SA Wittmann",
              "runs": {
                "batter": 0,
                "extras": 0,
                "total": 0
              }
            },
            {
              "batter": "I van Zyl",
              "bowler": "M Pascal",
              "non_striker": "SA Wittmann",
              "runs": {
                "batter": 2,
                "extras": 0,
                "total": 2
              }
            },
            {
              "batter": "I van Zyl",
              "bowler": "M Pascal",
              "non_striker": "SA Wittmann",
              "runs": {
                "batter": 1,
                "extras": 0,
                "total": 1
              }
            },
            {
              "batter": "SA Wittmann",
              "bowler": "M Pascal",
              "non_striker": "I van Zyl",
              "runs": {
                "batter": 0,
                "extras": 0,
                "total": 0
              }
            },
            {
              "batter": "SA Wittmann",
              "bowler": "M Pascal",
              "non_striker": "I van Zyl",
              "runs": {
                "batter": 1,
                "extras": 0,
                "total": 1
              }
            }
          ]
        },
        {
          "over": 9,
          "deliveries": [
            {
              "batter": "SA Wittmann",
              "bowler": "Zinaida Jeremiah",
              "non_striker": "I van Zyl",
              "runs": {
                "batter": 0,
                "extras": 0,
                "total": 0
              }
            },
            {
              "batter": "SA Wittmann",
              "bowler": "Zinaida Jeremiah",
              "non_striker": "I van Zyl",
              "runs": {
                "batter": 1,
                "extras": 0,
                "total": 1
              }
            },
            {
              "batter": "I van Zyl",
              "bowler": "Zinaida Jeremiah",
              "non_striker": "SA Wittmann",
              "runs": {
                "batter": 4,
                "extras": 0,
                "total": 4
              }
            },
            {
              "batter": "I van Zyl",
              "bowler": "Zinaida Jeremiah",
              "non_striker": "SA Wittmann",
              "runs": {
                "batter": 1,
                "extras": 0,
                "total": 1
              }
            },
            {
              "batter": "SA Wittmann",
              "bowler": "Zinaida Jeremiah",
              "non_striker": "I van Zyl",
              "runs": {
                "batter": 0,
                "extras": 0,
                "total": 0
              }
            },
            {
              "batter": "SA Wittmann",
              "bowler": "Zinaida Jeremiah",
              "non_striker": "I van Zyl",
              "runs": {
                "batter": 0,
                "extras": 0,
                "total": 0
              }
            }
          ]
        },
        {
          "over": 10,
          "deliveries": [
            {
              "batter": "I van Zyl",
              "bowler": "A Mohamed",
              "non_striker": "SA Wittmann",
              "runs": {
                "batter": 0,
                "extras": 0,
                "total": 0
              }
            },
            {
              "batter": "I van Zyl",
              "bowler": "A Mohamed",
              "non_striker": "SA Wittmann",
              "runs": {
                "batter": 1,
                "extras": 0,
                "total": 1
              }
            },
            {
              "batter": "SA Wittmann",
              "bowler": "A Mohamed",
              "non_striker": "I van Zyl",
              "runs": {
                "batter": 0,
                "extras": 0,
                "total": 0
              }
            },
            {
              "batter": "SA Wittmann",
              "bowler": "A Mohamed",
              "non_striker": "I van Zyl",
              "runs": {
                "batter": 1,
                "extras": 0,
                "total": 1
              }
            },
            {
              "batter": "I van Zyl",
              "bowler": "A Mohamed",
              "non_striker": "SA Wittmann",
              "runs": {
                "batter": 1,
                "extras": 0,
                "total": 1
              }
            },
            {
              "batter": "SA Wittmann",
              "bowler": "A Mohamed",
              "non_striker": "I van Zyl",
              "runs": {
                "batter": 0,
                "extras": 0,
                "total": 0
              }
            }
          ]
        },
        {
          "over": 11,
          "deliveries": [
            {
              "batter": "I van Zyl",
              "bowler": "NJ Pius",
              "non_striker": "SA Wittmann",
              "runs": {
                "batter": 0,
                "extras": 0,
                "total": 0
              }
            },
            {
              "batter": "I van Zyl",
              "bowler": "NJ Pius",
              "non_striker": "SA Wittmann",
              "runs": {
                "batter": 1,
                "extras": 0,
                "total": 1
              }
            },
            {
              "batter": "SA Wittmann",
              "bowler": "NJ Pius",
              "non_striker": "I van Zyl",
              "runs": {
                "batter": 2,
                "extras": 0,
                "total": 2
              }
            },
            {
              "batter": "SA Wittmann",
              "bowler": "NJ Pius",
              "non_striker": "I van Zyl",
              "runs": {
                "batter": 0,
                "extras": 0,
                "total": 0
              }
            },
            {
              "batter": "SA Wittmann",
              "bowler": "NJ Pius",
              "non_striker": "I van Zyl",
              "runs": {
                "batter": 0,
                "extras": 0,
                "total": 0
              }
            },
            {
              "batter": "SA Wittmann",
              "bowler": "NJ Pius",
              "non_striker": "I van Zyl",
              "runs": {
                "batter": 1,
                "extras": 0,
                "total": 1
              }
            }
          ]
        },
        {
          "over": 12,
          "deliveries": [
            {
              "batter": "SA Wittmann",
              "bowler": "A Mohamed",
              "non_striker": "I van Zyl",
              "runs": {
                "batter": 1,
                "extras": 0,
                "total": 1
              }
            },
            {
              "batter": "I van Zyl",
              "bowler": "A Mohamed",
              "non_striker": "SA Wittmann",
              "runs": {
                "batter": 0,
                "extras": 0,
                "total": 0
              }
            },
            {
              "batter": "I van Zyl",
              "bowler": "A Mohamed",
              "non_striker": "SA Wittmann",
              "runs": {
                "batter": 0,
                "extras": 0,
                "total": 0
              }
            },
            {
              "batter": "I van Zyl",
              "bowler": "A Mohamed",
              "non_striker": "SA Wittmann",
              "runs": {
                "batter": 0,
                "extras": 0,
                "total": 0
              }
            },
            {
              "batter": "I van Zyl",
              "bowler": "A Mohamed",
              "non_striker": "SA Wittmann",
              "runs": {
                "batter": 1,
                "extras": 0,
                "total": 1
              }
            },
            {
              "batter": "SA Wittmann",
              "bowler": "A Mohamed",
              "non_striker": "I van Zyl",
              "runs": {
                "batter": 4,
                "extras": 0,
                "total": 4
              }
            }
          ]
        },
        {
          "over": 13,
          "deliveries": [
            {
              "batter": "I van Zyl",
              "bowler": "NJ Pius",
              "non_striker": "SA Wittmann",
              "runs": {
                "batter": 1,
                "extras": 0,
                "total": 1
              }
            },
            {
              "batter": "SA Wittmann",
              "bowler": "NJ Pius",
              "non_striker": "I van Zyl",
              "runs": {
                "batter": 4,
                "extras": 0,
                "total": 4
              }
            },
            {
              "batter": "SA Wittmann",
              "bowler": "NJ Pius",
              "non_striker": "I van Zyl",
              "runs": {
                "batter": 1,
                "extras": 0,
                "total": 1
              }
            },
            {
              "batter": "I van Zyl",
              "bowler": "NJ Pius",
              "non_striker": "SA Wittmann",
              "runs": {
                "batter": 1,
                "extras": 0,
                "total": 1
              }
            },
            {
              "batter": "SA Wittmann",
              "bowler": "NJ Pius",
              "non_striker": "I van Zyl",
              "runs": {
                "batter": 0,
                "extras": 0,
                "total": 0
              }
            },
            {
              "batter": "SA Wittmann",
              "bowler": "NJ Pius",
              "non_striker": "I van Zyl",
              "runs": {
                "batter": 0,
                "extras": 0,
                "total": 0
              },
              "wickets": [
                {
                  "player_out": "SA Wittmann",
                  "fielders": [
                    {
                      "name": "A Mohamed"
                    }
                  ],
                  "kind": "caught"
                }
              ]
            }
          ]
        },
        {
          "over": 14,
          "deliveries": [
            {
              "batter": "H de Klerk",
              "bowler": "A Mohamed",
              "non_striker": "I van Zyl",
              "runs": {
                "batter": 0,
                "extras": 0,
                "total": 0
              }
            },
            {
              "batter": "H de Klerk",
              "bowler": "A Mohamed",
              "non_striker": "I van Zyl",
              "runs": {
                "batter": 0,
                "extras": 0,
                "total": 0
              }
            },
            {
              "batter": "H de Klerk",
              "bowler": "A Mohamed",
              "non_striker": "I van Zyl",
              "runs": {
                "batter": 0,
                "extras": 0,
                "total": 0
              }
            },
            {
              "batter": "H de Klerk",
              "bowler": "A Mohamed",
              "non_striker": "I van Zyl",
              "runs": {
                "batter": 0,
                "extras": 0,
                "total": 0
              }
            },
            {
              "batter": "H de Klerk",
              "bowler": "A Mohamed",
              "non_striker": "I van Zyl",
              "runs": {
                "batter": 1,
                "extras": 0,
                "total": 1
              }
            },
            {
              "batter": "I van Zyl",
              "bowler": "A Mohamed",
              "non_striker": "H de Klerk",
              "runs": {
                "batter": 0,
                "extras": 0,
                "total": 0
              }
            }
          ]
        },
        {
          "over": 15,
          "deliveries": [
            {
              "batter": "H de Klerk",
              "bowler": "TS Omary",
              "non_striker": "I van Zyl",
              "runs": {
                "batter": 2,
                "extras": 0,
                "total": 2
              }
            },
            {
              "batter": "H de Klerk",
              "bowler": "TS Omary",
              "non_striker": "I van Zyl",
              "runs": {
                "batter": 0,
                "extras": 0,
                "total": 0
              }
            },
            {
              "batter": "H de Klerk",
              "bowler": "TS Omary",
              "non_striker": "I van Zyl",
              "runs": {
                "batter": 1,
                "extras": 0,
                "total": 1
              }
            },
            {
              "batter": "I van Zyl",
              "bowler": "TS Omary",
              "non_striker": "H de Klerk",
              "runs": {
                "batter": 2,
                "extras": 0,
                "total": 2
              }
            },
            {
              "batter": "I van Zyl",
              "bowler": "TS Omary",
              "non_striker": "H de Klerk",
              "runs": {
                "batter": 0,
                "extras": 0,
                "total": 0
              }
            },
            {
              "batter": "I van Zyl",
              "bowler": "TS Omary",
              "non_striker": "H de Klerk",
              "runs": {
                "batter": 2,
                "extras": 0,
                "total": 2
              }
            }
          ]
        },
        {
          "over": 16,
          "deliveries": [
            {
              "batter": "H de Klerk",
              "bowler": "A Mohamed",
              "extras": {
                "legbyes": 2
              },
              "non_striker": "I van Zyl",
              "runs": {
                "batter": 0,
                "extras": 2,
                "total": 2
              }
            },
            {
              "batter": "H de Klerk",
              "bowler": "A Mohamed",
              "non_striker": "I van Zyl",
              "runs": {
                "batter": 0,
                "extras": 0,
                "total": 0
              }
            },
            {
              "batter": "H de Klerk",
              "bowler": "A Mohamed",
              "non_striker": "I van Zyl",
              "runs": {
                "batter": 1,
                "extras": 0,
                "total": 1
              }
            },
            {
              "batter": "I van Zyl",
              "bowler": "A Mohamed",
              "non_striker": "H de Klerk",
              "runs": {
                "batter": 1,
                "extras": 0,
                "total": 1
              }
            },
            {
              "batter": "H de Klerk",
              "bowler": "A Mohamed",
              "non_striker": "I van Zyl",
              "runs": {
                "batter": 1,
                "extras": 0,
                "total": 1
              }
            },
            {
              "batter": "I van Zyl",
              "bowler": "A Mohamed",
              "non_striker": "H de Klerk",
              "runs": {
                "batter": 2,
                "extras": 0,
                "total": 2
              }
            }
          ]
        },
        {
          "over": 17,
          "deliveries": [
            {
              "batter": "H de Klerk",
              "bowler": "FO Kibasu",
              "extras": {
                "wides": 1
              },
              "non_striker": "I van Zyl",
              "runs": {
                "batter": 0,
                "extras": 1,
                "total": 1
              }
            },
            {
              "batter": "H de Klerk",
              "bowler": "FO Kibasu",
              "non_striker": "I van Zyl",
              "runs": {
                "batter": 1,
                "extras": 0,
                "total": 1
              }
            },
            {
              "batter": "I van Zyl",
              "bowler": "FO Kibasu",
              "non_striker": "H de Klerk",
              "runs": {
                "batter": 0,
                "extras": 0,
                "total": 0
              }
            },
            {
              "batter": "I van Zyl",
              "bowler": "FO Kibasu",
              "non_striker": "H de Klerk",
              "runs": {
                "batter": 0,
                "extras": 0,
                "total": 0
              }
            },
            {
              "batter": "I van Zyl",
              "bowler": "FO Kibasu",
              "non_striker": "H de Klerk",
              "runs": {
                "batter": 1,
                "extras": 0,
                "total": 1
              }
            },
            {
              "batter": "H de Klerk",
              "bowler": "FO Kibasu",
              "non_striker": "I van Zyl",
              "runs": {
                "batter": 1,
                "extras": 0,
                "total": 1
              }
            }
          ]
        }
      ],
      "powerplays": [
        {
          "from": 0.1,
          "to": 5.6,
          "type": "mandatory"
        }
      ],
      "target": {
        "overs": 20,
        "runs": 103
      }
    }
  ]
}