{
  "meta": {
    "data_version": "1.0.0",
    "created": "2020-10-09",
    "revision": 4
  },
  "info": {
    "balls_per_over": 6,
    "city": "Windhoek",
    "dates": [
      "2017-09-08"
    ],
    "event": {
      "name": "ICC Women's World Twenty20 Qualifying Series Africa Region",
      "match_number": 2
    },
    "gender": "female",
    "match_type": "IT20",
    "officials": {
      "match_referees": [
        "DT Jukes"
      ],
      "reserve_umpires": [
        "A Louw"
      ],
      "umpires": [
        "JJ Luck",
        "Patric Makumbi"
      ]
    },
    "outcome": {
      "winner": "Kenya",
      "by": {
        "wickets": 2
      }
    },
    "overs": 20,
    "player_of_match": [
      "FO Kibasu"
    ],
    "players": {
      "Tanzania": [
        "FO Kibasu",
        "M Pascal",
        "NJ Pius",
        "ZH Saidi",
        "A Mohamed",
        "HM Omary",
        "SH Mohamedi",
        "NN Saidi",
        "Zinaida Jeremiah",
        "NO Tindo",
        "PZ Kamunya"
      ],
      "Kenya": [
        "Q Abel",
        "M Mwangi",
        "M Ngoche",
        "SW Kinyua",
        "S Wetoto",
        "E Wachira",
        "V Abuga",
        "R Achando",
        "V Ooko",
        "E Waithaka",
        "A Muoki"
      ]
    },
    "registry": {
      "people": {
        "A Louw": "5eecae5d",
        "A Muoki": "81d16701",
        "A Mohamed": "86a68879",
        "DT Jukes": "7c215d14",
        "E Wachira": "f5e70dd4",
        "E Waithaka": "1e4c0204",
        "FO Kibasu": "1c726c76",
        "HM Omary": "2cbe5db1",
        "JJ Luck": "85d0d93d",
        "M Mwangi": "72de0105",
        "M Ngoche": "f91abcd6",
        "M Pascal": "729c5ab5",
        "NJ Pius": "f4270fc7",
        "NN Saidi": "16610c7b",
        "NO Tindo": "7f8316e3",
        "PZ Kamunya": "6e60bbe2",
        "Patric Makumbi": "e4c69c16",
        "Q Abel": "2e988457",
        "R Achando": "88ea490f",
        "S Wetoto": "16301313",
        "SH Mohamedi": "10ab6a37",
        "SW Kinyua": "86933cde",
        "V Abuga": "1ce58052",
        "V Ooko": "2ae76bf6",
        "ZH Saidi": "4c9c9f87",
        "Zinaida Jeremiah": "967806a5"
      }
    },
    "season": "2017",
    "team_type": "international",
    "teams": [
      "Tanzania",
      "Kenya"
    ],
    "toss": {
      "decision": "field",
      "winner": "Kenya"
    },
    "venue": "Wanderers Cricket Ground"
  },
  "innings": [
    {
      "team": "Tanzania",
      "overs": [
        {
          "over": 0,
          "deliveries": [
            {
              "batter": "FO Kibasu",
              "bowler": "V Ooko",
              "non_striker": "M Pascal",
              "runs": {
                "batter": 0,
                "extras": 0,
                "total": 0
              }
            },
            {
              "batter": "FO Kibasu",
              "bowler": "V Ooko",
              "non_striker": "M Pascal",
              "runs": {
                "batter": 0,
                "extras": 0,
                "total": 0
              }
            },
            {
              "batter": "FO Kibasu",
              "bowler": "V Ooko",
              "non_striker": "M Pascal",
              "runs": {
                "batter": 4,
                "extras": 0,
                "total": 4
              }
            },
            {
              "batter": "FO Kibasu",
              "bowler": "V Ooko",
              "non_striker": "M Pascal",
              "runs": {
                "batter": 0,
                "extras": 0,
                "total": 0
              }
            },
            {
              "batter": "FO Kibasu",
              "bowler": "V Ooko",
              "non_striker": "M Pascal",
              "runs": {
                "batter": 0,
                "extras": 0,
                "total": 0
              }
            },
            {
              "batter": "FO Kibasu",
              "bowler": "V Ooko",
              "non_striker": "M Pascal",
              "runs": {
                "batter": 0,
                "extras": 0,
                "total": 0
              }
            }
          ]
        },
        {
          "over": 1,
          "deliveries": [
            {
              "batter": "M Pascal",
              "bowler": "A Muoki",
              "non_striker": "FO Kibasu",
              "runs": {
                "batter": 0,
                "extras": 0,
                "total": 0
              }
            },
            {
              "batter": "M Pascal",
              "bowler": "A Muoki",
              "extras": {
                "wides": 2
              },
              "non_striker": "FO Kibasu",
              "runs": {
                "batter": 0,
                "extras": 2,
                "total": 2
              }
            },
            {
              "batter": "FO Kibasu",
              "bowler": "A Muoki",
              "non_striker": "M Pascal",
              "runs": {
                "batter": 0,
                "extras": 0,
                "total": 0
              }
            },
            {
              "batter": "FO Kibasu",
              "bowler": "A Muoki",
              "non_striker": "M Pascal",
              "runs": {
                "batter": 1,
                "extras": 0,
                "total": 1
              }
            },
            {
              "batter": "M Pascal",
              "bowler": "A Muoki",
              "extras": {
                "wides": 1
              },
              "non_striker": "FO Kibasu",
              "runs": {
                "batter": 0,
                "extras": 1,
                "total": 1
              }
            },
            {
              "batter": "M Pascal",
              "bowler": "A Muoki",
              "non_striker": "FO Kibasu",
              "runs": {
                "batter": 0,
                "extras": 0,
                "total": 0
              }
            },
            {
              "batter": "M Pascal",
              "bowler": "A Muoki",
              "non_striker": "FO Kibasu",
              "runs": {
                "batter": 0,
                "extras": 0,
                "total": 0
              }
            },
            {
              "batter": "M Pascal",
              "bowler": "A Muoki",
              "non_striker": "FO Kibasu",
              "runs": {
                "batter": 0,
                "extras": 0,
                "total": 0
              }
            }
          ]
        },
        {
          "over": 2,
          "deliveries": [
            {
              "batter": "FO Kibasu",
              "bowler": "V Ooko",
              "extras": {
                "wides": 1
              },
              "non_striker": "M Pascal",
              "runs": {
                "batter": 0,
                "extras": 1,
                "total": 1
              }
            },
            {
              "batter": "FO Kibasu",
              "bowler": "V Ooko",
              "non_striker": "M Pascal",
              "runs": {
                "batter": 0,
                "extras": 0,
                "total": 0
              }
            },
            {
              "batter": "FO Kibasu",
              "bowler": "V Ooko",
              "non_striker": "M Pascal",
              "runs": {
                "batter": 1,
                "extras": 0,
                "total": 1
              }
            },
            {
              "batter": "M Pascal",
              "bowler": "V Ooko",
              "non_striker": "FO Kibasu",
              "runs": {
                "batter": 0,
                "extras": 0,
                "total": 0
              }
            },
            {
              "batter": "M Pascal",
              "bowler": "V Ooko",
              "non_striker": "FO Kibasu",
              "runs": {
                "batter": 0,
                "extras": 0,
                "total": 0
              },
              "wickets": [
                {
                  "player_out": "M Pascal",
                  "kind": "bowled"
                }
              ]
            },
            {
              "batter": "NJ Pius",
              "bowler": "V Ooko",
              "non_striker": "FO Kibasu",
              "runs": {
                "batter": 0,
                "extras": 0,
                "total": 0
              }
            },
            {
              "batter": "NJ Pius",
              "bowler": "V Ooko",
              "non_striker": "FO Kibasu",
              "runs": {
                "batter": 0,
                "extras": 0,
                "total": 0
              }
            }
          ]
        },
        {
          "over": 3,
          "deliveries": [
            {
              "batter": "FO Kibasu",
              "bowler": "M Mwangi",
              "non_striker": "NJ Pius",
              "runs": {
                "batter": 0,
                "extras": 0,
                "total": 0
              }
            },
            {
              "batter": "FO Kibasu",
              "bowler": "M Mwangi",
              "non_striker": "NJ Pius",
              "runs": {
                "batter": 2,
                "extras": 0,
                "total": 2
              }
            },
            {
              "batter": "FO Kibasu",
              "bowler": "M Mwangi",
              "non_striker": "NJ Pius",
              "runs": {
                "batter": 0,
                "extras": 0,
                "total": 0
              }
            },
            {
              "batter": "FO Kibasu",
              "bowler": "M Mwangi",
              "non_striker": "NJ Pius",
              "runs": {
                "batter": 0,
                "extras": 0,
                "total": 0
              }
            },
            {
              "batter": "FO Kibasu",
              "bowler": "M Mwangi",
              "extras": {
                "wides": 1
              },
              "non_striker": "NJ Pius",
              "runs": {
                "batter": 0,
                "extras": 1,
                "total": 1
              }
            },
            {
              "batter": "FO Kibasu",
              "bowler": "M Mwangi",
              "non_striker": "NJ Pius",
              "runs": {
                "batter": 0,
                "extras": 0,
                "total": 0
              }
            },
            {
              "batter": "FO Kibasu",
              "bowler": "M Mwangi",
              "non_striker": "NJ Pius",
              "runs": {
                "batter": 4,
                "extras": 0,
                "total": 4
              }
            }
          ]
        },
        {
          "over": 4,
          "deliveries": [
            {
              "batter": "NJ Pius",
              "bowler": "V Ooko",
              "non_striker": "FO Kibasu",
              "runs": {
                "batter": 1,
                "extras": 0,
                "total": 1
              }
            },
            {
              "batter": "FO Kibasu",
              "bowler": "V Ooko",
              "non_striker": "NJ Pius",
              "runs": {
                "batter": 1,
                "extras": 0,
                "total": 1
              }
            },
            {
              "batter": "NJ Pius",
              "bowler": "V Ooko",
              "non_striker": "FO Kibasu",
              "runs": {
                "batter": 1,
                "extras": 0,
                "total": 1
              }
            },
            {
              "batter": "FO Kibasu",
              "bowler": "V Ooko",
              "non_striker": "NJ Pius",
              "runs": {
                "batter": 0,
                "extras": 0,
                "total": 0
              }
            },
            {
              "batter": "FO Kibasu",
              "bowler": "V Ooko",
              "non_striker": "NJ Pius",
              "runs": {
                "batter": 1,
                "extras": 0,
                "total": 1
              }
            },
            {
              "batter": "NJ Pius",
              "bowler": "V Ooko",
              "non_striker": "FO Kibasu",
              "runs": {
                "batter": 0,
                "extras": 0,
                "total": 0
              }
            }
          ]
        },
        {
          "over": 5,
          "deliveries": [
            {
              "batter": "FO Kibasu",
              "bowler": "M Mwangi",
              "non_striker": "NJ Pius",
              "runs": {
                "batter": 0,
                "extras": 0,
                "total": 0
              }
            },
            {
              "batter": "FO Kibasu",
              "bowler": "M Mwangi",
              "extras": {
                "wides": 1
              },
              "non_striker": "NJ Pius",
              "runs": {
                "batter": 0,
                "extras": 1,
                "total": 1
              }
            },
            {
              "batter": "FO Kibasu",
              "bowler": "M Mwangi",
              "non_striker": "NJ Pius",
              "runs": {
                "batter": 0,
                "extras": 0,
                "total": 0
              }
            },
            {
              "batter": "FO Kibasu",
              "bowler": "M Mwangi",
              "non_striker": "NJ Pius",
              "runs": {
                "batter": 1,
                "extras": 0,
                "total": 1
              }
            },
            {
              "batter": "NJ Pius",
              "bowler": "M Mwangi",
              "non_striker": "FO Kibasu",
              "runs": {
                "batter": 0,
                "extras": 0,
                "total": 0
              }
            },
            {
              "batter": "NJ Pius",
              "bowler": "M Mwangi",
              "non_striker": "FO Kibasu",
              "runs": {
                "batter": 0,
                "extras": 0,
                "total": 0
              }
            },
            {
              "batter": "NJ Pius",
              "bowler": "M Mwangi",
              "non_striker": "FO Kibasu",
              "runs": {
                "batter": 1,
                "extras": 0,
                "total": 1
              }
            }
          ]
        },
        {
          "over": 6,
          "deliveries": [
            {
              "batter": "NJ Pius",
              "bowler": "V Ooko",
              "non_striker": "FO Kibasu",
              "runs": {
                "batter": 0,
                "extras": 0,
                "total": 0
              }
            },
            {
              "batter": "NJ Pius",
              "bowler": "V Ooko",
              "non_striker": "FO Kibasu",
              "runs": {
                "batter": 0,
                "extras": 0,
                "total": 0
              }
            },
            {
              "batter": "NJ Pius",
              "bowler": "V Ooko",
              "non_striker": "FO Kibasu",
              "runs": {
                "batter": 1,
                "extras": 0,
                "total": 1
              }
            },
            {
              "batter": "FO Kibasu",
              "bowler": "V Ooko",
              "non_striker": "NJ Pius",
              "runs": {
                "batter": 0,
                "extras": 0,
                "total": 0
              }
            },
            {
              "batter": "FO Kibasu",
              "bowler": "V Ooko",
              "non_striker": "NJ Pius",
              "runs": {
                "batter": 0,
                "extras": 0,
                "total": 0
              }
            },
            {
              "batter": "FO Kibasu",
              "bowler": "V Ooko",
              "non_striker": "NJ Pius",
              "runs": {
                "batter": 4,
                "extras": 0,
                "total": 4
              }
            }
          ]
        },
        {
          "over": 7,
          "deliveries": [
            {
              "batter": "NJ Pius",
              "bowler": "M Mwangi",
              "non_striker": "FO Kibasu",
              "runs": {
                "batter": 0,
                "extras": 0,
                "total": 0
              }
            },
            {
              "batter": "NJ Pius",
              "bowler": "M Mwangi",
              "non_striker": "FO Kibasu",
              "runs": {
                "batter": 0,
                "extras": 0,
                "total": 0
              }
            },
            {
              "batter": "NJ Pius",
              "bowler": "M Mwangi",
              "non_striker": "FO Kibasu",
              "runs": {
                "batter": 0,
                "extras": 0,
                "total": 0
              }
            },
            {
              "batter": "NJ Pius",
              "bowler": "M Mwangi",
              "non_striker": "FO Kibasu",
              "runs": {
                "batter": 0,
                "extras": 0,
                "total": 0
              }
            },
            {
              "batter": "NJ Pius",
              "bowler": "M Mwangi",
              "non_striker": "FO Kibasu",
              "runs": {
                "batter": 1,
                "extras": 0,
                "total": 1
              }
            },
            {
              "batter": "FO Kibasu",
              "bowler": "M Mwangi",
              "extras": {
                "wides": 1
              },
              "non_striker": "NJ Pius",
              "runs": {
                "batter": 0,
                "extras": 1,
                "total": 1
              }
            },
            {
              "batter": "FO Kibasu",
              "bowler": "M Mwangi",
              "extras": {
                "legbyes": 1
              },
              "non_striker": "NJ Pius",
              "runs": {
                "batter": 0,
                "extras": 1,
                "total": 1
              }
            }
          ]
        },
        {
          "over": 8,
          "deliveries": [
            {
              "batter": "FO Kibasu",
              "bowler": "S Wetoto",
              "non_striker": "NJ Pius",
              "runs": {
                "batter": 0,
                "extras": 0,
                "total": 0
              }
            },
            {
              "batter": "FO Kibasu",
              "bowler": "S Wetoto",
              "non_striker": "NJ Pius",
              "runs": {
                "batter": 2,
                "extras": 0,
                "total": 2
              }
            },
            {
              "batter": "FO Kibasu",
              "bowler": "S Wetoto",
              "non_striker": "NJ Pius",
              "runs": {
                "batter": 0,
                "extras": 0,
                "total": 0
              }
            },
            {
              "batter": "FO Kibasu",
              "bowler": "S Wetoto",
              "non_striker": "NJ Pius",
              "runs": {
                "batter": 2,
                "extras": 0,
                "total": 2
              }
            },
            {
              "batter": "FO Kibasu",
              "bowler": "S Wetoto",
              "non_striker": "NJ Pius",
              "runs": {
                "batter": 0,
                "extras": 0,
                "total": 0
              }
            },
            {
              "batter": "FO Kibasu",
              "bowler": "S Wetoto",
              "non_striker": "NJ Pius",
              "runs": {
                "batter": 0,
                "extras": 0,
                "total": 0
              }
            }
          ]
        },
        {
          "over": 9,
          "deliveries": [
            {
              "batter": "NJ Pius",
              "bowler": "M Mwangi",
              "non_striker": "FO Kibasu",
              "runs": {
                "batter": 0,
                "extras": 0,
                "total": 0
              }
            },
            {
              "batter": "NJ Pius",
              "bowler": "M Mwangi",
              "non_striker": "FO Kibasu",
              "runs": {
                "batter": 0,
                "extras": 0,
                "total": 0
              }
            },
            {
              "batter": "NJ Pius",
              "bowler": "M Mwangi",
              "extras": {
                "legbyes": 1
              },
              "non_striker": "FO Kibasu",
              "runs": {
                "batter": 0,
                "extras": 1,
                "total": 1
              }
            },
            {
              "batter": "FO Kibasu",
              "bowler": "M Mwangi",
              "non_striker": "NJ Pius",
              "runs": {
                "batter": 0,
                "extras": 0,
                "total": 0
              }
            },
            {
              "batter": "FO Kibasu",
              "bowler": "M Mwangi",
              "non_striker": "NJ Pius",
              "runs": {
                "batter": 1,
                "extras": 0,
                "total": 1
              }
            },
            {
              "batter": "NJ Pius",
              "bowler": "M Mwangi",
              "extras": {
                "wides": 1
              },
              "non_striker": "FO Kibasu",
              "runs": {
                "batter": 0,
                "extras": 1,
                "total": 1
              }
            },
            {
              "batter": "NJ Pius",
              "bowler": "M Mwangi",
              "extras": {
                "wides": 1
              },
              "non_striker": "FO Kibasu",
              "runs": {
                "batter": 0,
                "extras": 1,
                "total": 1
              }
            },
            {
              "batter": "NJ Pius",
              "bowler": "M Mwangi",
              "non_striker": "FO Kibasu",
              "runs": {
                "batter": 0,
                "extras": 0,
                "total": 0
              }
            }
          ]
        },
        {
          "over": 10,
          "deliveries": [
            {
              "batter": "FO Kibasu",
              "bowler": "S Wetoto",
              "non_striker": "NJ Pius",
              "runs": {
                "batter": 0,
                "extras": 0,
                "total": 0
              }
            },
            {
              "batter": "FO Kibasu",
              "bowler": "S Wetoto",
              "non_striker": "NJ Pius",
              "runs": {
                "batter": 1,
                "extras": 0,
                "total": 1
              }
            },
            {
              "batter": "NJ Pius",
              "bowler": "S Wetoto",
              "non_striker": "FO Kibasu",
              "runs": {
                "batter": 0,
                "extras": 0,
                "total": 0
              }
            },
            {
              "batter": "NJ Pius",
              "bowler": "S Wetoto",
              "non_striker": "FO Kibasu",
              "runs": {
                "batter": 0,
                "extras": 0,
                "total": 0
              }
            },
            {
              "batter": "NJ Pius",
              "bowler": "S Wetoto",
              "non_striker": "FO Kibasu",
              "runs": {
                "batter": 1,
                "extras": 0,
                "total": 1
              }
            },
            {
              "batter": "FO Kibasu",
              "bowler": "S Wetoto",
              "non_striker": "NJ Pius",
              "runs": {
                "batter": 1,
                "extras": 0,
                "total": 1
              }
            }
          ]
        },
        {
          "over": 11,
          "deliveries": [
            {
              "batter": "FO Kibasu",
              "bowler": "E Waithaka",
              "non_striker": "NJ Pius",
              "runs": {
                "batter": 1,
                "extras": 0,
                "total": 1
              }
            },
            {
              "batter": "NJ Pius",
              "bowler": "E Waithaka",
              "extras": {
                "wides": 1
              },
              "non_striker": "FO Kibasu",
              "runs": {
                "batter": 0,
                "extras": 1,
                "total": 1
              }
            },
            {
              "batter": "NJ Pius",
              "bowler": "E Waithaka",
              "non_striker": "FO Kibasu",
              "runs": {
                "batter": 0,
                "extras": 0,
                "total": 0
              }
            },
            {
              "batter": "NJ Pius",
              "bowler": "E Waithaka",
              "non_striker": "FO Kibasu",
              "runs": {
                "batter": 1,
                "extras": 0,
                "total": 1
              }
            },
            {
              "batter": "FO Kibasu",
              "bowler": "E Waithaka",
              "extras": {
                "byes": 1
              },
              "non_striker": "NJ Pius",
              "runs": {
                "batter": 0,
                "extras": 1,
                "total": 1
              }
            },
            {
              "batter": "NJ Pius",
              "bowler": "E Waithaka",
              "non_striker": "FO Kibasu",
              "runs": {
                "batter": 1,
                "extras": 0,
                "total": 1
              }
            },
            {
              "batter": "FO Kibasu",
              "bowler": "E Waithaka",
              "non_striker": "NJ Pius",
              "runs": {
                "batter": 1,
                "extras": 0,
                "total": 1
              }
            }
          ]
        },
        {
          "over": 12,
          "deliveries": [
            {
              "batter": "FO Kibasu",
              "bowler": "S Wetoto",
              "non_striker": "NJ Pius",
              "runs": {
                "batter": 1,
                "extras": 0,
                "total": 1
              }
            },
            {
              "batter": "NJ Pius",
              "bowler": "S Wetoto",
              "non_striker": "FO Kibasu",
              "runs": {
                "batter": 0,
                "extras": 0,
                "total": 0
              }
            },
            {
              "batter": "NJ Pius",
              "bowler": "S Wetoto",
              "non_striker": "FO Kibasu",
              "runs": {
                "batter": 0,
                "extras": 0,
                "total": 0
              }
            },
            {
              "batter": "NJ Pius",
              "bowler": "S Wetoto",
              "non_striker": "FO Kibasu",
              "runs": {
                "batter": 1,
                "extras": 0,
                "total": 1
              }
            },
            {
              "batter": "FO Kibasu",
              "bowler": "S Wetoto",
              "non_striker": "NJ Pius",
              "runs": {
                "batter": 1,
                "extras": 0,
                "total": 1
              }
            },
            {
              "batter": "NJ Pius",
              "bowler": "S Wetoto",
              "non_striker": "FO Kibasu",
              "runs": {
                "batter": 0,
                "extras": 0,
                "total": 0
              }
            }
          ]
        },
        {
          "over": 13,
          "deliveries": [
            {
              "batter": "FO Kibasu",
              "bowler": "E Waithaka",
              "non_striker": "NJ Pius",
              "runs": {
                "batter": 0,
                "extras": 0,
                "total": 0
              }
            },
            {
              "batter": "FO Kibasu",
              "bowler": "E Waithaka",
              "non_striker": "NJ Pius",
              "runs": {
                "batter": 0,
                "extras": 0,
                "total": 0
              }
            },
            {
              "batter": "FO Kibasu",
              "bowler": "E Waithaka",
              "non_striker": "NJ Pius",
              "runs": {
                "batter": 0,
                "extras": 0,
                "total": 0
              }
            },
            {
              "batter": "FO Kibasu",
              "bowler": "E Waithaka",
              "non_striker": "NJ Pius",
              "runs": {
                "batter": 0,
                "extras": 0,
                "total": 0
              }
            },
            {
              "batter": "FO Kibasu",
              "bowler": "E Waithaka",
              "non_striker": "NJ Pius",
              "runs": {
                "batter": 0,
                "extras": 0,
                "total": 0
              }
            },
            {
              "batter": "FO Kibasu",
              "bowler": "E Waithaka",
              "non_striker": "NJ Pius",
              "runs": {
                "batter": 1,
                "extras": 0,
                "total": 1
              }
            }
          ]
        },
        {
          "over": 14,
          "deliveries": [
            {
              "batter": "FO Kibasu",
              "bowler": "S Wetoto",
              "non_striker": "NJ Pius",
              "runs": {
                "batter": 2,
                "extras": 0,
                "total": 2
              }
            },
            {
              "batter": "FO Kibasu",
              "bowler": "S Wetoto",
              "non_striker": "NJ Pius",
              "runs": {
                "batter": 1,
                "extras": 0,
                "total": 1
              }
            },
            {
              "batter": "NJ Pius",
              "bowler": "S Wetoto",
              "non_striker": "FO Kibasu",
              "runs": {
                "batter": 0,
                "extras": 0,
                "total": 0
              }
            },
            {
              "batter": "NJ Pius",
              "bowler": "S Wetoto",
              "non_striker": "FO Kibasu",
              "runs": {
                "batter": 1,
                "extras": 0,
                "total": 1
              }
            },
            {
              "batter": "FO Kibasu",
              "bowler": "S Wetoto",
              "non_striker": "NJ Pius",
              "runs": {
                "batter": 1,
                "extras": 0,
                "total": 1
              }
            },
            {
              "batter": "NJ Pius",
              "bowler": "S Wetoto",
              "non_striker": "FO Kibasu",
              "runs": {
                "batter": 1,
                "extras": 0,
                "total": 1
              }
            }
          ]
        },
        {
          "over": 15,
          "deliveries": [
            {
              "batter": "NJ Pius",
              "bowler": "E Waithaka",
              "non_striker": "FO Kibasu",
              "runs": {
                "batter": 0,
                "extras": 0,
                "total": 0
              }
            },
            {
              "batter": "NJ Pius",
              "bowler": "E Waithaka",
              "non_striker": "FO Kibasu",
              "runs": {
                "batter": 0,
                "extras": 0,
                "total": 0
              }
            },
            {
              "batter": "NJ Pius",
              "bowler": "E Waithaka",
              "non_striker": "FO Kibasu",
              "runs": {
                "batter": 1,
                "extras": 0,
                "total": 1
              }
            },
            {
              "batter": "FO Kibasu",
              "bowler": "E Waithaka",
              "non_striker": "NJ Pius",
              "runs": {
                "batter": 4,
                "extras": 0,
                "total": 4
              }
            },
            {
              "batter": "FO Kibasu",
              "bowler": "E Waithaka",
              "non_striker": "NJ Pius",
              "runs": {
                "batter": 1,
                "extras": 0,
                "total": 1
              }
            },
            {
              "batter": "NJ Pius",
              "bowler": "E Waithaka",
              "non_striker": "FO Kibasu",
              "runs": {
                "batter": 1,
                "extras": 0,
                "total": 1
              }
            }
          ]
        },
        {
          "over": 16,
          "deliveries": [
            {
              "batter": "NJ Pius",
              "bowler": "Q Abel",
              "non_striker": "FO Kibasu",
              "runs": {
                "batter": 0,
                "extras": 0,
                "total": 0
              }
            },
            {
              "batter": "NJ Pius",
              "bowler": "Q Abel",
              "non_striker": "FO Kibasu",
              "runs": {
                "batter": 0,
                "extras": 0,
                "total": 0
              }
            },
            {
              "batter": "NJ Pius",
              "bowler": "Q Abel",
              "non_striker": "FO Kibasu",
              "runs": {
                "batter": 0,
                "extras": 0,
                "total": 0
              }
            },
            {
              "batter": "NJ Pius",
              "bowler": "Q Abel",
              "non_striker": "FO Kibasu",
              "runs": {
                "batter": 0,
                "extras": 0,
                "total": 0
              }
            },
            {
              "batter": "NJ Pius",
              "bowler": "Q Abel",
              "non_striker": "FO Kibasu",
              "runs": {
                "batter": 1,
                "extras": 0,
                "total": 1
              }
            },
            {
              "batter": "FO Kibasu",
              "bowler": "Q Abel",
              "non_striker": "NJ Pius",
              "runs": {
                "batter": 0,
                "extras": 0,
                "total": 0
              }
            }
          ]
        },
        {
          "over": 17,
          "deliveries": [
            {
              "batter": "NJ Pius",
              "bowler": "E Waithaka",
              "non_striker": "FO Kibasu",
              "runs": {
                "batter": 0,
                "extras": 0,
                "total": 0
              },
              "wickets": [
                {
                  "player_out": "NJ Pius",
                  "kind": "run out"
                }
              ]
            },
            {
              "batter": "FO Kibasu",
              "bowler": "E Waithaka",
              "non_striker": "ZH Saidi",
              "runs": {
                "batter": 4,
                "extras": 0,
                "total": 4
              }
            },
            {
              "batter": "FO Kibasu",
              "bowler": "E Waithaka",
              "non_striker": "ZH Saidi",
              "runs": {
                "batter": 1,
                "extras": 0,
                "total": 1
              }
            },
            {
              "batter": "ZH Saidi",
              "bowler": "E Waithaka",
              "non_striker": "FO Kibasu",
              "runs": {
                "batter": 1,
                "extras": 0,
                "total": 1
              }
            },
            {
              "batter": "FO Kibasu",
              "bowler": "E Waithaka",
              "non_striker": "ZH Saidi",
              "runs": {
                "batter": 1,
                "extras": 0,
                "total": 1
              }
            },
            {
              "batter": "ZH Saidi",
              "bowler": "E Waithaka",
              "non_striker": "FO Kibasu",
              "runs": {
                "batter": 1,
                "extras": 0,
                "total": 1
              }
            }
          ]
        },
        {
          "over": 18,
          "deliveries": [
            {
              "batter": "FO Kibasu",
              "bowler": "Q Abel",
              "extras": {
                "legbyes": 1
              },
              "non_striker": "ZH Saidi",
              "runs": {
                "batter": 0,
                "extras": 1,
                "total": 1
              }
            },
            {
              "batter": "ZH Saidi",
              "bowler": "Q Abel",
              "non_striker": "FO Kibasu",
              "runs": {
                "batter": 0,
                "extras": 0,
                "total": 0
              }
            },
            {
              "batter": "ZH Saidi",
              "bowler": "Q Abel",
              "non_striker": "FO Kibasu",
              "runs": {
                "batter": 2,
                "extras": 0,
                "total": 2
              },
              "wickets": [
                {
                  "player_out": "ZH Saidi",
                  "kind": "run out"
                }
              ]
            },
            {
              "batter": "FO Kibasu",
              "bowler": "Q Abel",
              "non_striker": "A Mohamed",
              "runs": {
                "batter": 0,
                "extras": 0,
                "total": 0
              }
            },
            {
              "batter": "FO Kibasu",
              "bowler": "Q Abel",
              "non_striker": "A Mohamed",
              "runs": {
                "batter": 0,
                "extras": 0,
                "total": 0
              }
            },
            {
              "batter": "A Mohamed",
              "bowler": "Q Abel",
              "non_striker": "FO Kibasu",
              "runs": {
                "batter": 0,
                "extras": 0,
                "total": 0
              }
            }
          ]
        },
        {
          "over": 19,
          "deliveries": [
            {
              "batter": "A Mohamed",
              "bowler": "E Wachira",
              "extras": {
                "wides": 1
              },
              "non_striker": "FO Kibasu",
              "runs": {
                "batter": 0,
                "extras": 1,
                "total": 1
              }
            },
            {
              "batter": "A Mohamed",
              "bowler": "E Wachira",
              "extras": {
                "wides": 1
              },
              "non_striker": "FO Kibasu",
              "runs": {
                "batter": 0,
                "extras": 1,
                "total": 1
              }
            },
            {
              "batter": "A Mohamed",
              "bowler": "E Wachira",
              "non_striker": "FO Kibasu",
              "runs": {
                "batter": 1,
                "extras": 0,
                "total": 1
              }
            },
            {
              "batter": "FO Kibasu",
              "bowler": "E Wachira",
              "non_striker": "A Mohamed",
              "runs": {
                "batter": 1,
                "extras": 0,
                "total": 1
              }
            },
            {
              "batter": "A Mohamed",
              "bowler": "E Wachira",
              "non_striker": "FO Kibasu",
              "runs": {
                "batter": 2,
                "extras": 0,
                "total": 2
              }
            },
            {
              "batter": "A Mohamed",
              "bowler": "E Wachira",
              "non_striker": "FO Kibasu",
              "runs": {
                "batter": 1,
                "extras": 0,
                "total": 1
              }
            },
            {
              "batter": "FO Kibasu",
              "bowler": "E Wachira",
              "non_striker": "A Mohamed",
              "runs": {
                "batter": 1,
                "extras": 0,
                "total": 1
              }
            },
            {
              "batter": "A Mohamed",
              "bowler": "E Wachira",
              "non_striker": "FO Kibasu",
              "runs": {
                "batter": 1,
                "extras": 0,
                "total": 1
              }
            }
          ]
        }
      ],
      "powerplays": [
        {
          "from": 0.1,
          "to": 5.7,
          "type": "mandatory"
        }
      ]
    },
    {
      "team": "Kenya",
      "overs": [
        {
          "over": 0,
          "deliveries": [
            {
              "batter": "Q Abel",
              "bowler": "ZH Saidi",
              "non_striker": "M Mwangi",
              "runs": {
                "batter": 0,
                "extras": 0,
                "total": 0
              }
            },
            {
              "batter": "Q Abel",
              "bowler": "ZH Saidi",
              "non_striker": "M Mwangi",
              "runs": {
                "batter": 1,
                "extras": 0,
                "total": 1
              }
            },
            {
              "batter": "M Mwangi",
              "bowler": "ZH Saidi",
              "non_striker": "Q Abel",
              "runs": {
                "batter": 0,
                "extras": 0,
                "total": 0
              },
              "wickets": [
                {
                  "player_out": "M Mwangi",
                  "kind": "run out"
                }
              ]
            },
            {
              "batter": "Q Abel",
              "bowler": "ZH Saidi",
              "non_striker": "M Ngoche",
              "runs": {
                "batter": 0,
                "extras": 0,
                "total": 0
              }
            },
            {
              "batter": "Q Abel",
              "bowler": "ZH Saidi",
              "non_striker": "M Ngoche",
              "runs": {
                "batter": 1,
                "extras": 0,
                "total": 1
              }
            },
            {
              "batter": "M Ngoche",
              "bowler": "ZH Saidi",
              "non_striker": "Q Abel",
              "runs": {
                "batter": 0,
                "extras": 0,
                "total": 0
              }
            }
          ]
        },
        {
          "over": 1,
          "deliveries": [
            {
              "batter": "Q Abel",
              "bowler": "PZ Kamunya",
              "non_striker": "M Ngoche",
              "runs": {
                "batter": 0,
                "extras": 0,
                "total": 0
              }
            },
            {
              "batter": "Q Abel",
              "bowler": "PZ Kamunya",
              "non_striker": "M Ngoche",
              "runs": {
                "batter": 2,
                "extras": 0,
                "total": 2
              }
            },
            {
              "batter": "Q Abel",
              "bowler": "PZ Kamunya",
              "non_striker": "M Ngoche",
              "runs": {
                "batter": 1,
                "extras": 0,
                "total": 1
              }
            },
            {
              "batter": "M Ngoche",
              "bowler": "PZ Kamunya",
              "non_striker": "Q Abel",
              "runs": {
                "batter": 0,
                "extras": 0,
                "total": 0
              }
            },
            {
              "batter": "M Ngoche",
              "bowler": "PZ Kamunya",
              "non_striker": "Q Abel",
              "runs": {
                "batter": 1,
                "extras": 0,
                "total": 1
              }
            },
            {
              "batter": "Q Abel",
              "bowler": "PZ Kamunya",
              "non_striker": "M Ngoche",
              "runs": {
                "batter": 0,
                "extras": 0,
                "total": 0
              }
            }
          ]
        },
        {
          "over": 2,
          "deliveries": [
            {
              "batter": "M Ngoche",
              "bowler": "ZH Saidi",
              "non_striker": "Q Abel",
              "runs": {
                "batter": 4,
                "extras": 0,
                "total": 4
              }
            },
            {
              "batter": "M Ngoche",
              "bowler": "ZH Saidi",
              "non_striker": "Q Abel",
              "runs": {
                "batter": 1,
                "extras": 0,
                "total": 1
              }
            },
            {
              "batter": "Q Abel",
              "bowler": "ZH Saidi",
              "non_striker": "M Ngoche",
              "runs": {
                "batter": 1,
                "extras": 0,
                "total": 1
              }
            },
            {
              "batter": "M Ngoche",
              "bowler": "ZH Saidi",
              "non_striker": "Q Abel",
              "runs": {
                "batter": 4,
                "extras": 0,
                "total": 4
              }
            },
            {
              "batter": "M Ngoche",
              "bowler": "ZH Saidi",
              "non_striker": "Q Abel",
              "runs": {
                "batter": 1,
                "extras": 0,
                "total": 1
              }
            },
            {
              "batter": "Q Abel",
              "bowler": "ZH Saidi",
              "non_striker": "M Ngoche",
              "runs": {
                "batter": 1,
                "extras": 0,
                "total": 1
              }
            }
          ]
        },
        {
          "over": 3,
          "deliveries": [
            {
              "batter": "Q Abel",
              "bowler": "PZ Kamunya",
              "non_striker": "M Ngoche",
              "runs": {
                "batter": 0,
                "extras": 0,
                "total": 0
              }
            },
            {
              "batter": "Q Abel",
              "bowler": "PZ Kamunya",
              "non_striker": "M Ngoche",
              "runs": {
                "batter": 4,
                "extras": 0,
                "total": 4
              }
            },
            {
              "batter": "Q Abel",
              "bowler": "PZ Kamunya",
              "non_striker": "M Ngoche",
              "runs": {
                "batter": 0,
                "extras": 0,
                "total": 0
              }
            },
            {
              "batter": "Q Abel",
              "bowler": "PZ Kamunya",
              "non_striker": "M Ngoche",
              "runs": {
                "batter": 2,
                "extras": 0,
                "total": 2
              }
            },
            {
              "batter": "Q Abel",
              "bowler": "PZ Kamunya",
              "non_striker": "M Ngoche",
              "runs": {
                "batter": 0,
                "extras": 0,
                "total": 0
              }
            },
            {
              "batter": "Q Abel",
              "bowler": "PZ Kamunya",
              "non_striker": "M Ngoche",
              "runs": {
                "batter": 0,
                "extras": 0,
                "total": 0
              }
            }
          ]
        },
        {
          "over": 4,
          "deliveries": [
            {
              "batter": "M Ngoche",
              "bowler": "FO Kibasu",
              "non_striker": "Q Abel",
              "runs": {
                "batter": 0,
                "extras": 0,
                "total": 0
              }
            },
            {
              "batter": "M Ngoche",
              "bowler": "FO Kibasu",
              "non_striker": "Q Abel",
              "runs": {
                "batter": 0,
                "extras": 0,
                "total": 0
              }
            },
            {
              "batter": "M Ngoche",
              "bowler": "FO Kibasu",
              "non_striker": "Q Abel",
              "runs": {
                "batter": 4,
                "extras": 0,
                "total": 4
              }
            },
            {
              "batter": "M Ngoche",
              "bowler": "FO Kibasu",
              "non_striker": "Q Abel",
              "runs": {
                "batter": 1,
                "extras": 0,
                "total": 1
              }
            },
            {
              "batter": "Q Abel",
              "bowler": "FO Kibasu",
              "extras": {
                "wides": 1
              },
              "non_striker": "M Ngoche",
              "runs": {
                "batter": 0,
                "extras": 1,
                "total": 1
              }
            },
            {
              "batter": "Q Abel",
              "bowler": "FO Kibasu",
              "non_striker": "M Ngoche",
              "runs": {
                "batter": 0,
                "extras": 0,
                "total": 0
              },
              "wickets": [
                {
                  "player_out": "Q Abel",
                  "fielders": [
                    {
                      "name": "NJ Pius"
                    }
                  ],
                  "kind": "caught"
                }
              ]
            },
            {
              "batter": "SW Kinyua",
              "bowler": "FO Kibasu",
              "non_striker": "M Ngoche",
              "runs": {
                "batter": 0,
                "extras": 0,
                "total": 0
              }
            }
          ]
        },
        {
          "over": 5,
          "deliveries": [
            {
              "batter": "M Ngoche",
              "bowler": "PZ Kamunya",
              "non_striker": "SW Kinyua",
              "runs": {
                "batter": 0,
                "extras": 0,
                "total": 0
              }
            },
            {
              "batter": "M Ngoche",
              "bowler": "PZ Kamunya",
              "non_striker": "SW Kinyua",
              "runs": {
                "batter": 4,
                "extras": 0,
                "total": 4
              }
            },
            {
              "batter": "M Ngoche",
              "bowler": "PZ Kamunya",
              "non_striker": "SW Kinyua",
              "runs": {
                "batter": 0,
                "extras": 0,
                "total": 0
              }
            },
            {
              "batter": "M Ngoche",
              "bowler": "PZ Kamunya",
              "non_striker": "SW Kinyua",
              "runs": {
                "batter": 4,
                "extras": 0,
                "total": 4
              }
            },
            {
              "batter": "M Ngoche",
              "bowler": "PZ Kamunya",
              "non_striker": "SW Kinyua",
              "runs": {
                "batter": 0,
                "extras": 0,
                "total": 0
              }
            },
            {
              "batter": "M Ngoche",
              "bowler": "PZ Kamunya",
              "non_striker": "SW Kinyua",
              "runs": {
                "batter": 0,
                "extras": 0,
                "total": 0
              }
            }
          ]
        },
        {
          "over": 6,
          "deliveries": [
            {
              "batter": "SW Kinyua",
              "bowler": "FO Kibasu",
              "non_striker": "M Ngoche",
              "runs": {
                "batter": 0,
                "extras": 0,
                "total": 0
              }
            },
            {
              "batter": "SW Kinyua",
              "bowler": "FO Kibasu",
              "non_striker": "M Ngoche",
              "runs": {
                "batter": 0,
                "extras": 0,
                "total": 0
              }
            },
            {
              "batter": "SW Kinyua",
              "bowler": "FO Kibasu",
              "non_striker": "M Ngoche",
              "runs": {
                "batter": 1,
                "extras": 0,
                "total": 1
              }
            },
            {
              "batter": "M Ngoche",
              "bowler": "FO Kibasu",
              "non_striker": "SW Kinyua",
              "runs": {
                "batter": 1,
                "extras": 0,
                "total": 1
              }
            },
            {
              "batter": "SW Kinyua",
              "bowler": "FO Kibasu",
              "non_striker": "M Ngoche",
              "runs": {
                "batter": 1,
                "extras": 0,
                "total": 1
              }
            },
            {
              "batter": "M Ngoche",
              "bowler": "FO Kibasu",
              "non_striker": "SW Kinyua",
              "runs": {
                "batter": 0,
                "extras": 0,
                "total": 0
              },
              "wickets": [
                {
                  "player_out": "M Ngoche",
                  "fielders": [
                    {
                      "name": "ZH Saidi"
                    }
                  ],
                  "kind": "caught"
                }
              ]
            }
          ]
        },
        {
          "over": 7,
          "deliveries": [
            {
              "batter": "SW Kinyua",
              "bowler": "NO Tindo",
              "non_striker": "S Wetoto",
              "runs": {
                "batter": 2,
                "extras": 0,
                "total": 2
              }
            },
            {
              "batter": "SW Kinyua",
              "bowler": "NO Tindo",
              "non_striker": "S Wetoto",
              "runs": {
                "batter": 1,
                "extras": 0,
                "total": 1
              }
            },
            {
              "batter": "S Wetoto",
              "bowler": "NO Tindo",
              "non_striker": "SW Kinyua",
              "runs": {
                "batter": 1,
                "extras": 0,
                "total": 1
              }
            },
            {
              "batter": "SW Kinyua",
              "bowler": "NO Tindo",
              "non_striker": "S Wetoto",
              "runs": {
                "batter": 1,
                "extras": 0,
                "total": 1
              }
            },
            {
              "batter": "S Wetoto",
              "bowler": "NO Tindo",
              "non_striker": "SW Kinyua",
              "runs": {
                "batter": 0,
                "extras": 0,
                "total": 0
              }
            },
            {
              "batter": "S Wetoto",
              "bowler": "NO Tindo",
              "non_striker": "SW Kinyua",
              "runs": {
                "batter": 4,
                "extras": 0,
                "total": 4
              }
            }
          ]
        },
        {
          "over": 8,
          "deliveries": [
            {
              "batter": "SW Kinyua",
              "bowler": "FO Kibasu",
              "non_striker": "S Wetoto",
              "runs": {
                "batter": 1,
                "extras": 0,
                "total": 1
              }
            },
            {
              "batter": "S Wetoto",
              "bowler": "FO Kibasu",
              "non_striker": "SW Kinyua",
              "runs": {
                "batter": 0,
                "extras": 0,
                "total": 0
              },
              "wickets": [
                {
                  "player_out": "SW Kinyua",
                  "kind": "run out"
                }
              ]
            },
            {
              "batter": "E Wachira",
              "bowler": "FO Kibasu",
              "non_striker": "S Wetoto",
              "runs": {
                "batter": 1,
                "extras": 0,
                "total": 1
              }
            },
            {
              "batter": "S Wetoto",
              "bowler": "FO Kibasu",
              "non_striker": "E Wachira",
              "runs": {
                "batter": 0,
                "extras": 0,
                "total": 0
              }
            },
            {
              "batter": "S Wetoto",
              "bowler": "FO Kibasu",
              "non_striker": "E Wachira",
              "runs": {
                "batter": 4,
                "extras": 0,
                "total": 4
              }
            },
            {
              "batter": "S Wetoto",
              "bowler": "FO Kibasu",
              "non_striker": "E Wachira",
              "runs": {
                "batter": 0,
                "extras": 0,
                "total": 0
              }
            }
          ]
        },
        {
          "over": 9,
          "deliveries": [
            {
              "batter": "E Wachira",
              "bowler": "M Pascal",
              "non_striker": "S Wetoto",
              "runs": {
                "batter": 0,
                "extras": 0,
                "total": 0
              }
            },
            {
              "batter": "E Wachira",
              "bowler": "M Pascal",
              "non_striker": "S Wetoto",
              "runs": {
                "batter": 1,
                "extras": 0,
                "total": 1
              }
            },
            {
              "batter": "S Wetoto",
              "bowler": "M Pascal",
              "non_striker": "E Wachira",
              "runs": {
                "batter": 1,
                "extras": 0,
                "total": 1
              }
            },
            {
              "batter": "E Wachira",
              "bowler": "M Pascal",
              "non_striker": "S Wetoto",
              "runs": {
                "batter": 0,
                "extras": 0,
                "total": 0
              }
            },
            {
              "batter": "E Wachira",
              "bowler": "M Pascal",
              "non_striker": "S Wetoto",
              "runs": {
                "batter": 0,
                "extras": 0,
                "total": 0
              }
            },
            {
              "batter": "E Wachira",
              "bowler": "M Pascal",
              "non_striker": "S Wetoto",
              "runs": {
                "batter": 1,
                "extras": 0,
                "total": 1
              }
            }
          ]
        },
        {
          "over": 10,
          "deliveries": [
            {
              "batter": "E Wachira",
              "bowler": "FO Kibasu",
              "non_striker": "S Wetoto",
              "runs": {
                "batter": 0,
                "extras": 0,
                "total": 0
              }
            },
            {
              "batter": "E Wachira",
              "bowler": "FO Kibasu",
              "non_striker": "S Wetoto",
              "runs": {
                "batter": 0,
                "extras": 0,
                "total": 0
              }
            },
            {
              "batter": "E Wachira",
              "bowler": "FO Kibasu",
              "non_striker": "S Wetoto",
              "runs": {
                "batter": 1,
                "extras": 0,
                "total": 1
              }
            },
            {
              "batter": "S Wetoto",
              "bowler": "FO Kibasu",
              "non_striker": "E Wachira",
              "runs": {
                "batter": 0,
                "extras": 0,
                "total": 0
              }
            },
            {
              "batter": "S Wetoto",
              "bowler": "FO Kibasu",
              "non_striker": "E Wachira",
              "runs": {
                "batter": 0,
                "extras": 0,
                "total": 0
              }
            },
            {
              "batter": "S Wetoto",
              "bowler": "FO Kibasu",
              "non_striker": "E Wachira",
              "runs": {
                "batter": 0,
                "extras": 0,
                "total": 0
              }
            }
          ]
        },
        {
          "over": 11,
          "deliveries": [
            {
              "batter": "E Wachira",
              "bowler": "M Pascal",
              "non_striker": "S Wetoto",
              "runs": {
                "batter": 2,
                "extras": 0,
                "total": 2
              }
            },
            {
              "batter": "E Wachira",
              "bowler": "M Pascal",
              "non_striker": "S Wetoto",
              "runs": {
                "batter": 1,
                "extras": 0,
                "total": 1
              }
            },
            {
              "batter": "S Wetoto",
              "bowler": "M Pascal",
              "non_striker": "E Wachira",
              "runs": {
                "batter": 1,
                "extras": 0,
                "total": 1
              }
            },
            {
              "batter": "E Wachira",
              "bowler": "M Pascal",
              "non_striker": "S Wetoto",
              "runs": {
                "batter": 0,
                "extras": 0,
                "total": 0
              },
              "wickets": [
                {
                  "player_out": "E Wachira",
                  "fielders": [
                    {
                      "name": "ZH Saidi"
                    }
                  ],
                  "kind": "caught"
                }
              ]
            },
            {
              "batter": "V Abuga",
              "bowler": "M Pascal",
              "non_striker": "S Wetoto",
              "runs": {
                "batter": 0,
                "extras": 0,
                "total": 0
              }
            },
            {
              "batter": "V Abuga",
              "bowler": "M Pascal",
              "non_striker": "S Wetoto",
              "runs": {
                "batter": 1,
                "extras": 0,
                "total": 1
              }
            }
          ]
        },
        {
          "over": 12,
          "deliveries": [
            {
              "batter": "V Abuga",
              "bowler": "Zinaida Jeremiah",
              "non_striker": "S Wetoto",
              "runs": {
                "batter": 0,
                "extras": 0,
                "total": 0
              }
            },
            {
              "batter": "V Abuga",
              "bowler": "Zinaida Jeremiah",
              "non_striker": "S Wetoto",
              "runs": {
                "batter": 1,
                "extras": 0,
                "total": 1
              }
            },
            {
              "batter": "S Wetoto",
              "bowler": "Zinaida Jeremiah",
              "non_striker": "V Abuga",
              "runs": {
                "batter": 1,
                "extras": 0,
                "total": 1
              },
              "wickets": [
                {
                  "player_out": "V Abuga",
                  "kind": "run out"
                }
              ]
            },
            {
              "batter": "R Achando",
              "bowler": "Zinaida Jeremiah",
              "non_striker": "S Wetoto",
              "runs": {
                "batter": 0,
                "extras": 0,
                "total": 0
              }
            },
            {
              "batter": "R Achando",
              "bowler": "Zinaida Jeremiah",
              "non_striker": "S Wetoto",
              "runs": {
                "batter": 0,
                "extras": 0,
                "total": 0
              }
            },
            {
              "batter": "R Achando",
              "bowler": "Zinaida Jeremiah",
              "non_striker": "S Wetoto",
              "runs": {
                "batter": 0,
                "extras": 0,
                "total": 0
              }
            }
          ]
        },
        {
          "over": 13,
          "deliveries": [
            {
              "batter": "S Wetoto",
              "bowler": "M Pascal",
              "non_striker": "R Achando",
              "runs": {
                "batter": 1,
                "extras": 0,
                "total": 1
              }
            },
            {
              "batter": "R Achando",
              "bowler": "M Pascal",
              "non_striker": "S Wetoto",
              "runs": {
                "batter": 0,
                "extras": 0,
                "total": 0
              }
            },
            {
              "batter": "R Achando",
              "bowler": "M Pascal",
              "non_striker": "S Wetoto",
              "runs": {
                "batter": 1,
                "extras": 0,
                "total": 1
              }
            },
            {
              "batter": "S Wetoto",
              "bowler": "M Pascal",
              "non_striker": "R Achando",
              "runs": {
                "batter": 0,
                "extras": 0,
                "total": 0
              }
            },
            {
              "batter": "S Wetoto",
              "bowler": "M Pascal",
              "non_striker": "R Achando",
              "runs": {
                "batter": 6,
                "extras": 0,
                "total": 6
              }
            },
            {
              "batter": "S Wetoto",
              "bowler": "M Pascal",
              "non_striker": "R Achando",
              "runs": {
                "batter": 0,
                "extras": 0,
                "total": 0
              }
            }
          ]
        },
        {
          "over": 14,
          "deliveries": [
            {
              "batter": "R Achando",
              "bowler": "Zinaida Jeremiah",
              "extras": {
                "legbyes": 1
              },
              "non_striker": "S Wetoto",
              "runs": {
                "batter": 0,
                "extras": 1,
                "total": 1
              }
            },
            {
              "batter": "S Wetoto",
              "bowler": "Zinaida Jeremiah",
              "non_striker": "R Achando",
              "runs": {
                "batter": 0,
                "extras": 0,
                "total": 0
              }
            },
            {
              "batter": "S Wetoto",
              "bowler": "Zinaida Jeremiah",
              "non_striker": "R Achando",
              "runs": {
                "batter": 2,
                "extras": 0,
                "total": 2
              }
            },
            {
              "batter": "S Wetoto",
              "bowler": "Zinaida Jeremiah",
              "non_striker": "R Achando",
              "runs": {
                "batter": 0,
                "extras": 0,
                "total": 0
              },
              "wickets": [
                {
                  "player_out": "S Wetoto",
                  "fielders": [
                    {
                      "name": "SH Mohamedi"
                    }
                  ],
                  "kind": "caught"
                }
              ]
            },
            {
              "batter": "V Ooko",
              "bowler": "Zinaida Jeremiah",
              "non_striker": "R Achando",
              "runs": {
                "batter": 0,
                "extras": 0,
                "total": 0
              }
            },
            {
              "batter": "V Ooko",
              "bowler": "Zinaida Jeremiah",
              "non_striker": "R Achando",
              "runs": {
                "batter": 0,
                "extras": 0,
                "total": 0
              }
            }
          ]
        },
        {
          "over": 15,
          "deliveries": [
            {
              "batter": "R Achando",
              "bowler": "M Pascal",
              "non_striker": "V Ooko",
              "runs": {
                "batter": 0,
                "extras": 0,
                "total": 0
              }
            },
            {
              "batter": "R Achando",
              "bowler": "M Pascal",
              "non_striker": "V Ooko",
              "runs": {
                "batter": 0,
                "extras": 0,
                "total": 0
              }
            },
            {
              "batter": "R Achando",
              "bowler": "M Pascal",
              "non_striker": "V Ooko",
              "runs": {
                "batter": 0,
                "extras": 0,
                "total": 0
              }
            },
            {
              "batter": "R Achando",
              "bowler": "M Pascal",
              "non_striker": "V Ooko",
              "runs": {
                "batter": 1,
                "extras": 0,
                "total": 1
              }
            },
            {
              "batter": "V Ooko",
              "bowler": "M Pascal",
              "non_striker": "R Achando",
              "runs": {
                "batter": 0,
                "extras": 0,
                "total": 0
              }
            },
            {
              "batter": "V Ooko",
              "bowler": "M Pascal",
              "non_striker": "R Achando",
              "runs": {
                "batter": 0,
                "extras": 0,
                "total": 0
              }
            }
          ]
        },
        {
          "over": 16,
          "deliveries": [
            {
              "batter": "R Achando",
              "bowler": "Zinaida Jeremiah",
              "non_striker": "V Ooko",
              "runs": {
                "batter": 0,
                "extras": 0,
                "total": 0
              }
            },
            {
              "batter": "R Achando",
              "bowler": "Zinaida Jeremiah",
              "non_striker": "V Ooko",
              "runs": {
                "batter": 1,
                "extras": 0,
                "total": 1
              }
            },
            {
              "batter": "V Ooko",
              "bowler": "Zinaida Jeremiah",
              "extras": {
                "legbyes": 1
              },
              "non_striker": "R Achando",
              "runs": {
                "batter": 0,
                "extras": 1,
                "total": 1
              }
            },
            {
              "batter": "R Achando",
              "bowler": "Zinaida Jeremiah",
              "non_striker": "V Ooko",
              "runs": {
                "batter": 0,
                "extras": 0,
                "total": 0
              }
            },
            {
              "batter": "R Achando",
              "bowler": "Zinaida Jeremiah",
              "non_striker": "V Ooko",
              "runs": {
                "batter": 0,
                "extras": 0,
                "total": 0
              }
            },
            {
              "batter": "R Achando",
              "bowler": "Zinaida Jeremiah",
              "non_striker": "V Ooko",
              "runs": {
                "batter": 1,
                "extras": 0,
                "total": 1
              }
            }
          ]
        },
        {
          "over": 17,
          "deliveries": [
            {
              "batter": "R Achando",
              "bowler": "NO Tindo",
              "non_striker": "V Ooko",
              "runs": {
                "batter": 0,
                "extras": 0,
                "total": 0
              }
            },
            {
              "batter": "R Achando",
              "bowler": "NO Tindo",
              "non_striker": "V Ooko",
              "runs": {
                "batter": 0,
                "extras": 0,
                "total": 0
              }
            },
            {
              "batter": "R Achando",
              "bowler": "NO Tindo",
              "non_striker": "V Ooko",
              "runs": {
                "batter": 1,
                "extras": 0,
                "total": 1
              }
            },
            {
              "batter": "V Ooko",
              "bowler": "NO Tindo",
              "non_striker": "R Achando",
              "runs": {
                "batter": 0,
                "extras": 0,
                "total": 0
              }
            },
            {
              "batter": "V Ooko",
              "bowler": "NO Tindo",
              "non_striker": "R Achando",
              "runs": {
                "batter": 4,
                "extras": 0,
                "total": 4
              }
            },
            {
              "batter": "V Ooko",
              "bowler": "NO Tindo",
              "non_striker": "R Achando",
              "runs": {
                "batter": 0,
                "extras": 0,
                "total": 0
              },
              "wickets": [
                {
                  "player_out": "V Ooko",
                  "kind": "bowled"
                }
              ]
            }
          ]
        },
        {
          "over": 18,
          "deliveries": [
            {
              "batter": "R Achando",
              "bowler": "Zinaida Jeremiah",
              "non_striker": "E Waithaka",
              "runs": {
                "batter": 0,
                "extras": 0,
                "total": 0
              }
            },
            {
              "batter": "R Achando",
              "bowler": "Zinaida Jeremiah",
              "non_striker": "E Waithaka",
              "runs": {
                "batter": 0,
                "extras": 0,
                "total": 0
              }
            },
            {
              "batter": "R Achando",
              "bowler": "Zinaida Jeremiah",
              "non_striker": "E Waithaka",
              "runs": {
                "batter": 0,
                "extras": 0,
                "total": 0
              }
            },
            {
              "batter": "R Achando",
              "bowler": "Zinaida Jeremiah",
              "non_striker": "E Waithaka",
              "runs": {
                "batter": 0,
                "extras": 0,
                "total": 0
              }
            },
            {
              "batter": "R Achando",
              "bowler": "Zinaida Jeremiah",
              "non_striker": "E Waithaka",
              "runs": {
                "batter": 0,
                "extras": 0,
                "total": 0
              }
            },
            {
              "batter": "R Achando",
              "bowler": "Zinaida Jeremiah",
              "non_striker": "E Waithaka",
              "runs": {
                "batter": 1,
                "extras": 0,
                "total": 1
              }
            }
          ]
        }
      ],
      "powerplays": [
        {
          "from": 0.1,
          "to": 5.6,
          "type": "mandatory"
        }
      ],
      "target": {
        "overs": 20,
        "runs": 88
      }
    }
  ]
}