{
  "meta": {
    "data_version": "1.0.0",
    "created": "2020-10-09",
    "revision": 1
  },
  "info": {
    "balls_per_over": 6,
    "city": "Windhoek",
    "dates": [
      "2017-09-15"
    ],
    "event": {
      "name": "ICC Women's World Twenty20 Qualifying Series Africa Region",
      "stage": "Play-off"
    },
    "gender": "female",
    "match_type": "IT20",
    "officials": {
      "match_referees": [
        "DT Jukes"
      ],
      "reserve_umpires": [
        "Emmanuel Byiringiro"
      ],
      "umpires": [
        "A Louw",
        "JJ Luck"
      ]
    },
    "outcome": {
      "winner": "Uganda",
      "by": {
        "wickets": 5
      }
    },
    "overs": 20,
    "player_of_match": [
      "I Nakisuuyi"
    ],
    "players": {
      "Kenya": [
        "Q Abel",
        "V Abuga",
        "M Ngoche",
        "SW Kinyua",
        "S Wetoto",
        "E Wachira",
        "V Ooko",
        "M Mwangi",
        "R Achando",
        "F Mutua",
        "E Waithaka"
      ],
      "Uganda": [
        "S Kemigisha",
        "R Musamali",
        "NK Bagenda",
        "G Candiru",
        "M Nalule",
        "F Najjumba",
        "I Nakisuuyi",
        "S Nampiina",
        "K Awino",
        "C Namugenyi",
        "C Aweko"
      ]
    },
    "registry": {
      "people": {
        "A Louw": "5eecae5d",
        "C Aweko": "01c1b96c",
        "C Namugenyi": "2085c2f4",
        "DT Jukes": "7c215d14",
        "E Wachira": "f5e70dd4",
        "E Waithaka": "1e4c0204",
        "Emmanuel Byiringiro": "d89c27d1",
        "F Mutua": "8ea8949d",
        "F Najjumba": "791dca18",
        "G Candiru": "fc2150f4",
        "I Nakisuuyi": "2f145a4f",
        "JJ Luck": "85d0d93d",
        "K Awino": "c4e7749a",
        "M Mwangi": "72de0105",
        "M Nalule": "23ba2db7",
        "M Ngoche": "f91abcd6",
        "NK Bagenda": "5926e145",
        "Q Abel": "2e988457",
        "R Achando": "88ea490f",
        "R Musamali": "017cadb2",
        "S Kemigisha": "05026222",
        "S Nampiina": "91d9aa26",
        "S Wetoto": "16301313",
        "SW Kinyua": "86933cde",
        "V Abuga": "1ce58052",
        "V Ooko": "2ae76bf6"
      }
    },
    "season": "2017",
    "team_type": "international",
    "teams": [
      "Kenya",
      "Uganda"
    ],
    "toss": {
      "decision": "field",
      "winner": "Uganda"
    },
    "venue": "Wanderers Cricket Ground"
  },
  "innings": [
    {
      "team": "Kenya",
      "overs": [
        {
          "over": 0,
          "deliveries": [
            {
              "batter": "Q Abel",
              "bowler": "C Namugenyi",
              "extras": {
                "wides": 1
              },
              "non_striker": "V Abuga",
              "runs": {
                "batter": 0,
                "extras": 1,
                "total": 1
              }
            },
            {
              "batter": "Q Abel",
              "bowler": "C Namugenyi",
              "non_striker": "V Abuga",
              "runs": {
                "batter": 0,
                "extras": 0,
                "total": 0
              }
            },
            {
              "batter": "Q Abel",
              "bowler": "C Namugenyi",
              "non_striker": "V Abuga",
              "runs": {
                "batter": 0,
                "extras": 0,
                "total": 0
              }
            },
            {
              "batter": "Q Abel",
              "bowler": "C Namugenyi",
              "non_striker": "V Abuga",
              "runs": {
                "batter": 0,
                "extras": 0,
                "total": 0
              }
            },
            {
              "batter": "Q Abel",
              "bowler": "C Namugenyi",
              "non_striker": "V Abuga",
              "runs": {
                "batter": 0,
                "extras": 0,
                "total": 0
              }
            },
            {
              "batter": "Q Abel",
              "bowler": "C Namugenyi",
              "non_striker": "V Abuga",
              "runs": {
                "batter": 0,
                "extras": 0,
                "total": 0
              }
            },
            {
              "batter": "Q Abel",
              "bowler": "C Namugenyi",
              "non_striker": "V Abuga",
              "runs": {
                "batter": 0,
                "extras": 0,
                "total": 0
              }
            }
          ]
        },
        {
          "over": 1,
          "deliveries": [
            {
              "batter": "V Abuga",
              "bowler": "R Musamali",
              "non_striker": "Q Abel",
              "runs": {
                "batter": 0,
                "extras": 0,
                "total": 0
              }
            },
            {
              "batter": "V Abuga",
              "bowler": "R Musamali",
              "non_striker": "Q Abel",
              "runs": {
                "batter": 0,
                "extras": 0,
                "total": 0
              }
            },
            {
              "batter": "V Abuga",
              "bowler": "R Musamali",
              "non_striker": "Q Abel",
              "runs": {
                "batter": 0,
                "extras": 0,
                "total": 0
              }
            },
            {
              "batter": "V Abuga",
              "bowler": "R Musamali",
              "non_striker": "Q Abel",
              "runs": {
                "batter": 1,
                "extras": 0,
                "total": 1
              }
            },
            {
              "batter": "Q Abel",
              "bowler": "R Musamali",
              "non_striker": "V Abuga",
              "runs": {
                "batter": 0,
                "extras": 0,
                "total": 0
              }
            },
            {
              "batter": "Q Abel",
              "bowler": "R Musamali",
              "non_striker": "V Abuga",
              "runs": {
                "batter": 0,
                "extras": 0,
                "total": 0
              }
            }
          ]
        },
        {
          "over": 2,
          "deliveries": [
            {
              "batter": "V Abuga",
              "bowler": "C Namugenyi",
              "non_striker": "Q Abel",
              "runs": {
                "batter": 0,
                "extras": 0,
                "total": 0
              }
            },
            {
              "batter": "V Abuga",
              "bowler": "C Namugenyi",
              "non_striker": "Q Abel",
              "runs": {
                "batter": 0,
                "extras": 0,
                "total": 0
              }
            },
            {
              "batter": "V Abuga",
              "bowler": "C Namugenyi",
              "non_striker": "Q Abel",
              "runs": {
                "batter": 0,
                "extras": 0,
                "total": 0
              }
            },
            {
              "batter": "V Abuga",
              "bowler": "C Namugenyi",
              "non_striker": "Q Abel",
              "runs": {
                "batter": 1,
                "extras": 0,
                "total": 1
              }
            },
            {
              "batter": "Q Abel",
              "bowler": "C Namugenyi",
              "non_striker": "V Abuga",
              "runs": {
                "batter": 1,
                "extras": 0,
                "total": 1
              }
            },
            {
              "batter": "V Abuga",
              "bowler": "C Namugenyi",
              "non_striker": "Q Abel",
              "runs": {
                "batter": 1,
                "extras": 0,
                "total": 1
              }
            }
          ]
        },
        {
          "over": 3,
          "deliveries": [
            {
              "batter": "V Abuga",
              "bowler": "R Musamali",
              "non_striker": "Q Abel",
              "runs": {
                "batter": 0,
                "extras": 0,
                "total": 0
              }
            },
            {
              "batter": "V Abuga",
              "bowler": "R Musamali",
              "extras": {
                "wides": 1
              },
              "non_striker": "Q Abel",
              "runs": {
                "batter": 0,
                "extras": 1,
                "total": 1
              }
            },
            {
              "batter": "V Abuga",
              "bowler": "R Musamali",
              "extras": {
                "byes": 1
              },
              "non_striker": "Q Abel",
              "runs": {
                "batter": 0,
                "extras": 1,
                "total": 1
              }
            },
            {
              "batter": "Q Abel",
              "bowler": "R Musamali",
              "non_striker": "V Abuga",
              "runs": {
                "batter": 6,
                "extras": 0,
                "total": 6
              }
            },
            {
              "batter": "Q Abel",
              "bowler": "R Musamali",
              "non_striker": "V Abuga",
              "runs": {
                "batter": 1,
                "extras": 0,
                "total": 1
              }
            },
            {
              "batter": "V Abuga",
              "bowler": "R Musamali",
              "non_striker": "Q Abel",
              "runs": {
                "batter": 0,
                "extras": 0,
                "total": 0
              }
            },
            {
              "batter": "V Abuga",
              "bowler": "R Musamali",
              "non_striker": "Q Abel",
              "runs": {
                "batter": 0,
                "extras": 0,
                "total": 0
              }
            }
          ]
        },
        {
          "over": 4,
          "deliveries": [
            {
              "batter": "Q Abel",
              "bowler": "F Najjumba",
              "non_striker": "V Abuga",
              "runs": {
                "batter": 0,
                "extras": 0,
                "total": 0
              }
            },
            {
              "batter": "Q Abel",
              "bowler": "F Najjumba",
              "non_striker": "V Abuga",
              "runs": {
                "batter": 1,
                "extras": 0,
                "total": 1
              }
            },
            {
              "batter": "V Abuga",
              "bowler": "F Najjumba",
              "non_striker": "Q Abel",
              "runs": {
                "batter": 0,
                "extras": 0,
                "total": 0
              }
            },
            {
              "batter": "V Abuga",
              "bowler": "F Najjumba",
              "non_striker": "Q Abel",
              "runs": {
                "batter": 2,
                "extras": 0,
                "total": 2
              }
            },
            {
              "batter": "V Abuga",
              "bowler": "F Najjumba",
              "non_striker": "Q Abel",
              "runs": {
                "batter": 0,
                "extras": 0,
                "total": 0
              }
            },
            {
              "batter": "V Abuga",
              "bowler": "F Najjumba",
              "non_striker": "Q Abel",
              "runs": {
                "batter": 2,
                "extras": 0,
                "total": 2
              }
            }
          ]
        },
        {
          "over": 5,
          "deliveries": [
            {
              "batter": "Q Abel",
              "bowler": "C Aweko",
              "non_striker": "V Abuga",
              "runs": {
                "batter": 0,
                "extras": 0,
                "total": 0
              }
            },
            {
              "batter": "Q Abel",
              "bowler": "C Aweko",
              "non_striker": "V Abuga",
              "runs": {
                "batter": 0,
                "extras": 0,
                "total": 0
              }
            },
            {
              "batter": "Q Abel",
              "bowler": "C Aweko",
              "non_striker": "V Abuga",
              "runs": {
                "batter": 1,
                "extras": 0,
                "total": 1
              }
            },
            {
              "batter": "V Abuga",
              "bowler": "C Aweko",
              "extras": {
                "wides": 1
              },
              "non_striker": "Q Abel",
              "runs": {
                "batter": 0,
                "extras": 1,
                "total": 1
              }
            },
            {
              "batter": "V Abuga",
              "bowler": "C Aweko",
              "non_striker": "Q Abel",
              "runs": {
                "batter": 0,
                "extras": 0,
                "total": 0
              }
            },
            {
              "batter": "V Abuga",
              "bowler": "C Aweko",
              "non_striker": "Q Abel",
              "runs": {
                "batter": 0,
                "extras": 0,
                "total": 0
              }
            },
            {
              "batter": "V Abuga",
              "bowler": "C Aweko",
              "non_striker": "Q Abel",
              "runs": {
                "batter": 0,
                "extras": 0,
                "total": 0
              }
            }
          ]
        },
        {
          "over": 6,
          "deliveries": [
            {
              "batter": "Q Abel",
              "bowler": "F Najjumba",
              "non_striker": "V Abuga",
              "runs": {
                "batter": 4,
                "extras": 0,
                "total": 4
              }
            },
            {
              "batter": "Q Abel",
              "bowler": "F Najjumba",
              "non_striker": "V Abuga",
              "runs": {
                "batter": 1,
                "extras": 0,
                "total": 1
              }
            },
            {
              "batter": "V Abuga",
              "bowler": "F Najjumba",
              "non_striker": "Q Abel",
              "runs": {
                "batter": 1,
                "extras": 0,
                "total": 1
              }
            },
            {
              "batter": "Q Abel",
              "bowler": "F Najjumba",
              "non_striker": "V Abuga",
              "runs": {
                "batter": 4,
                "extras": 0,
                "total": 4
              }
            },
            {
              "batter": "Q Abel",
              "bowler": "F Najjumba",
              "non_striker": "V Abuga",
              "runs": {
                "batter": 1,
                "extras": 0,
                "total": 1
              }
            },
            {
              "batter": "V Abuga",
              "bowler": "F Najjumba",
              "non_striker": "Q Abel",
              "runs": {
                "batter": 0,
                "extras": 0,
                "total": 0
              }
            }
          ]
        },
        {
          "over": 7,
          "deliveries": [
            {
              "batter": "Q Abel",
              "bowler": "C Aweko",
              "non_striker": "V Abuga",
              "runs": {
                "batter": 1,
                "extras": 0,
                "total": 1
              }
            },
            {
              "batter": "V Abuga",
              "bowler": "C Aweko",
              "non_striker": "Q Abel",
              "runs": {
                "batter": 0,
                "extras": 0,
                "total": 0
              }
            },
            {
              "batter": "V Abuga",
              "bowler": "C Aweko",
              "non_striker": "Q Abel",
              "runs": {
                "batter": 0,
                "extras": 0,
                "total": 0
              },
              "wickets": [
                {
                  "player_out": "V Abuga",
                  "kind": "bowled"
                }
              ]
            },
            {
              "batter": "M Ngoche",
              "bowler": "C Aweko",
              "non_striker": "Q Abel",
              "runs": {
                "batter": 1,
                "extras": 0,
                "total": 1
              }
            },
            {
              "batter": "Q Abel",
              "bowler": "C Aweko",
              "non_striker": "M Ngoche",
              "runs": {
                "batter": 0,
                "extras": 0,
                "total": 0
              }
            },
            {
              "batter": "Q Abel",
              "bowler": "C Aweko",
              "non_striker": "M Ngoche",
              "runs": {
                "batter": 0,
                "extras": 0,
                "total": 0
              }
            }
          ]
        },
        {
          "over": 8,
          "deliveries": [
            {
              "batter": "M Ngoche",
              "bowler": "G Candiru",
              "non_striker": "Q Abel",
              "runs": {
                "batter": 0,
                "extras": 0,
                "total": 0
              }
            },
            {
              "batter": "M Ngoche",
              "bowler": "G Candiru",
              "non_striker": "Q Abel",
              "runs": {
                "batter": 0,
                "extras": 0,
                "total": 0
              }
            },
            {
              "batter": "M Ngoche",
              "bowler": "G Candiru",
              "non_striker": "Q Abel",
              "runs": {
                "batter": 0,
                "extras": 0,
                "total": 0
              }
            },
            {
              "batter": "M Ngoche",
              "bowler": "G Candiru",
              "non_striker": "Q Abel",
              "runs": {
                "batter": 1,
                "extras": 0,
                "total": 1
              }
            },
            {
              "batter": "Q Abel",
              "bowler": "G Candiru",
              "non_striker": "M Ngoche",
              "runs": {
                "batter": 0,
                "extras": 0,
                "total": 0
              }
            },
            {
              "batter": "Q Abel",
              "bowler": "G Candiru",
              "non_striker": "M Ngoche",
              "runs": {
                "batter": 2,
                "extras": 0,
                "total": 2
              }
            }
          ]
        },
        {
          "over": 9,
          "deliveries": [
            {
              "batter": "M Ngoche",
              "bowler": "C Aweko",
              "non_striker": "Q Abel",
              "runs": {
                "batter": 0,
                "extras": 0,
                "total": 0
              }
            },
            {
              "batter": "M Ngoche",
              "bowler": "C Aweko",
              "non_striker": "Q Abel",
              "runs": {
                "batter": 0,
                "extras": 0,
                "total": 0
              }
            },
            {
              "batter": "M Ngoche",
              "bowler": "C Aweko",
              "non_striker": "Q Abel",
              "runs": {
                "batter": 4,
                "extras": 0,
                "total": 4
              }
            },
            {
              "batter": "M Ngoche",
              "bowler": "C Aweko",
              "non_striker": "Q Abel",
              "runs": {
                "batter": 0,
                "extras": 0,
                "total": 0
              }
            },
            {
              "batter": "M Ngoche",
              "bowler": "C Aweko",
              "non_striker": "Q Abel",
              "runs": {
                "batter": 1,
                "extras": 0,
                "total": 1
              }
            },
            {
              "batter": "Q Abel",
              "bowler": "C Aweko",
              "non_striker": "M Ngoche",
              "runs": {
                "batter": 0,
                "extras": 0,
                "total": 0
              }
            }
          ]
        },
        {
          "over": 10,
          "deliveries": [
            {
              "batter": "M Ngoche",
              "bowler": "G Candiru",
              "non_striker": "Q Abel",
              "runs": {
                "batter": 0,
                "extras": 0,
                "total": 0
              }
            },
            {
              "batter": "M Ngoche",
              "bowler": "G Candiru",
              "non_striker": "Q Abel",
              "runs": {
                "batter": 1,
                "extras": 0,
                "total": 1
              }
            },
            {
              "batter": "Q Abel",
              "bowler": "G Candiru",
              "non_striker": "M Ngoche",
              "runs": {
                "batter": 1,
                "extras": 0,
                "total": 1
              }
            },
            {
              "batter": "M Ngoche",
              "bowler": "G Candiru",
              "non_striker": "Q Abel",
              "runs": {
                "batter": 0,
                "extras": 0,
                "total": 0
              },
              "wickets": [
                {
                  "player_out": "M Ngoche",
                  "kind": "bowled"
                }
              ]
            },
            {
              "batter": "SW Kinyua",
              "bowler": "G Candiru",
              "non_striker": "Q Abel",
              "runs": {
                "batter": 0,
                "extras": 0,
                "total": 0
              }
            },
            {
              "batter": "SW Kinyua",
              "bowler": "G Candiru",
              "non_striker": "Q Abel",
              "runs": {
                "batter": 0,
                "extras": 0,
                "total": 0
              }
            }
          ]
        },
        {
          "over": 11,
          "deliveries": [
            {
              "batter": "Q Abel",
              "bowler": "C Aweko",
              "non_striker": "SW Kinyua",
              "runs": {
                "batter": 0,
                "extras": 0,
                "total": 0
              }
            },
            {
              "batter": "Q Abel",
              "bowler": "C Aweko",
              "extras": {
                "wides": 1
              },
              "non_striker": "SW Kinyua",
              "runs": {
                "batter": 0,
                "extras": 1,
                "total": 1
              }
            },
            {
              "batter": "Q Abel",
              "bowler": "C Aweko",
              "non_striker": "SW Kinyua",
              "runs": {
                "batter": 1,
                "extras": 0,
                "total": 1
              }
            },
            {
              "batter": "SW Kinyua",
              "bowler": "C Aweko",
              "non_striker": "Q Abel",
              "runs": {
                "batter": 1,
                "extras": 0,
                "total": 1
              }
            },
            {
              "batter": "Q Abel",
              "bowler": "C Aweko",
              "non_striker": "SW Kinyua",
              "runs": {
                "batter": 0,
                "extras": 0,
                "total": 0
              }
            },
            {
              "batter": "Q Abel",
              "bowler": "C Aweko",
              "non_striker": "SW Kinyua",
              "runs": {
                "batter": 0,
                "extras": 0,
                "total": 0
              }
            },
            {
              "batter": "Q Abel",
              "bowler": "C Aweko",
              "non_striker": "SW Kinyua",
              "runs": {
                "batter": 0,
                "extras": 0,
                "total": 0
              }
            }
          ]
        },
        {
          "over": 12,
          "deliveries": [
            {
              "batter": "SW Kinyua",
              "bowler": "G Candiru",
              "non_striker": "Q Abel",
              "runs": {
                "batter": 0,
                "extras": 0,
                "total": 0
              },
              "wickets": [
                {
                  "player_out": "SW Kinyua",
                  "kind": "bowled"
                }
              ]
            },
            {
              "batter": "S Wetoto",
              "bowler": "G Candiru",
              "non_striker": "Q Abel",
              "runs": {
                "batter": 1,
                "extras": 0,
                "total": 1
              }
            },
            {
              "batter": "Q Abel",
              "bowler": "G Candiru",
              "non_striker": "S Wetoto",
              "runs": {
                "batter": 0,
                "extras": 0,
                "total": 0
              }
            },
            {
              "batter": "Q Abel",
              "bowler": "G Candiru",
              "non_striker": "S Wetoto",
              "runs": {
                "batter": 1,
                "extras": 0,
                "total": 1
              }
            },
            {
              "batter": "S Wetoto",
              "bowler": "G Candiru",
              "non_striker": "Q Abel",
              "runs": {
                "batter": 0,
                "extras": 0,
                "total": 0
              }
            },
            {
              "batter": "S Wetoto",
              "bowler": "G Candiru",
              "non_striker": "Q Abel",
              "runs": {
                "batter": 4,
                "extras": 0,
                "total": 4
              }
            }
          ]
        },
        {
          "over": 13,
          "deliveries": [
            {
              "batter": "Q Abel",
              "bowler": "S Nampiina",
              "non_striker": "S Wetoto",
              "runs": {
                "batter": 1,
                "extras": 0,
                "total": 1
              }
            },
            {
              "batter": "S Wetoto",
              "bowler": "S Nampiina",
              "non_striker": "Q Abel",
              "runs": {
                "batter": 0,
                "extras": 0,
                "total": 0
              }
            },
            {
              "batter": "S Wetoto",
              "bowler": "S Nampiina",
              "non_striker": "Q Abel",
              "runs": {
                "batter": 1,
                "extras": 0,
                "total": 1
              }
            },
            {
              "batter": "Q Abel",
              "bowler": "S Nampiina",
              "non_striker": "S Wetoto",
              "runs": {
                "batter": 0,
                "extras": 0,
                "total": 0
              }
            },
            {
              "batter": "Q Abel",
              "bowler": "S Nampiina",
              "non_striker": "S Wetoto",
              "runs": {
                "batter": 0,
                "extras": 0,
                "total": 0
              }
            },
            {
              "batter": "Q Abel",
              "bowler": "S Nampiina",
              "non_striker": "S Wetoto",
              "runs": {
                "batter": 0,
                "extras": 0,
                "total": 0
              }
            }
          ]
        },
        {
          "over": 14,
          "deliveries": [
            {
              "batter": "S Wetoto",
              "bowler": "G Candiru",
              "non_striker": "Q Abel",
              "runs": {
                "batter": 4,
                "extras": 0,
                "total": 4
              }
            },
            {
              "batter": "S Wetoto",
              "bowler": "G Candiru",
              "non_striker": "Q Abel",
              "runs": {
                "batter": 0,
                "extras": 0,
                "total": 0
              }
            },
            {
              "batter": "S Wetoto",
              "bowler": "G Candiru",
              "non_striker": "Q Abel",
              "runs": {
                "batter": 0,
                "extras": 0,
                "total": 0
              }
            },
            {
              "batter": "S Wetoto",
              "bowler": "G Candiru",
              "non_striker": "Q Abel",
              "runs": {
                "batter": 1,
                "extras": 0,
                "total": 1
              }
            },
            {
              "batter": "Q Abel",
              "bowler": "G Candiru",
              "non_striker": "S Wetoto",
              "runs": {
                "batter": 1,
                "extras": 0,
                "total": 1
              }
            },
            {
              "batter": "S Wetoto",
              "bowler": "G Candiru",
              "non_striker": "Q Abel",
              "runs": {
                "batter": 1,
                "extras": 0,
                "total": 1
              }
            }
          ]
        },
        {
          "over": 15,
          "deliveries": [
            {
              "batter": "S Wetoto",
              "bowler": "S Nampiina",
              "extras": {
                "wides": 1
              },
              "non_striker": "Q Abel",
              "runs": {
                "batter": 0,
                "extras": 1,
                "total": 1
              }
            },
            {
              "batter": "S Wetoto",
              "bowler": "S Nampiina",
              "non_striker": "Q Abel",
              "runs": {
                "batter": 4,
                "extras": 0,
                "total": 4
              }
            },
            {
              "batter": "S Wetoto",
              "bowler": "S Nampiina",
              "non_striker": "Q Abel",
              "runs": {
                "batter": 1,
                "extras": 0,
                "total": 1
              }
            },
            {
              "batter": "Q Abel",
              "bowler": "S Nampiina",
              "non_striker": "S Wetoto",
              "runs": {
                "batter": 0,
                "extras": 0,
                "total": 0
              }
            },
            {
              "batter": "Q Abel",
              "bowler": "S Nampiina",
              "non_striker": "S Wetoto",
              "runs": {
                "batter": 0,
                "extras": 0,
                "total": 0
              }
            },
            {
              "batter": "Q Abel",
              "bowler": "S Nampiina",
              "non_striker": "S Wetoto",
              "runs": {
                "batter": 0,
                "extras": 0,
                "total": 0
              }
            },
            {
              "batter": "Q Abel",
              "bowler": "S Nampiina",
              "non_striker": "S Wetoto",
              "runs": {
                "batter": 0,
                "extras": 0,
                "total": 0
              }
            }
          ]
        },
        {
          "over": 16,
          "deliveries": [
            {
              "batter": "S Wetoto",
              "bowler": "C Namugenyi",
              "non_striker": "Q Abel",
              "runs": {
                "batter": 0,
                "extras": 0,
                "total": 0
              }
            },
            {
              "batter": "S Wetoto",
              "bowler": "C Namugenyi",
              "non_striker": "Q Abel",
              "runs": {
                "batter": 1,
                "extras": 0,
                "total": 1
              }
            },
            {
              "batter": "Q Abel",
              "bowler": "C Namugenyi",
              "non_striker": "S Wetoto",
              "runs": {
                "batter": 4,
                "extras": 0,
                "total": 4
              }
            },
            {
              "batter": "Q Abel",
              "bowler": "C Namugenyi",
              "non_striker": "S Wetoto",
              "runs": {
                "batter": 0,
                "extras": 0,
                "total": 0
              }
            },
            {
              "batter": "Q Abel",
              "bowler": "C Namugenyi",
              "non_striker": "S Wetoto",
              "runs": {
                "batter": 1,
                "extras": 0,
                "total": 1
              }
            },
            {
              "batter": "S Wetoto",
              "bowler": "C Namugenyi",
              "extras": {
                "legbyes": 1
              },
              "non_striker": "Q Abel",
              "runs": {
                "batter": 0,
                "extras": 1,
                "total": 1
              }
            }
          ]
        },
        {
          "over": 17,
          "deliveries": [
            {
              "batter": "S Wetoto",
              "bowler": "S Nampiina",
              "non_striker": "Q Abel",
              "runs": {
                "batter": 3,
                "extras": 0,
                "total": 3
              }
            },
            {
              "batter": "Q Abel",
              "bowler": "S Nampiina",
              "extras": {
                "wides": 3
              },
              "non_striker": "S Wetoto",
              "runs": {
                "batter": 0,
                "extras": 3,
                "total": 3
              }
            },
            {
              "batter": "Q Abel",
              "bowler": "S Nampiina",
              "non_striker": "S Wetoto",
              "runs": {
                "batter": 0,
                "extras": 0,
                "total": 0
              }
            },
            {
              "batter": "Q Abel",
              "bowler": "S Nampiina",
              "non_striker": "S Wetoto",
              "runs": {
                "batter": 0,
                "extras": 0,
                "total": 0
              }
            },
            {
              "batter": "Q Abel",
              "bowler": "S Nampiina",
              "non_striker": "S Wetoto",
              "runs": {
                "batter": 1,
                "extras": 0,
                "total": 1
              }
            },
            {
              "batter": "S Wetoto",
              "bowler": "S Nampiina",
              "non_striker": "Q Abel",
              "runs": {
                "batter": 0,
                "extras": 0,
                "total": 0
              }
            },
            {
              "batter": "S Wetoto",
              "bowler": "S Nampiina",
              "non_striker": "Q Abel",
              "runs": {
                "batter": 1,
                "extras": 0,
                "total": 1
              }
            }
          ]
        },
        {
          "over": 18,
          "deliveries": [
            {
              "batter": "S Wetoto",
              "bowler": "R Musamali",
              "non_striker": "Q Abel",
              "runs": {
                "batter": 2,
                "extras": 0,
                "total": 2
              }
            },
            {
              "batter": "S Wetoto",
              "bowler": "R Musamali",
              "non_striker": "Q Abel",
              "runs": {
                "batter": 1,
                "extras": 0,
                "total": 1
              }
            },
            {
              "batter": "Q Abel",
              "bowler": "R Musamali",
              "non_striker": "S Wetoto",
              "runs": {
                "batter": 1,
                "extras": 0,
                "total": 1
              }
            },
            {
              "batter": "S Wetoto",
              "bowler": "R Musamali",
              "non_striker": "Q Abel",
              "runs": {
                "batter": 0,
                "extras": 0,
                "total": 0
              },
              "wickets": [
                {
                  "player_out": "S Wetoto",
                  "fielders": [
                    {
                      "name": "M Nalule"
                    }
                  ],
                  "kind": "caught"
                }
              ]
            },
            {
              "batter": "Q Abel",
              "bowler": "R Musamali",
              "non_striker": "E Wachira",
              "runs": {
                "batter": 0,
                "extras": 0,
                "total": 0
              },
              "wickets": [
                {
                  "player_out": "E Wachira",
                  "kind": "run out"
                }
              ]
            },
            {
              "batter": "V Ooko",
              "bowler": "R Musamali",
              "non_striker": "Q Abel",
              "runs": {
                "batter": 0,
                "extras": 0,
                "total": 0
              }
            }
          ]
        },
        {
          "over": 19,
          "deliveries": [
            {
              "batter": "Q Abel",
              "bowler": "S Nampiina",
              "non_striker": "V Ooko",
              "runs": {
                "batter": 0,
                "extras": 0,
                "total": 0
              }
            },
            {
              "batter": "Q Abel",
              "bowler": "S Nampiina",
              "non_striker": "V Ooko",
              "runs": {
                "batter": 0,
                "extras": 0,
                "total": 0
              }
            },
            {
              "batter": "Q Abel",
              "bowler": "S Nampiina",
              "non_striker": "V Ooko",
              "runs": {
                "batter": 1,
                "extras": 0,
                "total": 1
              }
            },
            {
              "batter": "V Ooko",
              "bowler": "S Nampiina",
              "extras": {
                "legbyes": 1
              },
              "non_striker": "Q Abel",
              "runs": {
                "batter": 0,
                "extras": 1,
                "total": 1
              }
            },
            {
              "batter": "Q Abel",
              "bowler": "S Nampiina",
              "non_striker": "V Ooko",
              "runs": {
                "batter": 0,
                "extras": 0,
                "total": 0
              }
            },
            {
              "batter": "Q Abel",
              "bowler": "S Nampiina",
              "non_striker": "V Ooko",
              "runs": {
                "batter": 0,
                "extras": 0,
                "total": 0
              }
            }
          ]
        }
      ],
      "powerplays": [
        {
          "from": 0.1,
          "to": 5.7,
          "type": "mandatory"
        }
      ]
    },
    {
      "team": "Uganda",
      "overs": [
        {
          "over": 0,
          "deliveries": [
            {
              "batter": "S Kemigisha",
              "bowler": "V Ooko",
              "extras": {
                "wides": 1
              },
              "non_striker": "R Musamali",
              "runs": {
                "batter": 0,
                "extras": 1,
                "total": 1
              }
            },
            {
              "batter": "S Kemigisha",
              "bowler": "V Ooko",
              "non_striker": "R Musamali",
              "runs": {
                "batter": 0,
                "extras": 0,
                "total": 0
              }
            },
            {
              "batter": "S Kemigisha",
              "bowler": "V Ooko",
              "non_striker": "R Musamali",
              "runs": {
                "batter": 0,
                "extras": 0,
                "total": 0
              },
              "wickets": [
                {
                  "player_out": "S Kemigisha",
                  "fielders": [
                    {
                      "name": "R Achando"
                    }
                  ],
                  "kind": "caught"
                }
              ]
            },
            {
              "batter": "NK Bagenda",
              "bowler": "V Ooko",
              "non_striker": "R Musamali",
              "runs": {
                "batter": 0,
                "extras": 0,
                "total": 0
              }
            },
            {
              "batter": "NK Bagenda",
              "bowler": "V Ooko",
              "non_striker": "R Musamali",
              "runs": {
                "batter": 0,
                "extras": 0,
                "total": 0
              }
            },
            {
              "batter": "NK Bagenda",
              "bowler": "V Ooko",
              "non_striker": "R Musamali",
              "runs": {
                "batter": 4,
                "extras": 0,
                "total": 4
              }
            },
            {
              "batter": "NK Bagenda",
              "bowler": "V Ooko",
              "non_striker": "R Musamali",
              "runs": {
                "batter": 0,
                "extras": 0,
                "total": 0
              }
            }
          ]
        },
        {
          "over": 1,
          "deliveries": [
            {
              "batter": "R Musamali",
              "bowler": "M Ngoche",
              "extras": {
                "byes": 1
              },
              "non_striker": "NK Bagenda",
              "runs": {
                "batter": 0,
                "extras": 1,
                "total": 1
              }
            },
            {
              "batter": "NK Bagenda",
              "bowler": "M Ngoche",
              "non_striker": "R Musamali",
              "runs": {
                "batter": 0,
                "extras": 0,
                "total": 0
              }
            },
            {
              "batter": "NK Bagenda",
              "bowler": "M Ngoche",
              "non_striker": "R Musamali",
              "runs": {
                "batter": 0,
                "extras": 0,
                "total": 0
              }
            },
            {
              "batter": "NK Bagenda",
              "bowler": "M Ngoche",
              "non_striker": "R Musamali",
              "runs": {
                "batter": 0,
                "extras": 0,
                "total": 0
              }
            },
            {
              "batter": "NK Bagenda",
              "bowler": "M Ngoche",
              "non_striker": "R Musamali",
              "runs": {
                "batter": 0,
                "extras": 0,
                "total": 0
              }
            },
            {
              "batter": "NK Bagenda",
              "bowler": "M Ngoche",
              "extras": {
                "legbyes": 2
              },
              "non_striker": "R Musamali",
              "runs": {
                "batter": 0,
                "extras": 2,
                "total": 2
              }
            }
          ]
        },
        {
          "over": 2,
          "deliveries": [
            {
              "batter": "R Musamali",
              "bowler": "V Ooko",
              "non_striker": "NK Bagenda",
              "runs": {
                "batter": 0,
                "extras": 0,
                "total": 0
              }
            },
            {
              "batter": "R Musamali",
              "bowler": "V Ooko",
              "non_striker": "NK Bagenda",
              "runs": {
                "batter": 1,
                "extras": 0,
                "total": 1
              }
            },
            {
              "batter": "NK Bagenda",
              "bowler": "V Ooko",
              "non_striker": "R Musamali",
              "runs": {
                "batter": 0,
                "extras": 0,
                "total": 0
              }
            },
            {
              "batter": "NK Bagenda",
              "bowler": "V Ooko",
              "non_striker": "R Musamali",
              "runs": {
                "batter": 1,
                "extras": 0,
                "total": 1
              }
            },
            {
              "batter": "R Musamali",
              "bowler": "V Ooko",
              "non_striker": "NK Bagenda",
              "runs": {
                "batter": 0,
                "extras": 0,
                "total": 0
              }
            },
            {
              "batter": "R Musamali",
              "bowler": "V Ooko",
              "non_striker": "NK Bagenda",
              "runs": {
                "batter": 0,
                "extras": 0,
                "total": 0
              }
            }
          ]
        },
        {
          "over": 3,
          "deliveries": [
            {
              "batter": "NK Bagenda",
              "bowler": "M Ngoche",
              "non_striker": "R Musamali",
              "runs": {
                "batter": 0,
                "extras": 0,
                "total": 0
              }
            },
            {
              "batter": "NK Bagenda",
              "bowler": "M Ngoche",
              "non_striker": "R Musamali",
              "runs": {
                "batter": 0,
                "extras": 0,
                "total": 0
              }
            },
            {
              "batter": "NK Bagenda",
              "bowler": "M Ngoche",
              "non_striker": "R Musamali",
              "runs": {
                "batter": 0,
                "extras": 0,
                "total": 0
              }
            },
            {
              "batter": "NK Bagenda",
              "bowler": "M Ngoche",
              "non_striker": "R Musamali",
              "runs": {
                "batter": 0,
                "extras": 0,
                "total": 0
              },
              "wickets": [
                {
                  "player_out": "NK Bagenda",
                  "kind": "run out"
                }
              ]
            },
            {
              "batter": "R Musamali",
              "bowler": "M Ngoche",
              "non_striker": "G Candiru",
              "runs": {
                "batter": 0,
                "extras": 0,
                "total": 0
              }
            },
            {
              "batter": "R Musamali",
              "bowler": "M Ngoche",
              "extras": {
                "wides": 1
              },
              "non_striker": "G Candiru",
              "runs": {
                "batter": 0,
                "extras": 1,
                "total": 1
              }
            },
            {
              "batter": "R Musamali",
              "bowler": "M Ngoche",
              "extras": {
                "wides": 1
              },
              "non_striker": "G Candiru",
              "runs": {
                "batter": 0,
                "extras": 1,
                "total": 1
              }
            },
            {
              "batter": "R Musamali",
              "bowler": "M Ngoche",
              "non_striker": "G Candiru",
              "runs": {
                "batter": 4,
                "extras": 0,
                "total": 4
              }
            }
          ]
        },
        {
          "over": 4,
          "deliveries": [
            {
              "batter": "G Candiru",
              "bowler": "V Ooko",
              "non_striker": "R Musamali",
              "runs": {
                "batter": 0,
                "extras": 0,
                "total": 0
              }
            },
            {
              "batter": "G Candiru",
              "bowler": "V Ooko",
              "non_striker": "R Musamali",
              "runs": {
                "batter": 4,
                "extras": 0,
                "total": 4
              }
            },
            {
              "batter": "G Candiru",
              "bowler": "V Ooko",
              "non_striker": "R Musamali",
              "runs": {
                "batter": 1,
                "extras": 0,
                "total": 1
              }
            },
            {
              "batter": "R Musamali",
              "bowler": "V Ooko",
              "non_striker": "G Candiru",
              "runs": {
                "batter": 0,
                "extras": 0,
                "total": 0
              }
            },
            {
              "batter": "R Musamali",
              "bowler": "V Ooko",
              "non_striker": "G Candiru",
              "runs": {
                "batter": 0,
                "extras": 0,
                "total": 0
              }
            },
            {
              "batter": "R Musamali",
              "bowler": "V Ooko",
              "extras": {
                "wides": 1
              },
              "non_striker": "G Candiru",
              "runs": {
                "batter": 0,
                "extras": 1,
                "total": 1
              }
            },
            {
              "batter": "R Musamali",
              "bowler": "V Ooko",
              "non_striker": "G Candiru",
              "runs": {
                "batter": 0,
                "extras": 0,
                "total": 0
              }
            }
          ]
        },
        {
          "over": 5,
          "deliveries": [
            {
              "batter": "G Candiru",
              "bowler": "M Ngoche",
              "non_striker": "R Musamali",
              "runs": {
                "batter": 1,
                "extras": 0,
                "total": 1
              }
            },
            {
              "batter": "R Musamali",
              "bowler": "M Ngoche",
              "non_striker": "G Candiru",
              "runs": {
                "batter": 1,
                "extras": 0,
                "total": 1
              }
            },
            {
              "batter": "G Candiru",
              "bowler": "M Ngoche",
              "non_striker": "R Musamali",
              "runs": {
                "batter": 0,
                "extras": 0,
                "total": 0
              }
            },
            {
              "batter": "G Candiru",
              "bowler": "M Ngoche",
              "non_striker": "R Musamali",
              "runs": {
                "batter": 0,
                "extras": 0,
                "total": 0
              }
            },
            {
              "batter": "G Candiru",
              "bowler": "M Ngoche",
              "non_striker": "R Musamali",
              "runs": {
                "batter": 0,
                "extras": 0,
                "total": 0
              }
            },
            {
              "batter": "G Candiru",
              "bowler": "M Ngoche",
              "non_striker": "R Musamali",
              "runs": {
                "batter": 0,
                "extras": 0,
                "total": 0
              }
            }
          ]
        },
        {
          "over": 6,
          "deliveries": [
            {
              "batter": "R Musamali",
              "bowler": "S Wetoto",
              "non_striker": "G Candiru",
              "runs": {
                "batter": 1,
                "extras": 0,
                "total": 1
              }
            },
            {
              "batter": "G Candiru",
              "bowler": "S Wetoto",
              "non_striker": "R Musamali",
              "runs": {
                "batter": 0,
                "extras": 0,
                "total": 0
              }
            },
            {
              "batter": "G Candiru",
              "bowler": "S Wetoto",
              "non_striker": "R Musamali",
              "runs": {
                "batter": 0,
                "extras": 0,
                "total": 0
              }
            },
            {
              "batter": "G Candiru",
              "bowler": "S Wetoto",
              "extras": {
                "noballs": 1
              },
              "non_striker": "R Musamali",
              "runs": {
                "batter": 0,
                "extras": 1,
                "total": 1
              }
            },
            {
              "batter": "G Candiru",
              "bowler": "S Wetoto",
              "non_striker": "R Musamali",
              "runs": {
                "batter": 0,
                "extras": 0,
                "total": 0
              }
            },
            {
              "batter": "G Candiru",
              "bowler": "S Wetoto",
              "non_striker": "R Musamali",
              "runs": {
                "batter": 0,
                "extras": 0,
                "total": 0
              }
            },
            {
              "batter": "G Candiru",
              "bowler": "S Wetoto",
              "non_striker": "R Musamali",
              "runs": {
                "batter": 1,
                "extras": 0,
                "total": 1
              }
            }
          ]
        },
        {
          "over": 7,
          "deliveries": [
            {
              "batter": "G Candiru",
              "bowler": "M Ngoche",
              "non_striker": "R Musamali",
              "runs": {
                "batter": 0,
                "extras": 0,
                "total": 0
              }
            },
            {
              "batter": "G Candiru",
              "bowler": "M Ngoche",
              "non_striker": "R Musamali",
              "runs": {
                "batter": 0,
                "extras": 0,
                "total": 0
              },
              "wickets": [
                {
                  "player_out": "G Candiru",
                  "kind": "run out"
                }
              ]
            },
            {
              "batter": "R Musamali",
              "bowler": "M Ngoche",
              "non_striker": "M Nalule",
              "runs": {
                "batter": 0,
                "extras": 0,
                "total": 0
              }
            },
            {
              "batter": "R Musamali",
              "bowler": "M Ngoche",
              "non_striker": "M Nalule",
              "runs": {
                "batter": 0,
                "extras": 0,
                "total": 0
              }
            },
            {
              "batter": "R Musamali",
              "bowler": "M Ngoche",
              "non_striker": "M Nalule",
              "runs": {
                "batter": 0,
                "extras": 0,
                "total": 0
              }
            },
            {
              "batter": "R Musamali",
              "bowler": "M Ngoche",
              "non_striker": "M Nalule",
              "runs": {
                "batter": 0,
                "extras": 0,
                "total": 0
              }
            }
          ]
        },
        {
          "over": 8,
          "deliveries": [
            {
              "batter": "M Nalule",
              "bowler": "S Wetoto",
              "non_striker": "R Musamali",
              "runs": {
                "batter": 0,
                "extras": 0,
                "total": 0
              }
            },
            {
              "batter": "M Nalule",
              "bowler": "S Wetoto",
              "non_striker": "R Musamali",
              "runs": {
                "batter": 1,
                "extras": 0,
                "total": 1
              }
            },
            {
              "batter": "R Musamali",
              "bowler": "S Wetoto",
              "non_striker": "M Nalule",
              "runs": {
                "batter": 0,
                "extras": 0,
                "total": 0
              }
            },
            {
              "batter": "R Musamali",
              "bowler": "S Wetoto",
              "non_striker": "M Nalule",
              "runs": {
                "batter": 1,
                "extras": 0,
                "total": 1
              }
            },
            {
              "batter": "M Nalule",
              "bowler": "S Wetoto",
              "non_striker": "R Musamali",
              "runs": {
                "batter": 0,
                "extras": 0,
                "total": 0
              }
            },
            {
              "batter": "M Nalule",
              "bowler": "S Wetoto",
              "non_striker": "R Musamali",
              "runs": {
                "batter": 1,
                "extras": 0,
                "total": 1
              }
            }
          ]
        },
        {
          "over": 9,
          "deliveries": [
            {
              "batter": "M Nalule",
              "bowler": "Q Abel",
              "non_striker": "R Musamali",
              "runs": {
                "batter": 1,
                "extras": 0,
                "total": 1
              }
            },
            {
              "batter": "R Musamali",
              "bowler": "Q Abel",
              "non_striker": "M Nalule",
              "runs": {
                "batter": 0,
                "extras": 0,
                "total": 0
              }
            },
            {
              "batter": "R Musamali",
              "bowler": "Q Abel",
              "non_striker": "M Nalule",
              "runs": {
                "batter": 1,
                "extras": 0,
                "total": 1
              }
            },
            {
              "batter": "M Nalule",
              "bowler": "Q Abel",
              "non_striker": "R Musamali",
              "runs": {
                "batter": 0,
                "extras": 0,
                "total": 0
              }
            },
            {
              "batter": "M Nalule",
              "bowler": "Q Abel",
              "non_striker": "R Musamali",
              "runs": {
                "batter": 0,
                "extras": 0,
                "total": 0
              }
            },
            {
              "batter": "M Nalule",
              "bowler": "Q Abel",
              "non_striker": "R Musamali",
              "runs": {
                "batter": 1,
                "extras": 0,
                "total": 1
              }
            }
          ]
        },
        {
          "over": 10,
          "deliveries": [
            {
              "batter": "M Nalule",
              "bowler": "S Wetoto",
              "non_striker": "R Musamali",
              "runs": {
                "batter": 0,
                "extras": 0,
                "total": 0
              }
            },
            {
              "batter": "M Nalule",
              "bowler": "S Wetoto",
              "non_striker": "R Musamali",
              "runs": {
                "batter": 0,
                "extras": 0,
                "total": 0
              },
              "wickets": [
                {
                  "player_out": "M Nalule",
                  "kind": "lbw"
                }
              ]
            },
            {
              "batter": "F Najjumba",
              "bowler": "S Wetoto",
              "non_striker": "R Musamali",
              "runs": {
                "batter": 0,
                "extras": 0,
                "total": 0
              }
            },
            {
              "batter": "F Najjumba",
              "bowler": "S Wetoto",
              "non_striker": "R Musamali",
              "runs": {
                "batter": 0,
                "extras": 0,
                "total": 0
              }
            },
            {
              "batter": "F Najjumba",
              "bowler": "S Wetoto",
              "non_striker": "R Musamali",
              "runs": {
                "batter": 0,
                "extras": 0,
                "total": 0
              }
            },
            {
              "batter": "F Najjumba",
              "bowler": "S Wetoto",
              "non_striker": "R Musamali",
              "runs": {
                "batter": 1,
                "extras": 0,
                "total": 1
              }
            }
          ]
        },
        {
          "over": 11,
          "deliveries": [
            {
              "batter": "F Najjumba",
              "bowler": "Q Abel",
              "non_striker": "R Musamali",
              "runs": {
                "batter": 1,
                "extras": 0,
                "total": 1
              }
            },
            {
              "batter": "R Musamali",
              "bowler": "Q Abel",
              "non_striker": "F Najjumba",
              "runs": {
                "batter": 1,
                "extras": 0,
                "total": 1
              }
            },
            {
              "batter": "F Najjumba",
              "bowler": "Q Abel",
              "non_striker": "R Musamali",
              "runs": {
                "batter": 0,
                "extras": 0,
                "total": 0
              }
            },
            {
              "batter": "F Najjumba",
              "bowler": "Q Abel",
              "non_striker": "R Musamali",
              "runs": {
                "batter": 0,
                "extras": 0,
                "total": 0
              }
            },
            {
              "batter": "F Najjumba",
              "bowler": "Q Abel",
              "non_striker": "R Musamali",
              "runs": {
                "batter": 2,
                "extras": 0,
                "total": 2
              }
            },
            {
              "batter": "F Najjumba",
              "bowler": "Q Abel",
              "non_striker": "R Musamali",
              "runs": {
                "batter": 1,
                "extras": 0,
                "total": 1
              }
            }
          ]
        },
        {
          "over": 12,
          "deliveries": [
            {
              "batter": "F Najjumba",
              "bowler": "S Wetoto",
              "non_striker": "R Musamali",
              "runs": {
                "batter": 1,
                "extras": 0,
                "total": 1
              }
            },
            {
              "batter": "R Musamali",
              "bowler": "S Wetoto",
              "non_striker": "F Najjumba",
              "runs": {
                "batter": 1,
                "extras": 0,
                "total": 1
              }
            },
            {
              "batter": "F Najjumba",
              "bowler": "S Wetoto",
              "non_striker": "R Musamali",
              "runs": {
                "batter": 1,
                "extras": 0,
                "total": 1
              }
            },
            {
              "batter": "R Musamali",
              "bowler": "S Wetoto",
              "non_striker": "F Najjumba",
              "runs": {
                "batter": 1,
                "extras": 0,
                "total": 1
              }
            },
            {
              "batter": "F Najjumba",
              "bowler": "S Wetoto",
              "non_striker": "R Musamali",
              "runs": {
                "batter": 1,
                "extras": 0,
                "total": 1
              }
            },
            {
              "batter": "R Musamali",
              "bowler": "S Wetoto",
              "non_striker": "F Najjumba",
              "runs": {
                "batter": 1,
                "extras": 0,
                "total": 1
              }
            }
          ]
        },
        {
          "over": 13,
          "deliveries": [
            {
              "batter": "R Musamali",
              "bowler": "Q Abel",
              "non_striker": "F Najjumba",
              "runs": {
                "batter": 2,
                "extras": 0,
                "total": 2
              }
            },
            {
              "batter": "R Musamali",
              "bowler": "Q Abel",
              "non_striker": "F Najjumba",
              "runs": {
                "batter": 0,
                "extras": 0,
                "total": 0
              }
            },
            {
              "batter": "R Musamali",
              "bowler": "Q Abel",
              "non_striker": "F Najjumba",
              "runs": {
                "batter": 1,
                "extras": 0,
                "total": 1
              }
            },
            {
              "batter": "F Najjumba",
              "bowler": "Q Abel",
              "non_striker": "R Musamali",
              "runs": {
                "batter": 3,
                "extras": 0,
                "total": 3
              }
            },
            {
              "batter": "R Musamali",
              "bowler": "Q Abel",
              "non_striker": "F Najjumba",
              "runs": {
                "batter": 1,
                "extras": 0,
                "total": 1
              }
            },
            {
              "batter": "F Najjumba",
              "bowler": "Q Abel",
              "non_striker": "R Musamali",
              "runs": {
                "batter": 0,
                "extras": 0,
                "total": 0
              }
            }
          ]
        },
        {
          "over": 14,
          "deliveries": [
            {
              "batter": "R Musamali",
              "bowler": "E Waithaka",
              "non_striker": "F Najjumba",
              "runs": {
                "batter": 1,
                "extras": 0,
                "total": 1
              }
            },
            {
              "batter": "F Najjumba",
              "bowler": "E Waithaka",
              "non_striker": "R Musamali",
              "runs": {
                "batter": 1,
                "extras": 0,
                "total": 1
              }
            },
            {
              "batter": "R Musamali",
              "bowler": "E Waithaka",
              "non_striker": "F Najjumba",
              "runs": {
                "batter": 1,
                "extras": 0,
                "total": 1
              }
            },
            {
              "batter": "F Najjumba",
              "bowler": "E Waithaka",
              "non_striker": "R Musamali",
              "runs": {
                "batter": 0,
                "extras": 0,
                "total": 0
              }
            },
            {
              "batter": "F Najjumba",
              "bowler": "E Waithaka",
              "non_striker": "R Musamali",
              "runs": {
                "batter": 0,
                "extras": 0,
                "total": 0
              }
            },
            {
              "batter": "F Najjumba",
              "bowler": "E Waithaka",
              "non_striker": "R Musamali",
              "runs": {
                "batter": 0,
                "extras": 0,
                "total": 0
              }
            }
          ]
        },
        {
          "over": 15,
          "deliveries": [
            {
              "batter": "R Musamali",
              "bowler": "SW Kinyua",
              "non_striker": "F Najjumba",
              "runs": {
                "batter": 1,
                "extras": 0,
                "total": 1
              }
            },
            {
              "batter": "F Najjumba",
              "bowler": "SW Kinyua",
              "non_striker": "R Musamali",
              "runs": {
                "batter": 0,
                "extras": 0,
                "total": 0
              },
              "wickets": [
                {
                  "player_out": "F Najjumba",
                  "kind": "bowled"
                }
              ]
            },
            {
              "batter": "I Nakisuuyi",
              "bowler": "SW Kinyua",
              "non_striker": "R Musamali",
              "runs": {
                "batter": 1,
                "extras": 0,
                "total": 1
              }
            },
            {
              "batter": "R Musamali",
              "bowler": "SW Kinyua",
              "non_striker": "I Nakisuuyi",
              "runs": {
                "batter": 0,
                "extras": 0,
                "total": 0
              }
            },
            {
              "batter": "R Musamali",
              "bowler": "SW Kinyua",
              "non_striker": "I Nakisuuyi",
              "runs": {
                "batter": 1,
                "extras": 0,
                "total": 1
              }
            },
            {
              "batter": "I Nakisuuyi",
              "bowler": "SW Kinyua",
              "non_striker": "R Musamali",
              "runs": {
                "batter": 1,
                "extras": 0,
                "total": 1
              }
            }
          ]
        },
        {
          "over": 16,
          "deliveries": [
            {
              "batter": "I Nakisuuyi",
              "bowler": "E Waithaka",
              "non_striker": "R Musamali",
              "runs": {
                "batter": 2,
                "extras": 0,
                "total": 2
              }
            },
            {
              "batter": "I Nakisuuyi",
              "bowler": "E Waithaka",
              "non_striker": "R Musamali",
              "runs": {
                "batter": 2,
                "extras": 0,
                "total": 2
              }
            },
            {
              "batter": "I Nakisuuyi",
              "bowler": "E Waithaka",
              "non_striker": "R Musamali",
              "runs": {
                "batter": 1,
                "extras": 0,
                "total": 1
              }
            },
            {
              "batter": "R Musamali",
              "bowler": "E Waithaka",
              "non_striker": "I Nakisuuyi",
              "runs": {
                "batter": 0,
                "extras": 0,
                "total": 0
              }
            },
            {
              "batter": "R Musamali",
              "bowler": "E Waithaka",
              "non_striker": "I Nakisuuyi",
              "runs": {
                "batter": 2,
                "extras": 0,
                "total": 2
              }
            },
            {
              "batter": "R Musamali",
              "bowler": "E Waithaka",
              "non_striker": "I Nakisuuyi",
              "runs": {
                "batter": 1,
                "extras": 0,
                "total": 1
              }
            }
          ]
        },
        {
          "over": 17,
          "deliveries": [
            {
              "batter": "R Musamali",
              "bowler": "SW Kinyua",
              "non_striker": "I Nakisuuyi",
              "runs": {
                "batter": 0,
                "extras": 0,
                "total": 0
              }
            },
            {
              "batter": "R Musamali",
              "bowler": "SW Kinyua",
              "non_striker": "I Nakisuuyi",
              "runs": {
                "batter": 2,
                "extras": 0,
                "total": 2
              }
            },
            {
              "batter": "R Musamali",
              "bowler": "SW Kinyua",
              "non_striker": "I Nakisuuyi",
              "runs": {
                "batter": 0,
                "extras": 0,
                "total": 0
              }
            },
            {
              "batter": "R Musamali",
              "bowler": "SW Kinyua",
              "non_striker": "I Nakisuuyi",
              "runs": {
                "batter": 0,
                "extras": 0,
                "total": 0
              }
            },
            {
              "batter": "R Musamali",
              "bowler": "SW Kinyua",
              "non_striker": "I Nakisuuyi",
              "runs": {
                "batter": 1,
                "extras": 0,
                "total": 1
              }
            },
            {
              "batter": "I Nakisuuyi",
              "bowler": "SW Kinyua",
              "non_striker": "R Musamali",
              "runs": {
                "batter": 0,
                "extras": 0,
                "total": 0
              }
            }
          ]
        },
        {
          "over": 18,
          "deliveries": [
            {
              "batter": "R Musamali",
              "bowler": "Q Abel",
              "non_striker": "I Nakisuuyi",
              "runs": {
                "batter": 0,
                "extras": 0,
                "total": 0
              }
            },
            {
              "batter": "R Musamali",
              "bowler": "Q Abel",
              "non_striker": "I Nakisuuyi",
              "runs": {
                "batter": 1,
                "extras": 0,
                "total": 1
              }
            },
            {
              "batter": "I Nakisuuyi",
              "bowler": "Q Abel",
              "non_striker": "R Musamali",
              "runs": {
                "batter": 1,
                "extras": 0,
                "total": 1
              }
            },
            {
              "batter": "I Nakisuuyi",
              "bowler": "Q Abel",
              "non_striker": "R Musamali",
              "runs": {
                "batter": 2,
                "extras": 0,
                "total": 2
              }
            },
            {
              "batter": "I Nakisuuyi",
              "bowler": "Q Abel",
              "non_striker": "R Musamali",
              "runs": {
                "batter": 4,
                "extras": 0,
                "total": 4
              }
            },
            {
              "batter": "I Nakisuuyi",
              "bowler": "Q Abel",
              "non_striker": "R Musamali",
              "runs": {
                "batter": 1,
                "extras": 0,
                "total": 1
              }
            }
          ]
        },
        {
          "over": 19,
          "deliveries": [
            {
              "batter": "I Nakisuuyi",
              "bowler": "V Ooko",
              "extras": {
                "wides": 1
              },
              "non_striker": "R Musamali",
              "runs": {
                "batter": 0,
                "extras": 1,
                "total": 1
              }
            },
            {
              "batter": "I Nakisuuyi",
              "bowler": "V Ooko",
              "non_striker": "R Musamali",
              "runs": {
                "batter": 4,
                "extras": 0,
                "total": 4
              }
            },
            {
              "batter": "I Nakisuuyi",
              "bowler": "V Ooko",
              "non_striker": "R Musamali",
              "runs": {
                "batter": 0,
                "extras": 0,
                "total": 0
              }
            },
            {
              "batter": "I Nakisuuyi",
              "bowler": "V Ooko",
              "non_striker": "R Musamali",
              "runs": {
                "batter": 2,
                "extras": 0,
                "total": 2
              }
            },
            {
              "batter": "I Nakisuuyi",
              "bowler": "V Ooko",
              "non_striker": "R Musamali",
              "runs": {
                "batter": 2,
                "extras": 0,
                "total": 2
              }
            },
            {
              "batter": "I Nakisuuyi",
              "bowler": "V Ooko",
              "non_striker": "R Musamali",
              "runs": {
                "batter": 2,
                "extras": 0,
                "total": 2
              }
            }
          ]
        }
      ],
      "powerplays": [
        {
          "from": 0.1,
          "to": 5.6,
          "type": "mandatory"
        }
      ],
      "target": {
        "overs": 20,
        "runs": 90
      }
    }
  ]
}