{
  "meta": {
    "data_version": "1.0.0",
    "created": "2020-10-06",
    "revision": 1
  },
  "info": {
    "balls_per_over": 6,
    "city": "Bangkok",
    "dates": [
      "2017-11-24"
    ],
    "event": {
      "name": "ICC Women's World Twenty20 Qualifying Series Asia Region",
      "match_number": 10
    },
    "gender": "female",
    "match_type": "IT20",
    "officials": {
      "reserve_umpires": [
        "DN Subedi"
      ],
      "umpires": [
        "AK Rana",
        "Sarika Prasad"
      ]
    },
    "outcome": {
      "winner": "Nepal",
      "by": {
        "runs": 33
      }
    },
    "overs": 20,
    "player_of_match": [
      "SR Magar"
    ],
    "players": {
      "Nepal": [
        "J Pandey",
        "SR Magar",
        "Nary Thapa",
        "K Shrestha",
        "RK Kanoujiya",
        "Roma Thapa",
        "I Barma",
        "RC Belbashi",
        "Karuna Bhandari",
        "S Khadka",
        "S Magar"
      ],
      "Malaysia": [
        "Christina Baret",
        "Emylia Eliani",
        "WA Duraisingam",
        "Mas Elysa",
        "Yusrina Yaakop",
        "J Intan",
        "Jannadiah Halim",
        "Zayani Syamimi",
        "Nur Nadihirah",
        "Nur Syazwina Hanim",
        "Nur Arianna Natsya"
      ]
    },
    "registry": {
      "people": {
        "AK Rana": "562d74d0",
        "Christina Baret": "b42d42b1",
        "DN Subedi": "fb0a571f",
        "Emylia Eliani": "841d07cc",
        "I Barma": "521abce2",
        "J Intan": "2dfdd316",
        "J Pandey": "e1214f03",
        "Jannadiah Halim": "eaf4f81c",
        "K Shrestha": "119de50f",
        "Karuna Bhandari": "c68fc575",
        "Mas Elysa": "857de42e",
        "Nary Thapa": "d24e69f5",
        "Nur Arianna Natsya": "4db4c8be",
        "Nur Nadihirah": "0877eba5",
        "Nur Syazwina Hanim": "2878fcf2",
        "RC Belbashi": "dfdaca74",
        "RK Kanoujiya": "2667c1ef",
        "Roma Thapa": "05d9faac",
        "S Khadka": "c96e51ba",
        "S Magar": "4fc3790e",
        "SR Magar": "61c22ad0",
        "Sarika Prasad": "8ff397fa",
        "WA Duraisingam": "7467fe01",
        "Yusrina Yaakop": "c74d14f1",
        "Zayani Syamimi": "b8d6bd8f"
      }
    },
    "season": "2017/18",
    "team_type": "international",
    "teams": [
      "Nepal",
      "Malaysia"
    ],
    "toss": {
      "decision": "field",
      "winner": "Malaysia"
    },
    "venue": "Asian Institute of Technology Ground"
  },
  "innings": [
    {
      "team": "Nepal",
      "overs": [
        {
          "over": 0,
          "deliveries": [
            {
              "batter": "J Pandey",
              "bowler": "WA Duraisingam",
              "non_striker": "SR Magar",
              "runs": {
                "batter": 0,
                "extras": 0,
                "total": 0
              }
            },
            {
              "batter": "J Pandey",
              "bowler": "WA Duraisingam",
              "non_striker": "SR Magar",
              "runs": {
                "batter": 2,
                "extras": 0,
                "total": 2
              }
            },
            {
              "batter": "J Pandey",
              "bowler": "WA Duraisingam",
              "extras": {
                "wides": 1
              },
              "non_striker": "SR Magar",
              "runs": {
                "batter": 0,
                "extras": 1,
                "total": 1
              }
            },
            {
              "batter": "J Pandey",
              "bowler": "WA Duraisingam",
              "non_striker": "SR Magar",
              "runs": {
                "batter": 0,
                "extras": 0,
                "total": 0
              }
            },
            {
              "batter": "J Pandey",
              "bowler": "WA Duraisingam",
              "non_striker": "SR Magar",
              "runs": {
                "batter": 1,
                "extras": 0,
                "total": 1
              }
            },
            {
              "batter": "SR Magar",
              "bowler": "WA Duraisingam",
              "non_striker": "J Pandey",
              "runs": {
                "batter": 0,
                "extras": 0,
                "total": 0
              }
            },
            {
              "batter": "SR Magar",
              "bowler": "WA Duraisingam",
              "non_striker": "J Pandey",
              "runs": {
                "batter": 0,
                "extras": 0,
                "total": 0
              }
            }
          ]
        },
        {
          "over": 1,
          "deliveries": [
            {
              "batter": "J Pandey",
              "bowler": "Zayani Syamimi",
              "non_striker": "SR Magar",
              "runs": {
                "batter": 1,
                "extras": 0,
                "total": 1
              }
            },
            {
              "batter": "SR Magar",
              "bowler": "Zayani Syamimi",
              "non_striker": "J Pandey",
              "runs": {
                "batter": 0,
                "extras": 0,
                "total": 0
              }
            },
            {
              "batter": "SR Magar",
              "bowler": "Zayani Syamimi",
              "non_striker": "J Pandey",
              "runs": {
                "batter": 0,
                "extras": 0,
                "total": 0
              }
            },
            {
              "batter": "SR Magar",
              "bowler": "Zayani Syamimi",
              "non_striker": "J Pandey",
              "runs": {
                "batter": 0,
                "extras": 0,
                "total": 0
              }
            },
            {
              "batter": "SR Magar",
              "bowler": "Zayani Syamimi",
              "non_striker": "J Pandey",
              "runs": {
                "batter": 0,
                "extras": 0,
                "total": 0
              }
            },
            {
              "batter": "SR Magar",
              "bowler": "Zayani Syamimi",
              "extras": {
                "noballs": 1
              },
              "non_striker": "J Pandey",
              "runs": {
                "batter": 4,
                "extras": 1,
                "total": 5
              }
            },
            {
              "batter": "SR Magar",
              "bowler": "Zayani Syamimi",
              "non_striker": "J Pandey",
              "runs": {
                "batter": 1,
                "extras": 0,
                "total": 1
              }
            }
          ]
        },
        {
          "over": 2,
          "deliveries": [
            {
              "batter": "SR Magar",
              "bowler": "WA Duraisingam",
              "non_striker": "J Pandey",
              "runs": {
                "batter": 0,
                "extras": 0,
                "total": 0
              }
            },
            {
              "batter": "SR Magar",
              "bowler": "WA Duraisingam",
              "extras": {
                "wides": 1
              },
              "non_striker": "J Pandey",
              "runs": {
                "batter": 0,
                "extras": 1,
                "total": 1
              }
            },
            {
              "batter": "SR Magar",
              "bowler": "WA Duraisingam",
              "non_striker": "J Pandey",
              "runs": {
                "batter": 0,
                "extras": 0,
                "total": 0
              }
            },
            {
              "batter": "SR Magar",
              "bowler": "WA Duraisingam",
              "extras": {
                "legbyes": 1
              },
              "non_striker": "J Pandey",
              "runs": {
                "batter": 0,
                "extras": 1,
                "total": 1
              }
            },
            {
              "batter": "J Pandey",
              "bowler": "WA Duraisingam",
              "extras": {
                "wides": 1
              },
              "non_striker": "SR Magar",
              "runs": {
                "batter": 0,
                "extras": 1,
                "total": 1
              }
            },
            {
              "batter": "J Pandey",
              "bowler": "WA Duraisingam",
              "extras": {
                "wides": 1
              },
              "non_striker": "SR Magar",
              "runs": {
                "batter": 0,
                "extras": 1,
                "total": 1
              }
            },
            {
              "batter": "J Pandey",
              "bowler": "WA Duraisingam",
              "non_striker": "SR Magar",
              "runs": {
                "batter": 0,
                "extras": 0,
                "total": 0
              }
            },
            {
              "batter": "J Pandey",
              "bowler": "WA Duraisingam",
              "non_striker": "SR Magar",
              "runs": {
                "batter": 0,
                "extras": 0,
                "total": 0
              }
            },
            {
              "batter": "J Pandey",
              "bowler": "WA Duraisingam",
              "non_striker": "SR Magar",
              "runs": {
                "batter": 1,
                "extras": 0,
                "total": 1
              }
            }
          ]
        },
        {
          "over": 3,
          "deliveries": [
            {
              "batter": "J Pandey",
              "bowler": "Zayani Syamimi",
              "non_striker": "SR Magar",
              "runs": {
                "batter": 1,
                "extras": 0,
                "total": 1
              }
            },
            {
              "batter": "SR Magar",
              "bowler": "Zayani Syamimi",
              "non_striker": "J Pandey",
              "runs": {
                "batter": 1,
                "extras": 0,
                "total": 1
              }
            },
            {
              "batter": "J Pandey",
              "bowler": "Zayani Syamimi",
              "non_striker": "SR Magar",
              "runs": {
                "batter": 0,
                "extras": 0,
                "total": 0
              }
            },
            {
              "batter": "J Pandey",
              "bowler": "Zayani Syamimi",
              "non_striker": "SR Magar",
              "runs": {
                "batter": 0,
                "extras": 0,
                "total": 0
              }
            },
            {
              "batter": "J Pandey",
              "bowler": "Zayani Syamimi",
              "extras": {
                "noballs": 1
              },
              "non_striker": "SR Magar",
              "runs": {
                "batter": 0,
                "extras": 1,
                "total": 1
              }
            },
            {
              "batter": "J Pandey",
              "bowler": "Zayani Syamimi",
              "extras": {
                "wides": 1
              },
              "non_striker": "SR Magar",
              "runs": {
                "batter": 0,
                "extras": 1,
                "total": 1
              }
            },
            {
              "batter": "J Pandey",
              "bowler": "Zayani Syamimi",
              "non_striker": "SR Magar",
              "runs": {
                "batter": 1,
                "extras": 0,
                "total": 1
              }
            },
            {
              "batter": "SR Magar",
              "bowler": "Zayani Syamimi",
              "non_striker": "J Pandey",
              "runs": {
                "batter": 1,
                "extras": 0,
                "total": 1
              }
            }
          ]
        },
        {
          "over": 4,
          "deliveries": [
            {
              "batter": "SR Magar",
              "bowler": "Jannadiah Halim",
              "non_striker": "J Pandey",
              "runs": {
                "batter": 2,
                "extras": 0,
                "total": 2
              }
            },
            {
              "batter": "SR Magar",
              "bowler": "Jannadiah Halim",
              "non_striker": "J Pandey",
              "runs": {
                "batter": 4,
                "extras": 0,
                "total": 4
              }
            },
            {
              "batter": "SR Magar",
              "bowler": "Jannadiah Halim",
              "non_striker": "J Pandey",
              "runs": {
                "batter": 0,
                "extras": 0,
                "total": 0
              }
            },
            {
              "batter": "SR Magar",
              "bowler": "Jannadiah Halim",
              "non_striker": "J Pandey",
              "runs": {
                "batter": 2,
                "extras": 0,
                "total": 2
              }
            },
            {
              "batter": "SR Magar",
              "bowler": "Jannadiah Halim",
              "non_striker": "J Pandey",
              "runs": {
                "batter": 4,
                "extras": 0,
                "total": 4
              }
            },
            {
              "batter": "SR Magar",
              "bowler": "Jannadiah Halim",
              "non_striker": "J Pandey",
              "runs": {
                "batter": 0,
                "extras": 0,
                "total": 0
              }
            }
          ]
        },
        {
          "over": 5,
          "deliveries": [
            {
              "batter": "J Pandey",
              "bowler": "Nur Syazwina Hanim",
              "non_striker": "SR Magar",
              "runs": {
                "batter": 0,
                "extras": 0,
                "total": 0
              }
            },
            {
              "batter": "J Pandey",
              "bowler": "Nur Syazwina Hanim",
              "non_striker": "SR Magar",
              "runs": {
                "batter": 1,
                "extras": 0,
                "total": 1
              }
            },
            {
              "batter": "SR Magar",
              "bowler": "Nur Syazwina Hanim",
              "non_striker": "J Pandey",
              "runs": {
                "batter": 2,
                "extras": 0,
                "total": 2
              }
            },
            {
              "batter": "SR Magar",
              "bowler": "Nur Syazwina Hanim",
              "non_striker": "J Pandey",
              "runs": {
                "batter": 0,
                "extras": 0,
                "total": 0
              }
            },
            {
              "batter": "SR Magar",
              "bowler": "Nur Syazwina Hanim",
              "non_striker": "J Pandey",
              "runs": {
                "batter": 0,
                "extras": 0,
                "total": 0
              }
            },
            {
              "batter": "SR Magar",
              "bowler": "Nur Syazwina Hanim",
              "non_striker": "J Pandey",
              "runs": {
                "batter": 2,
                "extras": 0,
                "total": 2
              }
            }
          ]
        },
        {
          "over": 6,
          "deliveries": [
            {
              "batter": "J Pandey",
              "bowler": "Jannadiah Halim",
              "non_striker": "SR Magar",
              "runs": {
                "batter": 0,
                "extras": 0,
                "total": 0
              }
            },
            {
              "batter": "J Pandey",
              "bowler": "Jannadiah Halim",
              "non_striker": "SR Magar",
              "runs": {
                "batter": 0,
                "extras": 0,
                "total": 0
              }
            },
            {
              "batter": "J Pandey",
              "bowler": "Jannadiah Halim",
              "extras": {
                "byes": 1
              },
              "non_striker": "SR Magar",
              "runs": {
                "batter": 0,
                "extras": 1,
                "total": 1
              }
            },
            {
              "batter": "SR Magar",
              "bowler": "Jannadiah Halim",
              "non_striker": "J Pandey",
              "runs": {
                "batter": 0,
                "extras": 0,
                "total": 0
              }
            },
            {
              "batter": "SR Magar",
              "bowler": "Jannadiah Halim",
              "non_striker": "J Pandey",
              "runs": {
                "batter": 2,
                "extras": 0,
                "total": 2
              }
            },
            {
              "batter": "SR Magar",
              "bowler": "Jannadiah Halim",
              "non_striker": "J Pandey",
              "runs": {
                "batter": 1,
                "extras": 0,
                "total": 1
              }
            }
          ]
        },
        {
          "over": 7,
          "deliveries": [
            {
              "batter": "SR Magar",
              "bowler": "Nur Syazwina Hanim",
              "non_striker": "J Pandey",
              "runs": {
                "batter": 2,
                "extras": 0,
                "total": 2
              }
            },
            {
              "batter": "SR Magar",
              "bowler": "Nur Syazwina Hanim",
              "non_striker": "J Pandey",
              "runs": {
                "batter": 1,
                "extras": 0,
                "total": 1
              }
            },
            {
              "batter": "J Pandey",
              "bowler": "Nur Syazwina Hanim",
              "non_striker": "SR Magar",
              "runs": {
                "batter": 1,
                "extras": 0,
                "total": 1
              }
            },
            {
              "batter": "SR Magar",
              "bowler": "Nur Syazwina Hanim",
              "non_striker": "J Pandey",
              "runs": {
                "batter": 0,
                "extras": 0,
                "total": 0
              }
            },
            {
              "batter": "SR Magar",
              "bowler": "Nur Syazwina Hanim",
              "non_striker": "J Pandey",
              "runs": {
                "batter": 0,
                "extras": 0,
                "total": 0
              }
            },
            {
              "batter": "SR Magar",
              "bowler": "Nur Syazwina Hanim",
              "non_striker": "J Pandey",
              "runs": {
                "batter": 0,
                "extras": 0,
                "total": 0
              }
            }
          ]
        },
        {
          "over": 8,
          "deliveries": [
            {
              "batter": "J Pandey",
              "bowler": "Nur Nadihirah",
              "non_striker": "SR Magar",
              "runs": {
                "batter": 0,
                "extras": 0,
                "total": 0
              }
            },
            {
              "batter": "J Pandey",
              "bowler": "Nur Nadihirah",
              "non_striker": "SR Magar",
              "runs": {
                "batter": 1,
                "extras": 0,
                "total": 1
              }
            },
            {
              "batter": "SR Magar",
              "bowler": "Nur Nadihirah",
              "non_striker": "J Pandey",
              "runs": {
                "batter": 0,
                "extras": 0,
                "total": 0
              }
            },
            {
              "batter": "SR Magar",
              "bowler": "Nur Nadihirah",
              "non_striker": "J Pandey",
              "runs": {
                "batter": 0,
                "extras": 0,
                "total": 0
              }
            },
            {
              "batter": "SR Magar",
              "bowler": "Nur Nadihirah",
              "non_striker": "J Pandey",
              "runs": {
                "batter": 1,
                "extras": 0,
                "total": 1
              }
            },
            {
              "batter": "J Pandey",
              "bowler": "Nur Nadihirah",
              "non_striker": "SR Magar",
              "runs": {
                "batter": 0,
                "extras": 0,
                "total": 0
              }
            }
          ]
        },
        {
          "over": 9,
          "deliveries": [
            {
              "batter": "SR Magar",
              "bowler": "Nur Syazwina Hanim",
              "non_striker": "J Pandey",
              "runs": {
                "batter": 0,
                "extras": 0,
                "total": 0
              }
            },
            {
              "batter": "SR Magar",
              "bowler": "Nur Syazwina Hanim",
              "non_striker": "J Pandey",
              "runs": {
                "batter": 2,
                "extras": 0,
                "total": 2
              }
            },
            {
              "batter": "SR Magar",
              "bowler": "Nur Syazwina Hanim",
              "non_striker": "J Pandey",
              "runs": {
                "batter": 0,
                "extras": 0,
                "total": 0
              }
            },
            {
              "batter": "SR Magar",
              "bowler": "Nur Syazwina Hanim",
              "non_striker": "J Pandey",
              "runs": {
                "batter": 1,
                "extras": 0,
                "total": 1
              }
            },
            {
              "batter": "J Pandey",
              "bowler": "Nur Syazwina Hanim",
              "non_striker": "SR Magar",
              "runs": {
                "batter": 1,
                "extras": 0,
                "total": 1
              }
            },
            {
              "batter": "SR Magar",
              "bowler": "Nur Syazwina Hanim",
              "extras": {
                "wides": 2
              },
              "non_striker": "J Pandey",
              "runs": {
                "batter": 0,
                "extras": 2,
                "total": 2
              }
            },
            {
              "batter": "J Pandey",
              "bowler": "Nur Syazwina Hanim",
              "non_striker": "SR Magar",
              "runs": {
                "batter": 1,
                "extras": 0,
                "total": 1
              }
            }
          ]
        },
        {
          "over": 10,
          "deliveries": [
            {
              "batter": "J Pandey",
              "bowler": "Nur Nadihirah",
              "non_striker": "SR Magar",
              "runs": {
                "batter": 0,
                "extras": 0,
                "total": 0
              }
            },
            {
              "batter": "J Pandey",
              "bowler": "Nur Nadihirah",
              "non_striker": "SR Magar",
              "runs": {
                "batter": 0,
                "extras": 0,
                "total": 0
              }
            },
            {
              "batter": "J Pandey",
              "bowler": "Nur Nadihirah",
              "non_striker": "SR Magar",
              "runs": {
                "batter": 0,
                "extras": 0,
                "total": 0
              }
            },
            {
              "batter": "J Pandey",
              "bowler": "Nur Nadihirah",
              "non_striker": "SR Magar",
              "runs": {
                "batter": 0,
                "extras": 0,
                "total": 0
              }
            },
            {
              "batter": "J Pandey",
              "bowler": "Nur Nadihirah",
              "non_striker": "SR Magar",
              "runs": {
                "batter": 1,
                "extras": 0,
                "total": 1
              }
            },
            {
              "batter": "SR Magar",
              "bowler": "Nur Nadihirah",
              "non_striker": "J Pandey",
              "runs": {
                "batter": 0,
                "extras": 0,
                "total": 0
              }
            }
          ]
        },
        {
          "over": 11,
          "deliveries": [
            {
              "batter": "J Pandey",
              "bowler": "Nur Syazwina Hanim",
              "non_striker": "SR Magar",
              "runs": {
                "batter": 1,
                "extras": 0,
                "total": 1
              }
            },
            {
              "batter": "SR Magar",
              "bowler": "Nur Syazwina Hanim",
              "non_striker": "J Pandey",
              "runs": {
                "batter": 1,
                "extras": 0,
                "total": 1
              }
            },
            {
              "batter": "J Pandey",
              "bowler": "Nur Syazwina Hanim",
              "non_striker": "SR Magar",
              "runs": {
                "batter": 2,
                "extras": 0,
                "total": 2
              }
            },
            {
              "batter": "J Pandey",
              "bowler": "Nur Syazwina Hanim",
              "non_striker": "SR Magar",
              "runs": {
                "batter": 0,
                "extras": 0,
                "total": 0
              }
            },
            {
              "batter": "J Pandey",
              "bowler": "Nur Syazwina Hanim",
              "non_striker": "SR Magar",
              "runs": {
                "batter": 1,
                "extras": 0,
                "total": 1
              }
            },
            {
              "batter": "SR Magar",
              "bowler": "Nur Syazwina Hanim",
              "non_striker": "J Pandey",
              "runs": {
                "batter": 2,
                "extras": 0,
                "total": 2
              }
            }
          ]
        },
        {
          "over": 12,
          "deliveries": [
            {
              "batter": "J Pandey",
              "bowler": "Nur Nadihirah",
              "non_striker": "SR Magar",
              "runs": {
                "batter": 1,
                "extras": 0,
                "total": 1
              }
            },
            {
              "batter": "SR Magar",
              "bowler": "Nur Nadihirah",
              "non_striker": "J Pandey",
              "runs": {
                "batter": 1,
                "extras": 0,
                "total": 1
              },
              "wickets": [
                {
                  "player_out": "SR Magar",
                  "kind": "run out"
                }
              ]
            },
            {
              "batter": "Nary Thapa",
              "bowler": "Nur Nadihirah",
              "non_striker": "J Pandey",
              "runs": {
                "batter": 0,
                "extras": 0,
                "total": 0
              }
            },
            {
              "batter": "Nary Thapa",
              "bowler": "Nur Nadihirah",
              "non_striker": "J Pandey",
              "runs": {
                "batter": 0,
                "extras": 0,
                "total": 0
              }
            },
            {
              "batter": "Nary Thapa",
              "bowler": "Nur Nadihirah",
              "non_striker": "J Pandey",
              "runs": {
                "batter": 1,
                "extras": 0,
                "total": 1
              }
            },
            {
              "batter": "J Pandey",
              "bowler": "Nur Nadihirah",
              "non_striker": "Nary Thapa",
              "runs": {
                "batter": 1,
                "extras": 0,
                "total": 1
              }
            }
          ]
        },
        {
          "over": 13,
          "deliveries": [
            {
              "batter": "J Pandey",
              "bowler": "Nur Arianna Natsya",
              "non_striker": "Nary Thapa",
              "runs": {
                "batter": 1,
                "extras": 0,
                "total": 1
              }
            },
            {
              "batter": "Nary Thapa",
              "bowler": "Nur Arianna Natsya",
              "non_striker": "J Pandey",
              "runs": {
                "batter": 1,
                "extras": 0,
                "total": 1
              }
            },
            {
              "batter": "J Pandey",
              "bowler": "Nur Arianna Natsya",
              "non_striker": "Nary Thapa",
              "runs": {
                "batter": 1,
                "extras": 0,
                "total": 1
              }
            },
            {
              "batter": "Nary Thapa",
              "bowler": "Nur Arianna Natsya",
              "non_striker": "J Pandey",
              "runs": {
                "batter": 1,
                "extras": 0,
                "total": 1
              }
            },
            {
              "batter": "J Pandey",
              "bowler": "Nur Arianna Natsya",
              "non_striker": "Nary Thapa",
              "runs": {
                "batter": 0,
                "extras": 0,
                "total": 0
              }
            },
            {
              "batter": "J Pandey",
              "bowler": "Nur Arianna Natsya",
              "non_striker": "Nary Thapa",
              "runs": {
                "batter": 0,
                "extras": 0,
                "total": 0
              },
              "wickets": [
                {
                  "player_out": "J Pandey",
                  "fielders": [
                    {
                      "name": "Jannadiah Halim"
                    }
                  ],
                  "kind": "caught"
                }
              ]
            }
          ]
        },
        {
          "over": 14,
          "deliveries": [
            {
              "batter": "Nary Thapa",
              "bowler": "Nur Nadihirah",
              "non_striker": "K Shrestha",
              "runs": {
                "batter": 1,
                "extras": 0,
                "total": 1
              }
            },
            {
              "batter": "K Shrestha",
              "bowler": "Nur Nadihirah",
              "non_striker": "Nary Thapa",
              "runs": {
                "batter": 0,
                "extras": 0,
                "total": 0
              }
            },
            {
              "batter": "K Shrestha",
              "bowler": "Nur Nadihirah",
              "non_striker": "Nary Thapa",
              "runs": {
                "batter": 0,
                "extras": 0,
                "total": 0
              }
            },
            {
              "batter": "K Shrestha",
              "bowler": "Nur Nadihirah",
              "extras": {
                "wides": 1
              },
              "non_striker": "Nary Thapa",
              "runs": {
                "batter": 0,
                "extras": 1,
                "total": 1
              }
            },
            {
              "batter": "K Shrestha",
              "bowler": "Nur Nadihirah",
              "non_striker": "Nary Thapa",
              "runs": {
                "batter": 0,
                "extras": 0,
                "total": 0
              }
            },
            {
              "batter": "K Shrestha",
              "bowler": "Nur Nadihirah",
              "non_striker": "Nary Thapa",
              "runs": {
                "batter": 0,
                "extras": 0,
                "total": 0
              }
            },
            {
              "batter": "K Shrestha",
              "bowler": "Nur Nadihirah",
              "non_striker": "Nary Thapa",
              "runs": {
                "batter": 0,
                "extras": 0,
                "total": 0
              }
            }
          ]
        },
        {
          "over": 15,
          "deliveries": [
            {
              "batter": "Nary Thapa",
              "bowler": "Nur Arianna Natsya",
              "non_striker": "K Shrestha",
              "runs": {
                "batter": 1,
                "extras": 0,
                "total": 1
              }
            },
            {
              "batter": "K Shrestha",
              "bowler": "Nur Arianna Natsya",
              "non_striker": "Nary Thapa",
              "runs": {
                "batter": 0,
                "extras": 0,
                "total": 0
              }
            },
            {
              "batter": "K Shrestha",
              "bowler": "Nur Arianna Natsya",
              "non_striker": "Nary Thapa",
              "runs": {
                "batter": 1,
                "extras": 0,
                "total": 1
              }
            },
            {
              "batter": "Nary Thapa",
              "bowler": "Nur Arianna Natsya",
              "non_striker": "K Shrestha",
              "runs": {
                "batter": 0,
                "extras": 0,
                "total": 0
              }
            },
            {
              "batter": "Nary Thapa",
              "bowler": "Nur Arianna Natsya",
              "non_striker": "K Shrestha",
              "runs": {
                "batter": 0,
                "extras": 0,
                "total": 0
              },
              "wickets": [
                {
                  "player_out": "Nary Thapa",
                  "fielders": [
                    {
                      "name": "WA Duraisingam"
                    }
                  ],
                  "kind": "caught"
                }
              ]
            },
            {
              "batter": "RK Kanoujiya",
              "bowler": "Nur Arianna Natsya",
              "non_striker": "K Shrestha",
              "runs": {
                "batter": 1,
                "extras": 0,
                "total": 1
              }
            }
          ]
        },
        {
          "over": 16,
          "deliveries": [
            {
              "batter": "RK Kanoujiya",
              "bowler": "Jannadiah Halim",
              "non_striker": "K Shrestha",
              "runs": {
                "batter": 0,
                "extras": 0,
                "total": 0
              }
            },
            {
              "batter": "RK Kanoujiya",
              "bowler": "Jannadiah Halim",
              "non_striker": "K Shrestha",
              "runs": {
                "batter": 0,
                "extras": 0,
                "total": 0
              },
              "wickets": [
                {
                  "player_out": "RK Kanoujiya",
                  "fielders": [
                    {
                      "name": "Zayani Syamimi"
                    }
                  ],
                  "kind": "caught"
                }
              ]
            },
            {
              "batter": "K Shrestha",
              "bowler": "Jannadiah Halim",
              "non_striker": "Roma Thapa",
              "runs": {
                "batter": 1,
                "extras": 0,
                "total": 1
              }
            },
            {
              "batter": "Roma Thapa",
              "bowler": "Jannadiah Halim",
              "non_striker": "K Shrestha",
              "runs": {
                "batter": 1,
                "extras": 0,
                "total": 1
              }
            },
            {
              "batter": "K Shrestha",
              "bowler": "Jannadiah Halim",
              "non_striker": "Roma Thapa",
              "runs": {
                "batter": 2,
                "extras": 0,
                "total": 2
              }
            },
            {
              "batter": "K Shrestha",
              "bowler": "Jannadiah Halim",
              "non_striker": "Roma Thapa",
              "runs": {
                "batter": 1,
                "extras": 0,
                "total": 1
              }
            }
          ]
        },
        {
          "over": 17,
          "deliveries": [
            {
              "batter": "K Shrestha",
              "bowler": "Nur Arianna Natsya",
              "non_striker": "Roma Thapa",
              "runs": {
                "batter": 1,
                "extras": 0,
                "total": 1
              }
            },
            {
              "batter": "Roma Thapa",
              "bowler": "Nur Arianna Natsya",
              "non_striker": "K Shrestha",
              "runs": {
                "batter": 1,
                "extras": 0,
                "total": 1
              }
            },
            {
              "batter": "K Shrestha",
              "bowler": "Nur Arianna Natsya",
              "extras": {
                "wides": 2
              },
              "non_striker": "Roma Thapa",
              "runs": {
                "batter": 0,
                "extras": 2,
                "total": 2
              }
            },
            {
              "batter": "Roma Thapa",
              "bowler": "Nur Arianna Natsya",
              "non_striker": "K Shrestha",
              "runs": {
                "batter": 1,
                "extras": 0,
                "total": 1
              }
            },
            {
              "batter": "K Shrestha",
              "bowler": "Nur Arianna Natsya",
              "non_striker": "Roma Thapa",
              "runs": {
                "batter": 1,
                "extras": 0,
                "total": 1
              }
            },
            {
              "batter": "Roma Thapa",
              "bowler": "Nur Arianna Natsya",
              "non_striker": "K Shrestha",
              "runs": {
                "batter": 1,
                "extras": 0,
                "total": 1
              }
            },
            {
              "batter": "K Shrestha",
              "bowler": "Nur Arianna Natsya",
              "non_striker": "Roma Thapa",
              "runs": {
                "batter": 1,
                "extras": 0,
                "total": 1
              }
            }
          ]
        },
        {
          "over": 18,
          "deliveries": [
            {
              "batter": "K Shrestha",
              "bowler": "Jannadiah Halim",
              "extras": {
                "wides": 1
              },
              "non_striker": "Roma Thapa",
              "runs": {
                "batter": 0,
                "extras": 1,
                "total": 1
              }
            },
            {
              "batter": "K Shrestha",
              "bowler": "Jannadiah Halim",
              "non_striker": "Roma Thapa",
              "runs": {
                "batter": 0,
                "extras": 0,
                "total": 0
              }
            },
            {
              "batter": "K Shrestha",
              "bowler": "Jannadiah Halim",
              "non_striker": "Roma Thapa",
              "runs": {
                "batter": 1,
                "extras": 0,
                "total": 1
              }
            },
            {
              "batter": "Roma Thapa",
              "bowler": "Jannadiah Halim",
              "non_striker": "K Shrestha",
              "runs": {
                "batter": 2,
                "extras": 0,
                "total": 2
              }
            },
            {
              "batter": "Roma Thapa",
              "bowler": "Jannadiah Halim",
              "non_striker": "K Shrestha",
              "runs": {
                "batter": 0,
                "extras": 0,
                "total": 0
              },
              "wickets": [
                {
                  "player_out": "Roma Thapa",
                  "kind": "bowled"
                }
              ]
            },
            {
              "batter": "I Barma",
              "bowler": "Jannadiah Halim",
              "non_striker": "K Shrestha",
              "runs": {
                "batter": 0,
                "extras": 0,
                "total": 0
              }
            },
            {
              "batter": "I Barma",
              "bowler": "Jannadiah Halim",
              "non_striker": "K Shrestha",
              "runs": {
                "batter": 4,
                "extras": 0,
                "total": 4
              }
            }
          ]
        },
        {
          "over": 19,
          "deliveries": [
            {
              "batter": "K Shrestha",
              "bowler": "WA Duraisingam",
              "extras": {
                "wides": 1
              },
              "non_striker": "I Barma",
              "runs": {
                "batter": 0,
                "extras": 1,
                "total": 1
              }
            },
            {
              "batter": "K Shrestha",
              "bowler": "WA Duraisingam",
              "non_striker": "I Barma",
              "runs": {
                "batter": 3,
                "extras": 0,
                "total": 3
              }
            },
            {
              "batter": "I Barma",
              "bowler": "WA Duraisingam",
              "non_striker": "K Shrestha",
              "runs": {
                "batter": 1,
                "extras": 0,
                "total": 1
              }
            },
            {
              "batter": "K Shrestha",
              "bowler": "WA Duraisingam",
              "non_striker": "I Barma",
              "runs": {
                "batter": 2,
                "extras": 0,
                "total": 2
              }
            },
            {
              "batter": "K Shrestha",
              "bowler": "WA Duraisingam",
              "non_striker": "I Barma",
              "runs": {
                "batter": 0,
                "extras": 0,
                "total": 0
              },
              "wickets": [
                {
                  "player_out": "K Shrestha",
                  "kind": "run out"
                }
              ]
            },
            {
              "batter": "I Barma",
              "bowler": "WA Duraisingam",
              "non_striker": "RC Belbashi",
              "runs": {
                "batter": 1,
                "extras": 0,
                "total": 1
              }
            },
            {
              "batter": "RC Belbashi",
              "bowler": "WA Duraisingam",
              "non_striker": "I Barma",
              "runs": {
                "batter": 2,
                "extras": 0,
                "total": 2
              }
            }
          ]
        }
      ],
      "powerplays": [
        {
          "from": 0.1,
          "to": 5.6,
          "type": "mandatory"
        }
      ]
    },
    {
      "team": "Malaysia",
      "overs": [
        {
          "over": 0,
          "deliveries": [
            {
              "batter": "Christina Baret",
              "bowler": "RC Belbashi",
              "non_striker": "Emylia Eliani",
              "runs": {
                "batter": 0,
                "extras": 0,
                "total": 0
              }
            },
            {
              "batter": "Christina Baret",
              "bowler": "RC Belbashi",
              "non_striker": "Emylia Eliani",
              "runs": {
                "batter": 2,
                "extras": 0,
                "total": 2
              }
            },
            {
              "batter": "Christina Baret",
              "bowler": "RC Belbashi",
              "non_striker": "Emylia Eliani",
              "runs": {
                "batter": 0,
                "extras": 0,
                "total": 0
              }
            },
            {
              "batter": "Christina Baret",
              "bowler": "RC Belbashi",
              "non_striker": "Emylia Eliani",
              "runs": {
                "batter": 1,
                "extras": 0,
                "total": 1
              }
            },
            {
              "batter": "Emylia Eliani",
              "bowler": "RC Belbashi",
              "non_striker": "Christina Baret",
              "runs": {
                "batter": 0,
                "extras": 0,
                "total": 0
              }
            },
            {
              "batter": "Emylia Eliani",
              "bowler": "RC Belbashi",
              "non_striker": "Christina Baret",
              "runs": {
                "batter": 0,
                "extras": 0,
                "total": 0
              }
            }
          ]
        },
        {
          "over": 1,
          "deliveries": [
            {
              "batter": "Christina Baret",
              "bowler": "S Khadka",
              "non_striker": "Emylia Eliani",
              "runs": {
                "batter": 0,
                "extras": 0,
                "total": 0
              }
            },
            {
              "batter": "Christina Baret",
              "bowler": "S Khadka",
              "non_striker": "Emylia Eliani",
              "runs": {
                "batter": 0,
                "extras": 0,
                "total": 0
              }
            },
            {
              "batter": "Christina Baret",
              "bowler": "S Khadka",
              "non_striker": "Emylia Eliani",
              "runs": {
                "batter": 0,
                "extras": 0,
                "total": 0
              }
            },
            {
              "batter": "Christina Baret",
              "bowler": "S Khadka",
              "non_striker": "Emylia Eliani",
              "runs": {
                "batter": 0,
                "extras": 0,
                "total": 0
              }
            },
            {
              "batter": "Christina Baret",
              "bowler": "S Khadka",
              "non_striker": "Emylia Eliani",
              "runs": {
                "batter": 0,
                "extras": 0,
                "total": 0
              }
            },
            {
              "batter": "Christina Baret",
              "bowler": "S Khadka",
              "non_striker": "Emylia Eliani",
              "runs": {
                "batter": 0,
                "extras": 0,
                "total": 0
              }
            }
          ]
        },
        {
          "over": 2,
          "deliveries": [
            {
              "batter": "Emylia Eliani",
              "bowler": "RC Belbashi",
              "non_striker": "Christina Baret",
              "runs": {
                "batter": 0,
                "extras": 0,
                "total": 0
              }
            },
            {
              "batter": "Emylia Eliani",
              "bowler": "RC Belbashi",
              "extras": {
                "wides": 1
              },
              "non_striker": "Christina Baret",
              "runs": {
                "batter": 0,
                "extras": 1,
                "total": 1
              }
            },
            {
              "batter": "Emylia Eliani",
              "bowler": "RC Belbashi",
              "non_striker": "Christina Baret",
              "runs": {
                "batter": 0,
                "extras": 0,
                "total": 0
              }
            },
            {
              "batter": "Emylia Eliani",
              "bowler": "RC Belbashi",
              "non_striker": "Christina Baret",
              "runs": {
                "batter": 0,
                "extras": 0,
                "total": 0
              }
            },
            {
              "batter": "Emylia Eliani",
              "bowler": "RC Belbashi",
              "non_striker": "Christina Baret",
              "runs": {
                "batter": 0,
                "extras": 0,
                "total": 0
              }
            },
            {
              "batter": "Emylia Eliani",
              "bowler": "RC Belbashi",
              "non_striker": "Christina Baret",
              "runs": {
                "batter": 0,
                "extras": 0,
                "total": 0
              }
            },
            {
              "batter": "Emylia Eliani",
              "bowler": "RC Belbashi",
              "non_striker": "Christina Baret",
              "runs": {
                "batter": 0,
                "extras": 0,
                "total": 0
              }
            }
          ]
        },
        {
          "over": 3,
          "deliveries": [
            {
              "batter": "Christina Baret",
              "bowler": "S Khadka",
              "extras": {
                "wides": 1
              },
              "non_striker": "Emylia Eliani",
              "runs": {
                "batter": 0,
                "extras": 1,
                "total": 1
              }
            },
            {
              "batter": "Christina Baret",
              "bowler": "S Khadka",
              "non_striker": "Emylia Eliani",
              "runs": {
                "batter": 0,
                "extras": 0,
                "total": 0
              }
            },
            {
              "batter": "Christina Baret",
              "bowler": "S Khadka",
              "non_striker": "Emylia Eliani",
              "runs": {
                "batter": 0,
                "extras": 0,
                "total": 0
              }
            },
            {
              "batter": "Christina Baret",
              "bowler": "S Khadka",
              "non_striker": "Emylia Eliani",
              "runs": {
                "batter": 0,
                "extras": 0,
                "total": 0
              }
            },
            {
              "batter": "Christina Baret",
              "bowler": "S Khadka",
              "non_striker": "Emylia Eliani",
              "runs": {
                "batter": 1,
                "extras": 0,
                "total": 1
              }
            },
            {
              "batter": "Emylia Eliani",
              "bowler": "S Khadka",
              "non_striker": "Christina Baret",
              "runs": {
                "batter": 1,
                "extras": 0,
                "total": 1
              }
            },
            {
              "batter": "Christina Baret",
              "bowler": "S Khadka",
              "non_striker": "Emylia Eliani",
              "runs": {
                "batter": 0,
                "extras": 0,
                "total": 0
              }
            }
          ]
        },
        {
          "over": 4,
          "deliveries": [
            {
              "batter": "Emylia Eliani",
              "bowler": "SR Magar",
              "non_striker": "Christina Baret",
              "runs": {
                "batter": 1,
                "extras": 0,
                "total": 1
              }
            },
            {
              "batter": "Christina Baret",
              "bowler": "SR Magar",
              "non_striker": "Emylia Eliani",
              "runs": {
                "batter": 1,
                "extras": 0,
                "total": 1
              }
            },
            {
              "batter": "Emylia Eliani",
              "bowler": "SR Magar",
              "non_striker": "Christina Baret",
              "runs": {
                "batter": 0,
                "extras": 0,
                "total": 0
              }
            },
            {
              "batter": "Emylia Eliani",
              "bowler": "SR Magar",
              "non_striker": "Christina Baret",
              "runs": {
                "batter": 0,
                "extras": 0,
                "total": 0
              }
            },
            {
              "batter": "Emylia Eliani",
              "bowler": "SR Magar",
              "non_striker": "Christina Baret",
              "runs": {
                "batter": 0,
                "extras": 0,
                "total": 0
              }
            },
            {
              "batter": "Emylia Eliani",
              "bowler": "SR Magar",
              "non_striker": "Christina Baret",
              "runs": {
                "batter": 1,
                "extras": 0,
                "total": 1
              }
            }
          ]
        },
        {
          "over": 5,
          "deliveries": [
            {
              "batter": "Emylia Eliani",
              "bowler": "S Khadka",
              "non_striker": "Christina Baret",
              "runs": {
                "batter": 1,
                "extras": 0,
                "total": 1
              }
            },
            {
              "batter": "Christina Baret",
              "bowler": "S Khadka",
              "extras": {
                "byes": 1
              },
              "non_striker": "Emylia Eliani",
              "runs": {
                "batter": 0,
                "extras": 1,
                "total": 1
              }
            },
            {
              "batter": "Emylia Eliani",
              "bowler": "S Khadka",
              "non_striker": "Christina Baret",
              "runs": {
                "batter": 0,
                "extras": 0,
                "total": 0
              }
            },
            {
              "batter": "Emylia Eliani",
              "bowler": "S Khadka",
              "non_striker": "Christina Baret",
              "runs": {
                "batter": 1,
                "extras": 0,
                "total": 1
              }
            },
            {
              "batter": "Christina Baret",
              "bowler": "S Khadka",
              "non_striker": "Emylia Eliani",
              "runs": {
                "batter": 0,
                "extras": 0,
                "total": 0
              }
            },
            {
              "batter": "Christina Baret",
              "bowler": "S Khadka",
              "non_striker": "Emylia Eliani",
              "runs": {
                "batter": 1,
                "extras": 0,
                "total": 1
              }
            }
          ]
        },
        {
          "over": 6,
          "deliveries": [
            {
              "batter": "Christina Baret",
              "bowler": "SR Magar",
              "non_striker": "Emylia Eliani",
              "runs": {
                "batter": 0,
                "extras": 0,
                "total": 0
              },
              "wickets": [
                {
                  "player_out": "Christina Baret",
                  "kind": "bowled"
                }
              ]
            },
            {
              "batter": "WA Duraisingam",
              "bowler": "SR Magar",
              "non_striker": "Emylia Eliani",
              "runs": {
                "batter": 2,
                "extras": 0,
                "total": 2
              }
            },
            {
              "batter": "WA Duraisingam",
              "bowler": "SR Magar",
              "non_striker": "Emylia Eliani",
              "runs": {
                "batter": 0,
                "extras": 0,
                "total": 0
              }
            },
            {
              "batter": "WA Duraisingam",
              "bowler": "SR Magar",
              "non_striker": "Emylia Eliani",
              "runs": {
                "batter": 1,
                "extras": 0,
                "total": 1
              }
            },
            {
              "batter": "Emylia Eliani",
              "bowler": "SR Magar",
              "non_striker": "WA Duraisingam",
              "runs": {
                "batter": 0,
                "extras": 0,
                "total": 0
              }
            },
            {
              "batter": "Emylia Eliani",
              "bowler": "SR Magar",
              "non_striker": "WA Duraisingam",
              "runs": {
                "batter": 1,
                "extras": 0,
                "total": 1
              }
            }
          ]
        },
        {
          "over": 7,
          "deliveries": [
            {
              "batter": "Emylia Eliani",
              "bowler": "Karuna Bhandari",
              "non_striker": "WA Duraisingam",
              "runs": {
                "batter": 0,
                "extras": 0,
                "total": 0
              }
            },
            {
              "batter": "Emylia Eliani",
              "bowler": "Karuna Bhandari",
              "non_striker": "WA Duraisingam",
              "runs": {
                "batter": 0,
                "extras": 0,
                "total": 0
              }
            },
            {
              "batter": "Emylia Eliani",
              "bowler": "Karuna Bhandari",
              "non_striker": "WA Duraisingam",
              "runs": {
                "batter": 0,
                "extras": 0,
                "total": 0
              }
            },
            {
              "batter": "Emylia Eliani",
              "bowler": "Karuna Bhandari",
              "non_striker": "WA Duraisingam",
              "runs": {
                "batter": 1,
                "extras": 0,
                "total": 1
              }
            },
            {
              "batter": "WA Duraisingam",
              "bowler": "Karuna Bhandari",
              "non_striker": "Emylia Eliani",
              "runs": {
                "batter": 0,
                "extras": 0,
                "total": 0
              }
            },
            {
              "batter": "WA Duraisingam",
              "bowler": "Karuna Bhandari",
              "non_striker": "Emylia Eliani",
              "runs": {
                "batter": 1,
                "extras": 0,
                "total": 1
              }
            }
          ]
        },
        {
          "over": 8,
          "deliveries": [
            {
              "batter": "WA Duraisingam",
              "bowler": "SR Magar",
              "non_striker": "Emylia Eliani",
              "runs": {
                "batter": 0,
                "extras": 0,
                "total": 0
              }
            },
            {
              "batter": "WA Duraisingam",
              "bowler": "SR Magar",
              "non_striker": "Emylia Eliani",
              "runs": {
                "batter": 2,
                "extras": 0,
                "total": 2
              }
            },
            {
              "batter": "WA Duraisingam",
              "bowler": "SR Magar",
              "non_striker": "Emylia Eliani",
              "runs": {
                "batter": 0,
                "extras": 0,
                "total": 0
              }
            },
            {
              "batter": "WA Duraisingam",
              "bowler": "SR Magar",
              "non_striker": "Emylia Eliani",
              "runs": {
                "batter": 2,
                "extras": 0,
                "total": 2
              }
            },
            {
              "batter": "WA Duraisingam",
              "bowler": "SR Magar",
              "non_striker": "Emylia Eliani",
              "runs": {
                "batter": 0,
                "extras": 0,
                "total": 0
              }
            },
            {
              "batter": "WA Duraisingam",
              "bowler": "SR Magar",
              "non_striker": "Emylia Eliani",
              "runs": {
                "batter": 0,
                "extras": 0,
                "total": 0
              }
            }
          ]
        },
        {
          "over": 9,
          "deliveries": [
            {
              "batter": "Emylia Eliani",
              "bowler": "Karuna Bhandari",
              "non_striker": "WA Duraisingam",
              "runs": {
                "batter": 0,
                "extras": 0,
                "total": 0
              }
            },
            {
              "batter": "Emylia Eliani",
              "bowler": "Karuna Bhandari",
              "non_striker": "WA Duraisingam",
              "runs": {
                "batter": 0,
                "extras": 0,
                "total": 0
              }
            },
            {
              "batter": "Emylia Eliani",
              "bowler": "Karuna Bhandari",
              "non_striker": "WA Duraisingam",
              "runs": {
                "batter": 1,
                "extras": 0,
                "total": 1
              }
            },
            {
              "batter": "WA Duraisingam",
              "bowler": "Karuna Bhandari",
              "non_striker": "Emylia Eliani",
              "runs": {
                "batter": 1,
                "extras": 0,
                "total": 1
              }
            },
            {
              "batter": "Emylia Eliani",
              "bowler": "Karuna Bhandari",
              "non_striker": "WA Duraisingam",
              "runs": {
                "batter": 0,
                "extras": 0,
                "total": 0
              }
            },
            {
              "batter": "Emylia Eliani",
              "bowler": "Karuna Bhandari",
              "non_striker": "WA Duraisingam",
              "runs": {
                "batter": 4,
                "extras": 0,
                "total": 4
              }
            }
          ]
        },
        {
          "over": 10,
          "deliveries": [
            {
              "batter": "WA Duraisingam",
              "bowler": "SR Magar",
              "non_striker": "Emylia Eliani",
              "runs": {
                "batter": 0,
                "extras": 0,
                "total": 0
              }
            },
            {
              "batter": "WA Duraisingam",
              "bowler": "SR Magar",
              "non_striker": "Emylia Eliani",
              "runs": {
                "batter": 0,
                "extras": 0,
                "total": 0
              }
            },
            {
              "batter": "WA Duraisingam",
              "bowler": "SR Magar",
              "non_striker": "Emylia Eliani",
              "runs": {
                "batter": 1,
                "extras": 0,
                "total": 1
              }
            },
            {
              "batter": "Emylia Eliani",
              "bowler": "SR Magar",
              "non_striker": "WA Duraisingam",
              "runs": {
                "batter": 1,
                "extras": 0,
                "total": 1
              }
            },
            {
              "batter": "WA Duraisingam",
              "bowler": "SR Magar",
              "non_striker": "Emylia Eliani",
              "runs": {
                "batter": 1,
                "extras": 0,
                "total": 1
              }
            },
            {
              "batter": "Emylia Eliani",
              "bowler": "SR Magar",
              "non_striker": "WA Duraisingam",
              "runs": {
                "batter": 0,
                "extras": 0,
                "total": 0
              }
            }
          ]
        },
        {
          "over": 11,
          "deliveries": [
            {
              "batter": "WA Duraisingam",
              "bowler": "Karuna Bhandari",
              "non_striker": "Emylia Eliani",
              "runs": {
                "batter": 0,
                "extras": 0,
                "total": 0
              }
            },
            {
              "batter": "WA Duraisingam",
              "bowler": "Karuna Bhandari",
              "non_striker": "Emylia Eliani",
              "runs": {
                "batter": 0,
                "extras": 0,
                "total": 0
              },
              "wickets": [
                {
                  "player_out": "WA Duraisingam",
                  "kind": "bowled"
                }
              ]
            },
            {
              "batter": "Mas Elysa",
              "bowler": "Karuna Bhandari",
              "non_striker": "Emylia Eliani",
              "runs": {
                "batter": 0,
                "extras": 0,
                "total": 0
              }
            },
            {
              "batter": "Mas Elysa",
              "bowler": "Karuna Bhandari",
              "non_striker": "Emylia Eliani",
              "runs": {
                "batter": 0,
                "extras": 0,
                "total": 0
              }
            },
            {
              "batter": "Mas Elysa",
              "bowler": "Karuna Bhandari",
              "non_striker": "Emylia Eliani",
              "runs": {
                "batter": 0,
                "extras": 0,
                "total": 0
              },
              "wickets": [
                {
                  "player_out": "Mas Elysa",
                  "fielders": [
                    {
                      "name": "K Shrestha"
                    }
                  ],
                  "kind": "caught"
                }
              ]
            },
            {
              "batter": "Yusrina Yaakop",
              "bowler": "Karuna Bhandari",
              "non_striker": "Emylia Eliani",
              "runs": {
                "batter": 0,
                "extras": 0,
                "total": 0
              }
            }
          ]
        },
        {
          "over": 12,
          "deliveries": [
            {
              "batter": "Emylia Eliani",
              "bowler": "Nary Thapa",
              "non_striker": "Yusrina Yaakop",
              "runs": {
                "batter": 0,
                "extras": 0,
                "total": 0
              }
            },
            {
              "batter": "Emylia Eliani",
              "bowler": "Nary Thapa",
              "non_striker": "Yusrina Yaakop",
              "runs": {
                "batter": 0,
                "extras": 0,
                "total": 0
              }
            },
            {
              "batter": "Emylia Eliani",
              "bowler": "Nary Thapa",
              "non_striker": "Yusrina Yaakop",
              "runs": {
                "batter": 4,
                "extras": 0,
                "total": 4
              }
            },
            {
              "batter": "Emylia Eliani",
              "bowler": "Nary Thapa",
              "non_striker": "Yusrina Yaakop",
              "runs": {
                "batter": 1,
                "extras": 0,
                "total": 1
              }
            },
            {
              "batter": "Yusrina Yaakop",
              "bowler": "Nary Thapa",
              "non_striker": "Emylia Eliani",
              "runs": {
                "batter": 0,
                "extras": 0,
                "total": 0
              }
            },
            {
              "batter": "Yusrina Yaakop",
              "bowler": "Nary Thapa",
              "extras": {
                "wides": 1
              },
              "non_striker": "Emylia Eliani",
              "runs": {
                "batter": 0,
                "extras": 1,
                "total": 1
              }
            },
            {
              "batter": "Yusrina Yaakop",
              "bowler": "Nary Thapa",
              "non_striker": "Emylia Eliani",
              "runs": {
                "batter": 0,
                "extras": 0,
                "total": 0
              }
            }
          ]
        },
        {
          "over": 13,
          "deliveries": [
            {
              "batter": "Emylia Eliani",
              "bowler": "Karuna Bhandari",
              "non_striker": "Yusrina Yaakop",
              "runs": {
                "batter": 0,
                "extras": 0,
                "total": 0
              }
            },
            {
              "batter": "Emylia Eliani",
              "bowler": "Karuna Bhandari",
              "non_striker": "Yusrina Yaakop",
              "runs": {
                "batter": 2,
                "extras": 0,
                "total": 2
              }
            },
            {
              "batter": "Emylia Eliani",
              "bowler": "Karuna Bhandari",
              "non_striker": "Yusrina Yaakop",
              "runs": {
                "batter": 4,
                "extras": 0,
                "total": 4
              }
            },
            {
              "batter": "Emylia Eliani",
              "bowler": "Karuna Bhandari",
              "non_striker": "Yusrina Yaakop",
              "runs": {
                "batter": 0,
                "extras": 0,
                "total": 0
              }
            },
            {
              "batter": "Emylia Eliani",
              "bowler": "Karuna Bhandari",
              "non_striker": "Yusrina Yaakop",
              "runs": {
                "batter": 0,
                "extras": 0,
                "total": 0
              }
            },
            {
              "batter": "Emylia Eliani",
              "bowler": "Karuna Bhandari",
              "non_striker": "Yusrina Yaakop",
              "runs": {
                "batter": 0,
                "extras": 0,
                "total": 0
              },
              "wickets": [
                {
                  "player_out": "Emylia Eliani",
                  "kind": "bowled"
                }
              ]
            }
          ]
        },
        {
          "over": 14,
          "deliveries": [
            {
              "batter": "Yusrina Yaakop",
              "bowler": "Nary Thapa",
              "non_striker": "J Intan",
              "runs": {
                "batter": 1,
                "extras": 0,
                "total": 1
              }
            },
            {
              "batter": "J Intan",
              "bowler": "Nary Thapa",
              "non_striker": "Yusrina Yaakop",
              "runs": {
                "batter": 0,
                "extras": 0,
                "total": 0
              }
            },
            {
              "batter": "J Intan",
              "bowler": "Nary Thapa",
              "non_striker": "Yusrina Yaakop",
              "runs": {
                "batter": 0,
                "extras": 0,
                "total": 0
              },
              "wickets": [
                {
                  "player_out": "J Intan",
                  "kind": "bowled"
                }
              ]
            },
            {
              "batter": "Jannadiah Halim",
              "bowler": "Nary Thapa",
              "non_striker": "Yusrina Yaakop",
              "runs": {
                "batter": 0,
                "extras": 0,
                "total": 0
              }
            },
            {
              "batter": "Jannadiah Halim",
              "bowler": "Nary Thapa",
              "non_striker": "Yusrina Yaakop",
              "runs": {
                "batter": 0,
                "extras": 0,
                "total": 0
              }
            },
            {
              "batter": "Jannadiah Halim",
              "bowler": "Nary Thapa",
              "non_striker": "Yusrina Yaakop",
              "runs": {
                "batter": 1,
                "extras": 0,
                "total": 1
              }
            }
          ]
        },
        {
          "over": 15,
          "deliveries": [
            {
              "batter": "Jannadiah Halim",
              "bowler": "RK Kanoujiya",
              "extras": {
                "wides": 1
              },
              "non_striker": "Yusrina Yaakop",
              "runs": {
                "batter": 0,
                "extras": 1,
                "total": 1
              }
            },
            {
              "batter": "Jannadiah Halim",
              "bowler": "RK Kanoujiya",
              "non_striker": "Yusrina Yaakop",
              "runs": {
                "batter": 2,
                "extras": 0,
                "total": 2
              }
            },
            {
              "batter": "Jannadiah Halim",
              "bowler": "RK Kanoujiya",
              "non_striker": "Yusrina Yaakop",
              "runs": {
                "batter": 0,
                "extras": 0,
                "total": 0
              }
            },
            {
              "batter": "Jannadiah Halim",
              "bowler": "RK Kanoujiya",
              "non_striker": "Yusrina Yaakop",
              "runs": {
                "batter": 0,
                "extras": 0,
                "total": 0
              }
            },
            {
              "batter": "Jannadiah Halim",
              "bowler": "RK Kanoujiya",
              "non_striker": "Yusrina Yaakop",
              "runs": {
                "batter": 1,
                "extras": 0,
                "total": 1
              }
            },
            {
              "batter": "Yusrina Yaakop",
              "bowler": "RK Kanoujiya",
              "non_striker": "Jannadiah Halim",
              "runs": {
                "batter": 0,
                "extras": 0,
                "total": 0
              }
            },
            {
              "batter": "Yusrina Yaakop",
              "bowler": "RK Kanoujiya",
              "non_striker": "Jannadiah Halim",
              "runs": {
                "batter": 0,
                "extras": 0,
                "total": 0
              },
              "wickets": [
                {
                  "player_out": "Yusrina Yaakop",
                  "fielders": [
                    {
                      "name": "RC Belbashi"
                    }
                  ],
                  "kind": "caught"
                }
              ]
            }
          ]
        },
        {
          "over": 16,
          "deliveries": [
            {
              "batter": "Jannadiah Halim",
              "bowler": "Nary Thapa",
              "non_striker": "Zayani Syamimi",
              "runs": {
                "batter": 0,
                "extras": 0,
                "total": 0
              }
            },
            {
              "batter": "Jannadiah Halim",
              "bowler": "Nary Thapa",
              "non_striker": "Zayani Syamimi",
              "runs": {
                "batter": 1,
                "extras": 0,
                "total": 1
              }
            },
            {
              "batter": "Zayani Syamimi",
              "bowler": "Nary Thapa",
              "non_striker": "Jannadiah Halim",
              "runs": {
                "batter": 2,
                "extras": 0,
                "total": 2
              }
            },
            {
              "batter": "Zayani Syamimi",
              "bowler": "Nary Thapa",
              "non_striker": "Jannadiah Halim",
              "runs": {
                "batter": 4,
                "extras": 0,
                "total": 4
              }
            },
            {
              "batter": "Zayani Syamimi",
              "bowler": "Nary Thapa",
              "non_striker": "Jannadiah Halim",
              "runs": {
                "batter": 1,
                "extras": 0,
                "total": 1
              }
            },
            {
              "batter": "Jannadiah Halim",
              "bowler": "Nary Thapa",
              "non_striker": "Zayani Syamimi",
              "runs": {
                "batter": 0,
                "extras": 0,
                "total": 0
              }
            }
          ]
        },
        {
          "over": 17,
          "deliveries": [
            {
              "batter": "Zayani Syamimi",
              "bowler": "RK Kanoujiya",
              "non_striker": "Jannadiah Halim",
              "runs": {
                "batter": 0,
                "extras": 0,
                "total": 0
              }
            },
            {
              "batter": "Zayani Syamimi",
              "bowler": "RK Kanoujiya",
              "non_striker": "Jannadiah Halim",
              "runs": {
                "batter": 0,
                "extras": 0,
                "total": 0
              }
            },
            {
              "batter": "Zayani Syamimi",
              "bowler": "RK Kanoujiya",
              "non_striker": "Jannadiah Halim",
              "runs": {
                "batter": 4,
                "extras": 0,
                "total": 4
              }
            },
            {
              "batter": "Zayani Syamimi",
              "bowler": "RK Kanoujiya",
              "non_striker": "Jannadiah Halim",
              "runs": {
                "batter": 0,
                "extras": 0,
                "total": 0
              }
            },
            {
              "batter": "Zayani Syamimi",
              "bowler": "RK Kanoujiya",
              "non_striker": "Jannadiah Halim",
              "runs": {
                "batter": 1,
                "extras": 0,
                "total": 1
              }
            },
            {
              "batter": "Jannadiah Halim",
              "bowler": "RK Kanoujiya",
              "non_striker": "Zayani Syamimi",
              "runs": {
                "batter": 0,
                "extras": 0,
                "total": 0
              }
            }
          ]
        },
        {
          "over": 18,
          "deliveries": [
            {
              "batter": "Zayani Syamimi",
              "bowler": "RC Belbashi",
              "non_striker": "Jannadiah Halim",
              "runs": {
                "batter": 0,
                "extras": 0,
                "total": 0
              }
            },
            {
              "batter": "Zayani Syamimi",
              "bowler": "RC Belbashi",
              "non_striker": "Jannadiah Halim",
              "runs": {
                "batter": 1,
                "extras": 0,
                "total": 1
              }
            },
            {
              "batter": "Jannadiah Halim",
              "bowler": "RC Belbashi",
              "non_striker": "Zayani Syamimi",
              "runs": {
                "batter": 2,
                "extras": 0,
                "total": 2
              }
            },
            {
              "batter": "Jannadiah Halim",
              "bowler": "RC Belbashi",
              "non_striker": "Zayani Syamimi",
              "runs": {
                "batter": 1,
                "extras": 0,
                "total": 1
              }
            },
            {
              "batter": "Zayani Syamimi",
              "bowler": "RC Belbashi",
              "non_striker": "Jannadiah Halim",
              "runs": {
                "batter": 0,
                "extras": 0,
                "total": 0
              }
            },
            {
              "batter": "Zayani Syamimi",
              "bowler": "RC Belbashi",
              "non_striker": "Jannadiah Halim",
              "runs": {
                "batter": 1,
                "extras": 0,
                "total": 1
              }
            }
          ]
        },
        {
          "over": 19,
          "deliveries": [
            {
              "batter": "Zayani Syamimi",
              "bowler": "S Khadka",
              "extras": {
                "wides": 2
              },
              "non_striker": "Jannadiah Halim",
              "runs": {
                "batter": 0,
                "extras": 2,
                "total": 2
              }
            },
            {
              "batter": "Jannadiah Halim",
              "bowler": "S Khadka",
              "non_striker": "Zayani Syamimi",
              "runs": {
                "batter": 0,
                "extras": 0,
                "total": 0
              },
              "wickets": [
                {
                  "player_out": "Jannadiah Halim",
                  "kind": "lbw"
                }
              ]
            },
            {
              "batter": "Nur Nadihirah",
              "bowler": "S Khadka",
              "non_striker": "Zayani Syamimi",
              "runs": {
                "batter": 1,
                "extras": 0,
                "total": 1
              }
            },
            {
              "batter": "Zayani Syamimi",
              "bowler": "S Khadka",
              "non_striker": "Nur Nadihirah",
              "runs": {
                "batter": 0,
                "extras": 0,
                "total": 0
              }
            },
            {
              "batter": "Zayani Syamimi",
              "bowler": "S Khadka",
              "non_striker": "Nur Nadihirah",
              "runs": {
                "batter": 2,
                "extras": 0,
                "total": 2
              }
            },
            {
              "batter": "Zayani Syamimi",
              "bowler": "S Khadka",
              "non_striker": "Nur Nadihirah",
              "runs": {
                "batter": 0,
                "extras": 0,
                "total": 0
              }
            },
            {
              "batter": "Zayani Syamimi",
              "bowler": "S Khadka",
              "extras": {
                "legbyes": 1
              },
              "non_striker": "Nur Nadihirah",
              "runs": {
                "batter": 0,
                "extras": 1,
                "total": 1
              }
            }
          ]
        }
      ],
      "powerplays": [
        {
          "from": 0.1,
          "to": 5.6,
          "type": "mandatory"
        }
      ],
      "target": {
        "overs": 20,
        "runs": 109
      }
    }
  ]
}