{
  "meta": {
    "data_version": "1.0.0",
    "created": "2020-10-06",
    "revision": 2
  },
  "info": {
    "balls_per_over": 6,
    "city": "Bangkok",
    "dates": [
      "2017-11-23"
    ],
    "event": {
      "name": "ICC Women's World Twenty20 Qualifying Series Asia Region",
      "match_number": 8
    },
    "gender": "female",
    "match_type": "IT20",
    "officials": {
      "reserve_umpires": [
        "V Kalidas"
      ],
      "umpires": [
        "AK Rana",
        "B Ramani"
      ]
    },
    "outcome": {
      "winner": "United Arab Emirates",
      "by": {
        "runs": 5
      }
    },
    "overs": 20,
    "player_of_match": [
      "Nisha Ali"
    ],
    "players": {
      "United Arab Emirates": [
        "S Venkataraman",
        "ER Oza",
        "Roopa Nagraj",
        "P Jain",
        "KKN Egodage",
        "NM Cherriath",
        "Nisha Ali",
        "UCKA Dona",
        "Humaira Tasneem",
        "Chaya Mughal",
        "IS Mananelage"
      ],
      "Nepal": [
        "J Pandey",
        "SR Magar",
        "I Barma",
        "Nary Thapa",
        "K Shrestha",
        "S Magar",
        "Karuna Bhandari",
        "RC Belbashi",
        "RK Kanoujiya",
        "Roma Thapa",
        "Sangita Rai"
      ]
    },
    "registry": {
      "people": {
        "AK Rana": "562d74d0",
        "B Ramani": "92ad5353",
        "Chaya Mughal": "77b26349",
        "ER Oza": "fdc6b34d",
        "Humaira Tasneem": "da22f2a2",
        "I Barma": "521abce2",
        "IS Mananelage": "c270299f",
        "J Pandey": "e1214f03",
        "K Shrestha": "119de50f",
        "KKN Egodage": "5bb904d4",
        "Karuna Bhandari": "c68fc575",
        "NM Cherriath": "cdaf3af3",
        "Nary Thapa": "d24e69f5",
        "Nisha Ali": "9d0332ee",
        "P Jain": "c67fc85a",
        "RC Belbashi": "dfdaca74",
        "RK Kanoujiya": "2667c1ef",
        "Roma Thapa": "05d9faac",
        "Roopa Nagraj": "065c35fc",
        "S Magar": "4fc3790e",
        "S Venkataraman": "8001a208",
        "SR Magar": "61c22ad0",
        "Sangita Rai": "ad580a96",
        "UCKA Dona": "caa99fcb",
        "V Kalidas": "42d76418"
      }
    },
    "season": "2017/18",
    "team_type": "international",
    "teams": [
      "United Arab Emirates",
      "Nepal"
    ],
    "toss": {
      "decision": "bat",
      "winner": "United Arab Emirates"
    },
    "venue": "Asian Institute of Technology Ground"
  },
  "innings": [
    {
      "team": "United Arab Emirates",
      "overs": [
        {
          "over": 0,
          "deliveries": [
            {
              "batter": "S Venkataraman",
              "bowler": "RC Belbashi",
              "extras": {
                "wides": 1
              },
              "non_striker": "ER Oza",
              "runs": {
                "batter": 0,
                "extras": 1,
                "total": 1
              }
            },
            {
              "batter": "S Venkataraman",
              "bowler": "RC Belbashi",
              "non_striker": "ER Oza",
              "runs": {
                "batter": 0,
                "extras": 0,
                "total": 0
              }
            },
            {
              "batter": "S Venkataraman",
              "bowler": "RC Belbashi",
              "non_striker": "ER Oza",
              "runs": {
                "batter": 0,
                "extras": 0,
                "total": 0
              }
            },
            {
              "batter": "S Venkataraman",
              "bowler": "RC Belbashi",
              "non_striker": "ER Oza",
              "runs": {
                "batter": 0,
                "extras": 0,
                "total": 0
              },
              "wickets": [
                {
                  "player_out": "S Venkataraman",
                  "kind": "bowled"
                }
              ]
            },
            {
              "batter": "Roopa Nagraj",
              "bowler": "RC Belbashi",
              "non_striker": "ER Oza",
              "runs": {
                "batter": 0,
                "extras": 0,
                "total": 0
              }
            },
            {
              "batter": "Roopa Nagraj",
              "bowler": "RC Belbashi",
              "non_striker": "ER Oza",
              "runs": {
                "batter": 0,
                "extras": 0,
                "total": 0
              }
            },
            {
              "batter": "Roopa Nagraj",
              "bowler": "RC Belbashi",
              "non_striker": "ER Oza",
              "runs": {
                "batter": 1,
                "extras": 0,
                "total": 1
              }
            }
          ]
        },
        {
          "over": 1,
          "deliveries": [
            {
              "batter": "Roopa Nagraj",
              "bowler": "RK Kanoujiya",
              "non_striker": "ER Oza",
              "runs": {
                "batter": 0,
                "extras": 0,
                "total": 0
              }
            },
            {
              "batter": "Roopa Nagraj",
              "bowler": "RK Kanoujiya",
              "non_striker": "ER Oza",
              "runs": {
                "batter": 1,
                "extras": 0,
                "total": 1
              }
            },
            {
              "batter": "ER Oza",
              "bowler": "RK Kanoujiya",
              "extras": {
                "wides": 1
              },
              "non_striker": "Roopa Nagraj",
              "runs": {
                "batter": 0,
                "extras": 1,
                "total": 1
              }
            },
            {
              "batter": "ER Oza",
              "bowler": "RK Kanoujiya",
              "non_striker": "Roopa Nagraj",
              "runs": {
                "batter": 0,
                "extras": 0,
                "total": 0
              }
            },
            {
              "batter": "ER Oza",
              "bowler": "RK Kanoujiya",
              "non_striker": "Roopa Nagraj",
              "runs": {
                "batter": 1,
                "extras": 0,
                "total": 1
              }
            },
            {
              "batter": "Roopa Nagraj",
              "bowler": "RK Kanoujiya",
              "non_striker": "ER Oza",
              "runs": {
                "batter": 0,
                "extras": 0,
                "total": 0
              }
            },
            {
              "batter": "Roopa Nagraj",
              "bowler": "RK Kanoujiya",
              "non_striker": "ER Oza",
              "runs": {
                "batter": 0,
                "extras": 0,
                "total": 0
              }
            }
          ]
        },
        {
          "over": 2,
          "deliveries": [
            {
              "batter": "ER Oza",
              "bowler": "RC Belbashi",
              "non_striker": "Roopa Nagraj",
              "runs": {
                "batter": 2,
                "extras": 0,
                "total": 2
              }
            },
            {
              "batter": "ER Oza",
              "bowler": "RC Belbashi",
              "non_striker": "Roopa Nagraj",
              "runs": {
                "batter": 1,
                "extras": 0,
                "total": 1
              }
            },
            {
              "batter": "Roopa Nagraj",
              "bowler": "RC Belbashi",
              "non_striker": "ER Oza",
              "runs": {
                "batter": 0,
                "extras": 0,
                "total": 0
              }
            },
            {
              "batter": "Roopa Nagraj",
              "bowler": "RC Belbashi",
              "non_striker": "ER Oza",
              "runs": {
                "batter": 0,
                "extras": 0,
                "total": 0
              },
              "wickets": [
                {
                  "player_out": "Roopa Nagraj",
                  "fielders": [
                    {
                      "name": "J Pandey"
                    }
                  ],
                  "kind": "caught"
                }
              ]
            },
            {
              "batter": "P Jain",
              "bowler": "RC Belbashi",
              "non_striker": "ER Oza",
              "runs": {
                "batter": 1,
                "extras": 0,
                "total": 1
              }
            },
            {
              "batter": "ER Oza",
              "bowler": "RC Belbashi",
              "non_striker": "P Jain",
              "runs": {
                "batter": 0,
                "extras": 0,
                "total": 0
              }
            }
          ]
        },
        {
          "over": 3,
          "deliveries": [
            {
              "batter": "P Jain",
              "bowler": "RK Kanoujiya",
              "extras": {
                "wides": 1
              },
              "non_striker": "ER Oza",
              "runs": {
                "batter": 0,
                "extras": 1,
                "total": 1
              }
            },
            {
              "batter": "P Jain",
              "bowler": "RK Kanoujiya",
              "non_striker": "ER Oza",
              "runs": {
                "batter": 0,
                "extras": 0,
                "total": 0
              },
              "wickets": [
                {
                  "player_out": "P Jain",
                  "fielders": [
                    {
                      "name": "J Pandey"
                    }
                  ],
                  "kind": "caught"
                }
              ]
            },
            {
              "batter": "KKN Egodage",
              "bowler": "RK Kanoujiya",
              "non_striker": "ER Oza",
              "runs": {
                "batter": 0,
                "extras": 0,
                "total": 0
              }
            },
            {
              "batter": "KKN Egodage",
              "bowler": "RK Kanoujiya",
              "non_striker": "ER Oza",
              "runs": {
                "batter": 0,
                "extras": 0,
                "total": 0
              },
              "wickets": [
                {
                  "player_out": "KKN Egodage",
                  "kind": "bowled"
                }
              ]
            },
            {
              "batter": "NM Cherriath",
              "bowler": "RK Kanoujiya",
              "non_striker": "ER Oza",
              "runs": {
                "batter": 0,
                "extras": 0,
                "total": 0
              }
            },
            {
              "batter": "NM Cherriath",
              "bowler": "RK Kanoujiya",
              "non_striker": "ER Oza",
              "runs": {
                "batter": 0,
                "extras": 0,
                "total": 0
              }
            },
            {
              "batter": "NM Cherriath",
              "bowler": "RK Kanoujiya",
              "non_striker": "ER Oza",
              "runs": {
                "batter": 0,
                "extras": 0,
                "total": 0
              }
            }
          ]
        },
        {
          "over": 4,
          "deliveries": [
            {
              "batter": "ER Oza",
              "bowler": "RC Belbashi",
              "non_striker": "NM Cherriath",
              "runs": {
                "batter": 0,
                "extras": 0,
                "total": 0
              }
            },
            {
              "batter": "ER Oza",
              "bowler": "RC Belbashi",
              "non_striker": "NM Cherriath",
              "runs": {
                "batter": 0,
                "extras": 0,
                "total": 0
              }
            },
            {
              "batter": "ER Oza",
              "bowler": "RC Belbashi",
              "non_striker": "NM Cherriath",
              "runs": {
                "batter": 0,
                "extras": 0,
                "total": 0
              }
            },
            {
              "batter": "ER Oza",
              "bowler": "RC Belbashi",
              "non_striker": "NM Cherriath",
              "runs": {
                "batter": 1,
                "extras": 0,
                "total": 1
              }
            },
            {
              "batter": "NM Cherriath",
              "bowler": "RC Belbashi",
              "non_striker": "ER Oza",
              "runs": {
                "batter": 0,
                "extras": 0,
                "total": 0
              }
            },
            {
              "batter": "NM Cherriath",
              "bowler": "RC Belbashi",
              "non_striker": "ER Oza",
              "runs": {
                "batter": 0,
                "extras": 0,
                "total": 0
              }
            }
          ]
        },
        {
          "over": 5,
          "deliveries": [
            {
              "batter": "ER Oza",
              "bowler": "RK Kanoujiya",
              "non_striker": "NM Cherriath",
              "runs": {
                "batter": 1,
                "extras": 0,
                "total": 1
              }
            },
            {
              "batter": "NM Cherriath",
              "bowler": "RK Kanoujiya",
              "non_striker": "ER Oza",
              "runs": {
                "batter": 0,
                "extras": 0,
                "total": 0
              }
            },
            {
              "batter": "NM Cherriath",
              "bowler": "RK Kanoujiya",
              "non_striker": "ER Oza",
              "runs": {
                "batter": 0,
                "extras": 0,
                "total": 0
              }
            },
            {
              "batter": "NM Cherriath",
              "bowler": "RK Kanoujiya",
              "non_striker": "ER Oza",
              "runs": {
                "batter": 0,
                "extras": 0,
                "total": 0
              }
            },
            {
              "batter": "NM Cherriath",
              "bowler": "RK Kanoujiya",
              "non_striker": "ER Oza",
              "runs": {
                "batter": 0,
                "extras": 0,
                "total": 0
              }
            },
            {
              "batter": "NM Cherriath",
              "bowler": "RK Kanoujiya",
              "non_striker": "ER Oza",
              "runs": {
                "batter": 4,
                "extras": 0,
                "total": 4
              }
            }
          ]
        },
        {
          "over": 6,
          "deliveries": [
            {
              "batter": "ER Oza",
              "bowler": "S Magar",
              "non_striker": "NM Cherriath",
              "runs": {
                "batter": 0,
                "extras": 0,
                "total": 0
              }
            },
            {
              "batter": "ER Oza",
              "bowler": "S Magar",
              "non_striker": "NM Cherriath",
              "runs": {
                "batter": 0,
                "extras": 0,
                "total": 0
              }
            },
            {
              "batter": "ER Oza",
              "bowler": "S Magar",
              "non_striker": "NM Cherriath",
              "runs": {
                "batter": 1,
                "extras": 0,
                "total": 1
              }
            },
            {
              "batter": "NM Cherriath",
              "bowler": "S Magar",
              "extras": {
                "wides": 1
              },
              "non_striker": "ER Oza",
              "runs": {
                "batter": 0,
                "extras": 1,
                "total": 1
              }
            },
            {
              "batter": "NM Cherriath",
              "bowler": "S Magar",
              "non_striker": "ER Oza",
              "runs": {
                "batter": 1,
                "extras": 0,
                "total": 1
              }
            },
            {
              "batter": "ER Oza",
              "bowler": "S Magar",
              "non_striker": "NM Cherriath",
              "runs": {
                "batter": 0,
                "extras": 0,
                "total": 0
              }
            },
            {
              "batter": "ER Oza",
              "bowler": "S Magar",
              "non_striker": "NM Cherriath",
              "runs": {
                "batter": 1,
                "extras": 0,
                "total": 1
              }
            }
          ]
        },
        {
          "over": 7,
          "deliveries": [
            {
              "batter": "ER Oza",
              "bowler": "Karuna Bhandari",
              "non_striker": "NM Cherriath",
              "runs": {
                "batter": 1,
                "extras": 0,
                "total": 1
              }
            },
            {
              "batter": "NM Cherriath",
              "bowler": "Karuna Bhandari",
              "non_striker": "ER Oza",
              "runs": {
                "batter": 0,
                "extras": 0,
                "total": 0
              }
            },
            {
              "batter": "NM Cherriath",
              "bowler": "Karuna Bhandari",
              "non_striker": "ER Oza",
              "runs": {
                "batter": 1,
                "extras": 0,
                "total": 1
              }
            },
            {
              "batter": "ER Oza",
              "bowler": "Karuna Bhandari",
              "non_striker": "NM Cherriath",
              "runs": {
                "batter": 0,
                "extras": 0,
                "total": 0
              }
            },
            {
              "batter": "ER Oza",
              "bowler": "Karuna Bhandari",
              "non_striker": "NM Cherriath",
              "runs": {
                "batter": 1,
                "extras": 0,
                "total": 1
              }
            },
            {
              "batter": "NM Cherriath",
              "bowler": "Karuna Bhandari",
              "non_striker": "ER Oza",
              "runs": {
                "batter": 0,
                "extras": 0,
                "total": 0
              }
            }
          ]
        },
        {
          "over": 8,
          "deliveries": [
            {
              "batter": "ER Oza",
              "bowler": "S Magar",
              "non_striker": "NM Cherriath",
              "runs": {
                "batter": 0,
                "extras": 0,
                "total": 0
              }
            },
            {
              "batter": "ER Oza",
              "bowler": "S Magar",
              "non_striker": "NM Cherriath",
              "runs": {
                "batter": 2,
                "extras": 0,
                "total": 2
              }
            },
            {
              "batter": "ER Oza",
              "bowler": "S Magar",
              "non_striker": "NM Cherriath",
              "runs": {
                "batter": 4,
                "extras": 0,
                "total": 4
              }
            },
            {
              "batter": "ER Oza",
              "bowler": "S Magar",
              "non_striker": "NM Cherriath",
              "runs": {
                "batter": 1,
                "extras": 0,
                "total": 1
              }
            },
            {
              "batter": "NM Cherriath",
              "bowler": "S Magar",
              "non_striker": "ER Oza",
              "runs": {
                "batter": 1,
                "extras": 0,
                "total": 1
              }
            },
            {
              "batter": "ER Oza",
              "bowler": "S Magar",
              "non_striker": "NM Cherriath",
              "runs": {
                "batter": 4,
                "extras": 0,
                "total": 4
              }
            }
          ]
        },
        {
          "over": 9,
          "deliveries": [
            {
              "batter": "NM Cherriath",
              "bowler": "Karuna Bhandari",
              "non_striker": "ER Oza",
              "runs": {
                "batter": 0,
                "extras": 0,
                "total": 0
              }
            },
            {
              "batter": "NM Cherriath",
              "bowler": "Karuna Bhandari",
              "non_striker": "ER Oza",
              "runs": {
                "batter": 1,
                "extras": 0,
                "total": 1
              }
            },
            {
              "batter": "ER Oza",
              "bowler": "Karuna Bhandari",
              "non_striker": "NM Cherriath",
              "runs": {
                "batter": 0,
                "extras": 0,
                "total": 0
              }
            },
            {
              "batter": "ER Oza",
              "bowler": "Karuna Bhandari",
              "non_striker": "NM Cherriath",
              "runs": {
                "batter": 1,
                "extras": 0,
                "total": 1
              }
            },
            {
              "batter": "NM Cherriath",
              "bowler": "Karuna Bhandari",
              "non_striker": "ER Oza",
              "runs": {
                "batter": 0,
                "extras": 0,
                "total": 0
              }
            },
            {
              "batter": "NM Cherriath",
              "bowler": "Karuna Bhandari",
              "non_striker": "ER Oza",
              "runs": {
                "batter": 0,
                "extras": 0,
                "total": 0
              }
            }
          ]
        },
        {
          "over": 10,
          "deliveries": [
            {
              "batter": "ER Oza",
              "bowler": "Nary Thapa",
              "non_striker": "NM Cherriath",
              "runs": {
                "batter": 0,
                "extras": 0,
                "total": 0
              }
            },
            {
              "batter": "ER Oza",
              "bowler": "Nary Thapa",
              "non_striker": "NM Cherriath",
              "runs": {
                "batter": 0,
                "extras": 0,
                "total": 0
              },
              "wickets": [
                {
                  "player_out": "ER Oza",
                  "fielders": [
                    {
                      "name": "RK Kanoujiya"
                    }
                  ],
                  "kind": "caught"
                }
              ]
            },
            {
              "batter": "NM Cherriath",
              "bowler": "Nary Thapa",
              "non_striker": "Nisha Ali",
              "runs": {
                "batter": 0,
                "extras": 0,
                "total": 0
              }
            },
            {
              "batter": "NM Cherriath",
              "bowler": "Nary Thapa",
              "non_striker": "Nisha Ali",
              "runs": {
                "batter": 0,
                "extras": 0,
                "total": 0
              }
            },
            {
              "batter": "NM Cherriath",
              "bowler": "Nary Thapa",
              "non_striker": "Nisha Ali",
              "runs": {
                "batter": 0,
                "extras": 0,
                "total": 0
              }
            },
            {
              "batter": "NM Cherriath",
              "bowler": "Nary Thapa",
              "non_striker": "Nisha Ali",
              "runs": {
                "batter": 0,
                "extras": 0,
                "total": 0
              }
            }
          ]
        },
        {
          "over": 11,
          "deliveries": [
            {
              "batter": "Nisha Ali",
              "bowler": "Karuna Bhandari",
              "non_striker": "NM Cherriath",
              "runs": {
                "batter": 0,
                "extras": 0,
                "total": 0
              }
            },
            {
              "batter": "Nisha Ali",
              "bowler": "Karuna Bhandari",
              "non_striker": "NM Cherriath",
              "runs": {
                "batter": 0,
                "extras": 0,
                "total": 0
              }
            },
            {
              "batter": "Nisha Ali",
              "bowler": "Karuna Bhandari",
              "non_striker": "NM Cherriath",
              "runs": {
                "batter": 0,
                "extras": 0,
                "total": 0
              }
            },
            {
              "batter": "Nisha Ali",
              "bowler": "Karuna Bhandari",
              "non_striker": "NM Cherriath",
              "runs": {
                "batter": 1,
                "extras": 0,
                "total": 1
              }
            },
            {
              "batter": "NM Cherriath",
              "bowler": "Karuna Bhandari",
              "non_striker": "Nisha Ali",
              "runs": {
                "batter": 1,
                "extras": 0,
                "total": 1
              }
            },
            {
              "batter": "Nisha Ali",
              "bowler": "Karuna Bhandari",
              "non_striker": "NM Cherriath",
              "runs": {
                "batter": 1,
                "extras": 0,
                "total": 1
              }
            }
          ]
        },
        {
          "over": 12,
          "deliveries": [
            {
              "batter": "Nisha Ali",
              "bowler": "Nary Thapa",
              "non_striker": "NM Cherriath",
              "runs": {
                "batter": 0,
                "extras": 0,
                "total": 0
              }
            },
            {
              "batter": "Nisha Ali",
              "bowler": "Nary Thapa",
              "non_striker": "NM Cherriath",
              "runs": {
                "batter": 1,
                "extras": 0,
                "total": 1
              }
            },
            {
              "batter": "NM Cherriath",
              "bowler": "Nary Thapa",
              "extras": {
                "wides": 1
              },
              "non_striker": "Nisha Ali",
              "runs": {
                "batter": 0,
                "extras": 1,
                "total": 1
              }
            },
            {
              "batter": "NM Cherriath",
              "bowler": "Nary Thapa",
              "non_striker": "Nisha Ali",
              "runs": {
                "batter": 1,
                "extras": 0,
                "total": 1
              }
            },
            {
              "batter": "Nisha Ali",
              "bowler": "Nary Thapa",
              "non_striker": "NM Cherriath",
              "runs": {
                "batter": 0,
                "extras": 0,
                "total": 0
              }
            },
            {
              "batter": "Nisha Ali",
              "bowler": "Nary Thapa",
              "non_striker": "NM Cherriath",
              "runs": {
                "batter": 0,
                "extras": 0,
                "total": 0
              }
            },
            {
              "batter": "Nisha Ali",
              "bowler": "Nary Thapa",
              "non_striker": "NM Cherriath",
              "runs": {
                "batter": 0,
                "extras": 0,
                "total": 0
              }
            }
          ]
        },
        {
          "over": 13,
          "deliveries": [
            {
              "batter": "NM Cherriath",
              "bowler": "Karuna Bhandari",
              "non_striker": "Nisha Ali",
              "runs": {
                "batter": 2,
                "extras": 0,
                "total": 2
              }
            },
            {
              "batter": "NM Cherriath",
              "bowler": "Karuna Bhandari",
              "non_striker": "Nisha Ali",
              "runs": {
                "batter": 0,
                "extras": 0,
                "total": 0
              }
            },
            {
              "batter": "NM Cherriath",
              "bowler": "Karuna Bhandari",
              "non_striker": "Nisha Ali",
              "runs": {
                "batter": 0,
                "extras": 0,
                "total": 0
              }
            },
            {
              "batter": "NM Cherriath",
              "bowler": "Karuna Bhandari",
              "non_striker": "Nisha Ali",
              "runs": {
                "batter": 0,
                "extras": 0,
                "total": 0
              }
            },
            {
              "batter": "NM Cherriath",
              "bowler": "Karuna Bhandari",
              "non_striker": "Nisha Ali",
              "runs": {
                "batter": 0,
                "extras": 0,
                "total": 0
              }
            },
            {
              "batter": "NM Cherriath",
              "bowler": "Karuna Bhandari",
              "non_striker": "Nisha Ali",
              "runs": {
                "batter": 1,
                "extras": 0,
                "total": 1
              }
            }
          ]
        },
        {
          "over": 14,
          "deliveries": [
            {
              "batter": "NM Cherriath",
              "bowler": "Nary Thapa",
              "non_striker": "Nisha Ali",
              "runs": {
                "batter": 1,
                "extras": 0,
                "total": 1
              }
            },
            {
              "batter": "Nisha Ali",
              "bowler": "Nary Thapa",
              "non_striker": "NM Cherriath",
              "runs": {
                "batter": 1,
                "extras": 0,
                "total": 1
              }
            },
            {
              "batter": "NM Cherriath",
              "bowler": "Nary Thapa",
              "non_striker": "Nisha Ali",
              "runs": {
                "batter": 1,
                "extras": 0,
                "total": 1
              }
            },
            {
              "batter": "Nisha Ali",
              "bowler": "Nary Thapa",
              "extras": {
                "wides": 1
              },
              "non_striker": "NM Cherriath",
              "runs": {
                "batter": 0,
                "extras": 1,
                "total": 1
              }
            },
            {
              "batter": "Nisha Ali",
              "bowler": "Nary Thapa",
              "non_striker": "NM Cherriath",
              "runs": {
                "batter": 0,
                "extras": 0,
                "total": 0
              }
            },
            {
              "batter": "Nisha Ali",
              "bowler": "Nary Thapa",
              "non_striker": "NM Cherriath",
              "runs": {
                "batter": 0,
                "extras": 0,
                "total": 0
              }
            },
            {
              "batter": "Nisha Ali",
              "bowler": "Nary Thapa",
              "non_striker": "NM Cherriath",
              "runs": {
                "batter": 1,
                "extras": 0,
                "total": 1
              }
            }
          ]
        },
        {
          "over": 15,
          "deliveries": [
            {
              "batter": "Nisha Ali",
              "bowler": "Sangita Rai",
              "non_striker": "NM Cherriath",
              "runs": {
                "batter": 4,
                "extras": 0,
                "total": 4
              }
            },
            {
              "batter": "Nisha Ali",
              "bowler": "Sangita Rai",
              "non_striker": "NM Cherriath",
              "runs": {
                "batter": 1,
                "extras": 0,
                "total": 1
              }
            },
            {
              "batter": "NM Cherriath",
              "bowler": "Sangita Rai",
              "non_striker": "Nisha Ali",
              "runs": {
                "batter": 1,
                "extras": 0,
                "total": 1
              }
            },
            {
              "batter": "Nisha Ali",
              "bowler": "Sangita Rai",
              "non_striker": "NM Cherriath",
              "runs": {
                "batter": 1,
                "extras": 0,
                "total": 1
              }
            },
            {
              "batter": "NM Cherriath",
              "bowler": "Sangita Rai",
              "non_striker": "Nisha Ali",
              "runs": {
                "batter": 1,
                "extras": 0,
                "total": 1
              }
            },
            {
              "batter": "Nisha Ali",
              "bowler": "Sangita Rai",
              "non_striker": "NM Cherriath",
              "runs": {
                "batter": 1,
                "extras": 0,
                "total": 1
              }
            }
          ]
        },
        {
          "over": 16,
          "deliveries": [
            {
              "batter": "Nisha Ali",
              "bowler": "Nary Thapa",
              "non_striker": "NM Cherriath",
              "runs": {
                "batter": 0,
                "extras": 0,
                "total": 0
              }
            },
            {
              "batter": "Nisha Ali",
              "bowler": "Nary Thapa",
              "non_striker": "NM Cherriath",
              "runs": {
                "batter": 1,
                "extras": 0,
                "total": 1
              }
            },
            {
              "batter": "NM Cherriath",
              "bowler": "Nary Thapa",
              "non_striker": "Nisha Ali",
              "runs": {
                "batter": 0,
                "extras": 0,
                "total": 0
              }
            },
            {
              "batter": "NM Cherriath",
              "bowler": "Nary Thapa",
              "non_striker": "Nisha Ali",
              "runs": {
                "batter": 1,
                "extras": 0,
                "total": 1
              }
            },
            {
              "batter": "Nisha Ali",
              "bowler": "Nary Thapa",
              "non_striker": "NM Cherriath",
              "runs": {
                "batter": 0,
                "extras": 0,
                "total": 0
              }
            },
            {
              "batter": "Nisha Ali",
              "bowler": "Nary Thapa",
              "non_striker": "NM Cherriath",
              "runs": {
                "batter": 1,
                "extras": 0,
                "total": 1
              }
            }
          ]
        },
        {
          "over": 17,
          "deliveries": [
            {
              "batter": "Nisha Ali",
              "bowler": "S Magar",
              "non_striker": "NM Cherriath",
              "runs": {
                "batter": 1,
                "extras": 0,
                "total": 1
              }
            },
            {
              "batter": "NM Cherriath",
              "bowler": "S Magar",
              "non_striker": "Nisha Ali",
              "runs": {
                "batter": 1,
                "extras": 0,
                "total": 1
              }
            },
            {
              "batter": "Nisha Ali",
              "bowler": "S Magar",
              "extras": {
                "byes": 1
              },
              "non_striker": "NM Cherriath",
              "runs": {
                "batter": 0,
                "extras": 1,
                "total": 1
              }
            },
            {
              "batter": "NM Cherriath",
              "bowler": "S Magar",
              "non_striker": "Nisha Ali",
              "runs": {
                "batter": 1,
                "extras": 0,
                "total": 1
              }
            },
            {
              "batter": "Nisha Ali",
              "bowler": "S Magar",
              "non_striker": "NM Cherriath",
              "runs": {
                "batter": 0,
                "extras": 0,
                "total": 0
              }
            },
            {
              "batter": "Nisha Ali",
              "bowler": "S Magar",
              "non_striker": "NM Cherriath",
              "runs": {
                "batter": 1,
                "extras": 0,
                "total": 1
              }
            }
          ]
        },
        {
          "over": 18,
          "deliveries": [
            {
              "batter": "Nisha Ali",
              "bowler": "RC Belbashi",
              "non_striker": "NM Cherriath",
              "runs": {
                "batter": 1,
                "extras": 0,
                "total": 1
              }
            },
            {
              "batter": "NM Cherriath",
              "bowler": "RC Belbashi",
              "non_striker": "Nisha Ali",
              "runs": {
                "batter": 1,
                "extras": 0,
                "total": 1
              }
            },
            {
              "batter": "Nisha Ali",
              "bowler": "RC Belbashi",
              "non_striker": "NM Cherriath",
              "runs": {
                "batter": 0,
                "extras": 0,
                "total": 0
              },
              "wickets": [
                {
                  "player_out": "Nisha Ali",
                  "kind": "lbw"
                }
              ]
            },
            {
              "batter": "UCKA Dona",
              "bowler": "RC Belbashi",
              "non_striker": "NM Cherriath",
              "runs": {
                "batter": 1,
                "extras": 0,
                "total": 1
              }
            },
            {
              "batter": "NM Cherriath",
              "bowler": "RC Belbashi",
              "non_striker": "UCKA Dona",
              "runs": {
                "batter": 1,
                "extras": 0,
                "total": 1
              }
            },
            {
              "batter": "UCKA Dona",
              "bowler": "RC Belbashi",
              "non_striker": "NM Cherriath",
              "runs": {
                "batter": 1,
                "extras": 0,
                "total": 1
              }
            }
          ]
        },
        {
          "over": 19,
          "deliveries": [
            {
              "batter": "UCKA Dona",
              "bowler": "S Magar",
              "non_striker": "NM Cherriath",
              "runs": {
                "batter": 0,
                "extras": 0,
                "total": 0
              }
            },
            {
              "batter": "UCKA Dona",
              "bowler": "S Magar",
              "non_striker": "NM Cherriath",
              "runs": {
                "batter": 0,
                "extras": 0,
                "total": 0
              }
            },
            {
              "batter": "UCKA Dona",
              "bowler": "S Magar",
              "non_striker": "NM Cherriath",
              "runs": {
                "batter": 2,
                "extras": 0,
                "total": 2
              }
            },
            {
              "batter": "UCKA Dona",
              "bowler": "S Magar",
              "non_striker": "NM Cherriath",
              "runs": {
                "batter": 2,
                "extras": 0,
                "total": 2
              }
            },
            {
              "batter": "UCKA Dona",
              "bowler": "S Magar",
              "non_striker": "NM Cherriath",
              "runs": {
                "batter": 1,
                "extras": 0,
                "total": 1
              }
            },
            {
              "batter": "NM Cherriath",
              "bowler": "S Magar",
              "non_striker": "UCKA Dona",
              "runs": {
                "batter": 1,
                "extras": 0,
                "total": 1
              },
              "wickets": [
                {
                  "player_out": "NM Cherriath",
                  "kind": "run out"
                }
              ]
            }
          ]
        }
      ],
      "powerplays": [
        {
          "from": 0.1,
          "to": 5.6,
          "type": "mandatory"
        }
      ]
    },
    {
      "team": "Nepal",
      "overs": [
        {
          "over": 0,
          "deliveries": [
            {
              "batter": "J Pandey",
              "bowler": "Roopa Nagraj",
              "non_striker": "SR Magar",
              "runs": {
                "batter": 1,
                "extras": 0,
                "total": 1
              }
            },
            {
              "batter": "SR Magar",
              "bowler": "Roopa Nagraj",
              "extras": {
                "wides": 1
              },
              "non_striker": "J Pandey",
              "runs": {
                "batter": 0,
                "extras": 1,
                "total": 1
              }
            },
            {
              "batter": "SR Magar",
              "bowler": "Roopa Nagraj",
              "non_striker": "J Pandey",
              "runs": {
                "batter": 0,
                "extras": 0,
                "total": 0
              }
            },
            {
              "batter": "SR Magar",
              "bowler": "Roopa Nagraj",
              "non_striker": "J Pandey",
              "runs": {
                "batter": 4,
                "extras": 0,
                "total": 4
              }
            },
            {
              "batter": "SR Magar",
              "bowler": "Roopa Nagraj",
              "extras": {
                "wides": 1
              },
              "non_striker": "J Pandey",
              "runs": {
                "batter": 0,
                "extras": 1,
                "total": 1
              }
            },
            {
              "batter": "SR Magar",
              "bowler": "Roopa Nagraj",
              "non_striker": "J Pandey",
              "runs": {
                "batter": 1,
                "extras": 0,
                "total": 1
              }
            },
            {
              "batter": "J Pandey",
              "bowler": "Roopa Nagraj",
              "non_striker": "SR Magar",
              "runs": {
                "batter": 0,
                "extras": 0,
                "total": 0
              }
            },
            {
              "batter": "J Pandey",
              "bowler": "Roopa Nagraj",
              "non_striker": "SR Magar",
              "runs": {
                "batter": 0,
                "extras": 0,
                "total": 0
              }
            }
          ]
        },
        {
          "over": 1,
          "deliveries": [
            {
              "batter": "SR Magar",
              "bowler": "Nisha Ali",
              "non_striker": "J Pandey",
              "runs": {
                "batter": 0,
                "extras": 0,
                "total": 0
              }
            },
            {
              "batter": "SR Magar",
              "bowler": "Nisha Ali",
              "non_striker": "J Pandey",
              "runs": {
                "batter": 2,
                "extras": 0,
                "total": 2
              }
            },
            {
              "batter": "SR Magar",
              "bowler": "Nisha Ali",
              "non_striker": "J Pandey",
              "runs": {
                "batter": 0,
                "extras": 0,
                "total": 0
              }
            },
            {
              "batter": "SR Magar",
              "bowler": "Nisha Ali",
              "non_striker": "J Pandey",
              "runs": {
                "batter": 0,
                "extras": 0,
                "total": 0
              },
              "wickets": [
                {
                  "player_out": "SR Magar",
                  "kind": "bowled"
                }
              ]
            },
            {
              "batter": "I Barma",
              "bowler": "Nisha Ali",
              "non_striker": "J Pandey",
              "runs": {
                "batter": 0,
                "extras": 0,
                "total": 0
              }
            },
            {
              "batter": "I Barma",
              "bowler": "Nisha Ali",
              "non_striker": "J Pandey",
              "runs": {
                "batter": 0,
                "extras": 0,
                "total": 0
              },
              "wickets": [
                {
                  "player_out": "I Barma",
                  "kind": "caught and bowled"
                }
              ]
            }
          ]
        },
        {
          "over": 2,
          "deliveries": [
            {
              "batter": "J Pandey",
              "bowler": "KKN Egodage",
              "non_striker": "Nary Thapa",
              "runs": {
                "batter": 0,
                "extras": 0,
                "total": 0
              }
            },
            {
              "batter": "J Pandey",
              "bowler": "KKN Egodage",
              "non_striker": "Nary Thapa",
              "runs": {
                "batter": 1,
                "extras": 0,
                "total": 1
              }
            },
            {
              "batter": "Nary Thapa",
              "bowler": "KKN Egodage",
              "non_striker": "J Pandey",
              "runs": {
                "batter": 0,
                "extras": 0,
                "total": 0
              },
              "wickets": [
                {
                  "player_out": "Nary Thapa",
                  "fielders": [
                    {
                      "name": "P Jain"
                    }
                  ],
                  "kind": "caught"
                }
              ]
            },
            {
              "batter": "K Shrestha",
              "bowler": "KKN Egodage",
              "non_striker": "J Pandey",
              "runs": {
                "batter": 1,
                "extras": 0,
                "total": 1
              }
            },
            {
              "batter": "J Pandey",
              "bowler": "KKN Egodage",
              "non_striker": "K Shrestha",
              "runs": {
                "batter": 2,
                "extras": 0,
                "total": 2
              }
            },
            {
              "batter": "J Pandey",
              "bowler": "KKN Egodage",
              "non_striker": "K Shrestha",
              "runs": {
                "batter": 1,
                "extras": 0,
                "total": 1
              }
            }
          ]
        },
        {
          "over": 3,
          "deliveries": [
            {
              "batter": "J Pandey",
              "bowler": "Nisha Ali",
              "non_striker": "K Shrestha",
              "runs": {
                "batter": 2,
                "extras": 0,
                "total": 2
              }
            },
            {
              "batter": "J Pandey",
              "bowler": "Nisha Ali",
              "non_striker": "K Shrestha",
              "runs": {
                "batter": 0,
                "extras": 0,
                "total": 0
              }
            },
            {
              "batter": "J Pandey",
              "bowler": "Nisha Ali",
              "non_striker": "K Shrestha",
              "runs": {
                "batter": 1,
                "extras": 0,
                "total": 1
              }
            },
            {
              "batter": "K Shrestha",
              "bowler": "Nisha Ali",
              "non_striker": "J Pandey",
              "runs": {
                "batter": 0,
                "extras": 0,
                "total": 0
              }
            },
            {
              "batter": "K Shrestha",
              "bowler": "Nisha Ali",
              "non_striker": "J Pandey",
              "runs": {
                "batter": 0,
                "extras": 0,
                "total": 0
              }
            },
            {
              "batter": "K Shrestha",
              "bowler": "Nisha Ali",
              "non_striker": "J Pandey",
              "runs": {
                "batter": 1,
                "extras": 0,
                "total": 1
              }
            }
          ]
        },
        {
          "over": 4,
          "deliveries": [
            {
              "batter": "K Shrestha",
              "bowler": "KKN Egodage",
              "non_striker": "J Pandey",
              "runs": {
                "batter": 0,
                "extras": 0,
                "total": 0
              }
            },
            {
              "batter": "K Shrestha",
              "bowler": "KKN Egodage",
              "non_striker": "J Pandey",
              "runs": {
                "batter": 0,
                "extras": 0,
                "total": 0
              }
            },
            {
              "batter": "K Shrestha",
              "bowler": "KKN Egodage",
              "non_striker": "J Pandey",
              "runs": {
                "batter": 1,
                "extras": 0,
                "total": 1
              }
            },
            {
              "batter": "J Pandey",
              "bowler": "KKN Egodage",
              "non_striker": "K Shrestha",
              "runs": {
                "batter": 0,
                "extras": 0,
                "total": 0
              }
            },
            {
              "batter": "J Pandey",
              "bowler": "KKN Egodage",
              "non_striker": "K Shrestha",
              "runs": {
                "batter": 4,
                "extras": 0,
                "total": 4
              }
            },
            {
              "batter": "J Pandey",
              "bowler": "KKN Egodage",
              "non_striker": "K Shrestha",
              "runs": {
                "batter": 0,
                "extras": 0,
                "total": 0
              }
            }
          ]
        },
        {
          "over": 5,
          "deliveries": [
            {
              "batter": "K Shrestha",
              "bowler": "IS Mananelage",
              "extras": {
                "wides": 1
              },
              "non_striker": "J Pandey",
              "runs": {
                "batter": 0,
                "extras": 1,
                "total": 1
              }
            },
            {
              "batter": "K Shrestha",
              "bowler": "IS Mananelage",
              "extras": {
                "wides": 2
              },
              "non_striker": "J Pandey",
              "runs": {
                "batter": 0,
                "extras": 2,
                "total": 2
              }
            },
            {
              "batter": "J Pandey",
              "bowler": "IS Mananelage",
              "non_striker": "K Shrestha",
              "runs": {
                "batter": 0,
                "extras": 0,
                "total": 0
              }
            },
            {
              "batter": "J Pandey",
              "bowler": "IS Mananelage",
              "non_striker": "K Shrestha",
              "runs": {
                "batter": 0,
                "extras": 0,
                "total": 0
              },
              "wickets": [
                {
                  "player_out": "J Pandey",
                  "fielders": [
                    {
                      "name": "UCKA Dona"
                    }
                  ],
                  "kind": "caught"
                }
              ]
            },
            {
              "batter": "S Magar",
              "bowler": "IS Mananelage",
              "non_striker": "K Shrestha",
              "runs": {
                "batter": 0,
                "extras": 0,
                "total": 0
              }
            },
            {
              "batter": "S Magar",
              "bowler": "IS Mananelage",
              "non_striker": "K Shrestha",
              "runs": {
                "batter": 0,
                "extras": 0,
                "total": 0
              }
            },
            {
              "batter": "S Magar",
              "bowler": "IS Mananelage",
              "extras": {
                "wides": 1
              },
              "non_striker": "K Shrestha",
              "runs": {
                "batter": 0,
                "extras": 1,
                "total": 1
              }
            },
            {
              "batter": "S Magar",
              "bowler": "IS Mananelage",
              "extras": {
                "wides": 1
              },
              "non_striker": "K Shrestha",
              "runs": {
                "batter": 0,
                "extras": 1,
                "total": 1
              }
            },
            {
              "batter": "S Magar",
              "bowler": "IS Mananelage",
              "non_striker": "K Shrestha",
              "runs": {
                "batter": 0,
                "extras": 0,
                "total": 0
              }
            },
            {
              "batter": "S Magar",
              "bowler": "IS Mananelage",
              "non_striker": "K Shrestha",
              "runs": {
                "batter": 0,
                "extras": 0,
                "total": 0
              }
            }
          ]
        },
        {
          "over": 6,
          "deliveries": [
            {
              "batter": "K Shrestha",
              "bowler": "Humaira Tasneem",
              "non_striker": "S Magar",
              "runs": {
                "batter": 1,
                "extras": 0,
                "total": 1
              }
            },
            {
              "batter": "S Magar",
              "bowler": "Humaira Tasneem",
              "non_striker": "K Shrestha",
              "runs": {
                "batter": 1,
                "extras": 0,
                "total": 1
              }
            },
            {
              "batter": "K Shrestha",
              "bowler": "Humaira Tasneem",
              "non_striker": "S Magar",
              "runs": {
                "batter": 0,
                "extras": 0,
                "total": 0
              }
            },
            {
              "batter": "K Shrestha",
              "bowler": "Humaira Tasneem",
              "non_striker": "S Magar",
              "runs": {
                "batter": 0,
                "extras": 0,
                "total": 0
              }
            },
            {
              "batter": "K Shrestha",
              "bowler": "Humaira Tasneem",
              "non_striker": "S Magar",
              "runs": {
                "batter": 0,
                "extras": 0,
                "total": 0
              }
            },
            {
              "batter": "K Shrestha",
              "bowler": "Humaira Tasneem",
              "extras": {
                "wides": 1
              },
              "non_striker": "S Magar",
              "runs": {
                "batter": 0,
                "extras": 1,
                "total": 1
              }
            },
            {
              "batter": "K Shrestha",
              "bowler": "Humaira Tasneem",
              "non_striker": "S Magar",
              "runs": {
                "batter": 0,
                "extras": 0,
                "total": 0
              }
            }
          ]
        },
        {
          "over": 7,
          "deliveries": [
            {
              "batter": "S Magar",
              "bowler": "S Venkataraman",
              "non_striker": "K Shrestha",
              "runs": {
                "batter": 0,
                "extras": 0,
                "total": 0
              }
            },
            {
              "batter": "S Magar",
              "bowler": "S Venkataraman",
              "non_striker": "K Shrestha",
              "runs": {
                "batter": 0,
                "extras": 0,
                "total": 0
              }
            },
            {
              "batter": "S Magar",
              "bowler": "S Venkataraman",
              "non_striker": "K Shrestha",
              "runs": {
                "batter": 0,
                "extras": 0,
                "total": 0
              }
            },
            {
              "batter": "S Magar",
              "bowler": "S Venkataraman",
              "non_striker": "K Shrestha",
              "runs": {
                "batter": 0,
                "extras": 0,
                "total": 0
              }
            },
            {
              "batter": "S Magar",
              "bowler": "S Venkataraman",
              "non_striker": "K Shrestha",
              "runs": {
                "batter": 0,
                "extras": 0,
                "total": 0
              }
            },
            {
              "batter": "S Magar",
              "bowler": "S Venkataraman",
              "non_striker": "K Shrestha",
              "runs": {
                "batter": 0,
                "extras": 0,
                "total": 0
              }
            }
          ]
        },
        {
          "over": 8,
          "deliveries": [
            {
              "batter": "K Shrestha",
              "bowler": "Humaira Tasneem",
              "non_striker": "S Magar",
              "runs": {
                "batter": 0,
                "extras": 0,
                "total": 0
              }
            },
            {
              "batter": "K Shrestha",
              "bowler": "Humaira Tasneem",
              "non_striker": "S Magar",
              "runs": {
                "batter": 1,
                "extras": 0,
                "total": 1
              }
            },
            {
              "batter": "S Magar",
              "bowler": "Humaira Tasneem",
              "non_striker": "K Shrestha",
              "runs": {
                "batter": 0,
                "extras": 0,
                "total": 0
              }
            },
            {
              "batter": "S Magar",
              "bowler": "Humaira Tasneem",
              "non_striker": "K Shrestha",
              "runs": {
                "batter": 1,
                "extras": 0,
                "total": 1
              }
            },
            {
              "batter": "K Shrestha",
              "bowler": "Humaira Tasneem",
              "non_striker": "S Magar",
              "runs": {
                "batter": 1,
                "extras": 0,
                "total": 1
              }
            },
            {
              "batter": "S Magar",
              "bowler": "Humaira Tasneem",
              "non_striker": "K Shrestha",
              "runs": {
                "batter": 0,
                "extras": 0,
                "total": 0
              }
            }
          ]
        },
        {
          "over": 9,
          "deliveries": [
            {
              "batter": "K Shrestha",
              "bowler": "S Venkataraman",
              "non_striker": "S Magar",
              "runs": {
                "batter": 0,
                "extras": 0,
                "total": 0
              }
            },
            {
              "batter": "K Shrestha",
              "bowler": "S Venkataraman",
              "non_striker": "S Magar",
              "runs": {
                "batter": 0,
                "extras": 0,
                "total": 0
              }
            },
            {
              "batter": "K Shrestha",
              "bowler": "S Venkataraman",
              "non_striker": "S Magar",
              "runs": {
                "batter": 0,
                "extras": 0,
                "total": 0
              }
            },
            {
              "batter": "K Shrestha",
              "bowler": "S Venkataraman",
              "non_striker": "S Magar",
              "runs": {
                "batter": 1,
                "extras": 0,
                "total": 1
              }
            },
            {
              "batter": "S Magar",
              "bowler": "S Venkataraman",
              "non_striker": "K Shrestha",
              "runs": {
                "batter": 1,
                "extras": 0,
                "total": 1
              }
            },
            {
              "batter": "K Shrestha",
              "bowler": "S Venkataraman",
              "non_striker": "S Magar",
              "runs": {
                "batter": 0,
                "extras": 0,
                "total": 0
              }
            }
          ]
        },
        {
          "over": 10,
          "deliveries": [
            {
              "batter": "S Magar",
              "bowler": "Humaira Tasneem",
              "non_striker": "K Shrestha",
              "runs": {
                "batter": 0,
                "extras": 0,
                "total": 0
              }
            },
            {
              "batter": "S Magar",
              "bowler": "Humaira Tasneem",
              "non_striker": "K Shrestha",
              "runs": {
                "batter": 0,
                "extras": 0,
                "total": 0
              }
            },
            {
              "batter": "S Magar",
              "bowler": "Humaira Tasneem",
              "non_striker": "K Shrestha",
              "runs": {
                "batter": 1,
                "extras": 0,
                "total": 1
              }
            },
            {
              "batter": "K Shrestha",
              "bowler": "Humaira Tasneem",
              "non_striker": "S Magar",
              "runs": {
                "batter": 0,
                "extras": 0,
                "total": 0
              }
            },
            {
              "batter": "K Shrestha",
              "bowler": "Humaira Tasneem",
              "non_striker": "S Magar",
              "runs": {
                "batter": 1,
                "extras": 0,
                "total": 1
              }
            },
            {
              "batter": "S Magar",
              "bowler": "Humaira Tasneem",
              "non_striker": "K Shrestha",
              "runs": {
                "batter": 0,
                "extras": 0,
                "total": 0
              }
            }
          ]
        },
        {
          "over": 11,
          "deliveries": [
            {
              "batter": "K Shrestha",
              "bowler": "S Venkataraman",
              "non_striker": "S Magar",
              "runs": {
                "batter": 0,
                "extras": 0,
                "total": 0
              },
              "wickets": [
                {
                  "player_out": "K Shrestha",
                  "kind": "run out"
                }
              ]
            },
            {
              "batter": "Karuna Bhandari",
              "bowler": "S Venkataraman",
              "non_striker": "S Magar",
              "runs": {
                "batter": 0,
                "extras": 0,
                "total": 0
              }
            },
            {
              "batter": "Karuna Bhandari",
              "bowler": "S Venkataraman",
              "non_striker": "S Magar",
              "runs": {
                "batter": 0,
                "extras": 0,
                "total": 0
              }
            },
            {
              "batter": "Karuna Bhandari",
              "bowler": "S Venkataraman",
              "non_striker": "S Magar",
              "runs": {
                "batter": 1,
                "extras": 0,
                "total": 1
              }
            },
            {
              "batter": "S Magar",
              "bowler": "S Venkataraman",
              "non_striker": "Karuna Bhandari",
              "runs": {
                "batter": 0,
                "extras": 0,
                "total": 0
              }
            },
            {
              "batter": "S Magar",
              "bowler": "S Venkataraman",
              "non_striker": "Karuna Bhandari",
              "runs": {
                "batter": 1,
                "extras": 0,
                "total": 1
              }
            }
          ]
        },
        {
          "over": 12,
          "deliveries": [
            {
              "batter": "S Magar",
              "bowler": "Humaira Tasneem",
              "non_striker": "Karuna Bhandari",
              "runs": {
                "batter": 0,
                "extras": 0,
                "total": 0
              },
              "wickets": [
                {
                  "player_out": "S Magar",
                  "fielders": [
                    {
                      "name": "S Venkataraman"
                    }
                  ],
                  "kind": "caught"
                }
              ]
            },
            {
              "batter": "RC Belbashi",
              "bowler": "Humaira Tasneem",
              "non_striker": "Karuna Bhandari",
              "runs": {
                "batter": 0,
                "extras": 0,
                "total": 0
              }
            },
            {
              "batter": "RC Belbashi",
              "bowler": "Humaira Tasneem",
              "non_striker": "Karuna Bhandari",
              "runs": {
                "batter": 0,
                "extras": 0,
                "total": 0
              },
              "wickets": [
                {
                  "player_out": "RC Belbashi",
                  "fielders": [
                    {
                      "name": "UCKA Dona"
                    }
                  ],
                  "kind": "caught"
                }
              ]
            },
            {
              "batter": "RK Kanoujiya",
              "bowler": "Humaira Tasneem",
              "non_striker": "Karuna Bhandari",
              "runs": {
                "batter": 0,
                "extras": 0,
                "total": 0
              }
            },
            {
              "batter": "RK Kanoujiya",
              "bowler": "Humaira Tasneem",
              "non_striker": "Karuna Bhandari",
              "runs": {
                "batter": 1,
                "extras": 0,
                "total": 1
              }
            },
            {
              "batter": "Karuna Bhandari",
              "bowler": "Humaira Tasneem",
              "non_striker": "RK Kanoujiya",
              "runs": {
                "batter": 1,
                "extras": 0,
                "total": 1
              }
            }
          ]
        },
        {
          "over": 13,
          "deliveries": [
            {
              "batter": "Karuna Bhandari",
              "bowler": "S Venkataraman",
              "non_striker": "RK Kanoujiya",
              "runs": {
                "batter": 0,
                "extras": 0,
                "total": 0
              }
            },
            {
              "batter": "Karuna Bhandari",
              "bowler": "S Venkataraman",
              "non_striker": "RK Kanoujiya",
              "runs": {
                "batter": 0,
                "extras": 0,
                "total": 0
              }
            },
            {
              "batter": "Karuna Bhandari",
              "bowler": "S Venkataraman",
              "non_striker": "RK Kanoujiya",
              "runs": {
                "batter": 0,
                "extras": 0,
                "total": 0
              }
            },
            {
              "batter": "Karuna Bhandari",
              "bowler": "S Venkataraman",
              "non_striker": "RK Kanoujiya",
              "runs": {
                "batter": 0,
                "extras": 0,
                "total": 0
              }
            },
            {
              "batter": "Karuna Bhandari",
              "bowler": "S Venkataraman",
              "non_striker": "RK Kanoujiya",
              "runs": {
                "batter": 2,
                "extras": 0,
                "total": 2
              }
            },
            {
              "batter": "Karuna Bhandari",
              "bowler": "S Venkataraman",
              "non_striker": "RK Kanoujiya",
              "runs": {
                "batter": 0,
                "extras": 0,
                "total": 0
              }
            }
          ]
        },
        {
          "over": 14,
          "deliveries": [
            {
              "batter": "RK Kanoujiya",
              "bowler": "IS Mananelage",
              "extras": {
                "wides": 1
              },
              "non_striker": "Karuna Bhandari",
              "runs": {
                "batter": 0,
                "extras": 1,
                "total": 1
              }
            },
            {
              "batter": "RK Kanoujiya",
              "bowler": "IS Mananelage",
              "non_striker": "Karuna Bhandari",
              "runs": {
                "batter": 4,
                "extras": 0,
                "total": 4
              }
            },
            {
              "batter": "RK Kanoujiya",
              "bowler": "IS Mananelage",
              "non_striker": "Karuna Bhandari",
              "runs": {
                "batter": 0,
                "extras": 0,
                "total": 0
              }
            },
            {
              "batter": "RK Kanoujiya",
              "bowler": "IS Mananelage",
              "non_striker": "Karuna Bhandari",
              "runs": {
                "batter": 1,
                "extras": 0,
                "total": 1
              }
            },
            {
              "batter": "Karuna Bhandari",
              "bowler": "IS Mananelage",
              "non_striker": "RK Kanoujiya",
              "runs": {
                "batter": 0,
                "extras": 0,
                "total": 0
              }
            },
            {
              "batter": "Karuna Bhandari",
              "bowler": "IS Mananelage",
              "non_striker": "RK Kanoujiya",
              "runs": {
                "batter": 1,
                "extras": 0,
                "total": 1
              }
            },
            {
              "batter": "RK Kanoujiya",
              "bowler": "IS Mananelage",
              "non_striker": "Karuna Bhandari",
              "runs": {
                "batter": 1,
                "extras": 0,
                "total": 1
              }
            }
          ]
        },
        {
          "over": 15,
          "deliveries": [
            {
              "batter": "RK Kanoujiya",
              "bowler": "Nisha Ali",
              "non_striker": "Karuna Bhandari",
              "runs": {
                "batter": 0,
                "extras": 0,
                "total": 0
              }
            },
            {
              "batter": "RK Kanoujiya",
              "bowler": "Nisha Ali",
              "non_striker": "Karuna Bhandari",
              "runs": {
                "batter": 0,
                "extras": 0,
                "total": 0
              }
            },
            {
              "batter": "RK Kanoujiya",
              "bowler": "Nisha Ali",
              "non_striker": "Karuna Bhandari",
              "runs": {
                "batter": 0,
                "extras": 0,
                "total": 0
              }
            },
            {
              "batter": "RK Kanoujiya",
              "bowler": "Nisha Ali",
              "non_striker": "Karuna Bhandari",
              "runs": {
                "batter": 0,
                "extras": 0,
                "total": 0
              }
            },
            {
              "batter": "RK Kanoujiya",
              "bowler": "Nisha Ali",
              "extras": {
                "byes": 1
              },
              "non_striker": "Karuna Bhandari",
              "runs": {
                "batter": 0,
                "extras": 1,
                "total": 1
              }
            },
            {
              "batter": "Karuna Bhandari",
              "bowler": "Nisha Ali",
              "non_striker": "RK Kanoujiya",
              "runs": {
                "batter": 1,
                "extras": 0,
                "total": 1
              }
            }
          ]
        },
        {
          "over": 16,
          "deliveries": [
            {
              "batter": "Karuna Bhandari",
              "bowler": "ER Oza",
              "non_striker": "RK Kanoujiya",
              "runs": {
                "batter": 0,
                "extras": 0,
                "total": 0
              },
              "wickets": [
                {
                  "player_out": "Karuna Bhandari",
                  "kind": "bowled"
                }
              ]
            },
            {
              "batter": "Roma Thapa",
              "bowler": "ER Oza",
              "non_striker": "RK Kanoujiya",
              "runs": {
                "batter": 1,
                "extras": 0,
                "total": 1
              }
            },
            {
              "batter": "RK Kanoujiya",
              "bowler": "ER Oza",
              "non_striker": "Roma Thapa",
              "runs": {
                "batter": 0,
                "extras": 0,
                "total": 0
              }
            },
            {
              "batter": "RK Kanoujiya",
              "bowler": "ER Oza",
              "non_striker": "Roma Thapa",
              "runs": {
                "batter": 2,
                "extras": 0,
                "total": 2
              }
            },
            {
              "batter": "RK Kanoujiya",
              "bowler": "ER Oza",
              "extras": {
                "wides": 1
              },
              "non_striker": "Roma Thapa",
              "runs": {
                "batter": 0,
                "extras": 1,
                "total": 1
              }
            },
            {
              "batter": "RK Kanoujiya",
              "bowler": "ER Oza",
              "non_striker": "Roma Thapa",
              "runs": {
                "batter": 4,
                "extras": 0,
                "total": 4
              }
            },
            {
              "batter": "RK Kanoujiya",
              "bowler": "ER Oza",
              "non_striker": "Roma Thapa",
              "runs": {
                "batter": 1,
                "extras": 0,
                "total": 1
              }
            }
          ]
        },
        {
          "over": 17,
          "deliveries": [
            {
              "batter": "RK Kanoujiya",
              "bowler": "KKN Egodage",
              "non_striker": "Roma Thapa",
              "runs": {
                "batter": 1,
                "extras": 0,
                "total": 1
              }
            },
            {
              "batter": "Roma Thapa",
              "bowler": "KKN Egodage",
              "non_striker": "RK Kanoujiya",
              "runs": {
                "batter": 0,
                "extras": 0,
                "total": 0
              }
            },
            {
              "batter": "Roma Thapa",
              "bowler": "KKN Egodage",
              "non_striker": "RK Kanoujiya",
              "runs": {
                "batter": 0,
                "extras": 0,
                "total": 0
              }
            },
            {
              "batter": "Roma Thapa",
              "bowler": "KKN Egodage",
              "non_striker": "RK Kanoujiya",
              "runs": {
                "batter": 1,
                "extras": 0,
                "total": 1
              }
            },
            {
              "batter": "RK Kanoujiya",
              "bowler": "KKN Egodage",
              "non_striker": "Roma Thapa",
              "runs": {
                "batter": 0,
                "extras": 0,
                "total": 0
              }
            },
            {
              "batter": "RK Kanoujiya",
              "bowler": "KKN Egodage",
              "non_striker": "Roma Thapa",
              "runs": {
                "batter": 1,
                "extras": 0,
                "total": 1
              }
            }
          ]
        },
        {
          "over": 18,
          "deliveries": [
            {
              "batter": "RK Kanoujiya",
              "bowler": "Nisha Ali",
              "non_striker": "Roma Thapa",
              "runs": {
                "batter": 1,
                "extras": 0,
                "total": 1
              }
            },
            {
              "batter": "Roma Thapa",
              "bowler": "Nisha Ali",
              "non_striker": "RK Kanoujiya",
              "runs": {
                "batter": 0,
                "extras": 0,
                "total": 0
              }
            },
            {
              "batter": "Roma Thapa",
              "bowler": "Nisha Ali",
              "non_striker": "RK Kanoujiya",
              "runs": {
                "batter": 1,
                "extras": 0,
                "total": 1
              }
            },
            {
              "batter": "RK Kanoujiya",
              "bowler": "Nisha Ali",
              "non_striker": "Roma Thapa",
              "runs": {
                "batter": 1,
                "extras": 0,
                "total": 1
              }
            },
            {
              "batter": "Roma Thapa",
              "bowler": "Nisha Ali",
              "non_striker": "RK Kanoujiya",
              "runs": {
                "batter": 0,
                "extras": 0,
                "total": 0
              }
            },
            {
              "batter": "Roma Thapa",
              "bowler": "Nisha Ali",
              "non_striker": "RK Kanoujiya",
              "runs": {
                "batter": 0,
                "extras": 0,
                "total": 0
              }
            }
          ]
        },
        {
          "over": 19,
          "deliveries": [
            {
              "batter": "RK Kanoujiya",
              "bowler": "KKN Egodage",
              "non_striker": "Roma Thapa",
              "runs": {
                "batter": 2,
                "extras": 0,
                "total": 2
              }
            },
            {
              "batter": "RK Kanoujiya",
              "bowler": "KKN Egodage",
              "non_striker": "Roma Thapa",
              "runs": {
                "batter": 1,
                "extras": 0,
                "total": 1
              },
              "wickets": [
                {
                  "player_out": "Roma Thapa",
                  "kind": "run out"
                }
              ]
            },
            {
              "batter": "RK Kanoujiya",
              "bowler": "KKN Egodage",
              "non_striker": "Sangita Rai",
              "runs": {
                "batter": 1,
                "extras": 0,
                "total": 1
              }
            },
            {
              "batter": "Sangita Rai",
              "bowler": "KKN Egodage",
              "non_striker": "RK Kanoujiya",
              "runs": {
                "batter": 0,
                "extras": 0,
                "total": 0
              }
            },
            {
              "batter": "Sangita Rai",
              "bowler": "KKN Egodage",
              "non_striker": "RK Kanoujiya",
              "runs": {
                "batter": 0,
                "extras": 0,
                "total": 0
              }
            },
            {
              "batter": "Sangita Rai",
              "bowler": "KKN Egodage",
              "non_striker": "RK Kanoujiya",
              "runs": {
                "batter": 0,
                "extras": 0,
                "total": 0
              }
            }
          ]
        }
      ],
      "powerplays": [
        {
          "from": 0.1,
          "to": 5.1,
          "type": "mandatory"
        }
      ],
      "target": {
        "overs": 20,
        "runs": 80
      }
    }
  ]
}