{
  "meta": {
    "data_version": "1.0.0",
    "created": "2020-10-06",
    "revision": 1
  },
  "info": {
    "balls_per_over": 6,
    "city": "Bangkok",
    "dates": [
      "2017-11-20"
    ],
    "event": {
      "name": "ICC Women's World Twenty20 Qualifying Series Asia Region",
      "match_number": 2
    },
    "gender": "female",
    "match_type": "IT20",
    "officials": {
      "reserve_umpires": [
        "B Ramani"
      ],
      "umpires": [
        "V Kalidas",
        "C Howard"
      ]
    },
    "outcome": {
      "winner": "United Arab Emirates",
      "by": {
        "runs": 16
      }
    },
    "overs": 20,
    "player_of_match": [
      "UCKA Dona"
    ],
    "players": {
      "United Arab Emirates": [
        "ER Oza",
        "UCKA Dona",
        "Nisha Ali",
        "S Venkataraman",
        "Roopa Nagraj",
        "P Jain",
        "Chaya Mughal",
        "NM Cherriath",
        "KKN Egodage",
        "IS Mananelage",
        "Humaira Tasneem"
      ],
      "China": [
        "F Song",
        "Liu Xiaonan",
        "C Zhou",
        "M Zhu",
        "Han Lili",
        "Ying Zhou",
        "Zhang Xiangxue",
        "LI Haoye",
        "Zhang Yanling",
        "Zhang Chan",
        "Z Lyu"
      ]
    },
    "registry": {
      "people": {
        "B Ramani": "92ad5353",
        "C Howard": "47f2d735",
        "C Zhou": "5b84f3bc",
        "Chaya Mughal": "77b26349",
        "ER Oza": "fdc6b34d",
        "F Song": "72a025a0",
        "Han Lili": "cd7134f5",
        "Humaira Tasneem": "da22f2a2",
        "IS Mananelage": "c270299f",
        "KKN Egodage": "5bb904d4",
        "LI Haoye": "fe7ba5cf",
        "Liu Xiaonan": "279f075e",
        "M Zhu": "36c3302e",
        "NM Cherriath": "cdaf3af3",
        "Nisha Ali": "9d0332ee",
        "P Jain": "c67fc85a",
        "Roopa Nagraj": "065c35fc",
        "S Venkataraman": "8001a208",
        "UCKA Dona": "caa99fcb",
        "V Kalidas": "42d76418",
        "Ying Zhou": "23b195b5",
        "Z Lyu": "5a058533",
        "Zhang Chan": "d21f6f26",
        "Zhang Xiangxue": "13fdbc7e",
        "Zhang Yanling": "963bb0c7"
      }
    },
    "season": "2017/18",
    "team_type": "international",
    "teams": [
      "United Arab Emirates",
      "China"
    ],
    "toss": {
      "decision": "bat",
      "winner": "United Arab Emirates"
    },
    "venue": "Terdthai Cricket Ground"
  },
  "innings": [
    {
      "team": "United Arab Emirates",
      "overs": [
        {
          "over": 0,
          "deliveries": [
            {
              "batter": "ER Oza",
              "bowler": "Z Lyu",
              "non_striker": "UCKA Dona",
              "runs": {
                "batter": 0,
                "extras": 0,
                "total": 0
              }
            },
            {
              "batter": "ER Oza",
              "bowler": "Z Lyu",
              "non_striker": "UCKA Dona",
              "runs": {
                "batter": 1,
                "extras": 0,
                "total": 1
              }
            },
            {
              "batter": "UCKA Dona",
              "bowler": "Z Lyu",
              "extras": {
                "wides": 1
              },
              "non_striker": "ER Oza",
              "runs": {
                "batter": 0,
                "extras": 1,
                "total": 1
              }
            },
            {
              "batter": "UCKA Dona",
              "bowler": "Z Lyu",
              "extras": {
                "legbyes": 1
              },
              "non_striker": "ER Oza",
              "runs": {
                "batter": 0,
                "extras": 1,
                "total": 1
              }
            },
            {
              "batter": "ER Oza",
              "bowler": "Z Lyu",
              "non_striker": "UCKA Dona",
              "runs": {
                "batter": 0,
                "extras": 0,
                "total": 0
              }
            },
            {
              "batter": "ER Oza",
              "bowler": "Z Lyu",
              "non_striker": "UCKA Dona",
              "runs": {
                "batter": 0,
                "extras": 0,
                "total": 0
              }
            },
            {
              "batter": "ER Oza",
              "bowler": "Z Lyu",
              "extras": {
                "wides": 1
              },
              "non_striker": "UCKA Dona",
              "runs": {
                "batter": 0,
                "extras": 1,
                "total": 1
              }
            },
            {
              "batter": "ER Oza",
              "bowler": "Z Lyu",
              "non_striker": "UCKA Dona",
              "runs": {
                "batter": 4,
                "extras": 0,
                "total": 4
              }
            }
          ]
        },
        {
          "over": 1,
          "deliveries": [
            {
              "batter": "UCKA Dona",
              "bowler": "Zhang Xiangxue",
              "non_striker": "ER Oza",
              "runs": {
                "batter": 3,
                "extras": 0,
                "total": 3
              }
            },
            {
              "batter": "ER Oza",
              "bowler": "Zhang Xiangxue",
              "non_striker": "UCKA Dona",
              "runs": {
                "batter": 1,
                "extras": 0,
                "total": 1
              }
            },
            {
              "batter": "UCKA Dona",
              "bowler": "Zhang Xiangxue",
              "non_striker": "ER Oza",
              "runs": {
                "batter": 1,
                "extras": 0,
                "total": 1
              }
            },
            {
              "batter": "ER Oza",
              "bowler": "Zhang Xiangxue",
              "non_striker": "UCKA Dona",
              "runs": {
                "batter": 0,
                "extras": 0,
                "total": 0
              }
            },
            {
              "batter": "ER Oza",
              "bowler": "Zhang Xiangxue",
              "non_striker": "UCKA Dona",
              "runs": {
                "batter": 1,
                "extras": 0,
                "total": 1
              }
            },
            {
              "batter": "UCKA Dona",
              "bowler": "Zhang Xiangxue",
              "non_striker": "ER Oza",
              "runs": {
                "batter": 0,
                "extras": 0,
                "total": 0
              }
            }
          ]
        },
        {
          "over": 2,
          "deliveries": [
            {
              "batter": "ER Oza",
              "bowler": "LI Haoye",
              "non_striker": "UCKA Dona",
              "runs": {
                "batter": 0,
                "extras": 0,
                "total": 0
              }
            },
            {
              "batter": "ER Oza",
              "bowler": "LI Haoye",
              "non_striker": "UCKA Dona",
              "runs": {
                "batter": 1,
                "extras": 0,
                "total": 1
              }
            },
            {
              "batter": "UCKA Dona",
              "bowler": "LI Haoye",
              "non_striker": "ER Oza",
              "runs": {
                "batter": 0,
                "extras": 0,
                "total": 0
              }
            },
            {
              "batter": "UCKA Dona",
              "bowler": "LI Haoye",
              "non_striker": "ER Oza",
              "runs": {
                "batter": 1,
                "extras": 0,
                "total": 1
              }
            },
            {
              "batter": "ER Oza",
              "bowler": "LI Haoye",
              "non_striker": "UCKA Dona",
              "runs": {
                "batter": 4,
                "extras": 0,
                "total": 4
              }
            },
            {
              "batter": "ER Oza",
              "bowler": "LI Haoye",
              "non_striker": "UCKA Dona",
              "runs": {
                "batter": 1,
                "extras": 0,
                "total": 1
              }
            }
          ]
        },
        {
          "over": 3,
          "deliveries": [
            {
              "batter": "ER Oza",
              "bowler": "Z Lyu",
              "non_striker": "UCKA Dona",
              "runs": {
                "batter": 0,
                "extras": 0,
                "total": 0
              }
            },
            {
              "batter": "ER Oza",
              "bowler": "Z Lyu",
              "non_striker": "UCKA Dona",
              "runs": {
                "batter": 1,
                "extras": 0,
                "total": 1
              }
            },
            {
              "batter": "UCKA Dona",
              "bowler": "Z Lyu",
              "non_striker": "ER Oza",
              "runs": {
                "batter": 0,
                "extras": 0,
                "total": 0
              }
            },
            {
              "batter": "UCKA Dona",
              "bowler": "Z Lyu",
              "non_striker": "ER Oza",
              "runs": {
                "batter": 2,
                "extras": 0,
                "total": 2
              }
            },
            {
              "batter": "UCKA Dona",
              "bowler": "Z Lyu",
              "extras": {
                "noballs": 1
              },
              "non_striker": "ER Oza",
              "runs": {
                "batter": 4,
                "extras": 1,
                "total": 5
              }
            },
            {
              "batter": "UCKA Dona",
              "bowler": "Z Lyu",
              "non_striker": "ER Oza",
              "runs": {
                "batter": 4,
                "extras": 0,
                "total": 4
              }
            },
            {
              "batter": "UCKA Dona",
              "bowler": "Z Lyu",
              "non_striker": "ER Oza",
              "runs": {
                "batter": 0,
                "extras": 0,
                "total": 0
              }
            }
          ]
        },
        {
          "over": 4,
          "deliveries": [
            {
              "batter": "ER Oza",
              "bowler": "LI Haoye",
              "extras": {
                "wides": 1
              },
              "non_striker": "UCKA Dona",
              "runs": {
                "batter": 0,
                "extras": 1,
                "total": 1
              }
            },
            {
              "batter": "ER Oza",
              "bowler": "LI Haoye",
              "non_striker": "UCKA Dona",
              "runs": {
                "batter": 0,
                "extras": 0,
                "total": 0
              },
              "wickets": [
                {
                  "player_out": "ER Oza",
                  "fielders": [
                    {
                      "name": "Liu Xiaonan"
                    }
                  ],
                  "kind": "stumped"
                }
              ]
            },
            {
              "batter": "Nisha Ali",
              "bowler": "LI Haoye",
              "non_striker": "UCKA Dona",
              "runs": {
                "batter": 1,
                "extras": 0,
                "total": 1
              }
            },
            {
              "batter": "UCKA Dona",
              "bowler": "LI Haoye",
              "non_striker": "Nisha Ali",
              "runs": {
                "batter": 2,
                "extras": 0,
                "total": 2
              }
            },
            {
              "batter": "UCKA Dona",
              "bowler": "LI Haoye",
              "non_striker": "Nisha Ali",
              "runs": {
                "batter": 1,
                "extras": 0,
                "total": 1
              }
            },
            {
              "batter": "Nisha Ali",
              "bowler": "LI Haoye",
              "non_striker": "UCKA Dona",
              "runs": {
                "batter": 1,
                "extras": 0,
                "total": 1
              }
            },
            {
              "batter": "UCKA Dona",
              "bowler": "LI Haoye",
              "non_striker": "Nisha Ali",
              "runs": {
                "batter": 1,
                "extras": 0,
                "total": 1
              }
            }
          ]
        }
      ],
      "powerplays": [
        {
          "from": 0.1,
          "to": 1.6,
          "type": "mandatory"
        }
      ]
    },
    {
      "team": "China",
      "overs": [
        {
          "over": 0,
          "deliveries": [
            {
              "batter": "F Song",
              "bowler": "Roopa Nagraj",
              "non_striker": "Liu Xiaonan",
              "runs": {
                "batter": 1,
                "extras": 0,
                "total": 1
              }
            },
            {
              "batter": "Liu Xiaonan",
              "bowler": "Roopa Nagraj",
              "non_striker": "F Song",
              "runs": {
                "batter": 1,
                "extras": 0,
                "total": 1
              }
            },
            {
              "batter": "F Song",
              "bowler": "Roopa Nagraj",
              "extras": {
                "legbyes": 1
              },
              "non_striker": "Liu Xiaonan",
              "runs": {
                "batter": 0,
                "extras": 1,
                "total": 1
              }
            },
            {
              "batter": "Liu Xiaonan",
              "bowler": "Roopa Nagraj",
              "non_striker": "F Song",
              "runs": {
                "batter": 0,
                "extras": 0,
                "total": 0
              },
              "wickets": [
                {
                  "player_out": "Liu Xiaonan",
                  "kind": "bowled"
                }
              ]
            },
            {
              "batter": "C Zhou",
              "bowler": "Roopa Nagraj",
              "non_striker": "F Song",
              "runs": {
                "batter": 0,
                "extras": 0,
                "total": 0
              }
            },
            {
              "batter": "C Zhou",
              "bowler": "Roopa Nagraj",
              "non_striker": "F Song",
              "runs": {
                "batter": 0,
                "extras": 0,
                "total": 0
              }
            }
          ]
        },
        {
          "over": 1,
          "deliveries": [
            {
              "batter": "F Song",
              "bowler": "KKN Egodage",
              "non_striker": "C Zhou",
              "runs": {
                "batter": 0,
                "extras": 0,
                "total": 0
              }
            },
            {
              "batter": "F Song",
              "bowler": "KKN Egodage",
              "non_striker": "C Zhou",
              "runs": {
                "batter": 1,
                "extras": 0,
                "total": 1
              }
            },
            {
              "batter": "C Zhou",
              "bowler": "KKN Egodage",
              "non_striker": "F Song",
              "runs": {
                "batter": 2,
                "extras": 0,
                "total": 2
              }
            },
            {
              "batter": "C Zhou",
              "bowler": "KKN Egodage",
              "non_striker": "F Song",
              "runs": {
                "batter": 2,
                "extras": 0,
                "total": 2
              }
            },
            {
              "batter": "C Zhou",
              "bowler": "KKN Egodage",
              "non_striker": "F Song",
              "runs": {
                "batter": 0,
                "extras": 0,
                "total": 0
              }
            },
            {
              "batter": "C Zhou",
              "bowler": "KKN Egodage",
              "non_striker": "F Song",
              "runs": {
                "batter": 0,
                "extras": 0,
                "total": 0
              }
            }
          ]
        },
        {
          "over": 2,
          "deliveries": [
            {
              "batter": "F Song",
              "bowler": "S Venkataraman",
              "non_striker": "C Zhou",
              "runs": {
                "batter": 1,
                "extras": 0,
                "total": 1
              }
            },
            {
              "batter": "C Zhou",
              "bowler": "S Venkataraman",
              "non_striker": "F Song",
              "runs": {
                "batter": 0,
                "extras": 0,
                "total": 0
              }
            },
            {
              "batter": "C Zhou",
              "bowler": "S Venkataraman",
              "non_striker": "F Song",
              "runs": {
                "batter": 1,
                "extras": 0,
                "total": 1
              }
            },
            {
              "batter": "F Song",
              "bowler": "S Venkataraman",
              "extras": {
                "wides": 1
              },
              "non_striker": "C Zhou",
              "runs": {
                "batter": 0,
                "extras": 1,
                "total": 1
              }
            },
            {
              "batter": "F Song",
              "bowler": "S Venkataraman",
              "non_striker": "C Zhou",
              "runs": {
                "batter": 0,
                "extras": 0,
                "total": 0
              }
            },
            {
              "batter": "F Song",
              "bowler": "S Venkataraman",
              "non_striker": "C Zhou",
              "runs": {
                "batter": 0,
                "extras": 0,
                "total": 0
              }
            },
            {
              "batter": "F Song",
              "bowler": "S Venkataraman",
              "non_striker": "C Zhou",
              "runs": {
                "batter": 2,
                "extras": 0,
                "total": 2
              }
            }
          ]
        },
        {
          "over": 3,
          "deliveries": [
            {
              "batter": "C Zhou",
              "bowler": "Roopa Nagraj",
              "non_striker": "F Song",
              "runs": {
                "batter": 2,
                "extras": 0,
                "total": 2
              }
            },
            {
              "batter": "C Zhou",
              "bowler": "Roopa Nagraj",
              "non_striker": "F Song",
              "runs": {
                "batter": 2,
                "extras": 0,
                "total": 2
              }
            },
            {
              "batter": "C Zhou",
              "bowler": "Roopa Nagraj",
              "non_striker": "F Song",
              "runs": {
                "batter": 1,
                "extras": 0,
                "total": 1
              }
            },
            {
              "batter": "F Song",
              "bowler": "Roopa Nagraj",
              "non_striker": "C Zhou",
              "runs": {
                "batter": 0,
                "extras": 0,
                "total": 0
              }
            },
            {
              "batter": "F Song",
              "bowler": "Roopa Nagraj",
              "non_striker": "C Zhou",
              "runs": {
                "batter": 1,
                "extras": 0,
                "total": 1
              }
            },
            {
              "batter": "C Zhou",
              "bowler": "Roopa Nagraj",
              "non_striker": "F Song",
              "runs": {
                "batter": 0,
                "extras": 0,
                "total": 0
              }
            }
          ]
        },
        {
          "over": 4,
          "deliveries": [
            {
              "batter": "F Song",
              "bowler": "S Venkataraman",
              "non_striker": "C Zhou",
              "runs": {
                "batter": 1,
                "extras": 0,
                "total": 1
              }
            },
            {
              "batter": "C Zhou",
              "bowler": "S Venkataraman",
              "non_striker": "F Song",
              "runs": {
                "batter": 1,
                "extras": 0,
                "total": 1
              }
            },
            {
              "batter": "C Zhou",
              "bowler": "S Venkataraman",
              "non_striker": "F Song",
              "runs": {
                "batter": 1,
                "extras": 0,
                "total": 1
              }
            },
            {
              "batter": "F Song",
              "bowler": "S Venkataraman",
              "non_striker": "C Zhou",
              "runs": {
                "batter": 1,
                "extras": 0,
                "total": 1
              }
            },
            {
              "batter": "C Zhou",
              "bowler": "S Venkataraman",
              "non_striker": "F Song",
              "runs": {
                "batter": 0,
                "extras": 0,
                "total": 0
              },
              "wickets": [
                {
                  "player_out": "C Zhou",
                  "fielders": [
                    {
                      "name": "UCKA Dona"
                    }
                  ],
                  "kind": "caught"
                }
              ]
            },
            {
              "batter": "M Zhu",
              "bowler": "S Venkataraman",
              "non_striker": "F Song",
              "runs": {
                "batter": 1,
                "extras": 0,
                "total": 1
              }
            }
          ]
        }
      ],
      "powerplays": [
        {
          "from": 0.1,
          "to": 1.6,
          "type": "mandatory"
        }
      ],
      "target": {
        "overs": 5,
        "runs": 41
      }
    }
  ]
}