{
  "meta": {
    "data_version": "1.0.0",
    "created": "2020-10-06",
    "revision": 1
  },
  "info": {
    "balls_per_over": 6,
    "city": "Bangkok",
    "dates": [
      "2017-11-20"
    ],
    "event": {
      "name": "ICC Women's World Twenty20 Qualifying Series Asia Region",
      "match_number": 1
    },
    "gender": "female",
    "match_type": "IT20",
    "officials": {
      "reserve_umpires": [
        "Sarika Prasad"
      ],
      "umpires": [
        "AK Rana",
        "DN Subedi"
      ]
    },
    "outcome": {
      "winner": "Hong Kong",
      "by": {
        "runs": 35
      }
    },
    "overs": 20,
    "player_of_match": [
      "Chan Sau Har"
    ],
    "players": {
      "Hong Kong": [
        "KK Gill",
        "Y Daswani",
        "M Hill",
        "KY Chan",
        "Shanzeen Shahzad",
        "JM Davies",
        "Sze Wan Yip",
        "MBA Lamplough",
        "Chan Sau Har",
        "Chan Ka Man",
        "Hung Ying Ho"
      ],
      "Malaysia": [
        "Christina Baret",
        "Emylia Eliani",
        "WA Duraisingam",
        "Mas Elysa",
        "Yusrina Yaakop",
        "J Intan",
        "Wan Julia",
        "Zayani Syamimi",
        "Jannadiah Halim",
        "Nur Arianna Natsya",
        "Nur Syazwina Hanim"
      ]
    },
    "registry": {
      "people": {
        "AK Rana": "562d74d0",
        "Chan Ka Man": "c4022bff",
        "Chan Sau Har": "3c567308",
        "Christina Baret": "b42d42b1",
        "DN Subedi": "fb0a571f",
        "Emylia Eliani": "841d07cc",
        "Hung Ying Ho": "32b461b1",
        "J Intan": "2dfdd316",
        "JM Davies": "18016785",
        "Jannadiah Halim": "eaf4f81c",
        "KK Gill": "b3f390aa",
        "KY Chan": "6348c6e9",
        "M Hill": "bf5e7711",
        "MBA Lamplough": "997fffbe",
        "Mas Elysa": "857de42e",
        "Nur Arianna Natsya": "4db4c8be",
        "Nur Syazwina Hanim": "2878fcf2",
        "Sarika Prasad": "8ff397fa",
        "Shanzeen Shahzad": "ce291858",
        "Sze Wan Yip": "69591727",
        "WA Duraisingam": "7467fe01",
        "Wan Julia": "bee0c85c",
        "Y Daswani": "2038a273",
        "Yusrina Yaakop": "c74d14f1",
        "Zayani Syamimi": "b8d6bd8f"
      }
    },
    "season": "2017/18",
    "team_type": "international",
    "teams": [
      "Hong Kong",
      "Malaysia"
    ],
    "toss": {
      "decision": "bat",
      "winner": "Hong Kong"
    },
    "venue": "Asian Institute of Technology Ground"
  },
  "innings": [
    {
      "team": "Hong Kong",
      "overs": [
        {
          "over": 0,
          "deliveries": [
            {
              "batter": "KK Gill",
              "bowler": "WA Duraisingam",
              "non_striker": "Y Daswani",
              "runs": {
                "batter": 0,
                "extras": 0,
                "total": 0
              }
            },
            {
              "batter": "KK Gill",
              "bowler": "WA Duraisingam",
              "extras": {
                "wides": 1
              },
              "non_striker": "Y Daswani",
              "runs": {
                "batter": 0,
                "extras": 1,
                "total": 1
              }
            },
            {
              "batter": "KK Gill",
              "bowler": "WA Duraisingam",
              "non_striker": "Y Daswani",
              "runs": {
                "batter": 0,
                "extras": 0,
                "total": 0
              }
            },
            {
              "batter": "KK Gill",
              "bowler": "WA Duraisingam",
              "non_striker": "Y Daswani",
              "runs": {
                "batter": 0,
                "extras": 0,
                "total": 0
              }
            },
            {
              "batter": "KK Gill",
              "bowler": "WA Duraisingam",
              "non_striker": "Y Daswani",
              "runs": {
                "batter": 0,
                "extras": 0,
                "total": 0
              }
            },
            {
              "batter": "KK Gill",
              "bowler": "WA Duraisingam",
              "non_striker": "Y Daswani",
              "runs": {
                "batter": 0,
                "extras": 0,
                "total": 0
              }
            },
            {
              "batter": "KK Gill",
              "bowler": "WA Duraisingam",
              "non_striker": "Y Daswani",
              "runs": {
                "batter": 1,
                "extras": 0,
                "total": 1
              }
            }
          ]
        },
        {
          "over": 1,
          "deliveries": [
            {
              "batter": "KK Gill",
              "bowler": "Zayani Syamimi",
              "non_striker": "Y Daswani",
              "runs": {
                "batter": 2,
                "extras": 0,
                "total": 2
              }
            },
            {
              "batter": "KK Gill",
              "bowler": "Zayani Syamimi",
              "non_striker": "Y Daswani",
              "runs": {
                "batter": 0,
                "extras": 0,
                "total": 0
              }
            },
            {
              "batter": "KK Gill",
              "bowler": "Zayani Syamimi",
              "non_striker": "Y Daswani",
              "runs": {
                "batter": 0,
                "extras": 0,
                "total": 0
              }
            },
            {
              "batter": "KK Gill",
              "bowler": "Zayani Syamimi",
              "non_striker": "Y Daswani",
              "runs": {
                "batter": 0,
                "extras": 0,
                "total": 0
              }
            },
            {
              "batter": "KK Gill",
              "bowler": "Zayani Syamimi",
              "non_striker": "Y Daswani",
              "runs": {
                "batter": 0,
                "extras": 0,
                "total": 0
              }
            },
            {
              "batter": "KK Gill",
              "bowler": "Zayani Syamimi",
              "non_striker": "Y Daswani",
              "runs": {
                "batter": 0,
                "extras": 0,
                "total": 0
              }
            }
          ]
        },
        {
          "over": 2,
          "deliveries": [
            {
              "batter": "Y Daswani",
              "bowler": "WA Duraisingam",
              "non_striker": "KK Gill",
              "runs": {
                "batter": 0,
                "extras": 0,
                "total": 0
              }
            },
            {
              "batter": "Y Daswani",
              "bowler": "WA Duraisingam",
              "extras": {
                "wides": 1
              },
              "non_striker": "KK Gill",
              "runs": {
                "batter": 0,
                "extras": 1,
                "total": 1
              }
            },
            {
              "batter": "Y Daswani",
              "bowler": "WA Duraisingam",
              "non_striker": "KK Gill",
              "runs": {
                "batter": 0,
                "extras": 0,
                "total": 0
              }
            },
            {
              "batter": "Y Daswani",
              "bowler": "WA Duraisingam",
              "non_striker": "KK Gill",
              "runs": {
                "batter": 1,
                "extras": 0,
                "total": 1
              }
            },
            {
              "batter": "KK Gill",
              "bowler": "WA Duraisingam",
              "non_striker": "Y Daswani",
              "runs": {
                "batter": 0,
                "extras": 0,
                "total": 0
              }
            },
            {
              "batter": "KK Gill",
              "bowler": "WA Duraisingam",
              "non_striker": "Y Daswani",
              "runs": {
                "batter": 1,
                "extras": 0,
                "total": 1
              }
            },
            {
              "batter": "Y Daswani",
              "bowler": "WA Duraisingam",
              "non_striker": "KK Gill",
              "runs": {
                "batter": 0,
                "extras": 0,
                "total": 0
              }
            }
          ]
        },
        {
          "over": 3,
          "deliveries": [
            {
              "batter": "KK Gill",
              "bowler": "Zayani Syamimi",
              "non_striker": "Y Daswani",
              "runs": {
                "batter": 0,
                "extras": 0,
                "total": 0
              },
              "wickets": [
                {
                  "player_out": "KK Gill",
                  "kind": "lbw"
                }
              ]
            },
            {
              "batter": "M Hill",
              "bowler": "Zayani Syamimi",
              "non_striker": "Y Daswani",
              "runs": {
                "batter": 0,
                "extras": 0,
                "total": 0
              },
              "wickets": [
                {
                  "player_out": "M Hill",
                  "fielders": [
                    {
                      "name": "Christina Baret"
                    }
                  ],
                  "kind": "caught"
                }
              ]
            },
            {
              "batter": "KY Chan",
              "bowler": "Zayani Syamimi",
              "non_striker": "Y Daswani",
              "runs": {
                "batter": 0,
                "extras": 0,
                "total": 0
              }
            },
            {
              "batter": "KY Chan",
              "bowler": "Zayani Syamimi",
              "non_striker": "Y Daswani",
              "runs": {
                "batter": 0,
                "extras": 0,
                "total": 0
              }
            },
            {
              "batter": "KY Chan",
              "bowler": "Zayani Syamimi",
              "non_striker": "Y Daswani",
              "runs": {
                "batter": 1,
                "extras": 0,
                "total": 1
              }
            },
            {
              "batter": "Y Daswani",
              "bowler": "Zayani Syamimi",
              "non_striker": "KY Chan",
              "runs": {
                "batter": 0,
                "extras": 0,
                "total": 0
              }
            }
          ]
        },
        {
          "over": 4,
          "deliveries": [
            {
              "batter": "KY Chan",
              "bowler": "Jannadiah Halim",
              "non_striker": "Y Daswani",
              "runs": {
                "batter": 0,
                "extras": 0,
                "total": 0
              }
            },
            {
              "batter": "KY Chan",
              "bowler": "Jannadiah Halim",
              "non_striker": "Y Daswani",
              "runs": {
                "batter": 0,
                "extras": 0,
                "total": 0
              }
            },
            {
              "batter": "KY Chan",
              "bowler": "Jannadiah Halim",
              "non_striker": "Y Daswani",
              "runs": {
                "batter": 0,
                "extras": 0,
                "total": 0
              }
            },
            {
              "batter": "KY Chan",
              "bowler": "Jannadiah Halim",
              "non_striker": "Y Daswani",
              "runs": {
                "batter": 2,
                "extras": 0,
                "total": 2
              }
            },
            {
              "batter": "KY Chan",
              "bowler": "Jannadiah Halim",
              "non_striker": "Y Daswani",
              "runs": {
                "batter": 0,
                "extras": 0,
                "total": 0
              },
              "wickets": [
                {
                  "player_out": "KY Chan",
                  "fielders": [
                    {
                      "name": "WA Duraisingam"
                    }
                  ],
                  "kind": "caught"
                }
              ]
            },
            {
              "batter": "Shanzeen Shahzad",
              "bowler": "Jannadiah Halim",
              "non_striker": "Y Daswani",
              "runs": {
                "batter": 0,
                "extras": 0,
                "total": 0
              }
            }
          ]
        },
        {
          "over": 5,
          "deliveries": [
            {
              "batter": "Y Daswani",
              "bowler": "Zayani Syamimi",
              "non_striker": "Shanzeen Shahzad",
              "runs": {
                "batter": 0,
                "extras": 0,
                "total": 0
              }
            },
            {
              "batter": "Y Daswani",
              "bowler": "Zayani Syamimi",
              "non_striker": "Shanzeen Shahzad",
              "runs": {
                "batter": 1,
                "extras": 0,
                "total": 1
              }
            },
            {
              "batter": "Shanzeen Shahzad",
              "bowler": "Zayani Syamimi",
              "non_striker": "Y Daswani",
              "runs": {
                "batter": 0,
                "extras": 0,
                "total": 0
              },
              "wickets": [
                {
                  "player_out": "Shanzeen Shahzad",
                  "fielders": [
                    {
                      "name": "Nur Syazwina Hanim"
                    }
                  ],
                  "kind": "caught"
                }
              ]
            },
            {
              "batter": "JM Davies",
              "bowler": "Zayani Syamimi",
              "extras": {
                "wides": 1
              },
              "non_striker": "Y Daswani",
              "runs": {
                "batter": 0,
                "extras": 1,
                "total": 1
              }
            },
            {
              "batter": "JM Davies",
              "bowler": "Zayani Syamimi",
              "extras": {
                "wides": 1
              },
              "non_striker": "Y Daswani",
              "runs": {
                "batter": 0,
                "extras": 1,
                "total": 1
              }
            },
            {
              "batter": "JM Davies",
              "bowler": "Zayani Syamimi",
              "non_striker": "Y Daswani",
              "runs": {
                "batter": 0,
                "extras": 0,
                "total": 0
              }
            },
            {
              "batter": "JM Davies",
              "bowler": "Zayani Syamimi",
              "extras": {
                "wides": 1
              },
              "non_striker": "Y Daswani",
              "runs": {
                "batter": 0,
                "extras": 1,
                "total": 1
              }
            },
            {
              "batter": "JM Davies",
              "bowler": "Zayani Syamimi",
              "non_striker": "Y Daswani",
              "runs": {
                "batter": 0,
                "extras": 0,
                "total": 0
              }
            },
            {
              "batter": "JM Davies",
              "bowler": "Zayani Syamimi",
              "non_striker": "Y Daswani",
              "runs": {
                "batter": 0,
                "extras": 0,
                "total": 0
              }
            }
          ]
        },
        {
          "over": 6,
          "deliveries": [
            {
              "batter": "Y Daswani",
              "bowler": "Jannadiah Halim",
              "non_striker": "JM Davies",
              "runs": {
                "batter": 0,
                "extras": 0,
                "total": 0
              }
            },
            {
              "batter": "Y Daswani",
              "bowler": "Jannadiah Halim",
              "non_striker": "JM Davies",
              "runs": {
                "batter": 2,
                "extras": 0,
                "total": 2
              }
            },
            {
              "batter": "Y Daswani",
              "bowler": "Jannadiah Halim",
              "non_striker": "JM Davies",
              "runs": {
                "batter": 0,
                "extras": 0,
                "total": 0
              }
            },
            {
              "batter": "Y Daswani",
              "bowler": "Jannadiah Halim",
              "non_striker": "JM Davies",
              "runs": {
                "batter": 0,
                "extras": 0,
                "total": 0
              }
            },
            {
              "batter": "Y Daswani",
              "bowler": "Jannadiah Halim",
              "non_striker": "JM Davies",
              "runs": {
                "batter": 0,
                "extras": 0,
                "total": 0
              }
            },
            {
              "batter": "Y Daswani",
              "bowler": "Jannadiah Halim",
              "extras": {
                "wides": 1
              },
              "non_striker": "JM Davies",
              "runs": {
                "batter": 0,
                "extras": 1,
                "total": 1
              }
            },
            {
              "batter": "Y Daswani",
              "bowler": "Jannadiah Halim",
              "non_striker": "JM Davies",
              "runs": {
                "batter": 0,
                "extras": 0,
                "total": 0
              }
            }
          ]
        },
        {
          "over": 7,
          "deliveries": [
            {
              "batter": "JM Davies",
              "bowler": "Nur Syazwina Hanim",
              "non_striker": "Y Daswani",
              "runs": {
                "batter": 2,
                "extras": 0,
                "total": 2
              }
            },
            {
              "batter": "JM Davies",
              "bowler": "Nur Syazwina Hanim",
              "non_striker": "Y Daswani",
              "runs": {
                "batter": 1,
                "extras": 0,
                "total": 1
              }
            },
            {
              "batter": "Y Daswani",
              "bowler": "Nur Syazwina Hanim",
              "non_striker": "JM Davies",
              "runs": {
                "batter": 0,
                "extras": 0,
                "total": 0
              }
            },
            {
              "batter": "Y Daswani",
              "bowler": "Nur Syazwina Hanim",
              "extras": {
                "wides": 2
              },
              "non_striker": "JM Davies",
              "runs": {
                "batter": 0,
                "extras": 2,
                "total": 2
              }
            },
            {
              "batter": "JM Davies",
              "bowler": "Nur Syazwina Hanim",
              "non_striker": "Y Daswani",
              "runs": {
                "batter": 0,
                "extras": 0,
                "total": 0
              }
            },
            {
              "batter": "JM Davies",
              "bowler": "Nur Syazwina Hanim",
              "non_striker": "Y Daswani",
              "runs": {
                "batter": 1,
                "extras": 0,
                "total": 1
              }
            },
            {
              "batter": "Y Daswani",
              "bowler": "Nur Syazwina Hanim",
              "non_striker": "JM Davies",
              "runs": {
                "batter": 0,
                "extras": 0,
                "total": 0
              }
            }
          ]
        },
        {
          "over": 8,
          "deliveries": [
            {
              "batter": "JM Davies",
              "bowler": "Jannadiah Halim",
              "non_striker": "Y Daswani",
              "runs": {
                "batter": 0,
                "extras": 0,
                "total": 0
              }
            },
            {
              "batter": "JM Davies",
              "bowler": "Jannadiah Halim",
              "non_striker": "Y Daswani",
              "runs": {
                "batter": 0,
                "extras": 0,
                "total": 0
              }
            },
            {
              "batter": "JM Davies",
              "bowler": "Jannadiah Halim",
              "non_striker": "Y Daswani",
              "runs": {
                "batter": 0,
                "extras": 0,
                "total": 0
              }
            },
            {
              "batter": "JM Davies",
              "bowler": "Jannadiah Halim",
              "non_striker": "Y Daswani",
              "runs": {
                "batter": 1,
                "extras": 0,
                "total": 1
              }
            },
            {
              "batter": "Y Daswani",
              "bowler": "Jannadiah Halim",
              "non_striker": "JM Davies",
              "runs": {
                "batter": 0,
                "extras": 0,
                "total": 0
              }
            },
            {
              "batter": "Y Daswani",
              "bowler": "Jannadiah Halim",
              "non_striker": "JM Davies",
              "runs": {
                "batter": 0,
                "extras": 0,
                "total": 0
              },
              "wickets": [
                {
                  "player_out": "Y Daswani",
                  "kind": "bowled"
                }
              ]
            }
          ]
        },
        {
          "over": 9,
          "deliveries": [
            {
              "batter": "JM Davies",
              "bowler": "Nur Syazwina Hanim",
              "non_striker": "Sze Wan Yip",
              "runs": {
                "batter": 1,
                "extras": 0,
                "total": 1
              }
            },
            {
              "batter": "Sze Wan Yip",
              "bowler": "Nur Syazwina Hanim",
              "non_striker": "JM Davies",
              "runs": {
                "batter": 0,
                "extras": 0,
                "total": 0
              }
            },
            {
              "batter": "Sze Wan Yip",
              "bowler": "Nur Syazwina Hanim",
              "non_striker": "JM Davies",
              "runs": {
                "batter": 0,
                "extras": 0,
                "total": 0
              }
            },
            {
              "batter": "Sze Wan Yip",
              "bowler": "Nur Syazwina Hanim",
              "non_striker": "JM Davies",
              "runs": {
                "batter": 0,
                "extras": 0,
                "total": 0
              }
            },
            {
              "batter": "Sze Wan Yip",
              "bowler": "Nur Syazwina Hanim",
              "non_striker": "JM Davies",
              "runs": {
                "batter": 1,
                "extras": 0,
                "total": 1
              }
            },
            {
              "batter": "JM Davies",
              "bowler": "Nur Syazwina Hanim",
              "non_striker": "Sze Wan Yip",
              "runs": {
                "batter": 1,
                "extras": 0,
                "total": 1
              }
            }
          ]
        },
        {
          "over": 10,
          "deliveries": [
            {
              "batter": "JM Davies",
              "bowler": "Jannadiah Halim",
              "non_striker": "Sze Wan Yip",
              "runs": {
                "batter": 0,
                "extras": 0,
                "total": 0
              }
            },
            {
              "batter": "JM Davies",
              "bowler": "Jannadiah Halim",
              "non_striker": "Sze Wan Yip",
              "runs": {
                "batter": 0,
                "extras": 0,
                "total": 0
              }
            },
            {
              "batter": "JM Davies",
              "bowler": "Jannadiah Halim",
              "non_striker": "Sze Wan Yip",
              "runs": {
                "batter": 1,
                "extras": 0,
                "total": 1
              }
            },
            {
              "batter": "Sze Wan Yip",
              "bowler": "Jannadiah Halim",
              "non_striker": "JM Davies",
              "runs": {
                "batter": 0,
                "extras": 0,
                "total": 0
              }
            },
            {
              "batter": "Sze Wan Yip",
              "bowler": "Jannadiah Halim",
              "non_striker": "JM Davies",
              "runs": {
                "batter": 0,
                "extras": 0,
                "total": 0
              }
            },
            {
              "batter": "Sze Wan Yip",
              "bowler": "Jannadiah Halim",
              "non_striker": "JM Davies",
              "runs": {
                "batter": 2,
                "extras": 0,
                "total": 2
              }
            }
          ]
        },
        {
          "over": 11,
          "deliveries": [
            {
              "batter": "JM Davies",
              "bowler": "Nur Syazwina Hanim",
              "non_striker": "Sze Wan Yip",
              "runs": {
                "batter": 4,
                "extras": 0,
                "total": 4
              }
            },
            {
              "batter": "JM Davies",
              "bowler": "Nur Syazwina Hanim",
              "non_striker": "Sze Wan Yip",
              "runs": {
                "batter": 1,
                "extras": 0,
                "total": 1
              }
            },
            {
              "batter": "Sze Wan Yip",
              "bowler": "Nur Syazwina Hanim",
              "extras": {
                "wides": 1
              },
              "non_striker": "JM Davies",
              "runs": {
                "batter": 0,
                "extras": 1,
                "total": 1
              }
            },
            {
              "batter": "Sze Wan Yip",
              "bowler": "Nur Syazwina Hanim",
              "non_striker": "JM Davies",
              "runs": {
                "batter": 2,
                "extras": 0,
                "total": 2
              }
            },
            {
              "batter": "Sze Wan Yip",
              "bowler": "Nur Syazwina Hanim",
              "non_striker": "JM Davies",
              "runs": {
                "batter": 0,
                "extras": 0,
                "total": 0
              }
            },
            {
              "batter": "Sze Wan Yip",
              "bowler": "Nur Syazwina Hanim",
              "non_striker": "JM Davies",
              "runs": {
                "batter": 1,
                "extras": 0,
                "total": 1
              }
            },
            {
              "batter": "JM Davies",
              "bowler": "Nur Syazwina Hanim",
              "non_striker": "Sze Wan Yip",
              "runs": {
                "batter": 1,
                "extras": 0,
                "total": 1
              }
            }
          ]
        },
        {
          "over": 12,
          "deliveries": [
            {
              "batter": "JM Davies",
              "bowler": "Nur Arianna Natsya",
              "non_striker": "Sze Wan Yip",
              "runs": {
                "batter": 1,
                "extras": 0,
                "total": 1
              }
            },
            {
              "batter": "Sze Wan Yip",
              "bowler": "Nur Arianna Natsya",
              "non_striker": "JM Davies",
              "runs": {
                "batter": 0,
                "extras": 0,
                "total": 0
              }
            },
            {
              "batter": "Sze Wan Yip",
              "bowler": "Nur Arianna Natsya",
              "non_striker": "JM Davies",
              "runs": {
                "batter": 0,
                "extras": 0,
                "total": 0
              }
            },
            {
              "batter": "Sze Wan Yip",
              "bowler": "Nur Arianna Natsya",
              "non_striker": "JM Davies",
              "runs": {
                "batter": 2,
                "extras": 0,
                "total": 2
              }
            },
            {
              "batter": "Sze Wan Yip",
              "bowler": "Nur Arianna Natsya",
              "non_striker": "JM Davies",
              "runs": {
                "batter": 1,
                "extras": 0,
                "total": 1
              }
            },
            {
              "batter": "JM Davies",
              "bowler": "Nur Arianna Natsya",
              "non_striker": "Sze Wan Yip",
              "runs": {
                "batter": 0,
                "extras": 0,
                "total": 0
              }
            }
          ]
        },
        {
          "over": 13,
          "deliveries": [
            {
              "batter": "Sze Wan Yip",
              "bowler": "J Intan",
              "non_striker": "JM Davies",
              "runs": {
                "batter": 0,
                "extras": 0,
                "total": 0
              }
            },
            {
              "batter": "Sze Wan Yip",
              "bowler": "J Intan",
              "non_striker": "JM Davies",
              "runs": {
                "batter": 1,
                "extras": 0,
                "total": 1
              }
            },
            {
              "batter": "JM Davies",
              "bowler": "J Intan",
              "non_striker": "Sze Wan Yip",
              "runs": {
                "batter": 1,
                "extras": 0,
                "total": 1
              }
            },
            {
              "batter": "Sze Wan Yip",
              "bowler": "J Intan",
              "non_striker": "JM Davies",
              "runs": {
                "batter": 0,
                "extras": 0,
                "total": 0
              }
            },
            {
              "batter": "Sze Wan Yip",
              "bowler": "J Intan",
              "non_striker": "JM Davies",
              "runs": {
                "batter": 0,
                "extras": 0,
                "total": 0
              }
            },
            {
              "batter": "Sze Wan Yip",
              "bowler": "J Intan",
              "non_striker": "JM Davies",
              "runs": {
                "batter": 0,
                "extras": 0,
                "total": 0
              }
            }
          ]
        },
        {
          "over": 14,
          "deliveries": [
            {
              "batter": "JM Davies",
              "bowler": "Nur Arianna Natsya",
              "non_striker": "Sze Wan Yip",
              "runs": {
                "batter": 0,
                "extras": 0,
                "total": 0
              }
            },
            {
              "batter": "JM Davies",
              "bowler": "Nur Arianna Natsya",
              "non_striker": "Sze Wan Yip",
              "runs": {
                "batter": 1,
                "extras": 0,
                "total": 1
              }
            },
            {
              "batter": "Sze Wan Yip",
              "bowler": "Nur Arianna Natsya",
              "non_striker": "JM Davies",
              "runs": {
                "batter": 1,
                "extras": 0,
                "total": 1
              }
            },
            {
              "batter": "JM Davies",
              "bowler": "Nur Arianna Natsya",
              "non_striker": "Sze Wan Yip",
              "runs": {
                "batter": 0,
                "extras": 0,
                "total": 0
              }
            },
            {
              "batter": "JM Davies",
              "bowler": "Nur Arianna Natsya",
              "non_striker": "Sze Wan Yip",
              "runs": {
                "batter": 1,
                "extras": 0,
                "total": 1
              }
            },
            {
              "batter": "Sze Wan Yip",
              "bowler": "Nur Arianna Natsya",
              "non_striker": "JM Davies",
              "runs": {
                "batter": 0,
                "extras": 0,
                "total": 0
              }
            }
          ]
        },
        {
          "over": 15,
          "deliveries": [
            {
              "batter": "JM Davies",
              "bowler": "J Intan",
              "non_striker": "Sze Wan Yip",
              "runs": {
                "batter": 1,
                "extras": 0,
                "total": 1
              }
            },
            {
              "batter": "Sze Wan Yip",
              "bowler": "J Intan",
              "non_striker": "JM Davies",
              "runs": {
                "batter": 0,
                "extras": 0,
                "total": 0
              }
            },
            {
              "batter": "Sze Wan Yip",
              "bowler": "J Intan",
              "extras": {
                "wides": 1
              },
              "non_striker": "JM Davies",
              "runs": {
                "batter": 0,
                "extras": 1,
                "total": 1
              }
            },
            {
              "batter": "Sze Wan Yip",
              "bowler": "J Intan",
              "non_striker": "JM Davies",
              "runs": {
                "batter": 0,
                "extras": 0,
                "total": 0
              }
            },
            {
              "batter": "Sze Wan Yip",
              "bowler": "J Intan",
              "extras": {
                "byes": 1,
                "noballs": 1
              },
              "non_striker": "JM Davies",
              "runs": {
                "batter": 0,
                "extras": 2,
                "total": 2
              }
            },
            {
              "batter": "JM Davies",
              "bowler": "J Intan",
              "non_striker": "Sze Wan Yip",
              "runs": {
                "batter": 3,
                "extras": 0,
                "total": 3
              }
            },
            {
              "batter": "Sze Wan Yip",
              "bowler": "J Intan",
              "non_striker": "JM Davies",
              "runs": {
                "batter": 0,
                "extras": 0,
                "total": 0
              }
            },
            {
              "batter": "Sze Wan Yip",
              "bowler": "J Intan",
              "non_striker": "JM Davies",
              "runs": {
                "batter": 0,
                "extras": 0,
                "total": 0
              }
            }
          ]
        },
        {
          "over": 16,
          "deliveries": [
            {
              "batter": "JM Davies",
              "bowler": "Nur Arianna Natsya",
              "extras": {
                "wides": 1
              },
              "non_striker": "Sze Wan Yip",
              "runs": {
                "batter": 0,
                "extras": 1,
                "total": 1
              }
            },
            {
              "batter": "JM Davies",
              "bowler": "Nur Arianna Natsya",
              "non_striker": "Sze Wan Yip",
              "runs": {
                "batter": 1,
                "extras": 0,
                "total": 1
              }
            },
            {
              "batter": "Sze Wan Yip",
              "bowler": "Nur Arianna Natsya",
              "non_striker": "JM Davies",
              "runs": {
                "batter": 2,
                "extras": 0,
                "total": 2
              }
            },
            {
              "batter": "Sze Wan Yip",
              "bowler": "Nur Arianna Natsya",
              "non_striker": "JM Davies",
              "runs": {
                "batter": 0,
                "extras": 0,
                "total": 0
              }
            },
            {
              "batter": "Sze Wan Yip",
              "bowler": "Nur Arianna Natsya",
              "non_striker": "JM Davies",
              "runs": {
                "batter": 0,
                "extras": 0,
                "total": 0
              }
            },
            {
              "batter": "Sze Wan Yip",
              "bowler": "Nur Arianna Natsya",
              "non_striker": "JM Davies",
              "runs": {
                "batter": 0,
                "extras": 0,
                "total": 0
              }
            },
            {
              "batter": "Sze Wan Yip",
              "bowler": "Nur Arianna Natsya",
              "non_striker": "JM Davies",
              "runs": {
                "batter": 1,
                "extras": 0,
                "total": 1
              }
            }
          ]
        },
        {
          "over": 17,
          "deliveries": [
            {
              "batter": "Sze Wan Yip",
              "bowler": "WA Duraisingam",
              "non_striker": "JM Davies",
              "runs": {
                "batter": 1,
                "extras": 0,
                "total": 1
              }
            },
            {
              "batter": "JM Davies",
              "bowler": "WA Duraisingam",
              "extras": {
                "wides": 1
              },
              "non_striker": "Sze Wan Yip",
              "runs": {
                "batter": 0,
                "extras": 1,
                "total": 1
              }
            },
            {
              "batter": "JM Davies",
              "bowler": "WA Duraisingam",
              "non_striker": "Sze Wan Yip",
              "runs": {
                "batter": 1,
                "extras": 0,
                "total": 1
              }
            },
            {
              "batter": "Sze Wan Yip",
              "bowler": "WA Duraisingam",
              "non_striker": "JM Davies",
              "runs": {
                "batter": 0,
                "extras": 0,
                "total": 0
              }
            },
            {
              "batter": "Sze Wan Yip",
              "bowler": "WA Duraisingam",
              "non_striker": "JM Davies",
              "runs": {
                "batter": 0,
                "extras": 0,
                "total": 0
              }
            },
            {
              "batter": "Sze Wan Yip",
              "bowler": "WA Duraisingam",
              "non_striker": "JM Davies",
              "runs": {
                "batter": 1,
                "extras": 0,
                "total": 1
              }
            },
            {
              "batter": "JM Davies",
              "bowler": "WA Duraisingam",
              "non_striker": "Sze Wan Yip",
              "runs": {
                "batter": 0,
                "extras": 0,
                "total": 0
              }
            }
          ]
        },
        {
          "over": 18,
          "deliveries": [
            {
              "batter": "JM Davies",
              "bowler": "Zayani Syamimi",
              "non_striker": "Sze Wan Yip",
              "runs": {
                "batter": 1,
                "extras": 0,
                "total": 1
              }
            },
            {
              "batter": "Sze Wan Yip",
              "bowler": "Zayani Syamimi",
              "non_striker": "JM Davies",
              "runs": {
                "batter": 0,
                "extras": 0,
                "total": 0
              }
            },
            {
              "batter": "Sze Wan Yip",
              "bowler": "Zayani Syamimi",
              "non_striker": "JM Davies",
              "runs": {
                "batter": 2,
                "extras": 0,
                "total": 2
              }
            },
            {
              "batter": "Sze Wan Yip",
              "bowler": "Zayani Syamimi",
              "extras": {
                "wides": 2
              },
              "non_striker": "JM Davies",
              "runs": {
                "batter": 0,
                "extras": 2,
                "total": 2
              }
            },
            {
              "batter": "JM Davies",
              "bowler": "Zayani Syamimi",
              "non_striker": "Sze Wan Yip",
              "runs": {
                "batter": 1,
                "extras": 0,
                "total": 1
              }
            },
            {
              "batter": "Sze Wan Yip",
              "bowler": "Zayani Syamimi",
              "non_striker": "JM Davies",
              "runs": {
                "batter": 0,
                "extras": 0,
                "total": 0
              },
              "wickets": [
                {
                  "player_out": "Sze Wan Yip",
                  "kind": "bowled"
                }
              ]
            },
            {
              "batter": "MBA Lamplough",
              "bowler": "Zayani Syamimi",
              "non_striker": "JM Davies",
              "runs": {
                "batter": 0,
                "extras": 0,
                "total": 0
              }
            }
          ]
        },
        {
          "over": 19,
          "deliveries": [
            {
              "batter": "JM Davies",
              "bowler": "WA Duraisingam",
              "non_striker": "MBA Lamplough",
              "runs": {
                "batter": 2,
                "extras": 0,
                "total": 2
              }
            },
            {
              "batter": "JM Davies",
              "bowler": "WA Duraisingam",
              "non_striker": "MBA Lamplough",
              "runs": {
                "batter": 1,
                "extras": 0,
                "total": 1
              }
            },
            {
              "batter": "MBA Lamplough",
              "bowler": "WA Duraisingam",
              "non_striker": "JM Davies",
              "runs": {
                "batter": 1,
                "extras": 0,
                "total": 1
              }
            },
            {
              "batter": "JM Davies",
              "bowler": "WA Duraisingam",
              "non_striker": "MBA Lamplough",
              "runs": {
                "batter": 0,
                "extras": 0,
                "total": 0
              },
              "wickets": [
                {
                  "player_out": "JM Davies",
                  "fielders": [
                    {
                      "name": "Zayani Syamimi"
                    }
                  ],
                  "kind": "caught"
                }
              ]
            },
            {
              "batter": "Chan Sau Har",
              "bowler": "WA Duraisingam",
              "non_striker": "MBA Lamplough",
              "runs": {
                "batter": 1,
                "extras": 0,
                "total": 1
              }
            },
            {
              "batter": "MBA Lamplough",
              "bowler": "WA Duraisingam",
              "extras": {
                "legbyes": 1
              },
              "non_striker": "Chan Sau Har",
              "runs": {
                "batter": 0,
                "extras": 1,
                "total": 1
              }
            }
          ]
        }
      ],
      "powerplays": [
        {
          "from": 0.1,
          "to": 5.9,
          "type": "mandatory"
        }
      ]
    },
    {
      "team": "Malaysia",
      "overs": [
        {
          "over": 0,
          "deliveries": [
            {
              "batter": "Christina Baret",
              "bowler": "KY Chan",
              "non_striker": "Emylia Eliani",
              "runs": {
                "batter": 0,
                "extras": 0,
                "total": 0
              }
            },
            {
              "batter": "Christina Baret",
              "bowler": "KY Chan",
              "non_striker": "Emylia Eliani",
              "runs": {
                "batter": 0,
                "extras": 0,
                "total": 0
              }
            },
            {
              "batter": "Christina Baret",
              "bowler": "KY Chan",
              "extras": {
                "legbyes": 1
              },
              "non_striker": "Emylia Eliani",
              "runs": {
                "batter": 0,
                "extras": 1,
                "total": 1
              }
            },
            {
              "batter": "Emylia Eliani",
              "bowler": "KY Chan",
              "non_striker": "Christina Baret",
              "runs": {
                "batter": 0,
                "extras": 0,
                "total": 0
              }
            },
            {
              "batter": "Emylia Eliani",
              "bowler": "KY Chan",
              "non_striker": "Christina Baret",
              "runs": {
                "batter": 0,
                "extras": 0,
                "total": 0
              }
            },
            {
              "batter": "Emylia Eliani",
              "bowler": "KY Chan",
              "non_striker": "Christina Baret",
              "runs": {
                "batter": 0,
                "extras": 0,
                "total": 0
              }
            }
          ]
        },
        {
          "over": 1,
          "deliveries": [
            {
              "batter": "Christina Baret",
              "bowler": "M Hill",
              "extras": {
                "wides": 1
              },
              "non_striker": "Emylia Eliani",
              "runs": {
                "batter": 0,
                "extras": 1,
                "total": 1
              }
            },
            {
              "batter": "Christina Baret",
              "bowler": "M Hill",
              "non_striker": "Emylia Eliani",
              "runs": {
                "batter": 1,
                "extras": 0,
                "total": 1
              }
            },
            {
              "batter": "Emylia Eliani",
              "bowler": "M Hill",
              "non_striker": "Christina Baret",
              "runs": {
                "batter": 0,
                "extras": 0,
                "total": 0
              },
              "wickets": [
                {
                  "player_out": "Emylia Eliani",
                  "fielders": [
                    {
                      "name": "JM Davies"
                    }
                  ],
                  "kind": "caught"
                }
              ]
            },
            {
              "batter": "WA Duraisingam",
              "bowler": "M Hill",
              "non_striker": "Christina Baret",
              "runs": {
                "batter": 0,
                "extras": 0,
                "total": 0
              }
            },
            {
              "batter": "WA Duraisingam",
              "bowler": "M Hill",
              "non_striker": "Christina Baret",
              "runs": {
                "batter": 0,
                "extras": 0,
                "total": 0
              }
            },
            {
              "batter": "WA Duraisingam",
              "bowler": "M Hill",
              "non_striker": "Christina Baret",
              "runs": {
                "batter": 0,
                "extras": 0,
                "total": 0
              }
            },
            {
              "batter": "WA Duraisingam",
              "bowler": "M Hill",
              "non_striker": "Christina Baret",
              "runs": {
                "batter": 1,
                "extras": 0,
                "total": 1
              }
            }
          ]
        },
        {
          "over": 2,
          "deliveries": [
            {
              "batter": "WA Duraisingam",
              "bowler": "KY Chan",
              "non_striker": "Christina Baret",
              "runs": {
                "batter": 0,
                "extras": 0,
                "total": 0
              }
            },
            {
              "batter": "WA Duraisingam",
              "bowler": "KY Chan",
              "non_striker": "Christina Baret",
              "runs": {
                "batter": 0,
                "extras": 0,
                "total": 0
              },
              "wickets": [
                {
                  "player_out": "WA Duraisingam",
                  "kind": "caught and bowled"
                }
              ]
            },
            {
              "batter": "Mas Elysa",
              "bowler": "KY Chan",
              "non_striker": "Christina Baret",
              "runs": {
                "batter": 0,
                "extras": 0,
                "total": 0
              }
            },
            {
              "batter": "Mas Elysa",
              "bowler": "KY Chan",
              "non_striker": "Christina Baret",
              "runs": {
                "batter": 1,
                "extras": 0,
                "total": 1
              }
            },
            {
              "batter": "Christina Baret",
              "bowler": "KY Chan",
              "non_striker": "Mas Elysa",
              "runs": {
                "batter": 1,
                "extras": 0,
                "total": 1
              }
            },
            {
              "batter": "Mas Elysa",
              "bowler": "KY Chan",
              "non_striker": "Christina Baret",
              "runs": {
                "batter": 0,
                "extras": 0,
                "total": 0
              }
            }
          ]
        },
        {
          "over": 3,
          "deliveries": [
            {
              "batter": "Christina Baret",
              "bowler": "M Hill",
              "extras": {
                "wides": 1
              },
              "non_striker": "Mas Elysa",
              "runs": {
                "batter": 0,
                "extras": 1,
                "total": 1
              }
            },
            {
              "batter": "Christina Baret",
              "bowler": "M Hill",
              "non_striker": "Mas Elysa",
              "runs": {
                "batter": 0,
                "extras": 0,
                "total": 0
              }
            },
            {
              "batter": "Christina Baret",
              "bowler": "M Hill",
              "non_striker": "Mas Elysa",
              "runs": {
                "batter": 0,
                "extras": 0,
                "total": 0
              }
            },
            {
              "batter": "Christina Baret",
              "bowler": "M Hill",
              "non_striker": "Mas Elysa",
              "runs": {
                "batter": 0,
                "extras": 0,
                "total": 0
              }
            },
            {
              "batter": "Christina Baret",
              "bowler": "M Hill",
              "non_striker": "Mas Elysa",
              "runs": {
                "batter": 0,
                "extras": 0,
                "total": 0
              }
            },
            {
              "batter": "Christina Baret",
              "bowler": "M Hill",
              "non_striker": "Mas Elysa",
              "runs": {
                "batter": 0,
                "extras": 0,
                "total": 0
              }
            },
            {
              "batter": "Christina Baret",
              "bowler": "M Hill",
              "non_striker": "Mas Elysa",
              "runs": {
                "batter": 2,
                "extras": 0,
                "total": 2
              }
            }
          ]
        },
        {
          "over": 4,
          "deliveries": [
            {
              "batter": "Mas Elysa",
              "bowler": "KK Gill",
              "non_striker": "Christina Baret",
              "runs": {
                "batter": 0,
                "extras": 0,
                "total": 0
              }
            },
            {
              "batter": "Mas Elysa",
              "bowler": "KK Gill",
              "non_striker": "Christina Baret",
              "runs": {
                "batter": 2,
                "extras": 0,
                "total": 2
              }
            },
            {
              "batter": "Mas Elysa",
              "bowler": "KK Gill",
              "non_striker": "Christina Baret",
              "runs": {
                "batter": 0,
                "extras": 0,
                "total": 0
              }
            },
            {
              "batter": "Mas Elysa",
              "bowler": "KK Gill",
              "non_striker": "Christina Baret",
              "runs": {
                "batter": 0,
                "extras": 0,
                "total": 0
              }
            },
            {
              "batter": "Mas Elysa",
              "bowler": "KK Gill",
              "non_striker": "Christina Baret",
              "runs": {
                "batter": 0,
                "extras": 0,
                "total": 0
              }
            },
            {
              "batter": "Mas Elysa",
              "bowler": "KK Gill",
              "non_striker": "Christina Baret",
              "runs": {
                "batter": 0,
                "extras": 0,
                "total": 0
              }
            }
          ]
        },
        {
          "over": 5,
          "deliveries": [
            {
              "batter": "Christina Baret",
              "bowler": "Hung Ying Ho",
              "non_striker": "Mas Elysa",
              "runs": {
                "batter": 1,
                "extras": 0,
                "total": 1
              }
            },
            {
              "batter": "Mas Elysa",
              "bowler": "Hung Ying Ho",
              "extras": {
                "wides": 1
              },
              "non_striker": "Christina Baret",
              "runs": {
                "batter": 0,
                "extras": 1,
                "total": 1
              }
            },
            {
              "batter": "Mas Elysa",
              "bowler": "Hung Ying Ho",
              "non_striker": "Christina Baret",
              "runs": {
                "batter": 0,
                "extras": 0,
                "total": 0
              }
            },
            {
              "batter": "Mas Elysa",
              "bowler": "Hung Ying Ho",
              "non_striker": "Christina Baret",
              "runs": {
                "batter": 0,
                "extras": 0,
                "total": 0
              }
            },
            {
              "batter": "Mas Elysa",
              "bowler": "Hung Ying Ho",
              "non_striker": "Christina Baret",
              "runs": {
                "batter": 0,
                "extras": 0,
                "total": 0
              }
            },
            {
              "batter": "Mas Elysa",
              "bowler": "Hung Ying Ho",
              "extras": {
                "byes": 1
              },
              "non_striker": "Christina Baret",
              "runs": {
                "batter": 0,
                "extras": 1,
                "total": 1
              }
            },
            {
              "batter": "Christina Baret",
              "bowler": "Hung Ying Ho",
              "non_striker": "Mas Elysa",
              "runs": {
                "batter": 0,
                "extras": 0,
                "total": 0
              }
            }
          ]
        },
        {
          "over": 6,
          "deliveries": [
            {
              "batter": "Mas Elysa",
              "bowler": "KK Gill",
              "non_striker": "Christina Baret",
              "runs": {
                "batter": 0,
                "extras": 0,
                "total": 0
              }
            },
            {
              "batter": "Mas Elysa",
              "bowler": "KK Gill",
              "non_striker": "Christina Baret",
              "runs": {
                "batter": 0,
                "extras": 0,
                "total": 0
              }
            },
            {
              "batter": "Mas Elysa",
              "bowler": "KK Gill",
              "non_striker": "Christina Baret",
              "runs": {
                "batter": 0,
                "extras": 0,
                "total": 0
              },
              "wickets": [
                {
                  "player_out": "Mas Elysa",
                  "fielders": [
                    {
                      "name": "KY Chan"
                    }
                  ],
                  "kind": "caught"
                }
              ]
            },
            {
              "batter": "Yusrina Yaakop",
              "bowler": "KK Gill",
              "non_striker": "Christina Baret",
              "runs": {
                "batter": 0,
                "extras": 0,
                "total": 0
              }
            },
            {
              "batter": "Yusrina Yaakop",
              "bowler": "KK Gill",
              "non_striker": "Christina Baret",
              "runs": {
                "batter": 0,
                "extras": 0,
                "total": 0
              }
            },
            {
              "batter": "Yusrina Yaakop",
              "bowler": "KK Gill",
              "extras": {
                "wides": 2
              },
              "non_striker": "Christina Baret",
              "runs": {
                "batter": 0,
                "extras": 2,
                "total": 2
              }
            },
            {
              "batter": "Christina Baret",
              "bowler": "KK Gill",
              "non_striker": "Yusrina Yaakop",
              "runs": {
                "batter": 0,
                "extras": 0,
                "total": 0
              }
            }
          ]
        },
        {
          "over": 7,
          "deliveries": [
            {
              "batter": "Yusrina Yaakop",
              "bowler": "Hung Ying Ho",
              "non_striker": "Christina Baret",
              "runs": {
                "batter": 1,
                "extras": 0,
                "total": 1
              },
              "wickets": [
                {
                  "player_out": "Yusrina Yaakop",
                  "kind": "run out"
                }
              ]
            },
            {
              "batter": "J Intan",
              "bowler": "Hung Ying Ho",
              "non_striker": "Christina Baret",
              "runs": {
                "batter": 0,
                "extras": 0,
                "total": 0
              }
            },
            {
              "batter": "J Intan",
              "bowler": "Hung Ying Ho",
              "non_striker": "Christina Baret",
              "runs": {
                "batter": 0,
                "extras": 0,
                "total": 0
              }
            },
            {
              "batter": "J Intan",
              "bowler": "Hung Ying Ho",
              "non_striker": "Christina Baret",
              "runs": {
                "batter": 0,
                "extras": 0,
                "total": 0
              }
            },
            {
              "batter": "J Intan",
              "bowler": "Hung Ying Ho",
              "non_striker": "Christina Baret",
              "runs": {
                "batter": 0,
                "extras": 0,
                "total": 0
              },
              "wickets": [
                {
                  "player_out": "Christina Baret",
                  "kind": "run out"
                }
              ]
            },
            {
              "batter": "J Intan",
              "bowler": "Hung Ying Ho",
              "non_striker": "Wan Julia",
              "runs": {
                "batter": 0,
                "extras": 0,
                "total": 0
              }
            }
          ]
        },
        {
          "over": 8,
          "deliveries": [
            {
              "batter": "Wan Julia",
              "bowler": "KY Chan",
              "non_striker": "J Intan",
              "runs": {
                "batter": 1,
                "extras": 0,
                "total": 1
              }
            },
            {
              "batter": "J Intan",
              "bowler": "KY Chan",
              "non_striker": "Wan Julia",
              "runs": {
                "batter": 0,
                "extras": 0,
                "total": 0
              }
            },
            {
              "batter": "J Intan",
              "bowler": "KY Chan",
              "non_striker": "Wan Julia",
              "runs": {
                "batter": 0,
                "extras": 0,
                "total": 0
              }
            },
            {
              "batter": "J Intan",
              "bowler": "KY Chan",
              "non_striker": "Wan Julia",
              "runs": {
                "batter": 0,
                "extras": 0,
                "total": 0
              }
            },
            {
              "batter": "J Intan",
              "bowler": "KY Chan",
              "non_striker": "Wan Julia",
              "runs": {
                "batter": 0,
                "extras": 0,
                "total": 0
              }
            },
            {
              "batter": "J Intan",
              "bowler": "KY Chan",
              "non_striker": "Wan Julia",
              "runs": {
                "batter": 1,
                "extras": 0,
                "total": 1
              }
            }
          ]
        },
        {
          "over": 9,
          "deliveries": [
            {
              "batter": "J Intan",
              "bowler": "Hung Ying Ho",
              "non_striker": "Wan Julia",
              "runs": {
                "batter": 0,
                "extras": 0,
                "total": 0
              }
            },
            {
              "batter": "J Intan",
              "bowler": "Hung Ying Ho",
              "non_striker": "Wan Julia",
              "runs": {
                "batter": 0,
                "extras": 0,
                "total": 0
              }
            },
            {
              "batter": "J Intan",
              "bowler": "Hung Ying Ho",
              "non_striker": "Wan Julia",
              "runs": {
                "batter": 2,
                "extras": 0,
                "total": 2
              }
            },
            {
              "batter": "J Intan",
              "bowler": "Hung Ying Ho",
              "non_striker": "Wan Julia",
              "runs": {
                "batter": 0,
                "extras": 0,
                "total": 0
              }
            },
            {
              "batter": "J Intan",
              "bowler": "Hung Ying Ho",
              "non_striker": "Wan Julia",
              "runs": {
                "batter": 0,
                "extras": 0,
                "total": 0
              }
            },
            {
              "batter": "J Intan",
              "bowler": "Hung Ying Ho",
              "non_striker": "Wan Julia",
              "runs": {
                "batter": 0,
                "extras": 0,
                "total": 0
              }
            }
          ]
        },
        {
          "over": 10,
          "deliveries": [
            {
              "batter": "J Intan",
              "bowler": "KY Chan",
              "non_striker": "Wan Julia",
              "runs": {
                "batter": 0,
                "extras": 0,
                "total": 0
              }
            },
            {
              "batter": "J Intan",
              "bowler": "KY Chan",
              "non_striker": "Wan Julia",
              "runs": {
                "batter": 4,
                "extras": 0,
                "total": 4
              }
            },
            {
              "batter": "J Intan",
              "bowler": "KY Chan",
              "non_striker": "Wan Julia",
              "runs": {
                "batter": 0,
                "extras": 0,
                "total": 0
              }
            },
            {
              "batter": "J Intan",
              "bowler": "KY Chan",
              "non_striker": "Wan Julia",
              "runs": {
                "batter": 0,
                "extras": 0,
                "total": 0
              }
            },
            {
              "batter": "J Intan",
              "bowler": "KY Chan",
              "non_striker": "Wan Julia",
              "runs": {
                "batter": 0,
                "extras": 0,
                "total": 0
              }
            },
            {
              "batter": "J Intan",
              "bowler": "KY Chan",
              "non_striker": "Wan Julia",
              "runs": {
                "batter": 1,
                "extras": 0,
                "total": 1
              }
            }
          ]
        },
        {
          "over": 11,
          "deliveries": [
            {
              "batter": "J Intan",
              "bowler": "Chan Sau Har",
              "non_striker": "Wan Julia",
              "runs": {
                "batter": 0,
                "extras": 0,
                "total": 0
              }
            },
            {
              "batter": "J Intan",
              "bowler": "Chan Sau Har",
              "non_striker": "Wan Julia",
              "runs": {
                "batter": 1,
                "extras": 0,
                "total": 1
              }
            },
            {
              "batter": "Wan Julia",
              "bowler": "Chan Sau Har",
              "non_striker": "J Intan",
              "runs": {
                "batter": 1,
                "extras": 0,
                "total": 1
              }
            },
            {
              "batter": "J Intan",
              "bowler": "Chan Sau Har",
              "non_striker": "Wan Julia",
              "runs": {
                "batter": 0,
                "extras": 0,
                "total": 0
              }
            },
            {
              "batter": "J Intan",
              "bowler": "Chan Sau Har",
              "non_striker": "Wan Julia",
              "runs": {
                "batter": 0,
                "extras": 0,
                "total": 0
              }
            },
            {
              "batter": "J Intan",
              "bowler": "Chan Sau Har",
              "non_striker": "Wan Julia",
              "runs": {
                "batter": 0,
                "extras": 0,
                "total": 0
              },
              "wickets": [
                {
                  "player_out": "J Intan",
                  "kind": "bowled"
                }
              ]
            }
          ]
        },
        {
          "over": 12,
          "deliveries": [
            {
              "batter": "Wan Julia",
              "bowler": "MBA Lamplough",
              "non_striker": "Zayani Syamimi",
              "runs": {
                "batter": 0,
                "extras": 0,
                "total": 0
              }
            },
            {
              "batter": "Wan Julia",
              "bowler": "MBA Lamplough",
              "non_striker": "Zayani Syamimi",
              "runs": {
                "batter": 0,
                "extras": 0,
                "total": 0
              }
            },
            {
              "batter": "Wan Julia",
              "bowler": "MBA Lamplough",
              "non_striker": "Zayani Syamimi",
              "runs": {
                "batter": 0,
                "extras": 0,
                "total": 0
              }
            },
            {
              "batter": "Wan Julia",
              "bowler": "MBA Lamplough",
              "non_striker": "Zayani Syamimi",
              "runs": {
                "batter": 1,
                "extras": 0,
                "total": 1
              }
            },
            {
              "batter": "Zayani Syamimi",
              "bowler": "MBA Lamplough",
              "non_striker": "Wan Julia",
              "runs": {
                "batter": 2,
                "extras": 0,
                "total": 2
              }
            },
            {
              "batter": "Zayani Syamimi",
              "bowler": "MBA Lamplough",
              "non_striker": "Wan Julia",
              "runs": {
                "batter": 0,
                "extras": 0,
                "total": 0
              }
            }
          ]
        },
        {
          "over": 13,
          "deliveries": [
            {
              "batter": "Wan Julia",
              "bowler": "Chan Sau Har",
              "non_striker": "Zayani Syamimi",
              "runs": {
                "batter": 0,
                "extras": 0,
                "total": 0
              }
            },
            {
              "batter": "Wan Julia",
              "bowler": "Chan Sau Har",
              "non_striker": "Zayani Syamimi",
              "runs": {
                "batter": 1,
                "extras": 0,
                "total": 1
              }
            },
            {
              "batter": "Zayani Syamimi",
              "bowler": "Chan Sau Har",
              "non_striker": "Wan Julia",
              "runs": {
                "batter": 1,
                "extras": 0,
                "total": 1
              }
            },
            {
              "batter": "Wan Julia",
              "bowler": "Chan Sau Har",
              "non_striker": "Zayani Syamimi",
              "runs": {
                "batter": 1,
                "extras": 0,
                "total": 1
              }
            },
            {
              "batter": "Zayani Syamimi",
              "bowler": "Chan Sau Har",
              "non_striker": "Wan Julia",
              "runs": {
                "batter": 1,
                "extras": 0,
                "total": 1
              }
            },
            {
              "batter": "Wan Julia",
              "bowler": "Chan Sau Har",
              "non_striker": "Zayani Syamimi",
              "runs": {
                "batter": 0,
                "extras": 0,
                "total": 0
              }
            }
          ]
        },
        {
          "over": 14,
          "deliveries": [
            {
              "batter": "Zayani Syamimi",
              "bowler": "MBA Lamplough",
              "non_striker": "Wan Julia",
              "runs": {
                "batter": 0,
                "extras": 0,
                "total": 0
              },
              "wickets": [
                {
                  "player_out": "Zayani Syamimi",
                  "fielders": [
                    {
                      "name": "JM Davies"
                    }
                  ],
                  "kind": "caught"
                }
              ]
            },
            {
              "batter": "Jannadiah Halim",
              "bowler": "MBA Lamplough",
              "non_striker": "Wan Julia",
              "runs": {
                "batter": 1,
                "extras": 0,
                "total": 1
              }
            },
            {
              "batter": "Wan Julia",
              "bowler": "MBA Lamplough",
              "non_striker": "Jannadiah Halim",
              "runs": {
                "batter": 0,
                "extras": 0,
                "total": 0
              },
              "wickets": [
                {
                  "player_out": "Wan Julia",
                  "fielders": [
                    {
                      "name": "M Hill"
                    }
                  ],
                  "kind": "caught"
                }
              ]
            },
            {
              "batter": "Nur Arianna Natsya",
              "bowler": "MBA Lamplough",
              "non_striker": "Jannadiah Halim",
              "runs": {
                "batter": 0,
                "extras": 0,
                "total": 0
              }
            },
            {
              "batter": "Nur Arianna Natsya",
              "bowler": "MBA Lamplough",
              "non_striker": "Jannadiah Halim",
              "runs": {
                "batter": 0,
                "extras": 0,
                "total": 0
              }
            },
            {
              "batter": "Nur Arianna Natsya",
              "bowler": "MBA Lamplough",
              "non_striker": "Jannadiah Halim",
              "runs": {
                "batter": 0,
                "extras": 0,
                "total": 0
              }
            }
          ]
        },
        {
          "over": 15,
          "deliveries": [
            {
              "batter": "Jannadiah Halim",
              "bowler": "Chan Sau Har",
              "non_striker": "Nur Arianna Natsya",
              "runs": {
                "batter": 1,
                "extras": 0,
                "total": 1
              }
            },
            {
              "batter": "Nur Arianna Natsya",
              "bowler": "Chan Sau Har",
              "non_striker": "Jannadiah Halim",
              "runs": {
                "batter": 1,
                "extras": 0,
                "total": 1
              }
            },
            {
              "batter": "Jannadiah Halim",
              "bowler": "Chan Sau Har",
              "non_striker": "Nur Arianna Natsya",
              "runs": {
                "batter": 0,
                "extras": 0,
                "total": 0
              }
            },
            {
              "batter": "Jannadiah Halim",
              "bowler": "Chan Sau Har",
              "non_striker": "Nur Arianna Natsya",
              "runs": {
                "batter": 0,
                "extras": 0,
                "total": 0
              }
            },
            {
              "batter": "Jannadiah Halim",
              "bowler": "Chan Sau Har",
              "non_striker": "Nur Arianna Natsya",
              "runs": {
                "batter": 0,
                "extras": 0,
                "total": 0
              },
              "wickets": [
                {
                  "player_out": "Jannadiah Halim",
                  "kind": "bowled"
                }
              ]
            },
            {
              "batter": "Nur Syazwina Hanim",
              "bowler": "Chan Sau Har",
              "non_striker": "Nur Arianna Natsya",
              "runs": {
                "batter": 0,
                "extras": 0,
                "total": 0
              }
            }
          ]
        },
        {
          "over": 16,
          "deliveries": [
            {
              "batter": "Nur Arianna Natsya",
              "bowler": "MBA Lamplough",
              "non_striker": "Nur Syazwina Hanim",
              "runs": {
                "batter": 0,
                "extras": 0,
                "total": 0
              }
            },
            {
              "batter": "Nur Arianna Natsya",
              "bowler": "MBA Lamplough",
              "non_striker": "Nur Syazwina Hanim",
              "runs": {
                "batter": 1,
                "extras": 0,
                "total": 1
              }
            },
            {
              "batter": "Nur Syazwina Hanim",
              "bowler": "MBA Lamplough",
              "non_striker": "Nur Arianna Natsya",
              "runs": {
                "batter": 0,
                "extras": 0,
                "total": 0
              }
            },
            {
              "batter": "Nur Syazwina Hanim",
              "bowler": "MBA Lamplough",
              "non_striker": "Nur Arianna Natsya",
              "runs": {
                "batter": 1,
                "extras": 0,
                "total": 1
              }
            },
            {
              "batter": "Nur Arianna Natsya",
              "bowler": "MBA Lamplough",
              "extras": {
                "wides": 2
              },
              "non_striker": "Nur Syazwina Hanim",
              "runs": {
                "batter": 0,
                "extras": 2,
                "total": 2
              }
            },
            {
              "batter": "Nur Syazwina Hanim",
              "bowler": "MBA Lamplough",
              "non_striker": "Nur Arianna Natsya",
              "runs": {
                "batter": 0,
                "extras": 0,
                "total": 0
              }
            },
            {
              "batter": "Nur Syazwina Hanim",
              "bowler": "MBA Lamplough",
              "non_striker": "Nur Arianna Natsya",
              "runs": {
                "batter": 0,
                "extras": 0,
                "total": 0
              },
              "wickets": [
                {
                  "player_out": "Nur Syazwina Hanim",
                  "kind": "run out"
                }
              ]
            }
          ]
        }
      ],
      "powerplays": [
        {
          "from": 0.1,
          "to": 5.7,
          "type": "mandatory"
        }
      ],
      "target": {
        "overs": 20,
        "runs": 78
      }
    }
  ]
}