{
  "meta": {
    "data_version": "1.0.0",
    "created": "2020-10-06",
    "revision": 1
  },
  "info": {
    "balls_per_over": 6,
    "city": "Bangkok",
    "dates": [
      "2017-11-26"
    ],
    "event": {
      "name": "ICC Women's World Twenty20 Qualifying Series Asia Region",
      "match_number": 13
    },
    "gender": "female",
    "match_type": "IT20",
    "officials": {
      "reserve_umpires": [
        "C Howard"
      ],
      "umpires": [
        "B Ramani",
        "V Kalidas"
      ]
    },
    "outcome": {
      "winner": "Nepal",
      "by": {
        "runs": 50
      }
    },
    "overs": 20,
    "player_of_match": [
      "Sabnam Rai"
    ],
    "players": {
      "Nepal": [
        "J Pandey",
        "SR Magar",
        "K Shrestha",
        "Nary Thapa",
        "Roma Thapa",
        "RK Kanoujiya",
        "I Barma",
        "S Magar",
        "RC Belbashi",
        "Karuna Bhandari",
        "Sabnam Rai"
      ],
      "China": [
        "Zhang Chan",
        "Liu Xiaonan",
        "C Zhou",
        "Z Lyu",
        "F Song",
        "Zhang Yanling",
        "M Zhu",
        "Han Lili",
        "Wang Luo Wanyu",
        "LI Haoye",
        "Zhang Xiangxue"
      ]
    },
    "registry": {
      "people": {
        "B Ramani": "92ad5353",
        "C Howard": "47f2d735",
        "C Zhou": "5b84f3bc",
        "F Song": "72a025a0",
        "Han Lili": "cd7134f5",
        "I Barma": "521abce2",
        "J Pandey": "e1214f03",
        "K Shrestha": "119de50f",
        "Karuna Bhandari": "c68fc575",
        "LI Haoye": "fe7ba5cf",
        "Liu Xiaonan": "279f075e",
        "M Zhu": "36c3302e",
        "Nary Thapa": "d24e69f5",
        "RC Belbashi": "dfdaca74",
        "RK Kanoujiya": "2667c1ef",
        "Roma Thapa": "05d9faac",
        "S Magar": "4fc3790e",
        "SR Magar": "61c22ad0",
        "Sabnam Rai": "8eb52953",
        "V Kalidas": "42d76418",
        "Wang Luo Wanyu": "adbeaa6f",
        "Z Lyu": "5a058533",
        "Zhang Chan": "d21f6f26",
        "Zhang Xiangxue": "13fdbc7e",
        "Zhang Yanling": "963bb0c7"
      }
    },
    "season": "2017/18",
    "team_type": "international",
    "teams": [
      "Nepal",
      "China"
    ],
    "toss": {
      "decision": "field",
      "winner": "China"
    },
    "venue": "Asian Institute of Technology Ground"
  },
  "innings": [
    {
      "team": "Nepal",
      "overs": [
        {
          "over": 0,
          "deliveries": [
            {
              "batter": "J Pandey",
              "bowler": "Z Lyu",
              "extras": {
                "wides": 1
              },
              "non_striker": "SR Magar",
              "runs": {
                "batter": 0,
                "extras": 1,
                "total": 1
              }
            },
            {
              "batter": "J Pandey",
              "bowler": "Z Lyu",
              "non_striker": "SR Magar",
              "runs": {
                "batter": 0,
                "extras": 0,
                "total": 0
              }
            },
            {
              "batter": "J Pandey",
              "bowler": "Z Lyu",
              "non_striker": "SR Magar",
              "runs": {
                "batter": 0,
                "extras": 0,
                "total": 0
              }
            },
            {
              "batter": "J Pandey",
              "bowler": "Z Lyu",
              "non_striker": "SR Magar",
              "runs": {
                "batter": 1,
                "extras": 0,
                "total": 1
              }
            },
            {
              "batter": "SR Magar",
              "bowler": "Z Lyu",
              "extras": {
                "legbyes": 1
              },
              "non_striker": "J Pandey",
              "runs": {
                "batter": 0,
                "extras": 1,
                "total": 1
              }
            },
            {
              "batter": "J Pandey",
              "bowler": "Z Lyu",
              "non_striker": "SR Magar",
              "runs": {
                "batter": 1,
                "extras": 0,
                "total": 1
              }
            },
            {
              "batter": "SR Magar",
              "bowler": "Z Lyu",
              "non_striker": "J Pandey",
              "runs": {
                "batter": 0,
                "extras": 0,
                "total": 0
              }
            }
          ]
        },
        {
          "over": 1,
          "deliveries": [
            {
              "batter": "J Pandey",
              "bowler": "Zhang Xiangxue",
              "extras": {
                "wides": 1
              },
              "non_striker": "SR Magar",
              "runs": {
                "batter": 0,
                "extras": 1,
                "total": 1
              }
            },
            {
              "batter": "J Pandey",
              "bowler": "Zhang Xiangxue",
              "non_striker": "SR Magar",
              "runs": {
                "batter": 2,
                "extras": 0,
                "total": 2
              }
            },
            {
              "batter": "J Pandey",
              "bowler": "Zhang Xiangxue",
              "non_striker": "SR Magar",
              "runs": {
                "batter": 2,
                "extras": 0,
                "total": 2
              }
            },
            {
              "batter": "J Pandey",
              "bowler": "Zhang Xiangxue",
              "non_striker": "SR Magar",
              "runs": {
                "batter": 1,
                "extras": 0,
                "total": 1
              }
            },
            {
              "batter": "SR Magar",
              "bowler": "Zhang Xiangxue",
              "non_striker": "J Pandey",
              "runs": {
                "batter": 4,
                "extras": 0,
                "total": 4
              }
            },
            {
              "batter": "SR Magar",
              "bowler": "Zhang Xiangxue",
              "non_striker": "J Pandey",
              "runs": {
                "batter": 0,
                "extras": 0,
                "total": 0
              },
              "wickets": [
                {
                  "player_out": "SR Magar",
                  "fielders": [
                    {
                      "name": "F Song"
                    }
                  ],
                  "kind": "caught"
                }
              ]
            },
            {
              "batter": "K Shrestha",
              "bowler": "Zhang Xiangxue",
              "extras": {
                "wides": 1
              },
              "non_striker": "J Pandey",
              "runs": {
                "batter": 0,
                "extras": 1,
                "total": 1
              }
            },
            {
              "batter": "K Shrestha",
              "bowler": "Zhang Xiangxue",
              "non_striker": "J Pandey",
              "runs": {
                "batter": 0,
                "extras": 0,
                "total": 0
              }
            }
          ]
        },
        {
          "over": 2,
          "deliveries": [
            {
              "batter": "J Pandey",
              "bowler": "Z Lyu",
              "extras": {
                "wides": 1
              },
              "non_striker": "K Shrestha",
              "runs": {
                "batter": 0,
                "extras": 1,
                "total": 1
              }
            },
            {
              "batter": "J Pandey",
              "bowler": "Z Lyu",
              "non_striker": "K Shrestha",
              "runs": {
                "batter": 0,
                "extras": 0,
                "total": 0
              }
            },
            {
              "batter": "J Pandey",
              "bowler": "Z Lyu",
              "non_striker": "K Shrestha",
              "runs": {
                "batter": 1,
                "extras": 0,
                "total": 1
              }
            },
            {
              "batter": "K Shrestha",
              "bowler": "Z Lyu",
              "non_striker": "J Pandey",
              "runs": {
                "batter": 1,
                "extras": 0,
                "total": 1
              }
            },
            {
              "batter": "J Pandey",
              "bowler": "Z Lyu",
              "extras": {
                "wides": 1
              },
              "non_striker": "K Shrestha",
              "runs": {
                "batter": 0,
                "extras": 1,
                "total": 1
              }
            },
            {
              "batter": "J Pandey",
              "bowler": "Z Lyu",
              "non_striker": "K Shrestha",
              "runs": {
                "batter": 0,
                "extras": 0,
                "total": 0
              }
            },
            {
              "batter": "J Pandey",
              "bowler": "Z Lyu",
              "non_striker": "K Shrestha",
              "runs": {
                "batter": 0,
                "extras": 0,
                "total": 0
              }
            },
            {
              "batter": "J Pandey",
              "bowler": "Z Lyu",
              "non_striker": "K Shrestha",
              "runs": {
                "batter": 1,
                "extras": 0,
                "total": 1
              }
            }
          ]
        },
        {
          "over": 3,
          "deliveries": [
            {
              "batter": "J Pandey",
              "bowler": "Zhang Xiangxue",
              "non_striker": "K Shrestha",
              "runs": {
                "batter": 0,
                "extras": 0,
                "total": 0
              },
              "wickets": [
                {
                  "player_out": "J Pandey",
                  "fielders": [
                    {
                      "name": "Zhang Chan"
                    }
                  ],
                  "kind": "caught"
                }
              ]
            },
            {
              "batter": "Nary Thapa",
              "bowler": "Zhang Xiangxue",
              "non_striker": "K Shrestha",
              "runs": {
                "batter": 0,
                "extras": 0,
                "total": 0
              }
            },
            {
              "batter": "Nary Thapa",
              "bowler": "Zhang Xiangxue",
              "non_striker": "K Shrestha",
              "runs": {
                "batter": 0,
                "extras": 0,
                "total": 0
              }
            },
            {
              "batter": "Nary Thapa",
              "bowler": "Zhang Xiangxue",
              "non_striker": "K Shrestha",
              "runs": {
                "batter": 0,
                "extras": 0,
                "total": 0
              }
            },
            {
              "batter": "Nary Thapa",
              "bowler": "Zhang Xiangxue",
              "non_striker": "K Shrestha",
              "runs": {
                "batter": 0,
                "extras": 0,
                "total": 0
              }
            },
            {
              "batter": "Nary Thapa",
              "bowler": "Zhang Xiangxue",
              "non_striker": "K Shrestha",
              "runs": {
                "batter": 0,
                "extras": 0,
                "total": 0
              }
            }
          ]
        },
        {
          "over": 4,
          "deliveries": [
            {
              "batter": "K Shrestha",
              "bowler": "LI Haoye",
              "non_striker": "Nary Thapa",
              "runs": {
                "batter": 0,
                "extras": 0,
                "total": 0
              }
            },
            {
              "batter": "K Shrestha",
              "bowler": "LI Haoye",
              "extras": {
                "wides": 1
              },
              "non_striker": "Nary Thapa",
              "runs": {
                "batter": 0,
                "extras": 1,
                "total": 1
              }
            },
            {
              "batter": "K Shrestha",
              "bowler": "LI Haoye",
              "non_striker": "Nary Thapa",
              "runs": {
                "batter": 4,
                "extras": 0,
                "total": 4
              }
            },
            {
              "batter": "K Shrestha",
              "bowler": "LI Haoye",
              "non_striker": "Nary Thapa",
              "runs": {
                "batter": 1,
                "extras": 0,
                "total": 1
              }
            },
            {
              "batter": "Nary Thapa",
              "bowler": "LI Haoye",
              "non_striker": "K Shrestha",
              "runs": {
                "batter": 1,
                "extras": 0,
                "total": 1
              }
            },
            {
              "batter": "K Shrestha",
              "bowler": "LI Haoye",
              "non_striker": "Nary Thapa",
              "runs": {
                "batter": 0,
                "extras": 0,
                "total": 0
              }
            },
            {
              "batter": "K Shrestha",
              "bowler": "LI Haoye",
              "non_striker": "Nary Thapa",
              "runs": {
                "batter": 0,
                "extras": 0,
                "total": 0
              }
            }
          ]
        },
        {
          "over": 5,
          "deliveries": [
            {
              "batter": "Nary Thapa",
              "bowler": "Han Lili",
              "non_striker": "K Shrestha",
              "runs": {
                "batter": 0,
                "extras": 0,
                "total": 0
              }
            },
            {
              "batter": "Nary Thapa",
              "bowler": "Han Lili",
              "non_striker": "K Shrestha",
              "runs": {
                "batter": 0,
                "extras": 0,
                "total": 0
              }
            },
            {
              "batter": "Nary Thapa",
              "bowler": "Han Lili",
              "non_striker": "K Shrestha",
              "runs": {
                "batter": 0,
                "extras": 0,
                "total": 0
              }
            },
            {
              "batter": "Nary Thapa",
              "bowler": "Han Lili",
              "non_striker": "K Shrestha",
              "runs": {
                "batter": 1,
                "extras": 0,
                "total": 1
              }
            },
            {
              "batter": "K Shrestha",
              "bowler": "Han Lili",
              "non_striker": "Nary Thapa",
              "runs": {
                "batter": 1,
                "extras": 0,
                "total": 1
              }
            },
            {
              "batter": "Nary Thapa",
              "bowler": "Han Lili",
              "extras": {
                "wides": 1
              },
              "non_striker": "K Shrestha",
              "runs": {
                "batter": 0,
                "extras": 1,
                "total": 1
              }
            },
            {
              "batter": "Nary Thapa",
              "bowler": "Han Lili",
              "non_striker": "K Shrestha",
              "runs": {
                "batter": 0,
                "extras": 0,
                "total": 0
              }
            }
          ]
        },
        {
          "over": 6,
          "deliveries": [
            {
              "batter": "K Shrestha",
              "bowler": "LI Haoye",
              "non_striker": "Nary Thapa",
              "runs": {
                "batter": 0,
                "extras": 0,
                "total": 0
              }
            },
            {
              "batter": "K Shrestha",
              "bowler": "LI Haoye",
              "non_striker": "Nary Thapa",
              "runs": {
                "batter": 1,
                "extras": 0,
                "total": 1
              }
            },
            {
              "batter": "Nary Thapa",
              "bowler": "LI Haoye",
              "non_striker": "K Shrestha",
              "runs": {
                "batter": 1,
                "extras": 0,
                "total": 1
              }
            },
            {
              "batter": "K Shrestha",
              "bowler": "LI Haoye",
              "non_striker": "Nary Thapa",
              "runs": {
                "batter": 0,
                "extras": 0,
                "total": 0
              }
            },
            {
              "batter": "K Shrestha",
              "bowler": "LI Haoye",
              "non_striker": "Nary Thapa",
              "runs": {
                "batter": 0,
                "extras": 0,
                "total": 0
              }
            },
            {
              "batter": "K Shrestha",
              "bowler": "LI Haoye",
              "non_striker": "Nary Thapa",
              "runs": {
                "batter": 1,
                "extras": 0,
                "total": 1
              }
            }
          ]
        },
        {
          "over": 7,
          "deliveries": [
            {
              "batter": "K Shrestha",
              "bowler": "Han Lili",
              "non_striker": "Nary Thapa",
              "runs": {
                "batter": 0,
                "extras": 0,
                "total": 0
              }
            },
            {
              "batter": "K Shrestha",
              "bowler": "Han Lili",
              "non_striker": "Nary Thapa",
              "runs": {
                "batter": 1,
                "extras": 0,
                "total": 1
              }
            },
            {
              "batter": "Nary Thapa",
              "bowler": "Han Lili",
              "non_striker": "K Shrestha",
              "runs": {
                "batter": 4,
                "extras": 0,
                "total": 4
              }
            },
            {
              "batter": "Nary Thapa",
              "bowler": "Han Lili",
              "non_striker": "K Shrestha",
              "runs": {
                "batter": 1,
                "extras": 0,
                "total": 1
              }
            },
            {
              "batter": "K Shrestha",
              "bowler": "Han Lili",
              "non_striker": "Nary Thapa",
              "runs": {
                "batter": 0,
                "extras": 0,
                "total": 0
              }
            },
            {
              "batter": "K Shrestha",
              "bowler": "Han Lili",
              "non_striker": "Nary Thapa",
              "runs": {
                "batter": 1,
                "extras": 0,
                "total": 1
              }
            }
          ]
        },
        {
          "over": 8,
          "deliveries": [
            {
              "batter": "K Shrestha",
              "bowler": "LI Haoye",
              "non_striker": "Nary Thapa",
              "runs": {
                "batter": 0,
                "extras": 0,
                "total": 0
              }
            },
            {
              "batter": "K Shrestha",
              "bowler": "LI Haoye",
              "non_striker": "Nary Thapa",
              "runs": {
                "batter": 1,
                "extras": 0,
                "total": 1
              }
            },
            {
              "batter": "Nary Thapa",
              "bowler": "LI Haoye",
              "non_striker": "K Shrestha",
              "runs": {
                "batter": 0,
                "extras": 0,
                "total": 0
              }
            },
            {
              "batter": "Nary Thapa",
              "bowler": "LI Haoye",
              "non_striker": "K Shrestha",
              "runs": {
                "batter": 0,
                "extras": 0,
                "total": 0
              }
            },
            {
              "batter": "Nary Thapa",
              "bowler": "LI Haoye",
              "non_striker": "K Shrestha",
              "runs": {
                "batter": 0,
                "extras": 0,
                "total": 0
              }
            },
            {
              "batter": "Nary Thapa",
              "bowler": "LI Haoye",
              "non_striker": "K Shrestha",
              "runs": {
                "batter": 1,
                "extras": 0,
                "total": 1
              }
            }
          ]
        },
        {
          "over": 9,
          "deliveries": [
            {
              "batter": "Nary Thapa",
              "bowler": "Han Lili",
              "non_striker": "K Shrestha",
              "runs": {
                "batter": 0,
                "extras": 0,
                "total": 0
              }
            },
            {
              "batter": "Nary Thapa",
              "bowler": "Han Lili",
              "non_striker": "K Shrestha",
              "runs": {
                "batter": 0,
                "extras": 0,
                "total": 0
              }
            },
            {
              "batter": "Nary Thapa",
              "bowler": "Han Lili",
              "non_striker": "K Shrestha",
              "runs": {
                "batter": 1,
                "extras": 0,
                "total": 1
              }
            },
            {
              "batter": "K Shrestha",
              "bowler": "Han Lili",
              "non_striker": "Nary Thapa",
              "runs": {
                "batter": 0,
                "extras": 0,
                "total": 0
              }
            },
            {
              "batter": "K Shrestha",
              "bowler": "Han Lili",
              "non_striker": "Nary Thapa",
              "runs": {
                "batter": 1,
                "extras": 0,
                "total": 1
              }
            },
            {
              "batter": "Nary Thapa",
              "bowler": "Han Lili",
              "non_striker": "K Shrestha",
              "runs": {
                "batter": 0,
                "extras": 0,
                "total": 0
              }
            }
          ]
        },
        {
          "over": 10,
          "deliveries": [
            {
              "batter": "K Shrestha",
              "bowler": "LI Haoye",
              "non_striker": "Nary Thapa",
              "runs": {
                "batter": 0,
                "extras": 0,
                "total": 0
              }
            },
            {
              "batter": "K Shrestha",
              "bowler": "LI Haoye",
              "non_striker": "Nary Thapa",
              "runs": {
                "batter": 1,
                "extras": 0,
                "total": 1
              }
            },
            {
              "batter": "Nary Thapa",
              "bowler": "LI Haoye",
              "extras": {
                "noballs": 1
              },
              "non_striker": "K Shrestha",
              "runs": {
                "batter": 1,
                "extras": 1,
                "total": 2
              }
            },
            {
              "batter": "K Shrestha",
              "bowler": "LI Haoye",
              "non_striker": "Nary Thapa",
              "runs": {
                "batter": 1,
                "extras": 0,
                "total": 1
              }
            },
            {
              "batter": "Nary Thapa",
              "bowler": "LI Haoye",
              "non_striker": "K Shrestha",
              "runs": {
                "batter": 0,
                "extras": 0,
                "total": 0
              },
              "wickets": [
                {
                  "player_out": "Nary Thapa",
                  "kind": "bowled"
                }
              ]
            },
            {
              "batter": "Roma Thapa",
              "bowler": "LI Haoye",
              "non_striker": "K Shrestha",
              "runs": {
                "batter": 1,
                "extras": 0,
                "total": 1
              }
            },
            {
              "batter": "K Shrestha",
              "bowler": "LI Haoye",
              "non_striker": "Roma Thapa",
              "runs": {
                "batter": 0,
                "extras": 0,
                "total": 0
              }
            }
          ]
        },
        {
          "over": 11,
          "deliveries": [
            {
              "batter": "Roma Thapa",
              "bowler": "Han Lili",
              "non_striker": "K Shrestha",
              "runs": {
                "batter": 2,
                "extras": 0,
                "total": 2
              }
            },
            {
              "batter": "Roma Thapa",
              "bowler": "Han Lili",
              "non_striker": "K Shrestha",
              "runs": {
                "batter": 0,
                "extras": 0,
                "total": 0
              }
            },
            {
              "batter": "Roma Thapa",
              "bowler": "Han Lili",
              "non_striker": "K Shrestha",
              "runs": {
                "batter": 0,
                "extras": 0,
                "total": 0
              }
            },
            {
              "batter": "Roma Thapa",
              "bowler": "Han Lili",
              "non_striker": "K Shrestha",
              "runs": {
                "batter": 0,
                "extras": 0,
                "total": 0
              }
            },
            {
              "batter": "Roma Thapa",
              "bowler": "Han Lili",
              "non_striker": "K Shrestha",
              "runs": {
                "batter": 0,
                "extras": 0,
                "total": 0
              },
              "wickets": [
                {
                  "player_out": "Roma Thapa",
                  "kind": "bowled"
                }
              ]
            },
            {
              "batter": "RK Kanoujiya",
              "bowler": "Han Lili",
              "non_striker": "K Shrestha",
              "runs": {
                "batter": 0,
                "extras": 0,
                "total": 0
              }
            }
          ]
        },
        {
          "over": 12,
          "deliveries": [
            {
              "batter": "K Shrestha",
              "bowler": "M Zhu",
              "non_striker": "RK Kanoujiya",
              "runs": {
                "batter": 1,
                "extras": 0,
                "total": 1
              }
            },
            {
              "batter": "RK Kanoujiya",
              "bowler": "M Zhu",
              "non_striker": "K Shrestha",
              "runs": {
                "batter": 0,
                "extras": 0,
                "total": 0
              }
            },
            {
              "batter": "RK Kanoujiya",
              "bowler": "M Zhu",
              "non_striker": "K Shrestha",
              "runs": {
                "batter": 0,
                "extras": 0,
                "total": 0
              }
            },
            {
              "batter": "RK Kanoujiya",
              "bowler": "M Zhu",
              "non_striker": "K Shrestha",
              "runs": {
                "batter": 0,
                "extras": 0,
                "total": 0
              },
              "wickets": [
                {
                  "player_out": "K Shrestha",
                  "kind": "run out"
                }
              ]
            },
            {
              "batter": "I Barma",
              "bowler": "M Zhu",
              "extras": {
                "wides": 2
              },
              "non_striker": "RK Kanoujiya",
              "runs": {
                "batter": 0,
                "extras": 2,
                "total": 2
              }
            },
            {
              "batter": "RK Kanoujiya",
              "bowler": "M Zhu",
              "non_striker": "I Barma",
              "runs": {
                "batter": 1,
                "extras": 0,
                "total": 1
              }
            },
            {
              "batter": "I Barma",
              "bowler": "M Zhu",
              "non_striker": "RK Kanoujiya",
              "runs": {
                "batter": 1,
                "extras": 0,
                "total": 1
              }
            }
          ]
        },
        {
          "over": 13,
          "deliveries": [
            {
              "batter": "I Barma",
              "bowler": "F Song",
              "non_striker": "RK Kanoujiya",
              "runs": {
                "batter": 1,
                "extras": 0,
                "total": 1
              }
            },
            {
              "batter": "RK Kanoujiya",
              "bowler": "F Song",
              "extras": {
                "legbyes": 1
              },
              "non_striker": "I Barma",
              "runs": {
                "batter": 0,
                "extras": 1,
                "total": 1
              }
            },
            {
              "batter": "I Barma",
              "bowler": "F Song",
              "non_striker": "RK Kanoujiya",
              "runs": {
                "batter": 1,
                "extras": 0,
                "total": 1
              }
            },
            {
              "batter": "RK Kanoujiya",
              "bowler": "F Song",
              "non_striker": "I Barma",
              "runs": {
                "batter": 1,
                "extras": 0,
                "total": 1
              }
            },
            {
              "batter": "I Barma",
              "bowler": "F Song",
              "non_striker": "RK Kanoujiya",
              "runs": {
                "batter": 0,
                "extras": 0,
                "total": 0
              }
            },
            {
              "batter": "I Barma",
              "bowler": "F Song",
              "non_striker": "RK Kanoujiya",
              "runs": {
                "batter": 1,
                "extras": 0,
                "total": 1
              }
            }
          ]
        },
        {
          "over": 14,
          "deliveries": [
            {
              "batter": "I Barma",
              "bowler": "M Zhu",
              "non_striker": "RK Kanoujiya",
              "runs": {
                "batter": 1,
                "extras": 0,
                "total": 1
              }
            },
            {
              "batter": "RK Kanoujiya",
              "bowler": "M Zhu",
              "non_striker": "I Barma",
              "runs": {
                "batter": 1,
                "extras": 0,
                "total": 1
              }
            },
            {
              "batter": "I Barma",
              "bowler": "M Zhu",
              "non_striker": "RK Kanoujiya",
              "runs": {
                "batter": 1,
                "extras": 0,
                "total": 1
              }
            },
            {
              "batter": "RK Kanoujiya",
              "bowler": "M Zhu",
              "non_striker": "I Barma",
              "runs": {
                "batter": 1,
                "extras": 0,
                "total": 1
              }
            },
            {
              "batter": "I Barma",
              "bowler": "M Zhu",
              "non_striker": "RK Kanoujiya",
              "runs": {
                "batter": 0,
                "extras": 0,
                "total": 0
              }
            },
            {
              "batter": "I Barma",
              "bowler": "M Zhu",
              "non_striker": "RK Kanoujiya",
              "runs": {
                "batter": 0,
                "extras": 0,
                "total": 0
              },
              "wickets": [
                {
                  "player_out": "I Barma",
                  "fielders": [
                    {
                      "name": "LI Haoye"
                    }
                  ],
                  "kind": "caught"
                }
              ]
            }
          ]
        },
        {
          "over": 15,
          "deliveries": [
            {
              "batter": "RK Kanoujiya",
              "bowler": "F Song",
              "non_striker": "S Magar",
              "runs": {
                "batter": 0,
                "extras": 0,
                "total": 0
              }
            },
            {
              "batter": "RK Kanoujiya",
              "bowler": "F Song",
              "extras": {
                "wides": 1
              },
              "non_striker": "S Magar",
              "runs": {
                "batter": 0,
                "extras": 1,
                "total": 1
              }
            },
            {
              "batter": "RK Kanoujiya",
              "bowler": "F Song",
              "non_striker": "S Magar",
              "runs": {
                "batter": 2,
                "extras": 0,
                "total": 2
              }
            },
            {
              "batter": "RK Kanoujiya",
              "bowler": "F Song",
              "non_striker": "S Magar",
              "runs": {
                "batter": 0,
                "extras": 0,
                "total": 0
              },
              "wickets": [
                {
                  "player_out": "RK Kanoujiya",
                  "kind": "run out"
                }
              ]
            },
            {
              "batter": "S Magar",
              "bowler": "F Song",
              "non_striker": "RC Belbashi",
              "runs": {
                "batter": 0,
                "extras": 0,
                "total": 0
              }
            },
            {
              "batter": "S Magar",
              "bowler": "F Song",
              "non_striker": "RC Belbashi",
              "runs": {
                "batter": 0,
                "extras": 0,
                "total": 0
              }
            },
            {
              "batter": "S Magar",
              "bowler": "F Song",
              "non_striker": "RC Belbashi",
              "runs": {
                "batter": 1,
                "extras": 0,
                "total": 1
              }
            }
          ]
        },
        {
          "over": 16,
          "deliveries": [
            {
              "batter": "S Magar",
              "bowler": "M Zhu",
              "non_striker": "RC Belbashi",
              "runs": {
                "batter": 0,
                "extras": 0,
                "total": 0
              }
            },
            {
              "batter": "S Magar",
              "bowler": "M Zhu",
              "non_striker": "RC Belbashi",
              "runs": {
                "batter": 1,
                "extras": 0,
                "total": 1
              }
            },
            {
              "batter": "RC Belbashi",
              "bowler": "M Zhu",
              "non_striker": "S Magar",
              "runs": {
                "batter": 0,
                "extras": 0,
                "total": 0
              }
            },
            {
              "batter": "RC Belbashi",
              "bowler": "M Zhu",
              "non_striker": "S Magar",
              "runs": {
                "batter": 0,
                "extras": 0,
                "total": 0
              }
            },
            {
              "batter": "RC Belbashi",
              "bowler": "M Zhu",
              "non_striker": "S Magar",
              "runs": {
                "batter": 1,
                "extras": 0,
                "total": 1
              }
            },
            {
              "batter": "S Magar",
              "bowler": "M Zhu",
              "non_striker": "RC Belbashi",
              "runs": {
                "batter": 2,
                "extras": 0,
                "total": 2
              }
            }
          ]
        },
        {
          "over": 17,
          "deliveries": [
            {
              "batter": "RC Belbashi",
              "bowler": "F Song",
              "non_striker": "S Magar",
              "runs": {
                "batter": 1,
                "extras": 0,
                "total": 1
              }
            },
            {
              "batter": "S Magar",
              "bowler": "F Song",
              "non_striker": "RC Belbashi",
              "runs": {
                "batter": 2,
                "extras": 0,
                "total": 2
              }
            },
            {
              "batter": "S Magar",
              "bowler": "F Song",
              "non_striker": "RC Belbashi",
              "runs": {
                "batter": 1,
                "extras": 0,
                "total": 1
              }
            },
            {
              "batter": "RC Belbashi",
              "bowler": "F Song",
              "extras": {
                "wides": 1
              },
              "non_striker": "S Magar",
              "runs": {
                "batter": 0,
                "extras": 1,
                "total": 1
              }
            },
            {
              "batter": "RC Belbashi",
              "bowler": "F Song",
              "non_striker": "S Magar",
              "runs": {
                "batter": 0,
                "extras": 0,
                "total": 0
              }
            },
            {
              "batter": "RC Belbashi",
              "bowler": "F Song",
              "extras": {
                "noballs": 1
              },
              "non_striker": "S Magar",
              "runs": {
                "batter": 1,
                "extras": 1,
                "total": 2
              }
            },
            {
              "batter": "S Magar",
              "bowler": "F Song",
              "non_striker": "RC Belbashi",
              "runs": {
                "batter": 1,
                "extras": 0,
                "total": 1
              }
            },
            {
              "batter": "RC Belbashi",
              "bowler": "F Song",
              "non_striker": "S Magar",
              "runs": {
                "batter": 2,
                "extras": 0,
                "total": 2
              }
            }
          ]
        },
        {
          "over": 18,
          "deliveries": [
            {
              "batter": "S Magar",
              "bowler": "Zhang Xiangxue",
              "non_striker": "RC Belbashi",
              "runs": {
                "batter": 0,
                "extras": 0,
                "total": 0
              },
              "wickets": [
                {
                  "player_out": "S Magar",
                  "kind": "bowled"
                }
              ]
            },
            {
              "batter": "Karuna Bhandari",
              "bowler": "Zhang Xiangxue",
              "non_striker": "RC Belbashi",
              "runs": {
                "batter": 0,
                "extras": 0,
                "total": 0
              }
            },
            {
              "batter": "Karuna Bhandari",
              "bowler": "Zhang Xiangxue",
              "non_striker": "RC Belbashi",
              "runs": {
                "batter": 1,
                "extras": 0,
                "total": 1
              }
            },
            {
              "batter": "RC Belbashi",
              "bowler": "Zhang Xiangxue",
              "non_striker": "Karuna Bhandari",
              "runs": {
                "batter": 4,
                "extras": 0,
                "total": 4
              }
            },
            {
              "batter": "RC Belbashi",
              "bowler": "Zhang Xiangxue",
              "non_striker": "Karuna Bhandari",
              "runs": {
                "batter": 2,
                "extras": 0,
                "total": 2
              }
            },
            {
              "batter": "RC Belbashi",
              "bowler": "Zhang Xiangxue",
              "non_striker": "Karuna Bhandari",
              "runs": {
                "batter": 1,
                "extras": 0,
                "total": 1
              }
            }
          ]
        },
        {
          "over": 19,
          "deliveries": [
            {
              "batter": "RC Belbashi",
              "bowler": "Z Lyu",
              "non_striker": "Karuna Bhandari",
              "runs": {
                "batter": 1,
                "extras": 0,
                "total": 1
              }
            },
            {
              "batter": "Karuna Bhandari",
              "bowler": "Z Lyu",
              "non_striker": "RC Belbashi",
              "runs": {
                "batter": 1,
                "extras": 0,
                "total": 1
              }
            },
            {
              "batter": "RC Belbashi",
              "bowler": "Z Lyu",
              "non_striker": "Karuna Bhandari",
              "runs": {
                "batter": 1,
                "extras": 0,
                "total": 1
              }
            },
            {
              "batter": "Karuna Bhandari",
              "bowler": "Z Lyu",
              "extras": {
                "wides": 2
              },
              "non_striker": "RC Belbashi",
              "runs": {
                "batter": 0,
                "extras": 2,
                "total": 2
              }
            },
            {
              "batter": "RC Belbashi",
              "bowler": "Z Lyu",
              "extras": {
                "byes": 1
              },
              "non_striker": "Karuna Bhandari",
              "runs": {
                "batter": 0,
                "extras": 1,
                "total": 1
              }
            },
            {
              "batter": "Karuna Bhandari",
              "bowler": "Z Lyu",
              "extras": {
                "byes": 1
              },
              "non_striker": "RC Belbashi",
              "runs": {
                "batter": 0,
                "extras": 1,
                "total": 1
              }
            },
            {
              "batter": "RC Belbashi",
              "bowler": "Z Lyu",
              "non_striker": "Karuna Bhandari",
              "runs": {
                "batter": 4,
                "extras": 0,
                "total": 4
              }
            }
          ]
        }
      ],
      "powerplays": [
        {
          "from": 0.1,
          "to": 5.7,
          "type": "mandatory"
        }
      ]
    },
    {
      "team": "China",
      "overs": [
        {
          "over": 0,
          "deliveries": [
            {
              "batter": "Zhang Chan",
              "bowler": "RC Belbashi",
              "non_striker": "Liu Xiaonan",
              "runs": {
                "batter": 1,
                "extras": 0,
                "total": 1
              }
            },
            {
              "batter": "Liu Xiaonan",
              "bowler": "RC Belbashi",
              "non_striker": "Zhang Chan",
              "runs": {
                "batter": 0,
                "extras": 0,
                "total": 0
              }
            },
            {
              "batter": "Liu Xiaonan",
              "bowler": "RC Belbashi",
              "non_striker": "Zhang Chan",
              "runs": {
                "batter": 1,
                "extras": 0,
                "total": 1
              }
            },
            {
              "batter": "Zhang Chan",
              "bowler": "RC Belbashi",
              "non_striker": "Liu Xiaonan",
              "runs": {
                "batter": 0,
                "extras": 0,
                "total": 0
              }
            },
            {
              "batter": "Zhang Chan",
              "bowler": "RC Belbashi",
              "non_striker": "Liu Xiaonan",
              "runs": {
                "batter": 0,
                "extras": 0,
                "total": 0
              }
            },
            {
              "batter": "Zhang Chan",
              "bowler": "RC Belbashi",
              "non_striker": "Liu Xiaonan",
              "runs": {
                "batter": 0,
                "extras": 0,
                "total": 0
              }
            }
          ]
        },
        {
          "over": 1,
          "deliveries": [
            {
              "batter": "Liu Xiaonan",
              "bowler": "Sabnam Rai",
              "non_striker": "Zhang Chan",
              "runs": {
                "batter": 0,
                "extras": 0,
                "total": 0
              }
            },
            {
              "batter": "Liu Xiaonan",
              "bowler": "Sabnam Rai",
              "non_striker": "Zhang Chan",
              "runs": {
                "batter": 0,
                "extras": 0,
                "total": 0
              }
            },
            {
              "batter": "Liu Xiaonan",
              "bowler": "Sabnam Rai",
              "non_striker": "Zhang Chan",
              "runs": {
                "batter": 0,
                "extras": 0,
                "total": 0
              }
            },
            {
              "batter": "Liu Xiaonan",
              "bowler": "Sabnam Rai",
              "non_striker": "Zhang Chan",
              "runs": {
                "batter": 1,
                "extras": 0,
                "total": 1
              }
            },
            {
              "batter": "Zhang Chan",
              "bowler": "Sabnam Rai",
              "non_striker": "Liu Xiaonan",
              "runs": {
                "batter": 0,
                "extras": 0,
                "total": 0
              }
            },
            {
              "batter": "Zhang Chan",
              "bowler": "Sabnam Rai",
              "non_striker": "Liu Xiaonan",
              "runs": {
                "batter": 0,
                "extras": 0,
                "total": 0
              },
              "wickets": [
                {
                  "player_out": "Zhang Chan",
                  "kind": "lbw"
                }
              ]
            }
          ]
        },
        {
          "over": 2,
          "deliveries": [
            {
              "batter": "Liu Xiaonan",
              "bowler": "RC Belbashi",
              "non_striker": "C Zhou",
              "runs": {
                "batter": 0,
                "extras": 0,
                "total": 0
              }
            },
            {
              "batter": "Liu Xiaonan",
              "bowler": "RC Belbashi",
              "non_striker": "C Zhou",
              "runs": {
                "batter": 0,
                "extras": 0,
                "total": 0
              }
            },
            {
              "batter": "Liu Xiaonan",
              "bowler": "RC Belbashi",
              "non_striker": "C Zhou",
              "runs": {
                "batter": 0,
                "extras": 0,
                "total": 0
              }
            },
            {
              "batter": "Liu Xiaonan",
              "bowler": "RC Belbashi",
              "non_striker": "C Zhou",
              "runs": {
                "batter": 0,
                "extras": 0,
                "total": 0
              }
            },
            {
              "batter": "Liu Xiaonan",
              "bowler": "RC Belbashi",
              "non_striker": "C Zhou",
              "runs": {
                "batter": 1,
                "extras": 0,
                "total": 1
              }
            },
            {
              "batter": "C Zhou",
              "bowler": "RC Belbashi",
              "non_striker": "Liu Xiaonan",
              "runs": {
                "batter": 0,
                "extras": 0,
                "total": 0
              }
            }
          ]
        },
        {
          "over": 3,
          "deliveries": [
            {
              "batter": "Liu Xiaonan",
              "bowler": "Sabnam Rai",
              "non_striker": "C Zhou",
              "runs": {
                "batter": 0,
                "extras": 0,
                "total": 0
              },
              "wickets": [
                {
                  "player_out": "Liu Xiaonan",
                  "kind": "lbw"
                }
              ]
            },
            {
              "batter": "Z Lyu",
              "bowler": "Sabnam Rai",
              "non_striker": "C Zhou",
              "runs": {
                "batter": 0,
                "extras": 0,
                "total": 0
              },
              "wickets": [
                {
                  "player_out": "Z Lyu",
                  "kind": "lbw"
                }
              ]
            },
            {
              "batter": "F Song",
              "bowler": "Sabnam Rai",
              "non_striker": "C Zhou",
              "runs": {
                "batter": 1,
                "extras": 0,
                "total": 1
              }
            },
            {
              "batter": "C Zhou",
              "bowler": "Sabnam Rai",
              "non_striker": "F Song",
              "runs": {
                "batter": 1,
                "extras": 0,
                "total": 1
              }
            },
            {
              "batter": "F Song",
              "bowler": "Sabnam Rai",
              "non_striker": "C Zhou",
              "runs": {
                "batter": 0,
                "extras": 0,
                "total": 0
              }
            },
            {
              "batter": "F Song",
              "bowler": "Sabnam Rai",
              "non_striker": "C Zhou",
              "runs": {
                "batter": 0,
                "extras": 0,
                "total": 0
              }
            }
          ]
        },
        {
          "over": 4,
          "deliveries": [
            {
              "batter": "C Zhou",
              "bowler": "RC Belbashi",
              "non_striker": "F Song",
              "runs": {
                "batter": 4,
                "extras": 0,
                "total": 4
              }
            },
            {
              "batter": "C Zhou",
              "bowler": "RC Belbashi",
              "non_striker": "F Song",
              "runs": {
                "batter": 1,
                "extras": 0,
                "total": 1
              }
            },
            {
              "batter": "F Song",
              "bowler": "RC Belbashi",
              "non_striker": "C Zhou",
              "runs": {
                "batter": 0,
                "extras": 0,
                "total": 0
              },
              "wickets": [
                {
                  "player_out": "F Song",
                  "fielders": [
                    {
                      "name": "S Magar"
                    }
                  ],
                  "kind": "caught"
                }
              ]
            },
            {
              "batter": "Zhang Yanling",
              "bowler": "RC Belbashi",
              "non_striker": "C Zhou",
              "runs": {
                "batter": 0,
                "extras": 0,
                "total": 0
              }
            },
            {
              "batter": "Zhang Yanling",
              "bowler": "RC Belbashi",
              "extras": {
                "wides": 1
              },
              "non_striker": "C Zhou",
              "runs": {
                "batter": 0,
                "extras": 1,
                "total": 1
              }
            },
            {
              "batter": "Zhang Yanling",
              "bowler": "RC Belbashi",
              "non_striker": "C Zhou",
              "runs": {
                "batter": 0,
                "extras": 0,
                "total": 0
              }
            },
            {
              "batter": "Zhang Yanling",
              "bowler": "RC Belbashi",
              "non_striker": "C Zhou",
              "runs": {
                "batter": 2,
                "extras": 0,
                "total": 2
              }
            }
          ]
        },
        {
          "over": 5,
          "deliveries": [
            {
              "batter": "C Zhou",
              "bowler": "Sabnam Rai",
              "extras": {
                "legbyes": 1
              },
              "non_striker": "Zhang Yanling",
              "runs": {
                "batter": 0,
                "extras": 1,
                "total": 1
              }
            },
            {
              "batter": "Zhang Yanling",
              "bowler": "Sabnam Rai",
              "non_striker": "C Zhou",
              "runs": {
                "batter": 0,
                "extras": 0,
                "total": 0
              }
            },
            {
              "batter": "Zhang Yanling",
              "bowler": "Sabnam Rai",
              "extras": {
                "wides": 1
              },
              "non_striker": "C Zhou",
              "runs": {
                "batter": 0,
                "extras": 1,
                "total": 1
              }
            },
            {
              "batter": "Zhang Yanling",
              "bowler": "Sabnam Rai",
              "non_striker": "C Zhou",
              "runs": {
                "batter": 0,
                "extras": 0,
                "total": 0
              }
            },
            {
              "batter": "Zhang Yanling",
              "bowler": "Sabnam Rai",
              "non_striker": "C Zhou",
              "runs": {
                "batter": 1,
                "extras": 0,
                "total": 1
              }
            },
            {
              "batter": "C Zhou",
              "bowler": "Sabnam Rai",
              "non_striker": "Zhang Yanling",
              "runs": {
                "batter": 0,
                "extras": 0,
                "total": 0
              }
            },
            {
              "batter": "C Zhou",
              "bowler": "Sabnam Rai",
              "non_striker": "Zhang Yanling",
              "runs": {
                "batter": 2,
                "extras": 0,
                "total": 2
              }
            }
          ]
        },
        {
          "over": 6,
          "deliveries": [
            {
              "batter": "Zhang Yanling",
              "bowler": "SR Magar",
              "non_striker": "C Zhou",
              "runs": {
                "batter": 0,
                "extras": 0,
                "total": 0
              }
            },
            {
              "batter": "Zhang Yanling",
              "bowler": "SR Magar",
              "extras": {
                "wides": 1
              },
              "non_striker": "C Zhou",
              "runs": {
                "batter": 0,
                "extras": 1,
                "total": 1
              }
            },
            {
              "batter": "Zhang Yanling",
              "bowler": "SR Magar",
              "non_striker": "C Zhou",
              "runs": {
                "batter": 0,
                "extras": 0,
                "total": 0
              }
            },
            {
              "batter": "Zhang Yanling",
              "bowler": "SR Magar",
              "non_striker": "C Zhou",
              "runs": {
                "batter": 1,
                "extras": 0,
                "total": 1
              }
            },
            {
              "batter": "C Zhou",
              "bowler": "SR Magar",
              "extras": {
                "wides": 1
              },
              "non_striker": "Zhang Yanling",
              "runs": {
                "batter": 0,
                "extras": 1,
                "total": 1
              }
            },
            {
              "batter": "C Zhou",
              "bowler": "SR Magar",
              "non_striker": "Zhang Yanling",
              "runs": {
                "batter": 1,
                "extras": 0,
                "total": 1
              }
            },
            {
              "batter": "Zhang Yanling",
              "bowler": "SR Magar",
              "non_striker": "C Zhou",
              "runs": {
                "batter": 0,
                "extras": 0,
                "total": 0
              }
            },
            {
              "batter": "Zhang Yanling",
              "bowler": "SR Magar",
              "non_striker": "C Zhou",
              "runs": {
                "batter": 0,
                "extras": 0,
                "total": 0
              }
            }
          ]
        },
        {
          "over": 7,
          "deliveries": [
            {
              "batter": "C Zhou",
              "bowler": "Karuna Bhandari",
              "non_striker": "Zhang Yanling",
              "runs": {
                "batter": 0,
                "extras": 0,
                "total": 0
              }
            },
            {
              "batter": "C Zhou",
              "bowler": "Karuna Bhandari",
              "non_striker": "Zhang Yanling",
              "runs": {
                "batter": 0,
                "extras": 0,
                "total": 0
              }
            },
            {
              "batter": "C Zhou",
              "bowler": "Karuna Bhandari",
              "non_striker": "Zhang Yanling",
              "runs": {
                "batter": 0,
                "extras": 0,
                "total": 0
              }
            },
            {
              "batter": "C Zhou",
              "bowler": "Karuna Bhandari",
              "non_striker": "Zhang Yanling",
              "runs": {
                "batter": 0,
                "extras": 0,
                "total": 0
              }
            },
            {
              "batter": "C Zhou",
              "bowler": "Karuna Bhandari",
              "non_striker": "Zhang Yanling",
              "runs": {
                "batter": 1,
                "extras": 0,
                "total": 1
              }
            },
            {
              "batter": "Zhang Yanling",
              "bowler": "Karuna Bhandari",
              "non_striker": "C Zhou",
              "runs": {
                "batter": 0,
                "extras": 0,
                "total": 0
              }
            }
          ]
        },
        {
          "over": 8,
          "deliveries": [
            {
              "batter": "C Zhou",
              "bowler": "SR Magar",
              "non_striker": "Zhang Yanling",
              "runs": {
                "batter": 0,
                "extras": 0,
                "total": 0
              }
            },
            {
              "batter": "C Zhou",
              "bowler": "SR Magar",
              "non_striker": "Zhang Yanling",
              "runs": {
                "batter": 0,
                "extras": 0,
                "total": 0
              }
            },
            {
              "batter": "C Zhou",
              "bowler": "SR Magar",
              "non_striker": "Zhang Yanling",
              "runs": {
                "batter": 0,
                "extras": 0,
                "total": 0
              },
              "wickets": [
                {
                  "player_out": "C Zhou",
                  "fielders": [
                    {
                      "name": "RK Kanoujiya"
                    }
                  ],
                  "kind": "caught"
                }
              ]
            },
            {
              "batter": "Zhang Yanling",
              "bowler": "SR Magar",
              "non_striker": "M Zhu",
              "runs": {
                "batter": 0,
                "extras": 0,
                "total": 0
              }
            },
            {
              "batter": "Zhang Yanling",
              "bowler": "SR Magar",
              "non_striker": "M Zhu",
              "runs": {
                "batter": 0,
                "extras": 0,
                "total": 0
              }
            },
            {
              "batter": "Zhang Yanling",
              "bowler": "SR Magar",
              "non_striker": "M Zhu",
              "runs": {
                "batter": 0,
                "extras": 0,
                "total": 0
              }
            }
          ]
        },
        {
          "over": 9,
          "deliveries": [
            {
              "batter": "M Zhu",
              "bowler": "Karuna Bhandari",
              "non_striker": "Zhang Yanling",
              "runs": {
                "batter": 0,
                "extras": 0,
                "total": 0
              }
            },
            {
              "batter": "M Zhu",
              "bowler": "Karuna Bhandari",
              "non_striker": "Zhang Yanling",
              "runs": {
                "batter": 0,
                "extras": 0,
                "total": 0
              }
            },
            {
              "batter": "M Zhu",
              "bowler": "Karuna Bhandari",
              "non_striker": "Zhang Yanling",
              "runs": {
                "batter": 1,
                "extras": 0,
                "total": 1
              }
            },
            {
              "batter": "Zhang Yanling",
              "bowler": "Karuna Bhandari",
              "non_striker": "M Zhu",
              "runs": {
                "batter": 1,
                "extras": 0,
                "total": 1
              }
            },
            {
              "batter": "M Zhu",
              "bowler": "Karuna Bhandari",
              "non_striker": "Zhang Yanling",
              "runs": {
                "batter": 0,
                "extras": 0,
                "total": 0
              },
              "wickets": [
                {
                  "player_out": "M Zhu",
                  "kind": "bowled"
                }
              ]
            },
            {
              "batter": "Han Lili",
              "bowler": "Karuna Bhandari",
              "non_striker": "Zhang Yanling",
              "runs": {
                "batter": 0,
                "extras": 0,
                "total": 0
              }
            }
          ]
        },
        {
          "over": 10,
          "deliveries": [
            {
              "batter": "Zhang Yanling",
              "bowler": "SR Magar",
              "non_striker": "Han Lili",
              "runs": {
                "batter": 0,
                "extras": 0,
                "total": 0
              }
            },
            {
              "batter": "Zhang Yanling",
              "bowler": "SR Magar",
              "non_striker": "Han Lili",
              "runs": {
                "batter": 0,
                "extras": 0,
                "total": 0
              }
            },
            {
              "batter": "Zhang Yanling",
              "bowler": "SR Magar",
              "extras": {
                "legbyes": 1
              },
              "non_striker": "Han Lili",
              "runs": {
                "batter": 0,
                "extras": 1,
                "total": 1
              }
            },
            {
              "batter": "Han Lili",
              "bowler": "SR Magar",
              "non_striker": "Zhang Yanling",
              "runs": {
                "batter": 0,
                "extras": 0,
                "total": 0
              }
            },
            {
              "batter": "Han Lili",
              "bowler": "SR Magar",
              "non_striker": "Zhang Yanling",
              "runs": {
                "batter": 0,
                "extras": 0,
                "total": 0
              }
            },
            {
              "batter": "Han Lili",
              "bowler": "SR Magar",
              "non_striker": "Zhang Yanling",
              "runs": {
                "batter": 0,
                "extras": 0,
                "total": 0
              }
            }
          ]
        },
        {
          "over": 11,
          "deliveries": [
            {
              "batter": "Zhang Yanling",
              "bowler": "Karuna Bhandari",
              "non_striker": "Han Lili",
              "runs": {
                "batter": 0,
                "extras": 0,
                "total": 0
              }
            },
            {
              "batter": "Zhang Yanling",
              "bowler": "Karuna Bhandari",
              "non_striker": "Han Lili",
              "runs": {
                "batter": 2,
                "extras": 0,
                "total": 2
              }
            },
            {
              "batter": "Zhang Yanling",
              "bowler": "Karuna Bhandari",
              "non_striker": "Han Lili",
              "runs": {
                "batter": 0,
                "extras": 0,
                "total": 0
              }
            },
            {
              "batter": "Zhang Yanling",
              "bowler": "Karuna Bhandari",
              "non_striker": "Han Lili",
              "runs": {
                "batter": 0,
                "extras": 0,
                "total": 0
              }
            },
            {
              "batter": "Zhang Yanling",
              "bowler": "Karuna Bhandari",
              "non_striker": "Han Lili",
              "runs": {
                "batter": 0,
                "extras": 0,
                "total": 0
              }
            },
            {
              "batter": "Zhang Yanling",
              "bowler": "Karuna Bhandari",
              "non_striker": "Han Lili",
              "runs": {
                "batter": 1,
                "extras": 0,
                "total": 1
              }
            }
          ]
        },
        {
          "over": 12,
          "deliveries": [
            {
              "batter": "Zhang Yanling",
              "bowler": "SR Magar",
              "extras": {
                "wides": 1
              },
              "non_striker": "Han Lili",
              "runs": {
                "batter": 0,
                "extras": 1,
                "total": 1
              }
            },
            {
              "batter": "Zhang Yanling",
              "bowler": "SR Magar",
              "non_striker": "Han Lili",
              "runs": {
                "batter": 0,
                "extras": 0,
                "total": 0
              }
            },
            {
              "batter": "Zhang Yanling",
              "bowler": "SR Magar",
              "non_striker": "Han Lili",
              "runs": {
                "batter": 0,
                "extras": 0,
                "total": 0
              }
            },
            {
              "batter": "Zhang Yanling",
              "bowler": "SR Magar",
              "non_striker": "Han Lili",
              "runs": {
                "batter": 1,
                "extras": 0,
                "total": 1
              }
            },
            {
              "batter": "Han Lili",
              "bowler": "SR Magar",
              "non_striker": "Zhang Yanling",
              "runs": {
                "batter": 1,
                "extras": 0,
                "total": 1
              }
            },
            {
              "batter": "Zhang Yanling",
              "bowler": "SR Magar",
              "non_striker": "Han Lili",
              "runs": {
                "batter": 0,
                "extras": 0,
                "total": 0
              },
              "wickets": [
                {
                  "player_out": "Zhang Yanling",
                  "kind": "lbw"
                }
              ]
            },
            {
              "batter": "Wang Luo Wanyu",
              "bowler": "SR Magar",
              "non_striker": "Han Lili",
              "runs": {
                "batter": 0,
                "extras": 0,
                "total": 0
              }
            }
          ]
        },
        {
          "over": 13,
          "deliveries": [
            {
              "batter": "Han Lili",
              "bowler": "Karuna Bhandari",
              "non_striker": "Wang Luo Wanyu",
              "runs": {
                "batter": 0,
                "extras": 0,
                "total": 0
              }
            },
            {
              "batter": "Han Lili",
              "bowler": "Karuna Bhandari",
              "non_striker": "Wang Luo Wanyu",
              "runs": {
                "batter": 0,
                "extras": 0,
                "total": 0
              }
            },
            {
              "batter": "Han Lili",
              "bowler": "Karuna Bhandari",
              "non_striker": "Wang Luo Wanyu",
              "runs": {
                "batter": 4,
                "extras": 0,
                "total": 4
              }
            },
            {
              "batter": "Han Lili",
              "bowler": "Karuna Bhandari",
              "non_striker": "Wang Luo Wanyu",
              "runs": {
                "batter": 0,
                "extras": 0,
                "total": 0
              }
            },
            {
              "batter": "Han Lili",
              "bowler": "Karuna Bhandari",
              "non_striker": "Wang Luo Wanyu",
              "runs": {
                "batter": 1,
                "extras": 0,
                "total": 1
              }
            },
            {
              "batter": "Wang Luo Wanyu",
              "bowler": "Karuna Bhandari",
              "non_striker": "Han Lili",
              "runs": {
                "batter": 0,
                "extras": 0,
                "total": 0
              }
            }
          ]
        },
        {
          "over": 14,
          "deliveries": [
            {
              "batter": "Han Lili",
              "bowler": "RK Kanoujiya",
              "extras": {
                "wides": 1
              },
              "non_striker": "Wang Luo Wanyu",
              "runs": {
                "batter": 0,
                "extras": 1,
                "total": 1
              }
            },
            {
              "batter": "Han Lili",
              "bowler": "RK Kanoujiya",
              "extras": {
                "wides": 1
              },
              "non_striker": "Wang Luo Wanyu",
              "runs": {
                "batter": 0,
                "extras": 1,
                "total": 1
              }
            },
            {
              "batter": "Han Lili",
              "bowler": "RK Kanoujiya",
              "non_striker": "Wang Luo Wanyu",
              "runs": {
                "batter": 0,
                "extras": 0,
                "total": 0
              }
            },
            {
              "batter": "Han Lili",
              "bowler": "RK Kanoujiya",
              "non_striker": "Wang Luo Wanyu",
              "runs": {
                "batter": 1,
                "extras": 0,
                "total": 1
              }
            },
            {
              "batter": "Wang Luo Wanyu",
              "bowler": "RK Kanoujiya",
              "non_striker": "Han Lili",
              "runs": {
                "batter": 0,
                "extras": 0,
                "total": 0
              }
            },
            {
              "batter": "Wang Luo Wanyu",
              "bowler": "RK Kanoujiya",
              "non_striker": "Han Lili",
              "runs": {
                "batter": 0,
                "extras": 0,
                "total": 0
              }
            },
            {
              "batter": "Wang Luo Wanyu",
              "bowler": "RK Kanoujiya",
              "non_striker": "Han Lili",
              "runs": {
                "batter": 0,
                "extras": 0,
                "total": 0
              }
            },
            {
              "batter": "Wang Luo Wanyu",
              "bowler": "RK Kanoujiya",
              "non_striker": "Han Lili",
              "runs": {
                "batter": 0,
                "extras": 0,
                "total": 0
              }
            }
          ]
        },
        {
          "over": 15,
          "deliveries": [
            {
              "batter": "Han Lili",
              "bowler": "Nary Thapa",
              "non_striker": "Wang Luo Wanyu",
              "runs": {
                "batter": 0,
                "extras": 0,
                "total": 0
              }
            },
            {
              "batter": "Han Lili",
              "bowler": "Nary Thapa",
              "non_striker": "Wang Luo Wanyu",
              "runs": {
                "batter": 4,
                "extras": 0,
                "total": 4
              }
            },
            {
              "batter": "Han Lili",
              "bowler": "Nary Thapa",
              "non_striker": "Wang Luo Wanyu",
              "runs": {
                "batter": 0,
                "extras": 0,
                "total": 0
              }
            },
            {
              "batter": "Han Lili",
              "bowler": "Nary Thapa",
              "non_striker": "Wang Luo Wanyu",
              "runs": {
                "batter": 2,
                "extras": 0,
                "total": 2
              }
            },
            {
              "batter": "Han Lili",
              "bowler": "Nary Thapa",
              "non_striker": "Wang Luo Wanyu",
              "runs": {
                "batter": 0,
                "extras": 0,
                "total": 0
              }
            },
            {
              "batter": "Han Lili",
              "bowler": "Nary Thapa",
              "non_striker": "Wang Luo Wanyu",
              "runs": {
                "batter": 0,
                "extras": 0,
                "total": 0
              }
            }
          ]
        },
        {
          "over": 16,
          "deliveries": [
            {
              "batter": "Wang Luo Wanyu",
              "bowler": "RK Kanoujiya",
              "non_striker": "Han Lili",
              "runs": {
                "batter": 0,
                "extras": 0,
                "total": 0
              }
            },
            {
              "batter": "Wang Luo Wanyu",
              "bowler": "RK Kanoujiya",
              "non_striker": "Han Lili",
              "runs": {
                "batter": 0,
                "extras": 0,
                "total": 0
              }
            },
            {
              "batter": "Wang Luo Wanyu",
              "bowler": "RK Kanoujiya",
              "non_striker": "Han Lili",
              "runs": {
                "batter": 0,
                "extras": 0,
                "total": 0
              },
              "wickets": [
                {
                  "player_out": "Wang Luo Wanyu",
                  "kind": "run out"
                }
              ]
            },
            {
              "batter": "Han Lili",
              "bowler": "RK Kanoujiya",
              "extras": {
                "wides": 1
              },
              "non_striker": "LI Haoye",
              "runs": {
                "batter": 0,
                "extras": 1,
                "total": 1
              }
            },
            {
              "batter": "Han Lili",
              "bowler": "RK Kanoujiya",
              "non_striker": "LI Haoye",
              "runs": {
                "batter": 0,
                "extras": 0,
                "total": 0
              }
            },
            {
              "batter": "Han Lili",
              "bowler": "RK Kanoujiya",
              "extras": {
                "wides": 1
              },
              "non_striker": "LI Haoye",
              "runs": {
                "batter": 0,
                "extras": 1,
                "total": 1
              }
            },
            {
              "batter": "Han Lili",
              "bowler": "RK Kanoujiya",
              "extras": {
                "wides": 1
              },
              "non_striker": "LI Haoye",
              "runs": {
                "batter": 0,
                "extras": 1,
                "total": 1
              }
            },
            {
              "batter": "Han Lili",
              "bowler": "RK Kanoujiya",
              "non_striker": "LI Haoye",
              "runs": {
                "batter": 1,
                "extras": 0,
                "total": 1
              }
            },
            {
              "batter": "LI Haoye",
              "bowler": "RK Kanoujiya",
              "non_striker": "Han Lili",
              "runs": {
                "batter": 0,
                "extras": 0,
                "total": 0
              }
            }
          ]
        },
        {
          "over": 17,
          "deliveries": [
            {
              "batter": "Han Lili",
              "bowler": "Nary Thapa",
              "non_striker": "LI Haoye",
              "runs": {
                "batter": 0,
                "extras": 0,
                "total": 0
              }
            },
            {
              "batter": "Han Lili",
              "bowler": "Nary Thapa",
              "non_striker": "LI Haoye",
              "runs": {
                "batter": 1,
                "extras": 0,
                "total": 1
              }
            },
            {
              "batter": "LI Haoye",
              "bowler": "Nary Thapa",
              "non_striker": "Han Lili",
              "runs": {
                "batter": 0,
                "extras": 0,
                "total": 0
              }
            },
            {
              "batter": "LI Haoye",
              "bowler": "Nary Thapa",
              "non_striker": "Han Lili",
              "runs": {
                "batter": 0,
                "extras": 0,
                "total": 0
              }
            },
            {
              "batter": "LI Haoye",
              "bowler": "Nary Thapa",
              "non_striker": "Han Lili",
              "runs": {
                "batter": 0,
                "extras": 0,
                "total": 0
              }
            },
            {
              "batter": "LI Haoye",
              "bowler": "Nary Thapa",
              "non_striker": "Han Lili",
              "runs": {
                "batter": 0,
                "extras": 0,
                "total": 0
              }
            }
          ]
        },
        {
          "over": 18,
          "deliveries": [
            {
              "batter": "Han Lili",
              "bowler": "RC Belbashi",
              "non_striker": "LI Haoye",
              "runs": {
                "batter": 0,
                "extras": 0,
                "total": 0
              },
              "wickets": [
                {
                  "player_out": "Han Lili",
                  "kind": "caught and bowled"
                }
              ]
            },
            {
              "batter": "Zhang Xiangxue",
              "bowler": "RC Belbashi",
              "non_striker": "LI Haoye",
              "runs": {
                "batter": 0,
                "extras": 0,
                "total": 0
              },
              "wickets": [
                {
                  "player_out": "Zhang Xiangxue",
                  "kind": "bowled"
                }
              ]
            }
          ]
        }
      ],
      "powerplays": [
        {
          "from": 0.1,
          "to": 5.7,
          "type": "mandatory"
        }
      ],
      "target": {
        "overs": 20,
        "runs": 103
      }
    }
  ]
}