{
  "meta": {
    "data_version": "1.0.0",
    "created": "2020-09-14",
    "revision": 1
  },
  "info": {
    "balls_per_over": 6,
    "dates": [
      "2018-07-13"
    ],
    "event": {
      "name": "ICC World Twenty20 Africa Region Qualifier B",
      "match_number": 10
    },
    "gender": "male",
    "match_type": "IT20",
    "officials": {
      "match_referees": [
        "D Govindjee"
      ],
      "reserve_umpires": [
        "C Thorburn"
      ],
      "umpires": [
        "IO Oyieko",
        "A Louw"
      ]
    },
    "outcome": {
      "winner": "Uganda",
      "by": {
        "runs": 94
      }
    },
    "overs": 20,
    "player_of_match": [
      "Riazat Ali Shah"
    ],
    "players": {
      "Uganda": [
        "RG Mukasa",
        "HB Kayondo",
        "RB Patel",
        "DM Nakrani",
        "Riazat Ali Shah",
        "D Muhumuza",
        "Mohammed Irfan",
        "C Waiswa",
        "B Masaba",
        "Bilal Hassun",
        "F Nsubuga"
      ],
      "Rwanda": [
        "E Dusingizimana",
        "E Niyomugabo",
        "C Rububagumya",
        "K Mira",
        "EH Dusabemungu",
        "B Songa",
        "O Tuyisenge",
        "Bosco Tuyizere",
        "D Uwimana",
        "V Mitari",
        "Z Bimenyimana"
      ]
    },
    "registry": {
      "people": {
        "A Louw": "5eecae5d",
        "B Masaba": "f33cfd25",
        "B Songa": "328bda1e",
        "Bilal Hassun": "1a9e9efe",
        "Bosco Tuyizere": "3c370b92",
        "C Rububagumya": "8088632c",
        "C Thorburn": "904288fe",
        "C Waiswa": "18db3f22",
        "D Govindjee": "8b4c4069",
        "D Muhumuza": "7636b587",
        "D Uwimana": "1f8e97d7",
        "DM Nakrani": "46a7ac78",
        "E Dusingizimana": "c15e7ba4",
        "E Niyomugabo": "2dcac6ff",
        "EH Dusabemungu": "ba3b4b09",
        "F Nsubuga": "87e33d07",
        "HB Kayondo": "d26858c0",
        "IO Oyieko": "de4828fa",
        "K Mira": "75749112",
        "Mohammed Irfan": "dc67d315",
        "O Tuyisenge": "e6a6888f",
        "RB Patel": "f88dc8de",
        "RG Mukasa": "011f6b42",
        "Riazat Ali Shah": "269cc4ff",
        "V Mitari": "3a82673c",
        "Z Bimenyimana": "ba57fb08"
      }
    },
    "season": "2018",
    "team_type": "international",
    "teams": [
      "Uganda",
      "Rwanda"
    ],
    "toss": {
      "decision": "bat",
      "winner": "Uganda"
    },
    "venue": "Gahanga International Cricket Stadium. Rwanda"
  },
  "innings": [
    {
      "team": "Uganda",
      "overs": [
        {
          "over": 0,
          "deliveries": [
            {
              "batter": "RG Mukasa",
              "bowler": "V Mitari",
              "non_striker": "HB Kayondo",
              "runs": {
                "batter": 0,
                "extras": 0,
                "total": 0
              }
            },
            {
              "batter": "RG Mukasa",
              "bowler": "V Mitari",
              "non_striker": "HB Kayondo",
              "runs": {
                "batter": 0,
                "extras": 0,
                "total": 0
              }
            },
            {
              "batter": "RG Mukasa",
              "bowler": "V Mitari",
              "non_striker": "HB Kayondo",
              "runs": {
                "batter": 1,
                "extras": 0,
                "total": 1
              }
            },
            {
              "batter": "HB Kayondo",
              "bowler": "V Mitari",
              "extras": {
                "wides": 1
              },
              "non_striker": "RG Mukasa",
              "runs": {
                "batter": 0,
                "extras": 1,
                "total": 1
              }
            },
            {
              "batter": "HB Kayondo",
              "bowler": "V Mitari",
              "non_striker": "RG Mukasa",
              "runs": {
                "batter": 0,
                "extras": 0,
                "total": 0
              }
            },
            {
              "batter": "HB Kayondo",
              "bowler": "V Mitari",
              "non_striker": "RG Mukasa",
              "runs": {
                "batter": 4,
                "extras": 0,
                "total": 4
              }
            },
            {
              "batter": "HB Kayondo",
              "bowler": "V Mitari",
              "non_striker": "RG Mukasa",
              "runs": {
                "batter": 0,
                "extras": 0,
                "total": 0
              },
              "wickets": [
                {
                  "player_out": "HB Kayondo",
                  "fielders": [
                    {
                      "name": "Bosco Tuyizere"
                    }
                  ],
                  "kind": "caught"
                }
              ]
            }
          ]
        },
        {
          "over": 1,
          "deliveries": [
            {
              "batter": "RB Patel",
              "bowler": "Z Bimenyimana",
              "non_striker": "RG Mukasa",
              "runs": {
                "batter": 0,
                "extras": 0,
                "total": 0
              }
            },
            {
              "batter": "RB Patel",
              "bowler": "Z Bimenyimana",
              "non_striker": "RG Mukasa",
              "runs": {
                "batter": 0,
                "extras": 0,
                "total": 0
              }
            },
            {
              "batter": "RB Patel",
              "bowler": "Z Bimenyimana",
              "non_striker": "RG Mukasa",
              "runs": {
                "batter": 0,
                "extras": 0,
                "total": 0
              }
            },
            {
              "batter": "RB Patel",
              "bowler": "Z Bimenyimana",
              "extras": {
                "legbyes": 1
              },
              "non_striker": "RG Mukasa",
              "runs": {
                "batter": 0,
                "extras": 1,
                "total": 1
              }
            },
            {
              "batter": "RG Mukasa",
              "bowler": "Z Bimenyimana",
              "non_striker": "RB Patel",
              "runs": {
                "batter": 0,
                "extras": 0,
                "total": 0
              }
            },
            {
              "batter": "RG Mukasa",
              "bowler": "Z Bimenyimana",
              "non_striker": "RB Patel",
              "runs": {
                "batter": 0,
                "extras": 0,
                "total": 0
              }
            }
          ]
        },
        {
          "over": 2,
          "deliveries": [
            {
              "batter": "RB Patel",
              "bowler": "E Niyomugabo",
              "non_striker": "RG Mukasa",
              "runs": {
                "batter": 1,
                "extras": 0,
                "total": 1
              }
            },
            {
              "batter": "RG Mukasa",
              "bowler": "E Niyomugabo",
              "non_striker": "RB Patel",
              "runs": {
                "batter": 1,
                "extras": 0,
                "total": 1
              }
            },
            {
              "batter": "RB Patel",
              "bowler": "E Niyomugabo",
              "non_striker": "RG Mukasa",
              "runs": {
                "batter": 0,
                "extras": 0,
                "total": 0
              }
            },
            {
              "batter": "RB Patel",
              "bowler": "E Niyomugabo",
              "non_striker": "RG Mukasa",
              "runs": {
                "batter": 1,
                "extras": 0,
                "total": 1
              }
            },
            {
              "batter": "RG Mukasa",
              "bowler": "E Niyomugabo",
              "non_striker": "RB Patel",
              "runs": {
                "batter": 4,
                "extras": 0,
                "total": 4
              }
            },
            {
              "batter": "RG Mukasa",
              "bowler": "E Niyomugabo",
              "extras": {
                "wides": 1
              },
              "non_striker": "RB Patel",
              "runs": {
                "batter": 0,
                "extras": 1,
                "total": 1
              }
            },
            {
              "batter": "RG Mukasa",
              "bowler": "E Niyomugabo",
              "non_striker": "RB Patel",
              "runs": {
                "batter": 0,
                "extras": 0,
                "total": 0
              }
            }
          ]
        },
        {
          "over": 3,
          "deliveries": [
            {
              "batter": "RB Patel",
              "bowler": "C Rububagumya",
              "extras": {
                "wides": 1
              },
              "non_striker": "RG Mukasa",
              "runs": {
                "batter": 0,
                "extras": 1,
                "total": 1
              }
            },
            {
              "batter": "RB Patel",
              "bowler": "C Rububagumya",
              "extras": {
                "wides": 1
              },
              "non_striker": "RG Mukasa",
              "runs": {
                "batter": 0,
                "extras": 1,
                "total": 1
              }
            },
            {
              "batter": "RB Patel",
              "bowler": "C Rububagumya",
              "non_striker": "RG Mukasa",
              "runs": {
                "batter": 0,
                "extras": 0,
                "total": 0
              }
            },
            {
              "batter": "RB Patel",
              "bowler": "C Rububagumya",
              "non_striker": "RG Mukasa",
              "runs": {
                "batter": 4,
                "extras": 0,
                "total": 4
              }
            },
            {
              "batter": "RB Patel",
              "bowler": "C Rububagumya",
              "non_striker": "RG Mukasa",
              "runs": {
                "batter": 0,
                "extras": 0,
                "total": 0
              },
              "wickets": [
                {
                  "player_out": "RB Patel",
                  "kind": "lbw"
                }
              ]
            },
            {
              "batter": "DM Nakrani",
              "bowler": "C Rububagumya",
              "extras": {
                "wides": 1
              },
              "non_striker": "RG Mukasa",
              "runs": {
                "batter": 0,
                "extras": 1,
                "total": 1
              }
            },
            {
              "batter": "DM Nakrani",
              "bowler": "C Rububagumya",
              "non_striker": "RG Mukasa",
              "runs": {
                "batter": 1,
                "extras": 0,
                "total": 1
              }
            },
            {
              "batter": "RG Mukasa",
              "bowler": "C Rububagumya",
              "non_striker": "DM Nakrani",
              "runs": {
                "batter": 2,
                "extras": 0,
                "total": 2
              }
            },
            {
              "batter": "RG Mukasa",
              "bowler": "C Rububagumya",
              "non_striker": "DM Nakrani",
              "runs": {
                "batter": 1,
                "extras": 0,
                "total": 1
              }
            }
          ]
        },
        {
          "over": 4,
          "deliveries": [
            {
              "batter": "RG Mukasa",
              "bowler": "V Mitari",
              "non_striker": "DM Nakrani",
              "runs": {
                "batter": 1,
                "extras": 0,
                "total": 1
              }
            },
            {
              "batter": "DM Nakrani",
              "bowler": "V Mitari",
              "non_striker": "RG Mukasa",
              "runs": {
                "batter": 0,
                "extras": 0,
                "total": 0
              }
            },
            {
              "batter": "DM Nakrani",
              "bowler": "V Mitari",
              "non_striker": "RG Mukasa",
              "runs": {
                "batter": 0,
                "extras": 0,
                "total": 0
              }
            },
            {
              "batter": "DM Nakrani",
              "bowler": "V Mitari",
              "non_striker": "RG Mukasa",
              "runs": {
                "batter": 0,
                "extras": 0,
                "total": 0
              }
            },
            {
              "batter": "DM Nakrani",
              "bowler": "V Mitari",
              "non_striker": "RG Mukasa",
              "runs": {
                "batter": 4,
                "extras": 0,
                "total": 4
              }
            },
            {
              "batter": "DM Nakrani",
              "bowler": "V Mitari",
              "non_striker": "RG Mukasa",
              "runs": {
                "batter": 6,
                "extras": 0,
                "total": 6
              }
            }
          ]
        },
        {
          "over": 5,
          "deliveries": [
            {
              "batter": "RG Mukasa",
              "bowler": "EH Dusabemungu",
              "non_striker": "DM Nakrani",
              "runs": {
                "batter": 0,
                "extras": 0,
                "total": 0
              }
            },
            {
              "batter": "RG Mukasa",
              "bowler": "EH Dusabemungu",
              "non_striker": "DM Nakrani",
              "runs": {
                "batter": 0,
                "extras": 0,
                "total": 0
              }
            },
            {
              "batter": "RG Mukasa",
              "bowler": "EH Dusabemungu",
              "non_striker": "DM Nakrani",
              "runs": {
                "batter": 0,
                "extras": 0,
                "total": 0
              }
            },
            {
              "batter": "RG Mukasa",
              "bowler": "EH Dusabemungu",
              "non_striker": "DM Nakrani",
              "runs": {
                "batter": 0,
                "extras": 0,
                "total": 0
              }
            },
            {
              "batter": "RG Mukasa",
              "bowler": "EH Dusabemungu",
              "extras": {
                "wides": 1
              },
              "non_striker": "DM Nakrani",
              "runs": {
                "batter": 0,
                "extras": 1,
                "total": 1
              }
            },
            {
              "batter": "RG Mukasa",
              "bowler": "EH Dusabemungu",
              "non_striker": "DM Nakrani",
              "runs": {
                "batter": 2,
                "extras": 0,
                "total": 2
              }
            },
            {
              "batter": "RG Mukasa",
              "bowler": "EH Dusabemungu",
              "non_striker": "DM Nakrani",
              "runs": {
                "batter": 0,
                "extras": 0,
                "total": 0
              }
            }
          ]
        },
        {
          "over": 6,
          "deliveries": [
            {
              "batter": "DM Nakrani",
              "bowler": "Z Bimenyimana",
              "non_striker": "RG Mukasa",
              "runs": {
                "batter": 1,
                "extras": 0,
                "total": 1
              }
            },
            {
              "batter": "RG Mukasa",
              "bowler": "Z Bimenyimana",
              "non_striker": "DM Nakrani",
              "runs": {
                "batter": 0,
                "extras": 0,
                "total": 0
              }
            },
            {
              "batter": "RG Mukasa",
              "bowler": "Z Bimenyimana",
              "non_striker": "DM Nakrani",
              "runs": {
                "batter": 6,
                "extras": 0,
                "total": 6
              }
            },
            {
              "batter": "RG Mukasa",
              "bowler": "Z Bimenyimana",
              "non_striker": "DM Nakrani",
              "runs": {
                "batter": 0,
                "extras": 0,
                "total": 0
              }
            },
            {
              "batter": "RG Mukasa",
              "bowler": "Z Bimenyimana",
              "non_striker": "DM Nakrani",
              "runs": {
                "batter": 1,
                "extras": 0,
                "total": 1
              }
            },
            {
              "batter": "DM Nakrani",
              "bowler": "Z Bimenyimana",
              "non_striker": "RG Mukasa",
              "runs": {
                "batter": 1,
                "extras": 0,
                "total": 1
              }
            }
          ]
        },
        {
          "over": 7,
          "deliveries": [
            {
              "batter": "DM Nakrani",
              "bowler": "EH Dusabemungu",
              "non_striker": "RG Mukasa",
              "runs": {
                "batter": 1,
                "extras": 0,
                "total": 1
              }
            },
            {
              "batter": "RG Mukasa",
              "bowler": "EH Dusabemungu",
              "non_striker": "DM Nakrani",
              "runs": {
                "batter": 1,
                "extras": 0,
                "total": 1
              }
            },
            {
              "batter": "DM Nakrani",
              "bowler": "EH Dusabemungu",
              "non_striker": "RG Mukasa",
              "runs": {
                "batter": 0,
                "extras": 0,
                "total": 0
              }
            },
            {
              "batter": "DM Nakrani",
              "bowler": "EH Dusabemungu",
              "non_striker": "RG Mukasa",
              "runs": {
                "batter": 4,
                "extras": 0,
                "total": 4
              }
            },
            {
              "batter": "DM Nakrani",
              "bowler": "EH Dusabemungu",
              "non_striker": "RG Mukasa",
              "runs": {
                "batter": 4,
                "extras": 0,
                "total": 4
              }
            },
            {
              "batter": "DM Nakrani",
              "bowler": "EH Dusabemungu",
              "non_striker": "RG Mukasa",
              "runs": {
                "batter": 1,
                "extras": 0,
                "total": 1
              }
            }
          ]
        },
        {
          "over": 8,
          "deliveries": [
            {
              "batter": "DM Nakrani",
              "bowler": "E Niyomugabo",
              "non_striker": "RG Mukasa",
              "runs": {
                "batter": 0,
                "extras": 0,
                "total": 0
              },
              "wickets": [
                {
                  "player_out": "DM Nakrani",
                  "fielders": [
                    {
                      "name": "D Uwimana"
                    }
                  ],
                  "kind": "caught"
                }
              ]
            },
            {
              "batter": "Riazat Ali Shah",
              "bowler": "E Niyomugabo",
              "non_striker": "RG Mukasa",
              "runs": {
                "batter": 2,
                "extras": 0,
                "total": 2
              }
            },
            {
              "batter": "Riazat Ali Shah",
              "bowler": "E Niyomugabo",
              "non_striker": "RG Mukasa",
              "runs": {
                "batter": 0,
                "extras": 0,
                "total": 0
              }
            },
            {
              "batter": "Riazat Ali Shah",
              "bowler": "E Niyomugabo",
              "non_striker": "RG Mukasa",
              "runs": {
                "batter": 2,
                "extras": 0,
                "total": 2
              }
            },
            {
              "batter": "Riazat Ali Shah",
              "bowler": "E Niyomugabo",
              "non_striker": "RG Mukasa",
              "runs": {
                "batter": 1,
                "extras": 0,
                "total": 1
              }
            },
            {
              "batter": "RG Mukasa",
              "bowler": "E Niyomugabo",
              "non_striker": "Riazat Ali Shah",
              "runs": {
                "batter": 2,
                "extras": 0,
                "total": 2
              }
            }
          ]
        },
        {
          "over": 9,
          "deliveries": [
            {
              "batter": "Riazat Ali Shah",
              "bowler": "C Rububagumya",
              "non_striker": "RG Mukasa",
              "runs": {
                "batter": 1,
                "extras": 0,
                "total": 1
              }
            },
            {
              "batter": "RG Mukasa",
              "bowler": "C Rububagumya",
              "non_striker": "Riazat Ali Shah",
              "runs": {
                "batter": 2,
                "extras": 0,
                "total": 2
              }
            },
            {
              "batter": "RG Mukasa",
              "bowler": "C Rububagumya",
              "non_striker": "Riazat Ali Shah",
              "runs": {
                "batter": 1,
                "extras": 0,
                "total": 1
              }
            },
            {
              "batter": "Riazat Ali Shah",
              "bowler": "C Rububagumya",
              "non_striker": "RG Mukasa",
              "runs": {
                "batter": 6,
                "extras": 0,
                "total": 6
              }
            },
            {
              "batter": "Riazat Ali Shah",
              "bowler": "C Rububagumya",
              "non_striker": "RG Mukasa",
              "runs": {
                "batter": 1,
                "extras": 0,
                "total": 1
              }
            },
            {
              "batter": "RG Mukasa",
              "bowler": "C Rububagumya",
              "non_striker": "Riazat Ali Shah",
              "runs": {
                "batter": 0,
                "extras": 0,
                "total": 0
              },
              "wickets": [
                {
                  "player_out": "RG Mukasa",
                  "fielders": [
                    {
                      "name": "D Uwimana"
                    }
                  ],
                  "kind": "caught"
                }
              ]
            }
          ]
        },
        {
          "over": 10,
          "deliveries": [
            {
              "batter": "Riazat Ali Shah",
              "bowler": "EH Dusabemungu",
              "non_striker": "D Muhumuza",
              "runs": {
                "batter": 1,
                "extras": 0,
                "total": 1
              }
            },
            {
              "batter": "D Muhumuza",
              "bowler": "EH Dusabemungu",
              "non_striker": "Riazat Ali Shah",
              "runs": {
                "batter": 1,
                "extras": 0,
                "total": 1
              }
            },
            {
              "batter": "Riazat Ali Shah",
              "bowler": "EH Dusabemungu",
              "non_striker": "D Muhumuza",
              "runs": {
                "batter": 1,
                "extras": 0,
                "total": 1
              }
            },
            {
              "batter": "D Muhumuza",
              "bowler": "EH Dusabemungu",
              "non_striker": "Riazat Ali Shah",
              "runs": {
                "batter": 1,
                "extras": 0,
                "total": 1
              }
            },
            {
              "batter": "Riazat Ali Shah",
              "bowler": "EH Dusabemungu",
              "non_striker": "D Muhumuza",
              "runs": {
                "batter": 4,
                "extras": 0,
                "total": 4
              }
            },
            {
              "batter": "Riazat Ali Shah",
              "bowler": "EH Dusabemungu",
              "non_striker": "D Muhumuza",
              "runs": {
                "batter": 2,
                "extras": 0,
                "total": 2
              }
            }
          ]
        },
        {
          "over": 11,
          "deliveries": [
            {
              "batter": "D Muhumuza",
              "bowler": "C Rububagumya",
              "non_striker": "Riazat Ali Shah",
              "runs": {
                "batter": 1,
                "extras": 0,
                "total": 1
              }
            },
            {
              "batter": "Riazat Ali Shah",
              "bowler": "C Rububagumya",
              "non_striker": "D Muhumuza",
              "runs": {
                "batter": 4,
                "extras": 0,
                "total": 4
              }
            },
            {
              "batter": "Riazat Ali Shah",
              "bowler": "C Rububagumya",
              "non_striker": "D Muhumuza",
              "runs": {
                "batter": 1,
                "extras": 0,
                "total": 1
              }
            },
            {
              "batter": "D Muhumuza",
              "bowler": "C Rububagumya",
              "non_striker": "Riazat Ali Shah",
              "runs": {
                "batter": 1,
                "extras": 0,
                "total": 1
              }
            },
            {
              "batter": "Riazat Ali Shah",
              "bowler": "C Rububagumya",
              "non_striker": "D Muhumuza",
              "runs": {
                "batter": 0,
                "extras": 0,
                "total": 0
              }
            },
            {
              "batter": "Riazat Ali Shah",
              "bowler": "C Rububagumya",
              "non_striker": "D Muhumuza",
              "runs": {
                "batter": 0,
                "extras": 0,
                "total": 0
              }
            }
          ]
        },
        {
          "over": 12,
          "deliveries": [
            {
              "batter": "D Muhumuza",
              "bowler": "E Niyomugabo",
              "non_striker": "Riazat Ali Shah",
              "runs": {
                "batter": 2,
                "extras": 0,
                "total": 2
              }
            },
            {
              "batter": "D Muhumuza",
              "bowler": "E Niyomugabo",
              "non_striker": "Riazat Ali Shah",
              "runs": {
                "batter": 1,
                "extras": 0,
                "total": 1
              }
            },
            {
              "batter": "Riazat Ali Shah",
              "bowler": "E Niyomugabo",
              "non_striker": "D Muhumuza",
              "runs": {
                "batter": 0,
                "extras": 0,
                "total": 0
              }
            },
            {
              "batter": "Riazat Ali Shah",
              "bowler": "E Niyomugabo",
              "non_striker": "D Muhumuza",
              "runs": {
                "batter": 1,
                "extras": 0,
                "total": 1
              }
            },
            {
              "batter": "D Muhumuza",
              "bowler": "E Niyomugabo",
              "non_striker": "Riazat Ali Shah",
              "runs": {
                "batter": 0,
                "extras": 0,
                "total": 0
              }
            },
            {
              "batter": "D Muhumuza",
              "bowler": "E Niyomugabo",
              "extras": {
                "wides": 1
              },
              "non_striker": "Riazat Ali Shah",
              "runs": {
                "batter": 0,
                "extras": 1,
                "total": 1
              }
            },
            {
              "batter": "D Muhumuza",
              "bowler": "E Niyomugabo",
              "non_striker": "Riazat Ali Shah",
              "runs": {
                "batter": 4,
                "extras": 0,
                "total": 4
              }
            }
          ]
        },
        {
          "over": 13,
          "deliveries": [
            {
              "batter": "Riazat Ali Shah",
              "bowler": "Z Bimenyimana",
              "non_striker": "D Muhumuza",
              "runs": {
                "batter": 1,
                "extras": 0,
                "total": 1
              }
            },
            {
              "batter": "D Muhumuza",
              "bowler": "Z Bimenyimana",
              "non_striker": "Riazat Ali Shah",
              "runs": {
                "batter": 1,
                "extras": 0,
                "total": 1
              }
            },
            {
              "batter": "Riazat Ali Shah",
              "bowler": "Z Bimenyimana",
              "non_striker": "D Muhumuza",
              "runs": {
                "batter": 2,
                "extras": 0,
                "total": 2
              }
            },
            {
              "batter": "Riazat Ali Shah",
              "bowler": "Z Bimenyimana",
              "non_striker": "D Muhumuza",
              "runs": {
                "batter": 2,
                "extras": 0,
                "total": 2
              }
            },
            {
              "batter": "Riazat Ali Shah",
              "bowler": "Z Bimenyimana",
              "non_striker": "D Muhumuza",
              "runs": {
                "batter": 1,
                "extras": 0,
                "total": 1
              }
            },
            {
              "batter": "D Muhumuza",
              "bowler": "Z Bimenyimana",
              "non_striker": "Riazat Ali Shah",
              "runs": {
                "batter": 0,
                "extras": 0,
                "total": 0
              }
            }
          ]
        },
        {
          "over": 14,
          "deliveries": [
            {
              "batter": "Riazat Ali Shah",
              "bowler": "EH Dusabemungu",
              "non_striker": "D Muhumuza",
              "runs": {
                "batter": 1,
                "extras": 0,
                "total": 1
              }
            },
            {
              "batter": "D Muhumuza",
              "bowler": "EH Dusabemungu",
              "non_striker": "Riazat Ali Shah",
              "runs": {
                "batter": 4,
                "extras": 0,
                "total": 4
              }
            },
            {
              "batter": "D Muhumuza",
              "bowler": "EH Dusabemungu",
              "non_striker": "Riazat Ali Shah",
              "runs": {
                "batter": 1,
                "extras": 0,
                "total": 1
              }
            },
            {
              "batter": "Riazat Ali Shah",
              "bowler": "EH Dusabemungu",
              "non_striker": "D Muhumuza",
              "runs": {
                "batter": 0,
                "extras": 0,
                "total": 0
              }
            },
            {
              "batter": "Riazat Ali Shah",
              "bowler": "EH Dusabemungu",
              "non_striker": "D Muhumuza",
              "runs": {
                "batter": 2,
                "extras": 0,
                "total": 2
              }
            },
            {
              "batter": "Riazat Ali Shah",
              "bowler": "EH Dusabemungu",
              "non_striker": "D Muhumuza",
              "runs": {
                "batter": 6,
                "extras": 0,
                "total": 6
              }
            }
          ]
        },
        {
          "over": 15,
          "deliveries": [
            {
              "batter": "D Muhumuza",
              "bowler": "C Rububagumya",
              "extras": {
                "noballs": 1
              },
              "non_striker": "Riazat Ali Shah",
              "runs": {
                "batter": 1,
                "extras": 1,
                "total": 2
              }
            },
            {
              "batter": "Riazat Ali Shah",
              "bowler": "C Rububagumya",
              "non_striker": "D Muhumuza",
              "runs": {
                "batter": 6,
                "extras": 0,
                "total": 6
              }
            },
            {
              "batter": "Riazat Ali Shah",
              "bowler": "C Rububagumya",
              "non_striker": "D Muhumuza",
              "runs": {
                "batter": 2,
                "extras": 0,
                "total": 2
              }
            },
            {
              "batter": "Riazat Ali Shah",
              "bowler": "C Rububagumya",
              "non_striker": "D Muhumuza",
              "runs": {
                "batter": 4,
                "extras": 0,
                "total": 4
              }
            },
            {
              "batter": "Riazat Ali Shah",
              "bowler": "C Rububagumya",
              "non_striker": "D Muhumuza",
              "runs": {
                "batter": 1,
                "extras": 0,
                "total": 1
              }
            },
            {
              "batter": "D Muhumuza",
              "bowler": "C Rububagumya",
              "non_striker": "Riazat Ali Shah",
              "runs": {
                "batter": 0,
                "extras": 0,
                "total": 0
              }
            },
            {
              "batter": "D Muhumuza",
              "bowler": "C Rububagumya",
              "non_striker": "Riazat Ali Shah",
              "runs": {
                "batter": 4,
                "extras": 0,
                "total": 4
              }
            }
          ]
        },
        {
          "over": 16,
          "deliveries": [
            {
              "batter": "Riazat Ali Shah",
              "bowler": "V Mitari",
              "non_striker": "D Muhumuza",
              "runs": {
                "batter": 4,
                "extras": 0,
                "total": 4
              }
            },
            {
              "batter": "Riazat Ali Shah",
              "bowler": "V Mitari",
              "non_striker": "D Muhumuza",
              "runs": {
                "batter": 2,
                "extras": 0,
                "total": 2
              }
            },
            {
              "batter": "Riazat Ali Shah",
              "bowler": "V Mitari",
              "non_striker": "D Muhumuza",
              "runs": {
                "batter": 1,
                "extras": 0,
                "total": 1
              }
            },
            {
              "batter": "D Muhumuza",
              "bowler": "V Mitari",
              "non_striker": "Riazat Ali Shah",
              "runs": {
                "batter": 2,
                "extras": 0,
                "total": 2
              }
            },
            {
              "batter": "D Muhumuza",
              "bowler": "V Mitari",
              "non_striker": "Riazat Ali Shah",
              "runs": {
                "batter": 0,
                "extras": 0,
                "total": 0
              }
            },
            {
              "batter": "D Muhumuza",
              "bowler": "V Mitari",
              "non_striker": "Riazat Ali Shah",
              "runs": {
                "batter": 0,
                "extras": 0,
                "total": 0
              }
            }
          ]
        },
        {
          "over": 17,
          "deliveries": [
            {
              "batter": "Riazat Ali Shah",
              "bowler": "E Niyomugabo",
              "non_striker": "D Muhumuza",
              "runs": {
                "batter": 6,
                "extras": 0,
                "total": 6
              }
            },
            {
              "batter": "Riazat Ali Shah",
              "bowler": "E Niyomugabo",
              "non_striker": "D Muhumuza",
              "runs": {
                "batter": 1,
                "extras": 0,
                "total": 1
              }
            },
            {
              "batter": "D Muhumuza",
              "bowler": "E Niyomugabo",
              "non_striker": "Riazat Ali Shah",
              "runs": {
                "batter": 0,
                "extras": 0,
                "total": 0
              },
              "wickets": [
                {
                  "player_out": "D Muhumuza",
                  "kind": "bowled"
                }
              ]
            },
            {
              "batter": "Mohammed Irfan",
              "bowler": "E Niyomugabo",
              "non_striker": "Riazat Ali Shah",
              "runs": {
                "batter": 1,
                "extras": 0,
                "total": 1
              }
            },
            {
              "batter": "Riazat Ali Shah",
              "bowler": "E Niyomugabo",
              "non_striker": "Mohammed Irfan",
              "runs": {
                "batter": 6,
                "extras": 0,
                "total": 6
              }
            },
            {
              "batter": "Riazat Ali Shah",
              "bowler": "E Niyomugabo",
              "non_striker": "Mohammed Irfan",
              "runs": {
                "batter": 1,
                "extras": 0,
                "total": 1
              }
            }
          ]
        },
        {
          "over": 18,
          "deliveries": [
            {
              "batter": "Riazat Ali Shah",
              "bowler": "V Mitari",
              "non_striker": "Mohammed Irfan",
              "runs": {
                "batter": 6,
                "extras": 0,
                "total": 6
              }
            },
            {
              "batter": "Riazat Ali Shah",
              "bowler": "V Mitari",
              "non_striker": "Mohammed Irfan",
              "runs": {
                "batter": 1,
                "extras": 0,
                "total": 1
              }
            },
            {
              "batter": "Mohammed Irfan",
              "bowler": "V Mitari",
              "non_striker": "Riazat Ali Shah",
              "runs": {
                "batter": 6,
                "extras": 0,
                "total": 6
              }
            },
            {
              "batter": "Mohammed Irfan",
              "bowler": "V Mitari",
              "non_striker": "Riazat Ali Shah",
              "runs": {
                "batter": 1,
                "extras": 0,
                "total": 1
              }
            },
            {
              "batter": "Riazat Ali Shah",
              "bowler": "V Mitari",
              "non_striker": "Mohammed Irfan",
              "runs": {
                "batter": 1,
                "extras": 0,
                "total": 1
              }
            },
            {
              "batter": "Mohammed Irfan",
              "bowler": "V Mitari",
              "non_striker": "Riazat Ali Shah",
              "runs": {
                "batter": 1,
                "extras": 0,
                "total": 1
              }
            }
          ]
        },
        {
          "over": 19,
          "deliveries": [
            {
              "batter": "Mohammed Irfan",
              "bowler": "Z Bimenyimana",
              "non_striker": "Riazat Ali Shah",
              "runs": {
                "batter": 4,
                "extras": 0,
                "total": 4
              }
            },
            {
              "batter": "Mohammed Irfan",
              "bowler": "Z Bimenyimana",
              "non_striker": "Riazat Ali Shah",
              "runs": {
                "batter": 0,
                "extras": 0,
                "total": 0
              },
              "wickets": [
                {
                  "player_out": "Mohammed Irfan",
                  "fielders": [
                    {
                      "name": "D Uwimana"
                    }
                  ],
                  "kind": "caught"
                }
              ]
            },
            {
              "batter": "C Waiswa",
              "bowler": "Z Bimenyimana",
              "non_striker": "Riazat Ali Shah",
              "runs": {
                "batter": 0,
                "extras": 0,
                "total": 0
              },
              "wickets": [
                {
                  "player_out": "C Waiswa",
                  "kind": "run out"
                }
              ]
            },
            {
              "batter": "Riazat Ali Shah",
              "bowler": "Z Bimenyimana",
              "extras": {
                "wides": 1
              },
              "non_striker": "B Masaba",
              "runs": {
                "batter": 0,
                "extras": 1,
                "total": 1
              }
            },
            {
              "batter": "Riazat Ali Shah",
              "bowler": "Z Bimenyimana",
              "non_striker": "B Masaba",
              "runs": {
                "batter": 6,
                "extras": 0,
                "total": 6
              }
            },
            {
              "batter": "Riazat Ali Shah",
              "bowler": "Z Bimenyimana",
              "non_striker": "B Masaba",
              "runs": {
                "batter": 4,
                "extras": 0,
                "total": 4
              }
            },
            {
              "batter": "Riazat Ali Shah",
              "bowler": "Z Bimenyimana",
              "non_striker": "B Masaba",
              "runs": {
                "batter": 2,
                "extras": 0,
                "total": 2
              }
            }
          ]
        }
      ],
      "powerplays": [
        {
          "from": 0.1,
          "to": 5.7,
          "type": "mandatory"
        }
      ]
    },
    {
      "team": "Rwanda",
      "overs": [
        {
          "over": 0,
          "deliveries": [
            {
              "batter": "E Dusingizimana",
              "bowler": "Mohammed Irfan",
              "non_striker": "E Niyomugabo",
              "runs": {
                "batter": 0,
                "extras": 0,
                "total": 0
              }
            },
            {
              "batter": "E Dusingizimana",
              "bowler": "Mohammed Irfan",
              "non_striker": "E Niyomugabo",
              "runs": {
                "batter": 0,
                "extras": 0,
                "total": 0
              }
            },
            {
              "batter": "E Dusingizimana",
              "bowler": "Mohammed Irfan",
              "non_striker": "E Niyomugabo",
              "runs": {
                "batter": 0,
                "extras": 0,
                "total": 0
              }
            },
            {
              "batter": "E Dusingizimana",
              "bowler": "Mohammed Irfan",
              "non_striker": "E Niyomugabo",
              "runs": {
                "batter": 1,
                "extras": 0,
                "total": 1
              }
            },
            {
              "batter": "E Niyomugabo",
              "bowler": "Mohammed Irfan",
              "non_striker": "E Dusingizimana",
              "runs": {
                "batter": 0,
                "extras": 0,
                "total": 0
              }
            },
            {
              "batter": "E Niyomugabo",
              "bowler": "Mohammed Irfan",
              "non_striker": "E Dusingizimana",
              "runs": {
                "batter": 2,
                "extras": 0,
                "total": 2
              }
            }
          ]
        },
        {
          "over": 1,
          "deliveries": [
            {
              "batter": "E Dusingizimana",
              "bowler": "Bilal Hassun",
              "non_striker": "E Niyomugabo",
              "runs": {
                "batter": 4,
                "extras": 0,
                "total": 4
              }
            },
            {
              "batter": "E Dusingizimana",
              "bowler": "Bilal Hassun",
              "non_striker": "E Niyomugabo",
              "runs": {
                "batter": 1,
                "extras": 0,
                "total": 1
              }
            },
            {
              "batter": "E Niyomugabo",
              "bowler": "Bilal Hassun",
              "extras": {
                "wides": 1
              },
              "non_striker": "E Dusingizimana",
              "runs": {
                "batter": 0,
                "extras": 1,
                "total": 1
              }
            },
            {
              "batter": "E Niyomugabo",
              "bowler": "Bilal Hassun",
              "non_striker": "E Dusingizimana",
              "runs": {
                "batter": 0,
                "extras": 0,
                "total": 0
              }
            },
            {
              "batter": "E Niyomugabo",
              "bowler": "Bilal Hassun",
              "non_striker": "E Dusingizimana",
              "runs": {
                "batter": 0,
                "extras": 0,
                "total": 0
              }
            },
            {
              "batter": "E Niyomugabo",
              "bowler": "Bilal Hassun",
              "non_striker": "E Dusingizimana",
              "runs": {
                "batter": 0,
                "extras": 0,
                "total": 0
              }
            },
            {
              "batter": "E Niyomugabo",
              "bowler": "Bilal Hassun",
              "non_striker": "E Dusingizimana",
              "runs": {
                "batter": 0,
                "extras": 0,
                "total": 0
              }
            }
          ]
        },
        {
          "over": 2,
          "deliveries": [
            {
              "batter": "E Dusingizimana",
              "bowler": "Mohammed Irfan",
              "non_striker": "E Niyomugabo",
              "runs": {
                "batter": 4,
                "extras": 0,
                "total": 4
              }
            },
            {
              "batter": "E Dusingizimana",
              "bowler": "Mohammed Irfan",
              "non_striker": "E Niyomugabo",
              "runs": {
                "batter": 0,
                "extras": 0,
                "total": 0
              },
              "wickets": [
                {
                  "player_out": "E Dusingizimana",
                  "kind": "bowled"
                }
              ]
            },
            {
              "batter": "C Rububagumya",
              "bowler": "Mohammed Irfan",
              "non_striker": "E Niyomugabo",
              "runs": {
                "batter": 2,
                "extras": 0,
                "total": 2
              }
            },
            {
              "batter": "C Rububagumya",
              "bowler": "Mohammed Irfan",
              "non_striker": "E Niyomugabo",
              "runs": {
                "batter": 1,
                "extras": 0,
                "total": 1
              }
            },
            {
              "batter": "E Niyomugabo",
              "bowler": "Mohammed Irfan",
              "extras": {
                "byes": 4
              },
              "non_striker": "C Rububagumya",
              "runs": {
                "batter": 0,
                "extras": 4,
                "total": 4
              }
            },
            {
              "batter": "E Niyomugabo",
              "bowler": "Mohammed Irfan",
              "non_striker": "C Rububagumya",
              "runs": {
                "batter": 6,
                "extras": 0,
                "total": 6
              }
            }
          ]
        },
        {
          "over": 3,
          "deliveries": [
            {
              "batter": "C Rububagumya",
              "bowler": "Bilal Hassun",
              "non_striker": "E Niyomugabo",
              "runs": {
                "batter": 0,
                "extras": 0,
                "total": 0
              }
            },
            {
              "batter": "C Rububagumya",
              "bowler": "Bilal Hassun",
              "non_striker": "E Niyomugabo",
              "runs": {
                "batter": 4,
                "extras": 0,
                "total": 4
              }
            },
            {
              "batter": "C Rububagumya",
              "bowler": "Bilal Hassun",
              "non_striker": "E Niyomugabo",
              "runs": {
                "batter": 0,
                "extras": 0,
                "total": 0
              }
            },
            {
              "batter": "C Rububagumya",
              "bowler": "Bilal Hassun",
              "non_striker": "E Niyomugabo",
              "runs": {
                "batter": 0,
                "extras": 0,
                "total": 0
              }
            },
            {
              "batter": "C Rububagumya",
              "bowler": "Bilal Hassun",
              "non_striker": "E Niyomugabo",
              "runs": {
                "batter": 0,
                "extras": 0,
                "total": 0
              }
            },
            {
              "batter": "C Rububagumya",
              "bowler": "Bilal Hassun",
              "extras": {
                "legbyes": 1
              },
              "non_striker": "E Niyomugabo",
              "runs": {
                "batter": 0,
                "extras": 1,
                "total": 1
              }
            }
          ]
        },
        {
          "over": 4,
          "deliveries": [
            {
              "batter": "C Rububagumya",
              "bowler": "F Nsubuga",
              "extras": {
                "wides": 1
              },
              "non_striker": "E Niyomugabo",
              "runs": {
                "batter": 0,
                "extras": 1,
                "total": 1
              }
            },
            {
              "batter": "C Rububagumya",
              "bowler": "F Nsubuga",
              "non_striker": "E Niyomugabo",
              "runs": {
                "batter": 4,
                "extras": 0,
                "total": 4
              }
            },
            {
              "batter": "C Rububagumya",
              "bowler": "F Nsubuga",
              "non_striker": "E Niyomugabo",
              "runs": {
                "batter": 0,
                "extras": 0,
                "total": 0
              }
            },
            {
              "batter": "C Rububagumya",
              "bowler": "F Nsubuga",
              "non_striker": "E Niyomugabo",
              "runs": {
                "batter": 0,
                "extras": 0,
                "total": 0
              }
            },
            {
              "batter": "C Rububagumya",
              "bowler": "F Nsubuga",
              "non_striker": "E Niyomugabo",
              "runs": {
                "batter": 1,
                "extras": 0,
                "total": 1
              }
            },
            {
              "batter": "E Niyomugabo",
              "bowler": "F Nsubuga",
              "non_striker": "C Rububagumya",
              "runs": {
                "batter": 0,
                "extras": 0,
                "total": 0
              }
            },
            {
              "batter": "E Niyomugabo",
              "bowler": "F Nsubuga",
              "non_striker": "C Rububagumya",
              "runs": {
                "batter": 0,
                "extras": 0,
                "total": 0
              }
            }
          ]
        },
        {
          "over": 5,
          "deliveries": [
            {
              "batter": "C Rububagumya",
              "bowler": "C Waiswa",
              "non_striker": "E Niyomugabo",
              "runs": {
                "batter": 0,
                "extras": 0,
                "total": 0
              }
            },
            {
              "batter": "C Rububagumya",
              "bowler": "C Waiswa",
              "non_striker": "E Niyomugabo",
              "runs": {
                "batter": 0,
                "extras": 0,
                "total": 0
              },
              "wickets": [
                {
                  "player_out": "C Rububagumya",
                  "fielders": [
                    {
                      "name": "RG Mukasa"
                    }
                  ],
                  "kind": "caught"
                }
              ]
            },
            {
              "batter": "K Mira",
              "bowler": "C Waiswa",
              "non_striker": "E Niyomugabo",
              "runs": {
                "batter": 0,
                "extras": 0,
                "total": 0
              }
            },
            {
              "batter": "K Mira",
              "bowler": "C Waiswa",
              "non_striker": "E Niyomugabo",
              "runs": {
                "batter": 4,
                "extras": 0,
                "total": 4
              }
            },
            {
              "batter": "K Mira",
              "bowler": "C Waiswa",
              "non_striker": "E Niyomugabo",
              "runs": {
                "batter": 1,
                "extras": 0,
                "total": 1
              }
            },
            {
              "batter": "E Niyomugabo",
              "bowler": "C Waiswa",
              "non_striker": "K Mira",
              "runs": {
                "batter": 0,
                "extras": 0,
                "total": 0
              }
            }
          ]
        },
        {
          "over": 6,
          "deliveries": [
            {
              "batter": "K Mira",
              "bowler": "F Nsubuga",
              "non_striker": "E Niyomugabo",
              "runs": {
                "batter": 0,
                "extras": 0,
                "total": 0
              }
            },
            {
              "batter": "K Mira",
              "bowler": "F Nsubuga",
              "non_striker": "E Niyomugabo",
              "runs": {
                "batter": 0,
                "extras": 0,
                "total": 0
              }
            },
            {
              "batter": "K Mira",
              "bowler": "F Nsubuga",
              "non_striker": "E Niyomugabo",
              "runs": {
                "batter": 0,
                "extras": 0,
                "total": 0
              }
            },
            {
              "batter": "K Mira",
              "bowler": "F Nsubuga",
              "non_striker": "E Niyomugabo",
              "runs": {
                "batter": 0,
                "extras": 0,
                "total": 0
              }
            },
            {
              "batter": "K Mira",
              "bowler": "F Nsubuga",
              "non_striker": "E Niyomugabo",
              "runs": {
                "batter": 1,
                "extras": 0,
                "total": 1
              }
            },
            {
              "batter": "E Niyomugabo",
              "bowler": "F Nsubuga",
              "non_striker": "K Mira",
              "runs": {
                "batter": 2,
                "extras": 0,
                "total": 2
              }
            }
          ]
        },
        {
          "over": 7,
          "deliveries": [
            {
              "batter": "K Mira",
              "bowler": "C Waiswa",
              "non_striker": "E Niyomugabo",
              "runs": {
                "batter": 1,
                "extras": 0,
                "total": 1
              }
            },
            {
              "batter": "E Niyomugabo",
              "bowler": "C Waiswa",
              "non_striker": "K Mira",
              "runs": {
                "batter": 1,
                "extras": 0,
                "total": 1
              }
            },
            {
              "batter": "K Mira",
              "bowler": "C Waiswa",
              "non_striker": "E Niyomugabo",
              "runs": {
                "batter": 0,
                "extras": 0,
                "total": 0
              }
            },
            {
              "batter": "K Mira",
              "bowler": "C Waiswa",
              "non_striker": "E Niyomugabo",
              "runs": {
                "batter": 0,
                "extras": 0,
                "total": 0
              }
            },
            {
              "batter": "K Mira",
              "bowler": "C Waiswa",
              "non_striker": "E Niyomugabo",
              "runs": {
                "batter": 0,
                "extras": 0,
                "total": 0
              },
              "wickets": [
                {
                  "player_out": "K Mira",
                  "kind": "bowled"
                }
              ]
            },
            {
              "batter": "EH Dusabemungu",
              "bowler": "C Waiswa",
              "non_striker": "E Niyomugabo",
              "runs": {
                "batter": 4,
                "extras": 0,
                "total": 4
              }
            }
          ]
        },
        {
          "over": 8,
          "deliveries": [
            {
              "batter": "E Niyomugabo",
              "bowler": "DM Nakrani",
              "non_striker": "EH Dusabemungu",
              "runs": {
                "batter": 2,
                "extras": 0,
                "total": 2
              }
            },
            {
              "batter": "E Niyomugabo",
              "bowler": "DM Nakrani",
              "non_striker": "EH Dusabemungu",
              "runs": {
                "batter": 0,
                "extras": 0,
                "total": 0
              }
            },
            {
              "batter": "E Niyomugabo",
              "bowler": "DM Nakrani",
              "non_striker": "EH Dusabemungu",
              "runs": {
                "batter": 0,
                "extras": 0,
                "total": 0
              }
            },
            {
              "batter": "E Niyomugabo",
              "bowler": "DM Nakrani",
              "non_striker": "EH Dusabemungu",
              "runs": {
                "batter": 0,
                "extras": 0,
                "total": 0
              }
            },
            {
              "batter": "E Niyomugabo",
              "bowler": "DM Nakrani",
              "non_striker": "EH Dusabemungu",
              "runs": {
                "batter": 1,
                "extras": 0,
                "total": 1
              }
            },
            {
              "batter": "EH Dusabemungu",
              "bowler": "DM Nakrani",
              "non_striker": "E Niyomugabo",
              "runs": {
                "batter": 0,
                "extras": 0,
                "total": 0
              }
            }
          ]
        },
        {
          "over": 9,
          "deliveries": [
            {
              "batter": "E Niyomugabo",
              "bowler": "C Waiswa",
              "non_striker": "EH Dusabemungu",
              "runs": {
                "batter": 1,
                "extras": 0,
                "total": 1
              }
            },
            {
              "batter": "EH Dusabemungu",
              "bowler": "C Waiswa",
              "non_striker": "E Niyomugabo",
              "runs": {
                "batter": 4,
                "extras": 0,
                "total": 4
              }
            },
            {
              "batter": "EH Dusabemungu",
              "bowler": "C Waiswa",
              "non_striker": "E Niyomugabo",
              "runs": {
                "batter": 1,
                "extras": 0,
                "total": 1
              }
            },
            {
              "batter": "E Niyomugabo",
              "bowler": "C Waiswa",
              "non_striker": "EH Dusabemungu",
              "runs": {
                "batter": 0,
                "extras": 0,
                "total": 0
              }
            },
            {
              "batter": "E Niyomugabo",
              "bowler": "C Waiswa",
              "non_striker": "EH Dusabemungu",
              "runs": {
                "batter": 1,
                "extras": 0,
                "total": 1
              }
            },
            {
              "batter": "EH Dusabemungu",
              "bowler": "C Waiswa",
              "non_striker": "E Niyomugabo",
              "runs": {
                "batter": 2,
                "extras": 0,
                "total": 2
              }
            }
          ]
        },
        {
          "over": 10,
          "deliveries": [
            {
              "batter": "E Niyomugabo",
              "bowler": "DM Nakrani",
              "non_striker": "EH Dusabemungu",
              "runs": {
                "batter": 6,
                "extras": 0,
                "total": 6
              }
            },
            {
              "batter": "E Niyomugabo",
              "bowler": "DM Nakrani",
              "non_striker": "EH Dusabemungu",
              "runs": {
                "batter": 0,
                "extras": 0,
                "total": 0
              }
            },
            {
              "batter": "E Niyomugabo",
              "bowler": "DM Nakrani",
              "non_striker": "EH Dusabemungu",
              "runs": {
                "batter": 0,
                "extras": 0,
                "total": 0
              },
              "wickets": [
                {
                  "player_out": "E Niyomugabo",
                  "fielders": [
                    {
                      "name": "RB Patel"
                    }
                  ],
                  "kind": "caught"
                }
              ]
            },
            {
              "batter": "B Songa",
              "bowler": "DM Nakrani",
              "non_striker": "EH Dusabemungu",
              "runs": {
                "batter": 0,
                "extras": 0,
                "total": 0
              }
            },
            {
              "batter": "B Songa",
              "bowler": "DM Nakrani",
              "non_striker": "EH Dusabemungu",
              "runs": {
                "batter": 0,
                "extras": 0,
                "total": 0
              }
            },
            {
              "batter": "B Songa",
              "bowler": "DM Nakrani",
              "non_striker": "EH Dusabemungu",
              "runs": {
                "batter": 1,
                "extras": 0,
                "total": 1
              }
            }
          ]
        },
        {
          "over": 11,
          "deliveries": [
            {
              "batter": "B Songa",
              "bowler": "Mohammed Irfan",
              "non_striker": "EH Dusabemungu",
              "runs": {
                "batter": 0,
                "extras": 0,
                "total": 0
              }
            },
            {
              "batter": "B Songa",
              "bowler": "Mohammed Irfan",
              "non_striker": "EH Dusabemungu",
              "runs": {
                "batter": 1,
                "extras": 0,
                "total": 1
              }
            },
            {
              "batter": "EH Dusabemungu",
              "bowler": "Mohammed Irfan",
              "non_striker": "B Songa",
              "runs": {
                "batter": 1,
                "extras": 0,
                "total": 1
              }
            },
            {
              "batter": "B Songa",
              "bowler": "Mohammed Irfan",
              "non_striker": "EH Dusabemungu",
              "runs": {
                "batter": 1,
                "extras": 0,
                "total": 1
              }
            },
            {
              "batter": "EH Dusabemungu",
              "bowler": "Mohammed Irfan",
              "non_striker": "B Songa",
              "runs": {
                "batter": 0,
                "extras": 0,
                "total": 0
              },
              "wickets": [
                {
                  "player_out": "EH Dusabemungu",
                  "fielders": [
                    {
                      "name": "Bilal Hassun"
                    }
                  ],
                  "kind": "caught"
                }
              ]
            },
            {
              "batter": "B Songa",
              "bowler": "Mohammed Irfan",
              "non_striker": "O Tuyisenge",
              "runs": {
                "batter": 0,
                "extras": 0,
                "total": 0
              }
            }
          ]
        },
        {
          "over": 12,
          "deliveries": [
            {
              "batter": "O Tuyisenge",
              "bowler": "DM Nakrani",
              "non_striker": "B Songa",
              "runs": {
                "batter": 4,
                "extras": 0,
                "total": 4
              }
            },
            {
              "batter": "O Tuyisenge",
              "bowler": "DM Nakrani",
              "non_striker": "B Songa",
              "runs": {
                "batter": 0,
                "extras": 0,
                "total": 0
              }
            },
            {
              "batter": "O Tuyisenge",
              "bowler": "DM Nakrani",
              "non_striker": "B Songa",
              "runs": {
                "batter": 1,
                "extras": 0,
                "total": 1
              }
            },
            {
              "batter": "B Songa",
              "bowler": "DM Nakrani",
              "non_striker": "O Tuyisenge",
              "runs": {
                "batter": 0,
                "extras": 0,
                "total": 0
              }
            },
            {
              "batter": "B Songa",
              "bowler": "DM Nakrani",
              "non_striker": "O Tuyisenge",
              "runs": {
                "batter": 0,
                "extras": 0,
                "total": 0
              }
            },
            {
              "batter": "B Songa",
              "bowler": "DM Nakrani",
              "non_striker": "O Tuyisenge",
              "runs": {
                "batter": 0,
                "extras": 0,
                "total": 0
              }
            }
          ]
        },
        {
          "over": 13,
          "deliveries": [
            {
              "batter": "O Tuyisenge",
              "bowler": "Mohammed Irfan",
              "non_striker": "B Songa",
              "runs": {
                "batter": 1,
                "extras": 0,
                "total": 1
              }
            },
            {
              "batter": "B Songa",
              "bowler": "Mohammed Irfan",
              "non_striker": "O Tuyisenge",
              "runs": {
                "batter": 1,
                "extras": 0,
                "total": 1
              }
            },
            {
              "batter": "O Tuyisenge",
              "bowler": "Mohammed Irfan",
              "non_striker": "B Songa",
              "runs": {
                "batter": 1,
                "extras": 0,
                "total": 1
              }
            },
            {
              "batter": "B Songa",
              "bowler": "Mohammed Irfan",
              "non_striker": "O Tuyisenge",
              "runs": {
                "batter": 0,
                "extras": 0,
                "total": 0
              }
            },
            {
              "batter": "B Songa",
              "bowler": "Mohammed Irfan",
              "non_striker": "O Tuyisenge",
              "runs": {
                "batter": 0,
                "extras": 0,
                "total": 0
              },
              "wickets": [
                {
                  "player_out": "B Songa",
                  "kind": "bowled"
                }
              ]
            },
            {
              "batter": "Bosco Tuyizere",
              "bowler": "Mohammed Irfan",
              "non_striker": "O Tuyisenge",
              "runs": {
                "batter": 0,
                "extras": 0,
                "total": 0
              }
            }
          ]
        },
        {
          "over": 14,
          "deliveries": [
            {
              "batter": "O Tuyisenge",
              "bowler": "Riazat Ali Shah",
              "non_striker": "Bosco Tuyizere",
              "runs": {
                "batter": 0,
                "extras": 0,
                "total": 0
              }
            },
            {
              "batter": "O Tuyisenge",
              "bowler": "Riazat Ali Shah",
              "extras": {
                "legbyes": 1
              },
              "non_striker": "Bosco Tuyizere",
              "runs": {
                "batter": 0,
                "extras": 1,
                "total": 1
              }
            },
            {
              "batter": "Bosco Tuyizere",
              "bowler": "Riazat Ali Shah",
              "non_striker": "O Tuyisenge",
              "runs": {
                "batter": 1,
                "extras": 0,
                "total": 1
              }
            },
            {
              "batter": "O Tuyisenge",
              "bowler": "Riazat Ali Shah",
              "non_striker": "Bosco Tuyizere",
              "runs": {
                "batter": 2,
                "extras": 0,
                "total": 2
              }
            },
            {
              "batter": "O Tuyisenge",
              "bowler": "Riazat Ali Shah",
              "non_striker": "Bosco Tuyizere",
              "runs": {
                "batter": 1,
                "extras": 0,
                "total": 1
              }
            },
            {
              "batter": "Bosco Tuyizere",
              "bowler": "Riazat Ali Shah",
              "non_striker": "O Tuyisenge",
              "runs": {
                "batter": 0,
                "extras": 0,
                "total": 0
              }
            }
          ]
        },
        {
          "over": 15,
          "deliveries": [
            {
              "batter": "O Tuyisenge",
              "bowler": "F Nsubuga",
              "non_striker": "Bosco Tuyizere",
              "runs": {
                "batter": 0,
                "extras": 0,
                "total": 0
              }
            },
            {
              "batter": "O Tuyisenge",
              "bowler": "F Nsubuga",
              "non_striker": "Bosco Tuyizere",
              "runs": {
                "batter": 0,
                "extras": 0,
                "total": 0
              }
            },
            {
              "batter": "O Tuyisenge",
              "bowler": "F Nsubuga",
              "non_striker": "Bosco Tuyizere",
              "runs": {
                "batter": 1,
                "extras": 0,
                "total": 1
              }
            },
            {
              "batter": "Bosco Tuyizere",
              "bowler": "F Nsubuga",
              "extras": {
                "legbyes": 1
              },
              "non_striker": "O Tuyisenge",
              "runs": {
                "batter": 0,
                "extras": 1,
                "total": 1
              }
            },
            {
              "batter": "O Tuyisenge",
              "bowler": "F Nsubuga",
              "non_striker": "Bosco Tuyizere",
              "runs": {
                "batter": 1,
                "extras": 0,
                "total": 1
              }
            },
            {
              "batter": "Bosco Tuyizere",
              "bowler": "F Nsubuga",
              "non_striker": "O Tuyisenge",
              "runs": {
                "batter": 1,
                "extras": 0,
                "total": 1
              }
            }
          ]
        },
        {
          "over": 16,
          "deliveries": [
            {
              "batter": "Bosco Tuyizere",
              "bowler": "Bilal Hassun",
              "non_striker": "O Tuyisenge",
              "runs": {
                "batter": 0,
                "extras": 0,
                "total": 0
              }
            },
            {
              "batter": "Bosco Tuyizere",
              "bowler": "Bilal Hassun",
              "non_striker": "O Tuyisenge",
              "runs": {
                "batter": 1,
                "extras": 0,
                "total": 1
              }
            },
            {
              "batter": "O Tuyisenge",
              "bowler": "Bilal Hassun",
              "non_striker": "Bosco Tuyizere",
              "runs": {
                "batter": 0,
                "extras": 0,
                "total": 0
              }
            },
            {
              "batter": "O Tuyisenge",
              "bowler": "Bilal Hassun",
              "non_striker": "Bosco Tuyizere",
              "runs": {
                "batter": 0,
                "extras": 0,
                "total": 0
              }
            },
            {
              "batter": "O Tuyisenge",
              "bowler": "Bilal Hassun",
              "non_striker": "Bosco Tuyizere",
              "runs": {
                "batter": 1,
                "extras": 0,
                "total": 1
              }
            },
            {
              "batter": "Bosco Tuyizere",
              "bowler": "Bilal Hassun",
              "extras": {
                "legbyes": 1
              },
              "non_striker": "O Tuyisenge",
              "runs": {
                "batter": 0,
                "extras": 1,
                "total": 1
              }
            }
          ]
        },
        {
          "over": 17,
          "deliveries": [
            {
              "batter": "Bosco Tuyizere",
              "bowler": "F Nsubuga",
              "non_striker": "O Tuyisenge",
              "runs": {
                "batter": 1,
                "extras": 0,
                "total": 1
              }
            },
            {
              "batter": "O Tuyisenge",
              "bowler": "F Nsubuga",
              "non_striker": "Bosco Tuyizere",
              "runs": {
                "batter": 0,
                "extras": 0,
                "total": 0
              }
            },
            {
              "batter": "O Tuyisenge",
              "bowler": "F Nsubuga",
              "non_striker": "Bosco Tuyizere",
              "runs": {
                "batter": 0,
                "extras": 0,
                "total": 0
              }
            },
            {
              "batter": "O Tuyisenge",
              "bowler": "F Nsubuga",
              "non_striker": "Bosco Tuyizere",
              "runs": {
                "batter": 0,
                "extras": 0,
                "total": 0
              }
            },
            {
              "batter": "O Tuyisenge",
              "bowler": "F Nsubuga",
              "non_striker": "Bosco Tuyizere",
              "runs": {
                "batter": 1,
                "extras": 0,
                "total": 1
              }
            },
            {
              "batter": "Bosco Tuyizere",
              "bowler": "F Nsubuga",
              "non_striker": "O Tuyisenge",
              "runs": {
                "batter": 0,
                "extras": 0,
                "total": 0
              }
            }
          ]
        },
        {
          "over": 18,
          "deliveries": [
            {
              "batter": "O Tuyisenge",
              "bowler": "Bilal Hassun",
              "non_striker": "Bosco Tuyizere",
              "runs": {
                "batter": 1,
                "extras": 0,
                "total": 1
              }
            },
            {
              "batter": "Bosco Tuyizere",
              "bowler": "Bilal Hassun",
              "non_striker": "O Tuyisenge",
              "runs": {
                "batter": 0,
                "extras": 0,
                "total": 0
              },
              "wickets": [
                {
                  "player_out": "Bosco Tuyizere",
                  "kind": "bowled"
                }
              ]
            },
            {
              "batter": "D Uwimana",
              "bowler": "Bilal Hassun",
              "non_striker": "O Tuyisenge",
              "runs": {
                "batter": 0,
                "extras": 0,
                "total": 0
              },
              "wickets": [
                {
                  "player_out": "D Uwimana",
                  "kind": "bowled"
                }
              ]
            },
            {
              "batter": "V Mitari",
              "bowler": "Bilal Hassun",
              "non_striker": "O Tuyisenge",
              "runs": {
                "batter": 1,
                "extras": 0,
                "total": 1
              }
            },
            {
              "batter": "O Tuyisenge",
              "bowler": "Bilal Hassun",
              "non_striker": "V Mitari",
              "runs": {
                "batter": 1,
                "extras": 0,
                "total": 1
              }
            },
            {
              "batter": "V Mitari",
              "bowler": "Bilal Hassun",
              "non_striker": "O Tuyisenge",
              "runs": {
                "batter": 0,
                "extras": 0,
                "total": 0
              }
            }
          ]
        },
        {
          "over": 19,
          "deliveries": [
            {
              "batter": "O Tuyisenge",
              "bowler": "Riazat Ali Shah",
              "non_striker": "V Mitari",
              "runs": {
                "batter": 1,
                "extras": 0,
                "total": 1
              }
            },
            {
              "batter": "V Mitari",
              "bowler": "Riazat Ali Shah",
              "non_striker": "O Tuyisenge",
              "runs": {
                "batter": 0,
                "extras": 0,
                "total": 0
              }
            },
            {
              "batter": "V Mitari",
              "bowler": "Riazat Ali Shah",
              "non_striker": "O Tuyisenge",
              "runs": {
                "batter": 1,
                "extras": 0,
                "total": 1
              }
            },
            {
              "batter": "O Tuyisenge",
              "bowler": "Riazat Ali Shah",
              "extras": {
                "wides": 2
              },
              "non_striker": "V Mitari",
              "runs": {
                "batter": 0,
                "extras": 2,
                "total": 2
              }
            },
            {
              "batter": "V Mitari",
              "bowler": "Riazat Ali Shah",
              "non_striker": "O Tuyisenge",
              "runs": {
                "batter": 1,
                "extras": 0,
                "total": 1
              }
            },
            {
              "batter": "O Tuyisenge",
              "bowler": "Riazat Ali Shah",
              "non_striker": "V Mitari",
              "runs": {
                "batter": 0,
                "extras": 0,
                "total": 0
              },
              "wickets": [
                {
                  "player_out": "V Mitari",
                  "kind": "run out"
                }
              ]
            },
            {
              "batter": "Z Bimenyimana",
              "bowler": "Riazat Ali Shah",
              "non_striker": "O Tuyisenge",
              "runs": {
                "batter": 4,
                "extras": 0,
                "total": 4
              }
            }
          ]
        }
      ],
      "powerplays": [
        {
          "from": 0.1,
          "to": 5.6,
          "type": "mandatory"
        }
      ],
      "target": {
        "overs": 20,
        "runs": 202
      }
    }
  ]
}