{
  "meta": {
    "data_version": "1.0.0",
    "created": "2020-09-14",
    "revision": 1
  },
  "info": {
    "balls_per_over": 6,
    "dates": [
      "2018-07-07"
    ],
    "event": {
      "name": "ICC World Twenty20 Africa Region Qualifier B",
      "match_number": 1
    },
    "gender": "male",
    "match_type": "IT20",
    "officials": {
      "match_referees": [
        "D Govindjee"
      ],
      "reserve_umpires": [
        "C Thorburn"
      ],
      "umpires": [
        "A Louw",
        "S George"
      ]
    },
    "outcome": {
      "winner": "Kenya",
      "by": {
        "wickets": 4
      }
    },
    "overs": 20,
    "player_of_match": [
      "DM Gondaria"
    ],
    "players": {
      "Uganda": [
        "RG Mukasa",
        "HB Kayondo",
        "RB Patel",
        "DM Nakrani",
        "Riazat Ali Shah",
        "B Masaba",
        "Bilal Hassun",
        "Mohammed Irfan",
        "C Waiswa",
        "K Waiswa",
        "F Nsubuga"
      ],
      "Kenya": [
        "DM Gondaria",
        "AA Obanda",
        "RR Patel",
        "CO Obuya",
        "NM Odhiambo",
        "SO Ngoche",
        "LN Oluoch",
        "NN Odhiambo",
        "RN Patel",
        "EB Ringera",
        "P Kerai"
      ]
    },
    "registry": {
      "people": {
        "A Louw": "5eecae5d",
        "AA Obanda": "7081491e",
        "B Masaba": "f33cfd25",
        "Bilal Hassun": "1a9e9efe",
        "C Thorburn": "904288fe",
        "C Waiswa": "18db3f22",
        "CO Obuya": "5680f1ad",
        "D Govindjee": "8b4c4069",
        "DM Gondaria": "9048c17e",
        "DM Nakrani": "46a7ac78",
        "EB Ringera": "6cedad99",
        "F Nsubuga": "87e33d07",
        "HB Kayondo": "d26858c0",
        "K Waiswa": "a3a275ec",
        "LN Oluoch": "eb4f9c61",
        "Mohammed Irfan": "dc67d315",
        "NM Odhiambo": "c07a1f41",
        "NN Odhiambo": "753b5a2d",
        "P Kerai": "ab343e93",
        "RB Patel": "f88dc8de",
        "RG Mukasa": "011f6b42",
        "RN Patel": "db1bf9c2",
        "RR Patel": "7fa6bd8e",
        "Riazat Ali Shah": "269cc4ff",
        "S George": "6d9e5a54",
        "SO Ngoche": "49118dc7"
      }
    },
    "season": "2018",
    "team_type": "international",
    "teams": [
      "Uganda",
      "Kenya"
    ],
    "toss": {
      "decision": "field",
      "winner": "Kenya"
    },
    "venue": "Gahanga International Cricket Stadium. Rwanda"
  },
  "innings": [
    {
      "team": "Uganda",
      "overs": [
        {
          "over": 0,
          "deliveries": [
            {
              "batter": "RG Mukasa",
              "bowler": "NN Odhiambo",
              "non_striker": "HB Kayondo",
              "runs": {
                "batter": 6,
                "extras": 0,
                "total": 6
              }
            },
            {
              "batter": "RG Mukasa",
              "bowler": "NN Odhiambo",
              "non_striker": "HB Kayondo",
              "runs": {
                "batter": 0,
                "extras": 0,
                "total": 0
              }
            },
            {
              "batter": "RG Mukasa",
              "bowler": "NN Odhiambo",
              "non_striker": "HB Kayondo",
              "runs": {
                "batter": 1,
                "extras": 0,
                "total": 1
              }
            },
            {
              "batter": "HB Kayondo",
              "bowler": "NN Odhiambo",
              "non_striker": "RG Mukasa",
              "runs": {
                "batter": 2,
                "extras": 0,
                "total": 2
              }
            },
            {
              "batter": "HB Kayondo",
              "bowler": "NN Odhiambo",
              "non_striker": "RG Mukasa",
              "runs": {
                "batter": 3,
                "extras": 0,
                "total": 3
              }
            },
            {
              "batter": "RG Mukasa",
              "bowler": "NN Odhiambo",
              "non_striker": "HB Kayondo",
              "runs": {
                "batter": 0,
                "extras": 0,
                "total": 0
              }
            }
          ]
        },
        {
          "over": 1,
          "deliveries": [
            {
              "batter": "HB Kayondo",
              "bowler": "LN Oluoch",
              "non_striker": "RG Mukasa",
              "runs": {
                "batter": 1,
                "extras": 0,
                "total": 1
              }
            },
            {
              "batter": "RG Mukasa",
              "bowler": "LN Oluoch",
              "non_striker": "HB Kayondo",
              "runs": {
                "batter": 4,
                "extras": 0,
                "total": 4
              }
            },
            {
              "batter": "RG Mukasa",
              "bowler": "LN Oluoch",
              "non_striker": "HB Kayondo",
              "runs": {
                "batter": 0,
                "extras": 0,
                "total": 0
              }
            },
            {
              "batter": "RG Mukasa",
              "bowler": "LN Oluoch",
              "non_striker": "HB Kayondo",
              "runs": {
                "batter": 0,
                "extras": 0,
                "total": 0
              }
            },
            {
              "batter": "RG Mukasa",
              "bowler": "LN Oluoch",
              "non_striker": "HB Kayondo",
              "runs": {
                "batter": 1,
                "extras": 0,
                "total": 1
              }
            },
            {
              "batter": "HB Kayondo",
              "bowler": "LN Oluoch",
              "extras": {
                "legbyes": 1
              },
              "non_striker": "RG Mukasa",
              "runs": {
                "batter": 0,
                "extras": 1,
                "total": 1
              }
            }
          ]
        },
        {
          "over": 2,
          "deliveries": [
            {
              "batter": "HB Kayondo",
              "bowler": "SO Ngoche",
              "non_striker": "RG Mukasa",
              "runs": {
                "batter": 1,
                "extras": 0,
                "total": 1
              }
            },
            {
              "batter": "RG Mukasa",
              "bowler": "SO Ngoche",
              "non_striker": "HB Kayondo",
              "runs": {
                "batter": 6,
                "extras": 0,
                "total": 6
              }
            },
            {
              "batter": "RG Mukasa",
              "bowler": "SO Ngoche",
              "non_striker": "HB Kayondo",
              "runs": {
                "batter": 6,
                "extras": 0,
                "total": 6
              }
            },
            {
              "batter": "RG Mukasa",
              "bowler": "SO Ngoche",
              "extras": {
                "wides": 1
              },
              "non_striker": "HB Kayondo",
              "runs": {
                "batter": 0,
                "extras": 1,
                "total": 1
              }
            },
            {
              "batter": "RG Mukasa",
              "bowler": "SO Ngoche",
              "non_striker": "HB Kayondo",
              "runs": {
                "batter": 0,
                "extras": 0,
                "total": 0
              }
            },
            {
              "batter": "RG Mukasa",
              "bowler": "SO Ngoche",
              "non_striker": "HB Kayondo",
              "runs": {
                "batter": 1,
                "extras": 0,
                "total": 1
              }
            },
            {
              "batter": "HB Kayondo",
              "bowler": "SO Ngoche",
              "non_striker": "RG Mukasa",
              "runs": {
                "batter": 4,
                "extras": 0,
                "total": 4
              }
            }
          ]
        },
        {
          "over": 3,
          "deliveries": [
            {
              "batter": "RG Mukasa",
              "bowler": "LN Oluoch",
              "non_striker": "HB Kayondo",
              "runs": {
                "batter": 0,
                "extras": 0,
                "total": 0
              },
              "wickets": [
                {
                  "player_out": "RG Mukasa",
                  "kind": "bowled"
                }
              ]
            },
            {
              "batter": "RB Patel",
              "bowler": "LN Oluoch",
              "non_striker": "HB Kayondo",
              "runs": {
                "batter": 4,
                "extras": 0,
                "total": 4
              }
            },
            {
              "batter": "RB Patel",
              "bowler": "LN Oluoch",
              "non_striker": "HB Kayondo",
              "runs": {
                "batter": 0,
                "extras": 0,
                "total": 0
              }
            },
            {
              "batter": "RB Patel",
              "bowler": "LN Oluoch",
              "non_striker": "HB Kayondo",
              "runs": {
                "batter": 4,
                "extras": 0,
                "total": 4
              }
            },
            {
              "batter": "RB Patel",
              "bowler": "LN Oluoch",
              "non_striker": "HB Kayondo",
              "runs": {
                "batter": 1,
                "extras": 0,
                "total": 1
              }
            },
            {
              "batter": "HB Kayondo",
              "bowler": "LN Oluoch",
              "extras": {
                "wides": 1
              },
              "non_striker": "RB Patel",
              "runs": {
                "batter": 0,
                "extras": 1,
                "total": 1
              }
            },
            {
              "batter": "HB Kayondo",
              "bowler": "LN Oluoch",
              "non_striker": "RB Patel",
              "runs": {
                "batter": 4,
                "extras": 0,
                "total": 4
              }
            }
          ]
        },
        {
          "over": 4,
          "deliveries": [
            {
              "batter": "RB Patel",
              "bowler": "NN Odhiambo",
              "non_striker": "HB Kayondo",
              "runs": {
                "batter": 0,
                "extras": 0,
                "total": 0
              }
            },
            {
              "batter": "RB Patel",
              "bowler": "NN Odhiambo",
              "non_striker": "HB Kayondo",
              "runs": {
                "batter": 0,
                "extras": 0,
                "total": 0
              }
            },
            {
              "batter": "RB Patel",
              "bowler": "NN Odhiambo",
              "non_striker": "HB Kayondo",
              "runs": {
                "batter": 6,
                "extras": 0,
                "total": 6
              }
            },
            {
              "batter": "RB Patel",
              "bowler": "NN Odhiambo",
              "non_striker": "HB Kayondo",
              "runs": {
                "batter": 0,
                "extras": 0,
                "total": 0
              }
            },
            {
              "batter": "RB Patel",
              "bowler": "NN Odhiambo",
              "non_striker": "HB Kayondo",
              "runs": {
                "batter": 1,
                "extras": 0,
                "total": 1
              }
            },
            {
              "batter": "HB Kayondo",
              "bowler": "NN Odhiambo",
              "non_striker": "RB Patel",
              "runs": {
                "batter": 0,
                "extras": 0,
                "total": 0
              }
            }
          ]
        },
        {
          "over": 5,
          "deliveries": [
            {
              "batter": "RB Patel",
              "bowler": "EB Ringera",
              "non_striker": "HB Kayondo",
              "runs": {
                "batter": 0,
                "extras": 0,
                "total": 0
              }
            },
            {
              "batter": "RB Patel",
              "bowler": "EB Ringera",
              "non_striker": "HB Kayondo",
              "runs": {
                "batter": 1,
                "extras": 0,
                "total": 1
              }
            },
            {
              "batter": "HB Kayondo",
              "bowler": "EB Ringera",
              "non_striker": "RB Patel",
              "runs": {
                "batter": 0,
                "extras": 0,
                "total": 0
              }
            },
            {
              "batter": "HB Kayondo",
              "bowler": "EB Ringera",
              "non_striker": "RB Patel",
              "runs": {
                "batter": 6,
                "extras": 0,
                "total": 6
              }
            },
            {
              "batter": "HB Kayondo",
              "bowler": "EB Ringera",
              "non_striker": "RB Patel",
              "runs": {
                "batter": 4,
                "extras": 0,
                "total": 4
              }
            },
            {
              "batter": "HB Kayondo",
              "bowler": "EB Ringera",
              "non_striker": "RB Patel",
              "runs": {
                "batter": 0,
                "extras": 0,
                "total": 0
              }
            }
          ]
        },
        {
          "over": 6,
          "deliveries": [
            {
              "batter": "RB Patel",
              "bowler": "P Kerai",
              "non_striker": "HB Kayondo",
              "runs": {
                "batter": 0,
                "extras": 0,
                "total": 0
              }
            },
            {
              "batter": "RB Patel",
              "bowler": "P Kerai",
              "non_striker": "HB Kayondo",
              "runs": {
                "batter": 0,
                "extras": 0,
                "total": 0
              }
            },
            {
              "batter": "RB Patel",
              "bowler": "P Kerai",
              "non_striker": "HB Kayondo",
              "runs": {
                "batter": 1,
                "extras": 0,
                "total": 1
              }
            },
            {
              "batter": "HB Kayondo",
              "bowler": "P Kerai",
              "non_striker": "RB Patel",
              "runs": {
                "batter": 1,
                "extras": 0,
                "total": 1
              }
            },
            {
              "batter": "RB Patel",
              "bowler": "P Kerai",
              "non_striker": "HB Kayondo",
              "runs": {
                "batter": 1,
                "extras": 0,
                "total": 1
              }
            },
            {
              "batter": "HB Kayondo",
              "bowler": "P Kerai",
              "non_striker": "RB Patel",
              "runs": {
                "batter": 0,
                "extras": 0,
                "total": 0
              },
              "wickets": [
                {
                  "player_out": "HB Kayondo",
                  "kind": "bowled"
                }
              ]
            }
          ]
        },
        {
          "over": 7,
          "deliveries": [
            {
              "batter": "RB Patel",
              "bowler": "EB Ringera",
              "non_striker": "DM Nakrani",
              "runs": {
                "batter": 0,
                "extras": 0,
                "total": 0
              },
              "wickets": [
                {
                  "player_out": "RB Patel",
                  "kind": "lbw"
                }
              ]
            },
            {
              "batter": "Riazat Ali Shah",
              "bowler": "EB Ringera",
              "non_striker": "DM Nakrani",
              "runs": {
                "batter": 0,
                "extras": 0,
                "total": 0
              }
            },
            {
              "batter": "Riazat Ali Shah",
              "bowler": "EB Ringera",
              "non_striker": "DM Nakrani",
              "runs": {
                "batter": 0,
                "extras": 0,
                "total": 0
              }
            },
            {
              "batter": "Riazat Ali Shah",
              "bowler": "EB Ringera",
              "non_striker": "DM Nakrani",
              "runs": {
                "batter": 1,
                "extras": 0,
                "total": 1
              }
            },
            {
              "batter": "DM Nakrani",
              "bowler": "EB Ringera",
              "non_striker": "Riazat Ali Shah",
              "runs": {
                "batter": 1,
                "extras": 0,
                "total": 1
              }
            },
            {
              "batter": "Riazat Ali Shah",
              "bowler": "EB Ringera",
              "non_striker": "DM Nakrani",
              "runs": {
                "batter": 4,
                "extras": 0,
                "total": 4
              }
            }
          ]
        },
        {
          "over": 8,
          "deliveries": [
            {
              "batter": "DM Nakrani",
              "bowler": "P Kerai",
              "non_striker": "Riazat Ali Shah",
              "runs": {
                "batter": 4,
                "extras": 0,
                "total": 4
              }
            },
            {
              "batter": "DM Nakrani",
              "bowler": "P Kerai",
              "non_striker": "Riazat Ali Shah",
              "runs": {
                "batter": 1,
                "extras": 0,
                "total": 1
              }
            },
            {
              "batter": "Riazat Ali Shah",
              "bowler": "P Kerai",
              "non_striker": "DM Nakrani",
              "runs": {
                "batter": 2,
                "extras": 0,
                "total": 2
              }
            },
            {
              "batter": "Riazat Ali Shah",
              "bowler": "P Kerai",
              "non_striker": "DM Nakrani",
              "runs": {
                "batter": 2,
                "extras": 0,
                "total": 2
              }
            },
            {
              "batter": "Riazat Ali Shah",
              "bowler": "P Kerai",
              "non_striker": "DM Nakrani",
              "runs": {
                "batter": 4,
                "extras": 0,
                "total": 4
              }
            },
            {
              "batter": "Riazat Ali Shah",
              "bowler": "P Kerai",
              "non_striker": "DM Nakrani",
              "runs": {
                "batter": 0,
                "extras": 0,
                "total": 0
              }
            }
          ]
        },
        {
          "over": 9,
          "deliveries": [
            {
              "batter": "DM Nakrani",
              "bowler": "NM Odhiambo",
              "extras": {
                "legbyes": 1
              },
              "non_striker": "Riazat Ali Shah",
              "runs": {
                "batter": 0,
                "extras": 1,
                "total": 1
              }
            },
            {
              "batter": "Riazat Ali Shah",
              "bowler": "NM Odhiambo",
              "non_striker": "DM Nakrani",
              "runs": {
                "batter": 1,
                "extras": 0,
                "total": 1
              }
            },
            {
              "batter": "DM Nakrani",
              "bowler": "NM Odhiambo",
              "non_striker": "Riazat Ali Shah",
              "runs": {
                "batter": 1,
                "extras": 0,
                "total": 1
              }
            },
            {
              "batter": "Riazat Ali Shah",
              "bowler": "NM Odhiambo",
              "non_striker": "DM Nakrani",
              "runs": {
                "batter": 4,
                "extras": 0,
                "total": 4
              }
            },
            {
              "batter": "Riazat Ali Shah",
              "bowler": "NM Odhiambo",
              "non_striker": "DM Nakrani",
              "runs": {
                "batter": 1,
                "extras": 0,
                "total": 1
              }
            },
            {
              "batter": "DM Nakrani",
              "bowler": "NM Odhiambo",
              "non_striker": "Riazat Ali Shah",
              "runs": {
                "batter": 0,
                "extras": 0,
                "total": 0
              }
            }
          ]
        },
        {
          "over": 10,
          "deliveries": [
            {
              "batter": "Riazat Ali Shah",
              "bowler": "SO Ngoche",
              "non_striker": "DM Nakrani",
              "runs": {
                "batter": 1,
                "extras": 0,
                "total": 1
              }
            },
            {
              "batter": "DM Nakrani",
              "bowler": "SO Ngoche",
              "non_striker": "Riazat Ali Shah",
              "runs": {
                "batter": 6,
                "extras": 0,
                "total": 6
              }
            },
            {
              "batter": "DM Nakrani",
              "bowler": "SO Ngoche",
              "non_striker": "Riazat Ali Shah",
              "runs": {
                "batter": 0,
                "extras": 0,
                "total": 0
              }
            },
            {
              "batter": "DM Nakrani",
              "bowler": "SO Ngoche",
              "non_striker": "Riazat Ali Shah",
              "runs": {
                "batter": 1,
                "extras": 0,
                "total": 1
              }
            },
            {
              "batter": "Riazat Ali Shah",
              "bowler": "SO Ngoche",
              "non_striker": "DM Nakrani",
              "runs": {
                "batter": 1,
                "extras": 0,
                "total": 1
              }
            },
            {
              "batter": "DM Nakrani",
              "bowler": "SO Ngoche",
              "non_striker": "Riazat Ali Shah",
              "runs": {
                "batter": 1,
                "extras": 0,
                "total": 1
              }
            }
          ]
        },
        {
          "over": 11,
          "deliveries": [
            {
              "batter": "DM Nakrani",
              "bowler": "NM Odhiambo",
              "non_striker": "Riazat Ali Shah",
              "runs": {
                "batter": 1,
                "extras": 0,
                "total": 1
              }
            },
            {
              "batter": "Riazat Ali Shah",
              "bowler": "NM Odhiambo",
              "non_striker": "DM Nakrani",
              "runs": {
                "batter": 6,
                "extras": 0,
                "total": 6
              }
            },
            {
              "batter": "Riazat Ali Shah",
              "bowler": "NM Odhiambo",
              "non_striker": "DM Nakrani",
              "runs": {
                "batter": 4,
                "extras": 0,
                "total": 4
              }
            },
            {
              "batter": "Riazat Ali Shah",
              "bowler": "NM Odhiambo",
              "non_striker": "DM Nakrani",
              "runs": {
                "batter": 1,
                "extras": 0,
                "total": 1
              }
            },
            {
              "batter": "DM Nakrani",
              "bowler": "NM Odhiambo",
              "non_striker": "Riazat Ali Shah",
              "runs": {
                "batter": 1,
                "extras": 0,
                "total": 1
              }
            },
            {
              "batter": "Riazat Ali Shah",
              "bowler": "NM Odhiambo",
              "non_striker": "DM Nakrani",
              "runs": {
                "batter": 4,
                "extras": 0,
                "total": 4
              }
            }
          ]
        },
        {
          "over": 12,
          "deliveries": [
            {
              "batter": "DM Nakrani",
              "bowler": "P Kerai",
              "non_striker": "Riazat Ali Shah",
              "runs": {
                "batter": 6,
                "extras": 0,
                "total": 6
              }
            },
            {
              "batter": "DM Nakrani",
              "bowler": "P Kerai",
              "non_striker": "Riazat Ali Shah",
              "runs": {
                "batter": 2,
                "extras": 0,
                "total": 2
              }
            },
            {
              "batter": "DM Nakrani",
              "bowler": "P Kerai",
              "non_striker": "Riazat Ali Shah",
              "runs": {
                "batter": 1,
                "extras": 0,
                "total": 1
              }
            },
            {
              "batter": "Riazat Ali Shah",
              "bowler": "P Kerai",
              "non_striker": "DM Nakrani",
              "runs": {
                "batter": 1,
                "extras": 0,
                "total": 1
              }
            },
            {
              "batter": "DM Nakrani",
              "bowler": "P Kerai",
              "non_striker": "Riazat Ali Shah",
              "runs": {
                "batter": 0,
                "extras": 0,
                "total": 0
              }
            },
            {
              "batter": "DM Nakrani",
              "bowler": "P Kerai",
              "non_striker": "Riazat Ali Shah",
              "runs": {
                "batter": 4,
                "extras": 0,
                "total": 4
              }
            }
          ]
        },
        {
          "over": 13,
          "deliveries": [
            {
              "batter": "Riazat Ali Shah",
              "bowler": "SO Ngoche",
              "non_striker": "DM Nakrani",
              "runs": {
                "batter": 1,
                "extras": 0,
                "total": 1
              }
            },
            {
              "batter": "DM Nakrani",
              "bowler": "SO Ngoche",
              "non_striker": "Riazat Ali Shah",
              "runs": {
                "batter": 4,
                "extras": 0,
                "total": 4
              }
            },
            {
              "batter": "DM Nakrani",
              "bowler": "SO Ngoche",
              "non_striker": "Riazat Ali Shah",
              "runs": {
                "batter": 0,
                "extras": 0,
                "total": 0
              }
            },
            {
              "batter": "DM Nakrani",
              "bowler": "SO Ngoche",
              "non_striker": "Riazat Ali Shah",
              "runs": {
                "batter": 1,
                "extras": 0,
                "total": 1
              }
            },
            {
              "batter": "Riazat Ali Shah",
              "bowler": "SO Ngoche",
              "non_striker": "DM Nakrani",
              "runs": {
                "batter": 4,
                "extras": 0,
                "total": 4
              }
            },
            {
              "batter": "Riazat Ali Shah",
              "bowler": "SO Ngoche",
              "non_striker": "DM Nakrani",
              "runs": {
                "batter": 6,
                "extras": 0,
                "total": 6
              }
            }
          ]
        },
        {
          "over": 14,
          "deliveries": [
            {
              "batter": "DM Nakrani",
              "bowler": "NN Odhiambo",
              "non_striker": "Riazat Ali Shah",
              "runs": {
                "batter": 1,
                "extras": 0,
                "total": 1
              }
            },
            {
              "batter": "Riazat Ali Shah",
              "bowler": "NN Odhiambo",
              "non_striker": "DM Nakrani",
              "runs": {
                "batter": 2,
                "extras": 0,
                "total": 2
              }
            },
            {
              "batter": "Riazat Ali Shah",
              "bowler": "NN Odhiambo",
              "non_striker": "DM Nakrani",
              "runs": {
                "batter": 1,
                "extras": 0,
                "total": 1
              }
            },
            {
              "batter": "DM Nakrani",
              "bowler": "NN Odhiambo",
              "non_striker": "Riazat Ali Shah",
              "runs": {
                "batter": 6,
                "extras": 0,
                "total": 6
              }
            },
            {
              "batter": "DM Nakrani",
              "bowler": "NN Odhiambo",
              "non_striker": "Riazat Ali Shah",
              "runs": {
                "batter": 4,
                "extras": 0,
                "total": 4
              }
            },
            {
              "batter": "DM Nakrani",
              "bowler": "NN Odhiambo",
              "non_striker": "Riazat Ali Shah",
              "runs": {
                "batter": 0,
                "extras": 0,
                "total": 0
              }
            }
          ]
        },
        {
          "over": 15,
          "deliveries": [
            {
              "batter": "Riazat Ali Shah",
              "bowler": "LN Oluoch",
              "non_striker": "DM Nakrani",
              "runs": {
                "batter": 1,
                "extras": 0,
                "total": 1
              }
            },
            {
              "batter": "DM Nakrani",
              "bowler": "LN Oluoch",
              "non_striker": "Riazat Ali Shah",
              "runs": {
                "batter": 1,
                "extras": 0,
                "total": 1
              }
            },
            {
              "batter": "Riazat Ali Shah",
              "bowler": "LN Oluoch",
              "non_striker": "DM Nakrani",
              "runs": {
                "batter": 6,
                "extras": 0,
                "total": 6
              }
            },
            {
              "batter": "Riazat Ali Shah",
              "bowler": "LN Oluoch",
              "non_striker": "DM Nakrani",
              "runs": {
                "batter": 1,
                "extras": 0,
                "total": 1
              }
            },
            {
              "batter": "DM Nakrani",
              "bowler": "LN Oluoch",
              "non_striker": "Riazat Ali Shah",
              "runs": {
                "batter": 2,
                "extras": 0,
                "total": 2
              }
            },
            {
              "batter": "DM Nakrani",
              "bowler": "LN Oluoch",
              "non_striker": "Riazat Ali Shah",
              "runs": {
                "batter": 1,
                "extras": 0,
                "total": 1
              }
            }
          ]
        },
        {
          "over": 16,
          "deliveries": [
            {
              "batter": "DM Nakrani",
              "bowler": "NM Odhiambo",
              "extras": {
                "byes": 1
              },
              "non_striker": "Riazat Ali Shah",
              "runs": {
                "batter": 0,
                "extras": 1,
                "total": 1
              }
            },
            {
              "batter": "Riazat Ali Shah",
              "bowler": "NM Odhiambo",
              "non_striker": "DM Nakrani",
              "runs": {
                "batter": 1,
                "extras": 0,
                "total": 1
              }
            },
            {
              "batter": "DM Nakrani",
              "bowler": "NM Odhiambo",
              "non_striker": "Riazat Ali Shah",
              "runs": {
                "batter": 6,
                "extras": 0,
                "total": 6
              }
            },
            {
              "batter": "DM Nakrani",
              "bowler": "NM Odhiambo",
              "non_striker": "Riazat Ali Shah",
              "runs": {
                "batter": 0,
                "extras": 0,
                "total": 0
              }
            },
            {
              "batter": "DM Nakrani",
              "bowler": "NM Odhiambo",
              "non_striker": "Riazat Ali Shah",
              "runs": {
                "batter": 6,
                "extras": 0,
                "total": 6
              }
            },
            {
              "batter": "DM Nakrani",
              "bowler": "NM Odhiambo",
              "non_striker": "Riazat Ali Shah",
              "runs": {
                "batter": 0,
                "extras": 0,
                "total": 0
              }
            }
          ]
        },
        {
          "over": 17,
          "deliveries": [
            {
              "batter": "Riazat Ali Shah",
              "bowler": "EB Ringera",
              "non_striker": "DM Nakrani",
              "runs": {
                "batter": 1,
                "extras": 0,
                "total": 1
              }
            },
            {
              "batter": "DM Nakrani",
              "bowler": "EB Ringera",
              "non_striker": "Riazat Ali Shah",
              "runs": {
                "batter": 1,
                "extras": 0,
                "total": 1
              }
            },
            {
              "batter": "Riazat Ali Shah",
              "bowler": "EB Ringera",
              "non_striker": "DM Nakrani",
              "runs": {
                "batter": 1,
                "extras": 0,
                "total": 1
              }
            },
            {
              "batter": "DM Nakrani",
              "bowler": "EB Ringera",
              "extras": {
                "wides": 1
              },
              "non_striker": "Riazat Ali Shah",
              "runs": {
                "batter": 0,
                "extras": 1,
                "total": 1
              }
            },
            {
              "batter": "DM Nakrani",
              "bowler": "EB Ringera",
              "non_striker": "Riazat Ali Shah",
              "runs": {
                "batter": 4,
                "extras": 0,
                "total": 4
              }
            },
            {
              "batter": "DM Nakrani",
              "bowler": "EB Ringera",
              "extras": {
                "wides": 1
              },
              "non_striker": "Riazat Ali Shah",
              "runs": {
                "batter": 0,
                "extras": 1,
                "total": 1
              }
            },
            {
              "batter": "DM Nakrani",
              "bowler": "EB Ringera",
              "non_striker": "Riazat Ali Shah",
              "runs": {
                "batter": 6,
                "extras": 0,
                "total": 6
              }
            },
            {
              "batter": "DM Nakrani",
              "bowler": "EB Ringera",
              "non_striker": "Riazat Ali Shah",
              "runs": {
                "batter": 0,
                "extras": 0,
                "total": 0
              }
            }
          ]
        },
        {
          "over": 18,
          "deliveries": [
            {
              "batter": "Riazat Ali Shah",
              "bowler": "LN Oluoch",
              "non_striker": "DM Nakrani",
              "runs": {
                "batter": 4,
                "extras": 0,
                "total": 4
              }
            },
            {
              "batter": "Riazat Ali Shah",
              "bowler": "LN Oluoch",
              "extras": {
                "legbyes": 1
              },
              "non_striker": "DM Nakrani",
              "runs": {
                "batter": 0,
                "extras": 1,
                "total": 1
              }
            },
            {
              "batter": "DM Nakrani",
              "bowler": "LN Oluoch",
              "non_striker": "Riazat Ali Shah",
              "runs": {
                "batter": 1,
                "extras": 0,
                "total": 1
              }
            },
            {
              "batter": "Riazat Ali Shah",
              "bowler": "LN Oluoch",
              "non_striker": "DM Nakrani",
              "runs": {
                "batter": 4,
                "extras": 0,
                "total": 4
              }
            },
            {
              "batter": "Riazat Ali Shah",
              "bowler": "LN Oluoch",
              "non_striker": "DM Nakrani",
              "runs": {
                "batter": 2,
                "extras": 0,
                "total": 2
              }
            },
            {
              "batter": "Riazat Ali Shah",
              "bowler": "LN Oluoch",
              "non_striker": "DM Nakrani",
              "runs": {
                "batter": 1,
                "extras": 0,
                "total": 1
              }
            }
          ]
        },
        {
          "over": 19,
          "deliveries": [
            {
              "batter": "Riazat Ali Shah",
              "bowler": "EB Ringera",
              "non_striker": "DM Nakrani",
              "runs": {
                "batter": 1,
                "extras": 0,
                "total": 1
              }
            },
            {
              "batter": "DM Nakrani",
              "bowler": "EB Ringera",
              "non_striker": "Riazat Ali Shah",
              "runs": {
                "batter": 4,
                "extras": 0,
                "total": 4
              }
            },
            {
              "batter": "DM Nakrani",
              "bowler": "EB Ringera",
              "non_striker": "Riazat Ali Shah",
              "runs": {
                "batter": 4,
                "extras": 0,
                "total": 4
              }
            },
            {
              "batter": "DM Nakrani",
              "bowler": "EB Ringera",
              "non_striker": "Riazat Ali Shah",
              "runs": {
                "batter": 0,
                "extras": 0,
                "total": 0
              }
            },
            {
              "batter": "DM Nakrani",
              "bowler": "EB Ringera",
              "non_striker": "Riazat Ali Shah",
              "runs": {
                "batter": 4,
                "extras": 0,
                "total": 4
              }
            },
            {
              "batter": "DM Nakrani",
              "bowler": "EB Ringera",
              "non_striker": "Riazat Ali Shah",
              "runs": {
                "batter": 2,
                "extras": 0,
                "total": 2
              }
            }
          ]
        }
      ],
      "powerplays": [
        {
          "from": 0.1,
          "to": 5.6,
          "type": "mandatory"
        }
      ]
    },
    {
      "team": "Kenya",
      "overs": [
        {
          "over": 0,
          "deliveries": [
            {
              "batter": "DM Gondaria",
              "bowler": "C Waiswa",
              "non_striker": "AA Obanda",
              "runs": {
                "batter": 4,
                "extras": 0,
                "total": 4
              }
            },
            {
              "batter": "DM Gondaria",
              "bowler": "C Waiswa",
              "non_striker": "AA Obanda",
              "runs": {
                "batter": 1,
                "extras": 0,
                "total": 1
              }
            },
            {
              "batter": "AA Obanda",
              "bowler": "C Waiswa",
              "non_striker": "DM Gondaria",
              "runs": {
                "batter": 0,
                "extras": 0,
                "total": 0
              }
            },
            {
              "batter": "AA Obanda",
              "bowler": "C Waiswa",
              "non_striker": "DM Gondaria",
              "runs": {
                "batter": 4,
                "extras": 0,
                "total": 4
              }
            },
            {
              "batter": "AA Obanda",
              "bowler": "C Waiswa",
              "extras": {
                "wides": 2
              },
              "non_striker": "DM Gondaria",
              "runs": {
                "batter": 0,
                "extras": 2,
                "total": 2
              }
            },
            {
              "batter": "DM Gondaria",
              "bowler": "C Waiswa",
              "non_striker": "AA Obanda",
              "runs": {
                "batter": 1,
                "extras": 0,
                "total": 1
              }
            },
            {
              "batter": "AA Obanda",
              "bowler": "C Waiswa",
              "non_striker": "DM Gondaria",
              "runs": {
                "batter": 4,
                "extras": 0,
                "total": 4
              }
            }
          ]
        },
        {
          "over": 1,
          "deliveries": [
            {
              "batter": "DM Gondaria",
              "bowler": "Bilal Hassun",
              "non_striker": "AA Obanda",
              "runs": {
                "batter": 0,
                "extras": 0,
                "total": 0
              }
            },
            {
              "batter": "DM Gondaria",
              "bowler": "Bilal Hassun",
              "non_striker": "AA Obanda",
              "runs": {
                "batter": 3,
                "extras": 0,
                "total": 3
              }
            },
            {
              "batter": "AA Obanda",
              "bowler": "Bilal Hassun",
              "non_striker": "DM Gondaria",
              "runs": {
                "batter": 1,
                "extras": 0,
                "total": 1
              }
            },
            {
              "batter": "DM Gondaria",
              "bowler": "Bilal Hassun",
              "non_striker": "AA Obanda",
              "runs": {
                "batter": 1,
                "extras": 0,
                "total": 1
              }
            },
            {
              "batter": "AA Obanda",
              "bowler": "Bilal Hassun",
              "non_striker": "DM Gondaria",
              "runs": {
                "batter": 1,
                "extras": 0,
                "total": 1
              }
            },
            {
              "batter": "DM Gondaria",
              "bowler": "Bilal Hassun",
              "non_striker": "AA Obanda",
              "runs": {
                "batter": 1,
                "extras": 0,
                "total": 1
              }
            }
          ]
        },
        {
          "over": 2,
          "deliveries": [
            {
              "batter": "DM Gondaria",
              "bowler": "Mohammed Irfan",
              "non_striker": "AA Obanda",
              "runs": {
                "batter": 4,
                "extras": 0,
                "total": 4
              }
            },
            {
              "batter": "DM Gondaria",
              "bowler": "Mohammed Irfan",
              "non_striker": "AA Obanda",
              "runs": {
                "batter": 1,
                "extras": 0,
                "total": 1
              }
            },
            {
              "batter": "AA Obanda",
              "bowler": "Mohammed Irfan",
              "non_striker": "DM Gondaria",
              "runs": {
                "batter": 4,
                "extras": 0,
                "total": 4
              }
            },
            {
              "batter": "AA Obanda",
              "bowler": "Mohammed Irfan",
              "non_striker": "DM Gondaria",
              "runs": {
                "batter": 6,
                "extras": 0,
                "total": 6
              }
            },
            {
              "batter": "AA Obanda",
              "bowler": "Mohammed Irfan",
              "non_striker": "DM Gondaria",
              "runs": {
                "batter": 0,
                "extras": 0,
                "total": 0
              }
            },
            {
              "batter": "AA Obanda",
              "bowler": "Mohammed Irfan",
              "non_striker": "DM Gondaria",
              "runs": {
                "batter": 1,
                "extras": 0,
                "total": 1
              }
            }
          ]
        },
        {
          "over": 3,
          "deliveries": [
            {
              "batter": "AA Obanda",
              "bowler": "Bilal Hassun",
              "non_striker": "DM Gondaria",
              "runs": {
                "batter": 4,
                "extras": 0,
                "total": 4
              }
            },
            {
              "batter": "AA Obanda",
              "bowler": "Bilal Hassun",
              "non_striker": "DM Gondaria",
              "runs": {
                "batter": 4,
                "extras": 0,
                "total": 4
              }
            },
            {
              "batter": "AA Obanda",
              "bowler": "Bilal Hassun",
              "non_striker": "DM Gondaria",
              "runs": {
                "batter": 1,
                "extras": 0,
                "total": 1
              }
            },
            {
              "batter": "DM Gondaria",
              "bowler": "Bilal Hassun",
              "non_striker": "AA Obanda",
              "runs": {
                "batter": 1,
                "extras": 0,
                "total": 1
              }
            },
            {
              "batter": "AA Obanda",
              "bowler": "Bilal Hassun",
              "non_striker": "DM Gondaria",
              "runs": {
                "batter": 0,
                "extras": 0,
                "total": 0
              }
            },
            {
              "batter": "AA Obanda",
              "bowler": "Bilal Hassun",
              "extras": {
                "legbyes": 1
              },
              "non_striker": "DM Gondaria",
              "runs": {
                "batter": 0,
                "extras": 1,
                "total": 1
              }
            }
          ]
        },
        {
          "over": 4,
          "deliveries": [
            {
              "batter": "AA Obanda",
              "bowler": "Riazat Ali Shah",
              "non_striker": "DM Gondaria",
              "runs": {
                "batter": 4,
                "extras": 0,
                "total": 4
              }
            },
            {
              "batter": "AA Obanda",
              "bowler": "Riazat Ali Shah",
              "non_striker": "DM Gondaria",
              "runs": {
                "batter": 1,
                "extras": 0,
                "total": 1
              }
            },
            {
              "batter": "DM Gondaria",
              "bowler": "Riazat Ali Shah",
              "non_striker": "AA Obanda",
              "runs": {
                "batter": 4,
                "extras": 0,
                "total": 4
              }
            },
            {
              "batter": "DM Gondaria",
              "bowler": "Riazat Ali Shah",
              "non_striker": "AA Obanda",
              "runs": {
                "batter": 6,
                "extras": 0,
                "total": 6
              }
            },
            {
              "batter": "DM Gondaria",
              "bowler": "Riazat Ali Shah",
              "non_striker": "AA Obanda",
              "runs": {
                "batter": 4,
                "extras": 0,
                "total": 4
              }
            },
            {
              "batter": "DM Gondaria",
              "bowler": "Riazat Ali Shah",
              "non_striker": "AA Obanda",
              "runs": {
                "batter": 6,
                "extras": 0,
                "total": 6
              }
            }
          ]
        },
        {
          "over": 5,
          "deliveries": [
            {
              "batter": "AA Obanda",
              "bowler": "Mohammed Irfan",
              "non_striker": "DM Gondaria",
              "runs": {
                "batter": 0,
                "extras": 0,
                "total": 0
              },
              "wickets": [
                {
                  "player_out": "AA Obanda",
                  "fielders": [
                    {
                      "name": "RB Patel"
                    }
                  ],
                  "kind": "caught"
                }
              ]
            },
            {
              "batter": "RR Patel",
              "bowler": "Mohammed Irfan",
              "non_striker": "DM Gondaria",
              "runs": {
                "batter": 0,
                "extras": 0,
                "total": 0
              }
            },
            {
              "batter": "RR Patel",
              "bowler": "Mohammed Irfan",
              "non_striker": "DM Gondaria",
              "runs": {
                "batter": 0,
                "extras": 0,
                "total": 0
              }
            },
            {
              "batter": "RR Patel",
              "bowler": "Mohammed Irfan",
              "non_striker": "DM Gondaria",
              "runs": {
                "batter": 0,
                "extras": 0,
                "total": 0
              }
            },
            {
              "batter": "RR Patel",
              "bowler": "Mohammed Irfan",
              "non_striker": "DM Gondaria",
              "runs": {
                "batter": 0,
                "extras": 0,
                "total": 0
              }
            },
            {
              "batter": "RR Patel",
              "bowler": "Mohammed Irfan",
              "non_striker": "DM Gondaria",
              "runs": {
                "batter": 1,
                "extras": 0,
                "total": 1
              }
            }
          ]
        },
        {
          "over": 6,
          "deliveries": [
            {
              "batter": "RR Patel",
              "bowler": "DM Nakrani",
              "extras": {
                "wides": 1
              },
              "non_striker": "DM Gondaria",
              "runs": {
                "batter": 0,
                "extras": 1,
                "total": 1
              }
            },
            {
              "batter": "RR Patel",
              "bowler": "DM Nakrani",
              "non_striker": "DM Gondaria",
              "runs": {
                "batter": 0,
                "extras": 0,
                "total": 0
              }
            },
            {
              "batter": "RR Patel",
              "bowler": "DM Nakrani",
              "non_striker": "DM Gondaria",
              "runs": {
                "batter": 4,
                "extras": 0,
                "total": 4
              }
            },
            {
              "batter": "RR Patel",
              "bowler": "DM Nakrani",
              "non_striker": "DM Gondaria",
              "runs": {
                "batter": 6,
                "extras": 0,
                "total": 6
              }
            },
            {
              "batter": "RR Patel",
              "bowler": "DM Nakrani",
              "non_striker": "DM Gondaria",
              "runs": {
                "batter": 0,
                "extras": 0,
                "total": 0
              }
            },
            {
              "batter": "RR Patel",
              "bowler": "DM Nakrani",
              "non_striker": "DM Gondaria",
              "runs": {
                "batter": 4,
                "extras": 0,
                "total": 4
              }
            },
            {
              "batter": "RR Patel",
              "bowler": "DM Nakrani",
              "non_striker": "DM Gondaria",
              "runs": {
                "batter": 6,
                "extras": 0,
                "total": 6
              }
            }
          ]
        },
        {
          "over": 7,
          "deliveries": [
            {
              "batter": "DM Gondaria",
              "bowler": "F Nsubuga",
              "non_striker": "RR Patel",
              "runs": {
                "batter": 1,
                "extras": 0,
                "total": 1
              }
            },
            {
              "batter": "RR Patel",
              "bowler": "F Nsubuga",
              "non_striker": "DM Gondaria",
              "runs": {
                "batter": 2,
                "extras": 0,
                "total": 2
              }
            },
            {
              "batter": "RR Patel",
              "bowler": "F Nsubuga",
              "non_striker": "DM Gondaria",
              "runs": {
                "batter": 1,
                "extras": 0,
                "total": 1
              }
            },
            {
              "batter": "DM Gondaria",
              "bowler": "F Nsubuga",
              "non_striker": "RR Patel",
              "runs": {
                "batter": 0,
                "extras": 0,
                "total": 0
              }
            },
            {
              "batter": "DM Gondaria",
              "bowler": "F Nsubuga",
              "non_striker": "RR Patel",
              "runs": {
                "batter": 1,
                "extras": 0,
                "total": 1
              }
            },
            {
              "batter": "RR Patel",
              "bowler": "F Nsubuga",
              "non_striker": "DM Gondaria",
              "runs": {
                "batter": 0,
                "extras": 0,
                "total": 0
              }
            }
          ]
        },
        {
          "over": 8,
          "deliveries": [
            {
              "batter": "DM Gondaria",
              "bowler": "DM Nakrani",
              "non_striker": "RR Patel",
              "runs": {
                "batter": 2,
                "extras": 0,
                "total": 2
              }
            },
            {
              "batter": "DM Gondaria",
              "bowler": "DM Nakrani",
              "non_striker": "RR Patel",
              "runs": {
                "batter": 1,
                "extras": 0,
                "total": 1
              }
            },
            {
              "batter": "RR Patel",
              "bowler": "DM Nakrani",
              "non_striker": "DM Gondaria",
              "runs": {
                "batter": 1,
                "extras": 0,
                "total": 1
              }
            },
            {
              "batter": "DM Gondaria",
              "bowler": "DM Nakrani",
              "non_striker": "RR Patel",
              "runs": {
                "batter": 0,
                "extras": 0,
                "total": 0
              }
            },
            {
              "batter": "DM Gondaria",
              "bowler": "DM Nakrani",
              "extras": {
                "legbyes": 1
              },
              "non_striker": "RR Patel",
              "runs": {
                "batter": 0,
                "extras": 1,
                "total": 1
              }
            },
            {
              "batter": "RR Patel",
              "bowler": "DM Nakrani",
              "non_striker": "DM Gondaria",
              "runs": {
                "batter": 4,
                "extras": 0,
                "total": 4
              }
            }
          ]
        },
        {
          "over": 9,
          "deliveries": [
            {
              "batter": "DM Gondaria",
              "bowler": "F Nsubuga",
              "non_striker": "RR Patel",
              "runs": {
                "batter": 1,
                "extras": 0,
                "total": 1
              }
            },
            {
              "batter": "RR Patel",
              "bowler": "F Nsubuga",
              "non_striker": "DM Gondaria",
              "runs": {
                "batter": 1,
                "extras": 0,
                "total": 1
              }
            },
            {
              "batter": "DM Gondaria",
              "bowler": "F Nsubuga",
              "non_striker": "RR Patel",
              "runs": {
                "batter": 1,
                "extras": 0,
                "total": 1
              }
            },
            {
              "batter": "RR Patel",
              "bowler": "F Nsubuga",
              "non_striker": "DM Gondaria",
              "runs": {
                "batter": 1,
                "extras": 0,
                "total": 1
              }
            },
            {
              "batter": "DM Gondaria",
              "bowler": "F Nsubuga",
              "non_striker": "RR Patel",
              "runs": {
                "batter": 1,
                "extras": 0,
                "total": 1
              }
            },
            {
              "batter": "RR Patel",
              "bowler": "F Nsubuga",
              "extras": {
                "wides": 1
              },
              "non_striker": "DM Gondaria",
              "runs": {
                "batter": 0,
                "extras": 1,
                "total": 1
              }
            },
            {
              "batter": "RR Patel",
              "bowler": "F Nsubuga",
              "non_striker": "DM Gondaria",
              "runs": {
                "batter": 0,
                "extras": 0,
                "total": 0
              }
            }
          ]
        },
        {
          "over": 10,
          "deliveries": [
            {
              "batter": "DM Gondaria",
              "bowler": "C Waiswa",
              "non_striker": "RR Patel",
              "runs": {
                "batter": 2,
                "extras": 0,
                "total": 2
              }
            },
            {
              "batter": "DM Gondaria",
              "bowler": "C Waiswa",
              "non_striker": "RR Patel",
              "runs": {
                "batter": 6,
                "extras": 0,
                "total": 6
              }
            },
            {
              "batter": "DM Gondaria",
              "bowler": "C Waiswa",
              "non_striker": "RR Patel",
              "runs": {
                "batter": 0,
                "extras": 0,
                "total": 0
              }
            },
            {
              "batter": "DM Gondaria",
              "bowler": "C Waiswa",
              "non_striker": "RR Patel",
              "runs": {
                "batter": 2,
                "extras": 0,
                "total": 2
              }
            },
            {
              "batter": "DM Gondaria",
              "bowler": "C Waiswa",
              "extras": {
                "noballs": 1
              },
              "non_striker": "RR Patel",
              "runs": {
                "batter": 0,
                "extras": 1,
                "total": 1
              }
            },
            {
              "batter": "DM Gondaria",
              "bowler": "C Waiswa",
              "non_striker": "RR Patel",
              "runs": {
                "batter": 1,
                "extras": 0,
                "total": 1
              }
            },
            {
              "batter": "RR Patel",
              "bowler": "C Waiswa",
              "non_striker": "DM Gondaria",
              "runs": {
                "batter": 0,
                "extras": 0,
                "total": 0
              },
              "wickets": [
                {
                  "player_out": "RR Patel",
                  "fielders": [
                    {
                      "name": "K Waiswa"
                    }
                  ],
                  "kind": "caught"
                }
              ]
            }
          ]
        },
        {
          "over": 11,
          "deliveries": [
            {
              "batter": "DM Gondaria",
              "bowler": "F Nsubuga",
              "non_striker": "CO Obuya",
              "runs": {
                "batter": 0,
                "extras": 0,
                "total": 0
              }
            },
            {
              "batter": "DM Gondaria",
              "bowler": "F Nsubuga",
              "non_striker": "CO Obuya",
              "runs": {
                "batter": 1,
                "extras": 0,
                "total": 1
              }
            },
            {
              "batter": "CO Obuya",
              "bowler": "F Nsubuga",
              "non_striker": "DM Gondaria",
              "runs": {
                "batter": 1,
                "extras": 0,
                "total": 1
              }
            },
            {
              "batter": "DM Gondaria",
              "bowler": "F Nsubuga",
              "non_striker": "CO Obuya",
              "runs": {
                "batter": 1,
                "extras": 0,
                "total": 1
              }
            },
            {
              "batter": "CO Obuya",
              "bowler": "F Nsubuga",
              "non_striker": "DM Gondaria",
              "runs": {
                "batter": 1,
                "extras": 0,
                "total": 1
              }
            },
            {
              "batter": "DM Gondaria",
              "bowler": "F Nsubuga",
              "non_striker": "CO Obuya",
              "runs": {
                "batter": 1,
                "extras": 0,
                "total": 1
              }
            }
          ]
        },
        {
          "over": 12,
          "deliveries": [
            {
              "batter": "DM Gondaria",
              "bowler": "Mohammed Irfan",
              "non_striker": "CO Obuya",
              "runs": {
                "batter": 6,
                "extras": 0,
                "total": 6
              }
            },
            {
              "batter": "DM Gondaria",
              "bowler": "Mohammed Irfan",
              "non_striker": "CO Obuya",
              "runs": {
                "batter": 0,
                "extras": 0,
                "total": 0
              }
            },
            {
              "batter": "DM Gondaria",
              "bowler": "Mohammed Irfan",
              "extras": {
                "byes": 1
              },
              "non_striker": "CO Obuya",
              "runs": {
                "batter": 0,
                "extras": 1,
                "total": 1
              }
            },
            {
              "batter": "CO Obuya",
              "bowler": "Mohammed Irfan",
              "non_striker": "DM Gondaria",
              "runs": {
                "batter": 1,
                "extras": 0,
                "total": 1
              }
            },
            {
              "batter": "DM Gondaria",
              "bowler": "Mohammed Irfan",
              "non_striker": "CO Obuya",
              "runs": {
                "batter": 6,
                "extras": 0,
                "total": 6
              }
            },
            {
              "batter": "DM Gondaria",
              "bowler": "Mohammed Irfan",
              "non_striker": "CO Obuya",
              "runs": {
                "batter": 0,
                "extras": 0,
                "total": 0
              }
            }
          ]
        },
        {
          "over": 13,
          "deliveries": [
            {
              "batter": "CO Obuya",
              "bowler": "F Nsubuga",
              "non_striker": "DM Gondaria",
              "runs": {
                "batter": 0,
                "extras": 0,
                "total": 0
              }
            },
            {
              "batter": "CO Obuya",
              "bowler": "F Nsubuga",
              "non_striker": "DM Gondaria",
              "runs": {
                "batter": 6,
                "extras": 0,
                "total": 6
              }
            },
            {
              "batter": "CO Obuya",
              "bowler": "F Nsubuga",
              "non_striker": "DM Gondaria",
              "runs": {
                "batter": 6,
                "extras": 0,
                "total": 6
              }
            },
            {
              "batter": "CO Obuya",
              "bowler": "F Nsubuga",
              "non_striker": "DM Gondaria",
              "runs": {
                "batter": 6,
                "extras": 0,
                "total": 6
              }
            },
            {
              "batter": "CO Obuya",
              "bowler": "F Nsubuga",
              "non_striker": "DM Gondaria",
              "runs": {
                "batter": 6,
                "extras": 0,
                "total": 6
              }
            },
            {
              "batter": "CO Obuya",
              "bowler": "F Nsubuga",
              "non_striker": "DM Gondaria",
              "runs": {
                "batter": 1,
                "extras": 0,
                "total": 1
              }
            }
          ]
        },
        {
          "over": 14,
          "deliveries": [
            {
              "batter": "CO Obuya",
              "bowler": "Bilal Hassun",
              "extras": {
                "noballs": 1
              },
              "non_striker": "DM Gondaria",
              "runs": {
                "batter": 1,
                "extras": 1,
                "total": 2
              }
            },
            {
              "batter": "DM Gondaria",
              "bowler": "Bilal Hassun",
              "non_striker": "CO Obuya",
              "runs": {
                "batter": 2,
                "extras": 0,
                "total": 2
              }
            },
            {
              "batter": "DM Gondaria",
              "bowler": "Bilal Hassun",
              "non_striker": "CO Obuya",
              "runs": {
                "batter": 4,
                "extras": 0,
                "total": 4
              }
            },
            {
              "batter": "DM Gondaria",
              "bowler": "Bilal Hassun",
              "non_striker": "CO Obuya",
              "runs": {
                "batter": 6,
                "extras": 0,
                "total": 6
              }
            },
            {
              "batter": "DM Gondaria",
              "bowler": "Bilal Hassun",
              "non_striker": "CO Obuya",
              "runs": {
                "batter": 1,
                "extras": 0,
                "total": 1
              }
            },
            {
              "batter": "CO Obuya",
              "bowler": "Bilal Hassun",
              "non_striker": "DM Gondaria",
              "runs": {
                "batter": 0,
                "extras": 0,
                "total": 0
              }
            },
            {
              "batter": "CO Obuya",
              "bowler": "Bilal Hassun",
              "non_striker": "DM Gondaria",
              "runs": {
                "batter": 0,
                "extras": 0,
                "total": 0
              },
              "wickets": [
                {
                  "player_out": "CO Obuya",
                  "kind": "lbw"
                }
              ]
            }
          ]
        },
        {
          "over": 15,
          "deliveries": [
            {
              "batter": "DM Gondaria",
              "bowler": "DM Nakrani",
              "non_striker": "NM Odhiambo",
              "runs": {
                "batter": 0,
                "extras": 0,
                "total": 0
              }
            },
            {
              "batter": "DM Gondaria",
              "bowler": "DM Nakrani",
              "non_striker": "NM Odhiambo",
              "runs": {
                "batter": 6,
                "extras": 0,
                "total": 6
              }
            },
            {
              "batter": "DM Gondaria",
              "bowler": "DM Nakrani",
              "non_striker": "NM Odhiambo",
              "runs": {
                "batter": 0,
                "extras": 0,
                "total": 0
              },
              "wickets": [
                {
                  "player_out": "DM Gondaria",
                  "fielders": [
                    {
                      "name": "K Waiswa"
                    }
                  ],
                  "kind": "caught"
                }
              ]
            },
            {
              "batter": "NM Odhiambo",
              "bowler": "DM Nakrani",
              "non_striker": "SO Ngoche",
              "runs": {
                "batter": 2,
                "extras": 0,
                "total": 2
              }
            },
            {
              "batter": "NM Odhiambo",
              "bowler": "DM Nakrani",
              "non_striker": "SO Ngoche",
              "runs": {
                "batter": 0,
                "extras": 0,
                "total": 0
              },
              "wickets": [
                {
                  "player_out": "NM Odhiambo",
                  "fielders": [
                    {
                      "name": "HB Kayondo"
                    }
                  ],
                  "kind": "caught"
                }
              ]
            },
            {
              "batter": "SO Ngoche",
              "bowler": "DM Nakrani",
              "non_striker": "LN Oluoch",
              "runs": {
                "batter": 6,
                "extras": 0,
                "total": 6
              }
            }
          ]
        },
        {
          "over": 16,
          "deliveries": [
            {
              "batter": "LN Oluoch",
              "bowler": "Mohammed Irfan",
              "extras": {
                "byes": 1
              },
              "non_striker": "SO Ngoche",
              "runs": {
                "batter": 0,
                "extras": 1,
                "total": 1
              }
            },
            {
              "batter": "SO Ngoche",
              "bowler": "Mohammed Irfan",
              "non_striker": "LN Oluoch",
              "runs": {
                "batter": 1,
                "extras": 0,
                "total": 1
              }
            },
            {
              "batter": "LN Oluoch",
              "bowler": "Mohammed Irfan",
              "non_striker": "SO Ngoche",
              "runs": {
                "batter": 0,
                "extras": 0,
                "total": 0
              }
            },
            {
              "batter": "LN Oluoch",
              "bowler": "Mohammed Irfan",
              "non_striker": "SO Ngoche",
              "runs": {
                "batter": 1,
                "extras": 0,
                "total": 1
              }
            },
            {
              "batter": "SO Ngoche",
              "bowler": "Mohammed Irfan",
              "non_striker": "LN Oluoch",
              "runs": {
                "batter": 1,
                "extras": 0,
                "total": 1
              }
            },
            {
              "batter": "LN Oluoch",
              "bowler": "Mohammed Irfan",
              "extras": {
                "legbyes": 1
              },
              "non_striker": "SO Ngoche",
              "runs": {
                "batter": 0,
                "extras": 1,
                "total": 1
              }
            }
          ]
        },
        {
          "over": 17,
          "deliveries": [
            {
              "batter": "LN Oluoch",
              "bowler": "DM Nakrani",
              "extras": {
                "legbyes": 1
              },
              "non_striker": "SO Ngoche",
              "runs": {
                "batter": 0,
                "extras": 1,
                "total": 1
              }
            },
            {
              "batter": "SO Ngoche",
              "bowler": "DM Nakrani",
              "non_striker": "LN Oluoch",
              "runs": {
                "batter": 6,
                "extras": 0,
                "total": 6
              }
            },
            {
              "batter": "SO Ngoche",
              "bowler": "DM Nakrani",
              "non_striker": "LN Oluoch",
              "runs": {
                "batter": 0,
                "extras": 0,
                "total": 0
              }
            },
            {
              "batter": "SO Ngoche",
              "bowler": "DM Nakrani",
              "non_striker": "LN Oluoch",
              "runs": {
                "batter": 1,
                "extras": 0,
                "total": 1
              }
            },
            {
              "batter": "LN Oluoch",
              "bowler": "DM Nakrani",
              "non_striker": "SO Ngoche",
              "runs": {
                "batter": 6,
                "extras": 0,
                "total": 6
              }
            },
            {
              "batter": "LN Oluoch",
              "bowler": "DM Nakrani",
              "non_striker": "SO Ngoche",
              "runs": {
                "batter": 1,
                "extras": 0,
                "total": 1
              }
            }
          ]
        },
        {
          "over": 18,
          "deliveries": [
            {
              "batter": "LN Oluoch",
              "bowler": "Bilal Hassun",
              "non_striker": "SO Ngoche",
              "runs": {
                "batter": 0,
                "extras": 0,
                "total": 0
              }
            },
            {
              "batter": "LN Oluoch",
              "bowler": "Bilal Hassun",
              "extras": {
                "wides": 1
              },
              "non_striker": "SO Ngoche",
              "runs": {
                "batter": 0,
                "extras": 1,
                "total": 1
              }
            },
            {
              "batter": "LN Oluoch",
              "bowler": "Bilal Hassun",
              "non_striker": "SO Ngoche",
              "runs": {
                "batter": 1,
                "extras": 0,
                "total": 1
              }
            },
            {
              "batter": "SO Ngoche",
              "bowler": "Bilal Hassun",
              "non_striker": "LN Oluoch",
              "runs": {
                "batter": 6,
                "extras": 0,
                "total": 6
              }
            },
            {
              "batter": "SO Ngoche",
              "bowler": "Bilal Hassun",
              "non_striker": "LN Oluoch",
              "runs": {
                "batter": 2,
                "extras": 0,
                "total": 2
              }
            },
            {
              "batter": "SO Ngoche",
              "bowler": "Bilal Hassun",
              "extras": {
                "noballs": 1
              },
              "non_striker": "LN Oluoch",
              "runs": {
                "batter": 1,
                "extras": 1,
                "total": 2
              }
            },
            {
              "batter": "LN Oluoch",
              "bowler": "Bilal Hassun",
              "non_striker": "SO Ngoche",
              "runs": {
                "batter": 4,
                "extras": 0,
                "total": 4
              }
            },
            {
              "batter": "LN Oluoch",
              "bowler": "Bilal Hassun",
              "non_striker": "SO Ngoche",
              "runs": {
                "batter": 1,
                "extras": 0,
                "total": 1
              }
            }
          ]
        },
        {
          "over": 19,
          "deliveries": [
            {
              "batter": "LN Oluoch",
              "bowler": "RG Mukasa",
              "non_striker": "SO Ngoche",
              "runs": {
                "batter": 1,
                "extras": 0,
                "total": 1
              }
            },
            {
              "batter": "SO Ngoche",
              "bowler": "RG Mukasa",
              "non_striker": "LN Oluoch",
              "runs": {
                "batter": 0,
                "extras": 0,
                "total": 0
              },
              "wickets": [
                {
                  "player_out": "LN Oluoch",
                  "kind": "run out"
                }
              ]
            },
            {
              "batter": "SO Ngoche",
              "bowler": "RG Mukasa",
              "non_striker": "NN Odhiambo",
              "runs": {
                "batter": 1,
                "extras": 0,
                "total": 1
              }
            }
          ]
        }
      ],
      "powerplays": [
        {
          "from": 0.1,
          "to": 5.6,
          "type": "mandatory"
        }
      ],
      "target": {
        "overs": 20,
        "runs": 241
      }
    }
  ]
}