{
  "meta": {
    "data_version": "1.0.0",
    "created": "2020-09-14",
    "revision": 3
  },
  "info": {
    "balls_per_over": 6,
    "dates": [
      "2018-07-13"
    ],
    "event": {
      "name": "ICC World Twenty20 Africa Region Qualifier B",
      "match_number": 9
    },
    "gender": "male",
    "match_type": "IT20",
    "officials": {
      "match_referees": [
        "D Govindjee"
      ],
      "reserve_umpires": [
        "IO Oyieko"
      ],
      "umpires": [
        "S George",
        "C Thorburn"
      ]
    },
    "outcome": {
      "winner": "Kenya",
      "by": {
        "runs": 56
      }
    },
    "overs": 20,
    "player_of_match": [
      "AA Obanda"
    ],
    "players": {
      "Kenya": [
        "DM Gondaria",
        "AA Obanda",
        "RR Patel",
        "RN Patel",
        "SO Ngoche",
        "Gurdeep Singh",
        "P Kerai",
        "EB Ringera",
        "NN Odhiambo",
        "NM Odhiambo",
        "LN Oluoch"
      ],
      "Tanzania": [
        "Jitin Singh",
        "AR Patwa",
        "R Amarshi",
        "Muhammad Zafar Khan",
        "JC Darji",
        "ZR Jaboneke",
        "KN Mussa",
        "SJ Ally",
        "N Mapunda",
        "H Ramaiya",
        "RK Kiseto"
      ]
    },
    "registry": {
      "people": {
        "AA Obanda": "7081491e",
        "AR Patwa": "b43f7a6a",
        "C Thorburn": "904288fe",
        "D Govindjee": "8b4c4069",
        "DM Gondaria": "9048c17e",
        "EB Ringera": "6cedad99",
        "Gurdeep Singh": "31865a5b",
        "H Ramaiya": "895faea3",
        "IO Oyieko": "de4828fa",
        "JC Darji": "6d5983d4",
        "Jitin Singh": "b7db83eb",
        "KN Mussa": "49be2f58",
        "LN Oluoch": "eb4f9c61",
        "Muhammad Zafar Khan": "6d5e66b1",
        "N Mapunda": "a94c2947",
        "NM Odhiambo": "c07a1f41",
        "NN Odhiambo": "753b5a2d",
        "P Kerai": "ab343e93",
        "R Amarshi": "4a441764",
        "RK Kiseto": "780d1997",
        "RN Patel": "db1bf9c2",
        "RR Patel": "7fa6bd8e",
        "S George": "6d9e5a54",
        "SJ Ally": "a5dfcd4b",
        "SO Ngoche": "49118dc7",
        "ZR Jaboneke": "438aef39"
      }
    },
    "season": "2018",
    "team_type": "international",
    "teams": [
      "Kenya",
      "Tanzania"
    ],
    "toss": {
      "decision": "bat",
      "winner": "Kenya"
    },
    "venue": "Gahanga International Cricket Stadium. Rwanda"
  },
  "innings": [
    {
      "team": "Kenya",
      "overs": [
        {
          "over": 0,
          "deliveries": [
            {
              "batter": "DM Gondaria",
              "bowler": "SJ Ally",
              "extras": {
                "wides": 1
              },
              "non_striker": "AA Obanda",
              "runs": {
                "batter": 0,
                "extras": 1,
                "total": 1
              }
            },
            {
              "batter": "DM Gondaria",
              "bowler": "SJ Ally",
              "extras": {
                "wides": 1
              },
              "non_striker": "AA Obanda",
              "runs": {
                "batter": 0,
                "extras": 1,
                "total": 1
              }
            },
            {
              "batter": "DM Gondaria",
              "bowler": "SJ Ally",
              "extras": {
                "noballs": 1
              },
              "non_striker": "AA Obanda",
              "runs": {
                "batter": 0,
                "extras": 1,
                "total": 1
              }
            },
            {
              "batter": "DM Gondaria",
              "bowler": "SJ Ally",
              "non_striker": "AA Obanda",
              "runs": {
                "batter": 0,
                "extras": 0,
                "total": 0
              }
            },
            {
              "batter": "DM Gondaria",
              "bowler": "SJ Ally",
              "non_striker": "AA Obanda",
              "runs": {
                "batter": 1,
                "extras": 0,
                "total": 1
              }
            },
            {
              "batter": "AA Obanda",
              "bowler": "SJ Ally",
              "non_striker": "DM Gondaria",
              "runs": {
                "batter": 2,
                "extras": 0,
                "total": 2
              }
            },
            {
              "batter": "AA Obanda",
              "bowler": "SJ Ally",
              "extras": {
                "wides": 1
              },
              "non_striker": "DM Gondaria",
              "runs": {
                "batter": 0,
                "extras": 1,
                "total": 1
              }
            },
            {
              "batter": "AA Obanda",
              "bowler": "SJ Ally",
              "non_striker": "DM Gondaria",
              "runs": {
                "batter": 0,
                "extras": 0,
                "total": 0
              }
            },
            {
              "batter": "AA Obanda",
              "bowler": "SJ Ally",
              "non_striker": "DM Gondaria",
              "runs": {
                "batter": 0,
                "extras": 0,
                "total": 0
              }
            },
            {
              "batter": "AA Obanda",
              "bowler": "SJ Ally",
              "non_striker": "DM Gondaria",
              "runs": {
                "batter": 0,
                "extras": 0,
                "total": 0
              }
            }
          ]
        },
        {
          "over": 1,
          "deliveries": [
            {
              "batter": "DM Gondaria",
              "bowler": "RK Kiseto",
              "non_striker": "AA Obanda",
              "runs": {
                "batter": 0,
                "extras": 0,
                "total": 0
              }
            },
            {
              "batter": "DM Gondaria",
              "bowler": "RK Kiseto",
              "non_striker": "AA Obanda",
              "runs": {
                "batter": 1,
                "extras": 0,
                "total": 1
              }
            },
            {
              "batter": "AA Obanda",
              "bowler": "RK Kiseto",
              "non_striker": "DM Gondaria",
              "runs": {
                "batter": 0,
                "extras": 0,
                "total": 0
              }
            },
            {
              "batter": "AA Obanda",
              "bowler": "RK Kiseto",
              "non_striker": "DM Gondaria",
              "runs": {
                "batter": 0,
                "extras": 0,
                "total": 0
              }
            },
            {
              "batter": "AA Obanda",
              "bowler": "RK Kiseto",
              "non_striker": "DM Gondaria",
              "runs": {
                "batter": 4,
                "extras": 0,
                "total": 4
              }
            },
            {
              "batter": "AA Obanda",
              "bowler": "RK Kiseto",
              "non_striker": "DM Gondaria",
              "runs": {
                "batter": 0,
                "extras": 0,
                "total": 0
              }
            }
          ]
        },
        {
          "over": 2,
          "deliveries": [
            {
              "batter": "DM Gondaria",
              "bowler": "SJ Ally",
              "non_striker": "AA Obanda",
              "runs": {
                "batter": 0,
                "extras": 0,
                "total": 0
              }
            },
            {
              "batter": "DM Gondaria",
              "bowler": "SJ Ally",
              "non_striker": "AA Obanda",
              "runs": {
                "batter": 0,
                "extras": 0,
                "total": 0
              }
            },
            {
              "batter": "DM Gondaria",
              "bowler": "SJ Ally",
              "non_striker": "AA Obanda",
              "runs": {
                "batter": 0,
                "extras": 0,
                "total": 0
              }
            },
            {
              "batter": "DM Gondaria",
              "bowler": "SJ Ally",
              "non_striker": "AA Obanda",
              "runs": {
                "batter": 1,
                "extras": 0,
                "total": 1
              }
            },
            {
              "batter": "AA Obanda",
              "bowler": "SJ Ally",
              "non_striker": "DM Gondaria",
              "runs": {
                "batter": 6,
                "extras": 0,
                "total": 6
              }
            },
            {
              "batter": "AA Obanda",
              "bowler": "SJ Ally",
              "non_striker": "DM Gondaria",
              "runs": {
                "batter": 4,
                "extras": 0,
                "total": 4
              }
            }
          ]
        },
        {
          "over": 3,
          "deliveries": [
            {
              "batter": "DM Gondaria",
              "bowler": "RK Kiseto",
              "non_striker": "AA Obanda",
              "runs": {
                "batter": 0,
                "extras": 0,
                "total": 0
              }
            },
            {
              "batter": "DM Gondaria",
              "bowler": "RK Kiseto",
              "non_striker": "AA Obanda",
              "runs": {
                "batter": 1,
                "extras": 0,
                "total": 1
              }
            },
            {
              "batter": "AA Obanda",
              "bowler": "RK Kiseto",
              "non_striker": "DM Gondaria",
              "runs": {
                "batter": 0,
                "extras": 0,
                "total": 0
              }
            },
            {
              "batter": "AA Obanda",
              "bowler": "RK Kiseto",
              "non_striker": "DM Gondaria",
              "runs": {
                "batter": 1,
                "extras": 0,
                "total": 1
              }
            },
            {
              "batter": "DM Gondaria",
              "bowler": "RK Kiseto",
              "non_striker": "AA Obanda",
              "runs": {
                "batter": 0,
                "extras": 0,
                "total": 0
              }
            },
            {
              "batter": "DM Gondaria",
              "bowler": "RK Kiseto",
              "non_striker": "AA Obanda",
              "runs": {
                "batter": 4,
                "extras": 0,
                "total": 4
              }
            }
          ]
        },
        {
          "over": 4,
          "deliveries": [
            {
              "batter": "AA Obanda",
              "bowler": "JC Darji",
              "non_striker": "DM Gondaria",
              "runs": {
                "batter": 0,
                "extras": 0,
                "total": 0
              }
            },
            {
              "batter": "AA Obanda",
              "bowler": "JC Darji",
              "non_striker": "DM Gondaria",
              "runs": {
                "batter": 1,
                "extras": 0,
                "total": 1
              }
            },
            {
              "batter": "DM Gondaria",
              "bowler": "JC Darji",
              "non_striker": "AA Obanda",
              "runs": {
                "batter": 4,
                "extras": 0,
                "total": 4
              }
            },
            {
              "batter": "DM Gondaria",
              "bowler": "JC Darji",
              "non_striker": "AA Obanda",
              "runs": {
                "batter": 1,
                "extras": 0,
                "total": 1
              }
            },
            {
              "batter": "AA Obanda",
              "bowler": "JC Darji",
              "non_striker": "DM Gondaria",
              "runs": {
                "batter": 0,
                "extras": 0,
                "total": 0
              }
            },
            {
              "batter": "AA Obanda",
              "bowler": "JC Darji",
              "non_striker": "DM Gondaria",
              "runs": {
                "batter": 1,
                "extras": 0,
                "total": 1
              }
            }
          ]
        },
        {
          "over": 5,
          "deliveries": [
            {
              "batter": "AA Obanda",
              "bowler": "RK Kiseto",
              "non_striker": "DM Gondaria",
              "runs": {
                "batter": 1,
                "extras": 0,
                "total": 1
              }
            },
            {
              "batter": "DM Gondaria",
              "bowler": "RK Kiseto",
              "non_striker": "AA Obanda",
              "runs": {
                "batter": 4,
                "extras": 0,
                "total": 4
              }
            },
            {
              "batter": "DM Gondaria",
              "bowler": "RK Kiseto",
              "non_striker": "AA Obanda",
              "runs": {
                "batter": 6,
                "extras": 0,
                "total": 6
              }
            },
            {
              "batter": "DM Gondaria",
              "bowler": "RK Kiseto",
              "non_striker": "AA Obanda",
              "runs": {
                "batter": 0,
                "extras": 0,
                "total": 0
              }
            },
            {
              "batter": "DM Gondaria",
              "bowler": "RK Kiseto",
              "non_striker": "AA Obanda",
              "runs": {
                "batter": 0,
                "extras": 0,
                "total": 0
              }
            },
            {
              "batter": "DM Gondaria",
              "bowler": "RK Kiseto",
              "non_striker": "AA Obanda",
              "runs": {
                "batter": 1,
                "extras": 0,
                "total": 1
              }
            }
          ]
        },
        {
          "over": 6,
          "deliveries": [
            {
              "batter": "DM Gondaria",
              "bowler": "JC Darji",
              "non_striker": "AA Obanda",
              "runs": {
                "batter": 1,
                "extras": 0,
                "total": 1
              }
            },
            {
              "batter": "AA Obanda",
              "bowler": "JC Darji",
              "non_striker": "DM Gondaria",
              "runs": {
                "batter": 0,
                "extras": 0,
                "total": 0
              }
            },
            {
              "batter": "AA Obanda",
              "bowler": "JC Darji",
              "non_striker": "DM Gondaria",
              "runs": {
                "batter": 1,
                "extras": 0,
                "total": 1
              }
            },
            {
              "batter": "DM Gondaria",
              "bowler": "JC Darji",
              "non_striker": "AA Obanda",
              "runs": {
                "batter": 0,
                "extras": 0,
                "total": 0
              }
            },
            {
              "batter": "DM Gondaria",
              "bowler": "JC Darji",
              "extras": {
                "wides": 1
              },
              "non_striker": "AA Obanda",
              "runs": {
                "batter": 0,
                "extras": 1,
                "total": 1
              }
            },
            {
              "batter": "DM Gondaria",
              "bowler": "JC Darji",
              "non_striker": "AA Obanda",
              "runs": {
                "batter": 4,
                "extras": 0,
                "total": 4
              }
            },
            {
              "batter": "DM Gondaria",
              "bowler": "JC Darji",
              "non_striker": "AA Obanda",
              "runs": {
                "batter": 6,
                "extras": 0,
                "total": 6
              }
            }
          ]
        },
        {
          "over": 7,
          "deliveries": [
            {
              "batter": "AA Obanda",
              "bowler": "ZR Jaboneke",
              "non_striker": "DM Gondaria",
              "runs": {
                "batter": 4,
                "extras": 0,
                "total": 4
              }
            },
            {
              "batter": "AA Obanda",
              "bowler": "ZR Jaboneke",
              "extras": {
                "legbyes": 1
              },
              "non_striker": "DM Gondaria",
              "runs": {
                "batter": 0,
                "extras": 1,
                "total": 1
              }
            },
            {
              "batter": "DM Gondaria",
              "bowler": "ZR Jaboneke",
              "non_striker": "AA Obanda",
              "runs": {
                "batter": 1,
                "extras": 0,
                "total": 1
              }
            },
            {
              "batter": "AA Obanda",
              "bowler": "ZR Jaboneke",
              "non_striker": "DM Gondaria",
              "runs": {
                "batter": 4,
                "extras": 0,
                "total": 4
              }
            },
            {
              "batter": "AA Obanda",
              "bowler": "ZR Jaboneke",
              "non_striker": "DM Gondaria",
              "runs": {
                "batter": 1,
                "extras": 0,
                "total": 1
              }
            },
            {
              "batter": "DM Gondaria",
              "bowler": "ZR Jaboneke",
              "non_striker": "AA Obanda",
              "runs": {
                "batter": 4,
                "extras": 0,
                "total": 4
              }
            }
          ]
        },
        {
          "over": 8,
          "deliveries": [
            {
              "batter": "AA Obanda",
              "bowler": "KN Mussa",
              "non_striker": "DM Gondaria",
              "runs": {
                "batter": 4,
                "extras": 0,
                "total": 4
              }
            },
            {
              "batter": "AA Obanda",
              "bowler": "KN Mussa",
              "non_striker": "DM Gondaria",
              "runs": {
                "batter": 0,
                "extras": 0,
                "total": 0
              }
            },
            {
              "batter": "AA Obanda",
              "bowler": "KN Mussa",
              "non_striker": "DM Gondaria",
              "runs": {
                "batter": 0,
                "extras": 0,
                "total": 0
              }
            },
            {
              "batter": "AA Obanda",
              "bowler": "KN Mussa",
              "non_striker": "DM Gondaria",
              "runs": {
                "batter": 2,
                "extras": 0,
                "total": 2
              }
            },
            {
              "batter": "AA Obanda",
              "bowler": "KN Mussa",
              "non_striker": "DM Gondaria",
              "runs": {
                "batter": 2,
                "extras": 0,
                "total": 2
              }
            },
            {
              "batter": "AA Obanda",
              "bowler": "KN Mussa",
              "non_striker": "DM Gondaria",
              "runs": {
                "batter": 1,
                "extras": 0,
                "total": 1
              }
            }
          ]
        },
        {
          "over": 9,
          "deliveries": [
            {
              "batter": "AA Obanda",
              "bowler": "ZR Jaboneke",
              "non_striker": "DM Gondaria",
              "runs": {
                "batter": 1,
                "extras": 0,
                "total": 1
              }
            },
            {
              "batter": "DM Gondaria",
              "bowler": "ZR Jaboneke",
              "non_striker": "AA Obanda",
              "runs": {
                "batter": 0,
                "extras": 0,
                "total": 0
              }
            },
            {
              "batter": "DM Gondaria",
              "bowler": "ZR Jaboneke",
              "non_striker": "AA Obanda",
              "runs": {
                "batter": 2,
                "extras": 0,
                "total": 2
              }
            },
            {
              "batter": "DM Gondaria",
              "bowler": "ZR Jaboneke",
              "non_striker": "AA Obanda",
              "runs": {
                "batter": 1,
                "extras": 0,
                "total": 1
              }
            },
            {
              "batter": "AA Obanda",
              "bowler": "ZR Jaboneke",
              "non_striker": "DM Gondaria",
              "runs": {
                "batter": 1,
                "extras": 0,
                "total": 1
              }
            },
            {
              "batter": "DM Gondaria",
              "bowler": "ZR Jaboneke",
              "non_striker": "AA Obanda",
              "runs": {
                "batter": 1,
                "extras": 0,
                "total": 1
              }
            }
          ]
        },
        {
          "over": 10,
          "deliveries": [
            {
              "batter": "DM Gondaria",
              "bowler": "KN Mussa",
              "non_striker": "AA Obanda",
              "runs": {
                "batter": 1,
                "extras": 0,
                "total": 1
              }
            },
            {
              "batter": "AA Obanda",
              "bowler": "KN Mussa",
              "non_striker": "DM Gondaria",
              "runs": {
                "batter": 0,
                "extras": 0,
                "total": 0
              }
            },
            {
              "batter": "AA Obanda",
              "bowler": "KN Mussa",
              "non_striker": "DM Gondaria",
              "runs": {
                "batter": 0,
                "extras": 0,
                "total": 0
              }
            },
            {
              "batter": "AA Obanda",
              "bowler": "KN Mussa",
              "non_striker": "DM Gondaria",
              "runs": {
                "batter": 1,
                "extras": 0,
                "total": 1
              }
            },
            {
              "batter": "DM Gondaria",
              "bowler": "KN Mussa",
              "non_striker": "AA Obanda",
              "runs": {
                "batter": 4,
                "extras": 0,
                "total": 4
              }
            },
            {
              "batter": "DM Gondaria",
              "bowler": "KN Mussa",
              "non_striker": "AA Obanda",
              "runs": {
                "batter": 1,
                "extras": 0,
                "total": 1
              }
            }
          ]
        },
        {
          "over": 11,
          "deliveries": [
            {
              "batter": "DM Gondaria",
              "bowler": "ZR Jaboneke",
              "non_striker": "AA Obanda",
              "runs": {
                "batter": 1,
                "extras": 0,
                "total": 1
              }
            },
            {
              "batter": "AA Obanda",
              "bowler": "ZR Jaboneke",
              "non_striker": "DM Gondaria",
              "runs": {
                "batter": 0,
                "extras": 0,
                "total": 0
              }
            },
            {
              "batter": "AA Obanda",
              "bowler": "ZR Jaboneke",
              "non_striker": "DM Gondaria",
              "runs": {
                "batter": 4,
                "extras": 0,
                "total": 4
              }
            },
            {
              "batter": "AA Obanda",
              "bowler": "ZR Jaboneke",
              "non_striker": "DM Gondaria",
              "runs": {
                "batter": 2,
                "extras": 0,
                "total": 2
              }
            },
            {
              "batter": "AA Obanda",
              "bowler": "ZR Jaboneke",
              "non_striker": "DM Gondaria",
              "runs": {
                "batter": 0,
                "extras": 0,
                "total": 0
              }
            },
            {
              "batter": "AA Obanda",
              "bowler": "ZR Jaboneke",
              "non_striker": "DM Gondaria",
              "runs": {
                "batter": 0,
                "extras": 0,
                "total": 0
              }
            }
          ]
        },
        {
          "over": 12,
          "deliveries": [
            {
              "batter": "DM Gondaria",
              "bowler": "KN Mussa",
              "non_striker": "AA Obanda",
              "runs": {
                "batter": 0,
                "extras": 0,
                "total": 0
              }
            },
            {
              "batter": "DM Gondaria",
              "bowler": "KN Mussa",
              "non_striker": "AA Obanda",
              "runs": {
                "batter": 4,
                "extras": 0,
                "total": 4
              }
            },
            {
              "batter": "DM Gondaria",
              "bowler": "KN Mussa",
              "non_striker": "AA Obanda",
              "runs": {
                "batter": 1,
                "extras": 0,
                "total": 1
              }
            },
            {
              "batter": "AA Obanda",
              "bowler": "KN Mussa",
              "non_striker": "DM Gondaria",
              "runs": {
                "batter": 1,
                "extras": 0,
                "total": 1
              }
            },
            {
              "batter": "DM Gondaria",
              "bowler": "KN Mussa",
              "non_striker": "AA Obanda",
              "runs": {
                "batter": 2,
                "extras": 0,
                "total": 2
              }
            },
            {
              "batter": "DM Gondaria",
              "bowler": "KN Mussa",
              "non_striker": "AA Obanda",
              "runs": {
                "batter": 0,
                "extras": 0,
                "total": 0
              },
              "wickets": [
                {
                  "player_out": "DM Gondaria",
                  "fielders": [
                    {
                      "name": "ZR Jaboneke"
                    }
                  ],
                  "kind": "caught"
                }
              ]
            }
          ]
        },
        {
          "over": 13,
          "deliveries": [
            {
              "batter": "AA Obanda",
              "bowler": "H Ramaiya",
              "non_striker": "RR Patel",
              "runs": {
                "batter": 1,
                "extras": 0,
                "total": 1
              }
            },
            {
              "batter": "RR Patel",
              "bowler": "H Ramaiya",
              "non_striker": "AA Obanda",
              "runs": {
                "batter": 1,
                "extras": 0,
                "total": 1
              }
            },
            {
              "batter": "AA Obanda",
              "bowler": "H Ramaiya",
              "non_striker": "RR Patel",
              "runs": {
                "batter": 4,
                "extras": 0,
                "total": 4
              }
            },
            {
              "batter": "AA Obanda",
              "bowler": "H Ramaiya",
              "non_striker": "RR Patel",
              "runs": {
                "batter": 1,
                "extras": 0,
                "total": 1
              }
            },
            {
              "batter": "RR Patel",
              "bowler": "H Ramaiya",
              "non_striker": "AA Obanda",
              "runs": {
                "batter": 4,
                "extras": 0,
                "total": 4
              }
            },
            {
              "batter": "RR Patel",
              "bowler": "H Ramaiya",
              "non_striker": "AA Obanda",
              "runs": {
                "batter": 4,
                "extras": 0,
                "total": 4
              }
            }
          ]
        },
        {
          "over": 14,
          "deliveries": [
            {
              "batter": "AA Obanda",
              "bowler": "KN Mussa",
              "non_striker": "RR Patel",
              "runs": {
                "batter": 6,
                "extras": 0,
                "total": 6
              }
            },
            {
              "batter": "AA Obanda",
              "bowler": "KN Mussa",
              "non_striker": "RR Patel",
              "runs": {
                "batter": 6,
                "extras": 0,
                "total": 6
              }
            },
            {
              "batter": "AA Obanda",
              "bowler": "KN Mussa",
              "non_striker": "RR Patel",
              "runs": {
                "batter": 0,
                "extras": 0,
                "total": 0
              }
            },
            {
              "batter": "AA Obanda",
              "bowler": "KN Mussa",
              "non_striker": "RR Patel",
              "runs": {
                "batter": 6,
                "extras": 0,
                "total": 6
              }
            },
            {
              "batter": "AA Obanda",
              "bowler": "KN Mussa",
              "non_striker": "RR Patel",
              "runs": {
                "batter": 6,
                "extras": 0,
                "total": 6
              }
            },
            {
              "batter": "AA Obanda",
              "bowler": "KN Mussa",
              "non_striker": "RR Patel",
              "runs": {
                "batter": 1,
                "extras": 0,
                "total": 1
              }
            }
          ]
        },
        {
          "over": 15,
          "deliveries": [
            {
              "batter": "AA Obanda",
              "bowler": "RK Kiseto",
              "non_striker": "RR Patel",
              "runs": {
                "batter": 0,
                "extras": 0,
                "total": 0
              }
            },
            {
              "batter": "AA Obanda",
              "bowler": "RK Kiseto",
              "non_striker": "RR Patel",
              "runs": {
                "batter": 6,
                "extras": 0,
                "total": 6
              }
            },
            {
              "batter": "AA Obanda",
              "bowler": "RK Kiseto",
              "extras": {
                "noballs": 1
              },
              "non_striker": "RR Patel",
              "runs": {
                "batter": 1,
                "extras": 1,
                "total": 2
              }
            },
            {
              "batter": "RR Patel",
              "bowler": "RK Kiseto",
              "non_striker": "AA Obanda",
              "runs": {
                "batter": 4,
                "extras": 0,
                "total": 4
              }
            },
            {
              "batter": "RR Patel",
              "bowler": "RK Kiseto",
              "non_striker": "AA Obanda",
              "runs": {
                "batter": 1,
                "extras": 0,
                "total": 1
              }
            },
            {
              "batter": "AA Obanda",
              "bowler": "RK Kiseto",
              "non_striker": "RR Patel",
              "runs": {
                "batter": 1,
                "extras": 0,
                "total": 1
              }
            },
            {
              "batter": "RR Patel",
              "bowler": "RK Kiseto",
              "non_striker": "AA Obanda",
              "runs": {
                "batter": 4,
                "extras": 0,
                "total": 4
              }
            }
          ]
        },
        {
          "over": 16,
          "deliveries": [
            {
              "batter": "AA Obanda",
              "bowler": "JC Darji",
              "non_striker": "RR Patel",
              "runs": {
                "batter": 1,
                "extras": 0,
                "total": 1
              }
            },
            {
              "batter": "RR Patel",
              "bowler": "JC Darji",
              "non_striker": "AA Obanda",
              "runs": {
                "batter": 1,
                "extras": 0,
                "total": 1
              }
            },
            {
              "batter": "AA Obanda",
              "bowler": "JC Darji",
              "non_striker": "RR Patel",
              "runs": {
                "batter": 2,
                "extras": 0,
                "total": 2
              }
            },
            {
              "batter": "AA Obanda",
              "bowler": "JC Darji",
              "non_striker": "RR Patel",
              "runs": {
                "batter": 4,
                "extras": 0,
                "total": 4
              }
            },
            {
              "batter": "AA Obanda",
              "bowler": "JC Darji",
              "non_striker": "RR Patel",
              "runs": {
                "batter": 6,
                "extras": 0,
                "total": 6
              }
            },
            {
              "batter": "AA Obanda",
              "bowler": "JC Darji",
              "non_striker": "RR Patel",
              "runs": {
                "batter": 1,
                "extras": 0,
                "total": 1
              }
            }
          ]
        },
        {
          "over": 17,
          "deliveries": [
            {
              "batter": "AA Obanda",
              "bowler": "Jitin Singh",
              "non_striker": "RR Patel",
              "runs": {
                "batter": 6,
                "extras": 0,
                "total": 6
              }
            },
            {
              "batter": "AA Obanda",
              "bowler": "Jitin Singh",
              "non_striker": "RR Patel",
              "runs": {
                "batter": 0,
                "extras": 0,
                "total": 0
              }
            },
            {
              "batter": "AA Obanda",
              "bowler": "Jitin Singh",
              "non_striker": "RR Patel",
              "runs": {
                "batter": 0,
                "extras": 0,
                "total": 0
              },
              "wickets": [
                {
                  "player_out": "AA Obanda",
                  "fielders": [
                    {
                      "name": "RK Kiseto"
                    }
                  ],
                  "kind": "caught"
                }
              ]
            },
            {
              "batter": "RN Patel",
              "bowler": "Jitin Singh",
              "non_striker": "RR Patel",
              "runs": {
                "batter": 0,
                "extras": 0,
                "total": 0
              }
            },
            {
              "batter": "RN Patel",
              "bowler": "Jitin Singh",
              "extras": {
                "wides": 1
              },
              "non_striker": "RR Patel",
              "runs": {
                "batter": 0,
                "extras": 1,
                "total": 1
              }
            },
            {
              "batter": "RN Patel",
              "bowler": "Jitin Singh",
              "non_striker": "RR Patel",
              "runs": {
                "batter": 1,
                "extras": 0,
                "total": 1
              }
            },
            {
              "batter": "RR Patel",
              "bowler": "Jitin Singh",
              "non_striker": "RN Patel",
              "runs": {
                "batter": 1,
                "extras": 0,
                "total": 1
              }
            }
          ]
        },
        {
          "over": 18,
          "deliveries": [
            {
              "batter": "RR Patel",
              "bowler": "ZR Jaboneke",
              "non_striker": "RN Patel",
              "runs": {
                "batter": 2,
                "extras": 0,
                "total": 2
              }
            },
            {
              "batter": "RR Patel",
              "bowler": "ZR Jaboneke",
              "non_striker": "RN Patel",
              "runs": {
                "batter": 0,
                "extras": 0,
                "total": 0
              }
            },
            {
              "batter": "RR Patel",
              "bowler": "ZR Jaboneke",
              "non_striker": "RN Patel",
              "runs": {
                "batter": 4,
                "extras": 0,
                "total": 4
              }
            },
            {
              "batter": "RR Patel",
              "bowler": "ZR Jaboneke",
              "non_striker": "RN Patel",
              "runs": {
                "batter": 0,
                "extras": 0,
                "total": 0
              }
            },
            {
              "batter": "RR Patel",
              "bowler": "ZR Jaboneke",
              "non_striker": "RN Patel",
              "runs": {
                "batter": 1,
                "extras": 0,
                "total": 1
              }
            },
            {
              "batter": "RN Patel",
              "bowler": "ZR Jaboneke",
              "non_striker": "RR Patel",
              "runs": {
                "batter": 1,
                "extras": 0,
                "total": 1
              }
            }
          ]
        },
        {
          "over": 19,
          "deliveries": [
            {
              "batter": "RN Patel",
              "bowler": "Jitin Singh",
              "non_striker": "RR Patel",
              "runs": {
                "batter": 0,
                "extras": 0,
                "total": 0
              }
            },
            {
              "batter": "RN Patel",
              "bowler": "Jitin Singh",
              "non_striker": "RR Patel",
              "runs": {
                "batter": 2,
                "extras": 0,
                "total": 2
              }
            },
            {
              "batter": "RN Patel",
              "bowler": "Jitin Singh",
              "non_striker": "RR Patel",
              "runs": {
                "batter": 2,
                "extras": 0,
                "total": 2
              }
            },
            {
              "batter": "RN Patel",
              "bowler": "Jitin Singh",
              "non_striker": "RR Patel",
              "runs": {
                "batter": 0,
                "extras": 0,
                "total": 0
              }
            },
            {
              "batter": "RN Patel",
              "bowler": "Jitin Singh",
              "extras": {
                "legbyes": 1
              },
              "non_striker": "RR Patel",
              "runs": {
                "batter": 0,
                "extras": 1,
                "total": 1
              }
            },
            {
              "batter": "RR Patel",
              "bowler": "Jitin Singh",
              "non_striker": "RN Patel",
              "runs": {
                "batter": 6,
                "extras": 0,
                "total": 6
              }
            }
          ]
        }
      ],
      "powerplays": [
        {
          "from": 0.1,
          "to": 5.6,
          "type": "mandatory"
        }
      ]
    },
    {
      "team": "Tanzania",
      "overs": [
        {
          "over": 0,
          "deliveries": [
            {
              "batter": "Jitin Singh",
              "bowler": "NN Odhiambo",
              "non_striker": "AR Patwa",
              "runs": {
                "batter": 0,
                "extras": 0,
                "total": 0
              }
            },
            {
              "batter": "Jitin Singh",
              "bowler": "NN Odhiambo",
              "non_striker": "AR Patwa",
              "runs": {
                "batter": 0,
                "extras": 0,
                "total": 0
              }
            },
            {
              "batter": "Jitin Singh",
              "bowler": "NN Odhiambo",
              "non_striker": "AR Patwa",
              "runs": {
                "batter": 0,
                "extras": 0,
                "total": 0
              },
              "wickets": [
                {
                  "player_out": "Jitin Singh",
                  "fielders": [
                    {
                      "name": "P Kerai"
                    }
                  ],
                  "kind": "caught"
                }
              ]
            },
            {
              "batter": "R Amarshi",
              "bowler": "NN Odhiambo",
              "non_striker": "AR Patwa",
              "runs": {
                "batter": 0,
                "extras": 0,
                "total": 0
              },
              "wickets": [
                {
                  "player_out": "R Amarshi",
                  "fielders": [
                    {
                      "name": "RR Patel"
                    }
                  ],
                  "kind": "caught"
                }
              ]
            },
            {
              "batter": "Muhammad Zafar Khan",
              "bowler": "NN Odhiambo",
              "non_striker": "AR Patwa",
              "runs": {
                "batter": 0,
                "extras": 0,
                "total": 0
              }
            },
            {
              "batter": "Muhammad Zafar Khan",
              "bowler": "NN Odhiambo",
              "non_striker": "AR Patwa",
              "runs": {
                "batter": 1,
                "extras": 0,
                "total": 1
              }
            }
          ]
        },
        {
          "over": 1,
          "deliveries": [
            {
              "batter": "Muhammad Zafar Khan",
              "bowler": "LN Oluoch",
              "non_striker": "AR Patwa",
              "runs": {
                "batter": 4,
                "extras": 0,
                "total": 4
              }
            },
            {
              "batter": "Muhammad Zafar Khan",
              "bowler": "LN Oluoch",
              "non_striker": "AR Patwa",
              "runs": {
                "batter": 0,
                "extras": 0,
                "total": 0
              }
            },
            {
              "batter": "Muhammad Zafar Khan",
              "bowler": "LN Oluoch",
              "non_striker": "AR Patwa",
              "runs": {
                "batter": 0,
                "extras": 0,
                "total": 0
              }
            },
            {
              "batter": "Muhammad Zafar Khan",
              "bowler": "LN Oluoch",
              "extras": {
                "wides": 1
              },
              "non_striker": "AR Patwa",
              "runs": {
                "batter": 0,
                "extras": 1,
                "total": 1
              }
            },
            {
              "batter": "Muhammad Zafar Khan",
              "bowler": "LN Oluoch",
              "non_striker": "AR Patwa",
              "runs": {
                "batter": 0,
                "extras": 0,
                "total": 0
              }
            },
            {
              "batter": "Muhammad Zafar Khan",
              "bowler": "LN Oluoch",
              "non_striker": "AR Patwa",
              "runs": {
                "batter": 0,
                "extras": 0,
                "total": 0
              }
            },
            {
              "batter": "Muhammad Zafar Khan",
              "bowler": "LN Oluoch",
              "non_striker": "AR Patwa",
              "runs": {
                "batter": 0,
                "extras": 0,
                "total": 0
              }
            }
          ]
        },
        {
          "over": 2,
          "deliveries": [
            {
              "batter": "AR Patwa",
              "bowler": "NN Odhiambo",
              "non_striker": "Muhammad Zafar Khan",
              "runs": {
                "batter": 4,
                "extras": 0,
                "total": 4
              }
            },
            {
              "batter": "AR Patwa",
              "bowler": "NN Odhiambo",
              "non_striker": "Muhammad Zafar Khan",
              "runs": {
                "batter": 4,
                "extras": 0,
                "total": 4
              }
            },
            {
              "batter": "AR Patwa",
              "bowler": "NN Odhiambo",
              "non_striker": "Muhammad Zafar Khan",
              "runs": {
                "batter": 4,
                "extras": 0,
                "total": 4
              }
            },
            {
              "batter": "AR Patwa",
              "bowler": "NN Odhiambo",
              "extras": {
                "wides": 1
              },
              "non_striker": "Muhammad Zafar Khan",
              "runs": {
                "batter": 0,
                "extras": 1,
                "total": 1
              }
            },
            {
              "batter": "AR Patwa",
              "bowler": "NN Odhiambo",
              "non_striker": "Muhammad Zafar Khan",
              "runs": {
                "batter": 0,
                "extras": 0,
                "total": 0
              }
            },
            {
              "batter": "AR Patwa",
              "bowler": "NN Odhiambo",
              "non_striker": "Muhammad Zafar Khan",
              "runs": {
                "batter": 1,
                "extras": 0,
                "total": 1
              }
            },
            {
              "batter": "Muhammad Zafar Khan",
              "bowler": "NN Odhiambo",
              "non_striker": "AR Patwa",
              "runs": {
                "batter": 1,
                "extras": 0,
                "total": 1
              }
            }
          ]
        },
        {
          "over": 3,
          "deliveries": [
            {
              "batter": "Muhammad Zafar Khan",
              "bowler": "LN Oluoch",
              "non_striker": "AR Patwa",
              "runs": {
                "batter": 0,
                "extras": 0,
                "total": 0
              }
            },
            {
              "batter": "Muhammad Zafar Khan",
              "bowler": "LN Oluoch",
              "non_striker": "AR Patwa",
              "runs": {
                "batter": 2,
                "extras": 0,
                "total": 2
              }
            },
            {
              "batter": "Muhammad Zafar Khan",
              "bowler": "LN Oluoch",
              "non_striker": "AR Patwa",
              "runs": {
                "batter": 4,
                "extras": 0,
                "total": 4
              }
            },
            {
              "batter": "Muhammad Zafar Khan",
              "bowler": "LN Oluoch",
              "non_striker": "AR Patwa",
              "runs": {
                "batter": 6,
                "extras": 0,
                "total": 6
              }
            },
            {
              "batter": "Muhammad Zafar Khan",
              "bowler": "LN Oluoch",
              "extras": {
                "wides": 1
              },
              "non_striker": "AR Patwa",
              "runs": {
                "batter": 0,
                "extras": 1,
                "total": 1
              }
            },
            {
              "batter": "Muhammad Zafar Khan",
              "bowler": "LN Oluoch",
              "non_striker": "AR Patwa",
              "runs": {
                "batter": 0,
                "extras": 0,
                "total": 0
              }
            },
            {
              "batter": "Muhammad Zafar Khan",
              "bowler": "LN Oluoch",
              "non_striker": "AR Patwa",
              "runs": {
                "batter": 0,
                "extras": 0,
                "total": 0
              }
            }
          ]
        },
        {
          "over": 4,
          "deliveries": [
            {
              "batter": "AR Patwa",
              "bowler": "EB Ringera",
              "non_striker": "Muhammad Zafar Khan",
              "runs": {
                "batter": 1,
                "extras": 0,
                "total": 1
              }
            },
            {
              "batter": "Muhammad Zafar Khan",
              "bowler": "EB Ringera",
              "non_striker": "AR Patwa",
              "runs": {
                "batter": 4,
                "extras": 0,
                "total": 4
              }
            },
            {
              "batter": "Muhammad Zafar Khan",
              "bowler": "EB Ringera",
              "non_striker": "AR Patwa",
              "runs": {
                "batter": 6,
                "extras": 0,
                "total": 6
              }
            },
            {
              "batter": "Muhammad Zafar Khan",
              "bowler": "EB Ringera",
              "non_striker": "AR Patwa",
              "runs": {
                "batter": 0,
                "extras": 0,
                "total": 0
              }
            },
            {
              "batter": "Muhammad Zafar Khan",
              "bowler": "EB Ringera",
              "non_striker": "AR Patwa",
              "runs": {
                "batter": 0,
                "extras": 0,
                "total": 0
              }
            },
            {
              "batter": "Muhammad Zafar Khan",
              "bowler": "EB Ringera",
              "non_striker": "AR Patwa",
              "runs": {
                "batter": 4,
                "extras": 0,
                "total": 4
              }
            }
          ]
        },
        {
          "over": 5,
          "deliveries": [
            {
              "batter": "AR Patwa",
              "bowler": "SO Ngoche",
              "non_striker": "Muhammad Zafar Khan",
              "runs": {
                "batter": 1,
                "extras": 0,
                "total": 1
              }
            },
            {
              "batter": "Muhammad Zafar Khan",
              "bowler": "SO Ngoche",
              "non_striker": "AR Patwa",
              "runs": {
                "batter": 1,
                "extras": 0,
                "total": 1
              }
            },
            {
              "batter": "AR Patwa",
              "bowler": "SO Ngoche",
              "non_striker": "Muhammad Zafar Khan",
              "runs": {
                "batter": 0,
                "extras": 0,
                "total": 0
              }
            },
            {
              "batter": "AR Patwa",
              "bowler": "SO Ngoche",
              "non_striker": "Muhammad Zafar Khan",
              "runs": {
                "batter": 4,
                "extras": 0,
                "total": 4
              }
            },
            {
              "batter": "AR Patwa",
              "bowler": "SO Ngoche",
              "non_striker": "Muhammad Zafar Khan",
              "runs": {
                "batter": 1,
                "extras": 0,
                "total": 1
              }
            },
            {
              "batter": "Muhammad Zafar Khan",
              "bowler": "SO Ngoche",
              "non_striker": "AR Patwa",
              "runs": {
                "batter": 0,
                "extras": 0,
                "total": 0
              }
            }
          ]
        },
        {
          "over": 6,
          "deliveries": [
            {
              "batter": "AR Patwa",
              "bowler": "P Kerai",
              "non_striker": "Muhammad Zafar Khan",
              "runs": {
                "batter": 1,
                "extras": 0,
                "total": 1
              }
            },
            {
              "batter": "Muhammad Zafar Khan",
              "bowler": "P Kerai",
              "extras": {
                "wides": 1
              },
              "non_striker": "AR Patwa",
              "runs": {
                "batter": 0,
                "extras": 1,
                "total": 1
              }
            },
            {
              "batter": "Muhammad Zafar Khan",
              "bowler": "P Kerai",
              "non_striker": "AR Patwa",
              "runs": {
                "batter": 0,
                "extras": 0,
                "total": 0
              }
            },
            {
              "batter": "Muhammad Zafar Khan",
              "bowler": "P Kerai",
              "non_striker": "AR Patwa",
              "runs": {
                "batter": 0,
                "extras": 0,
                "total": 0
              }
            },
            {
              "batter": "Muhammad Zafar Khan",
              "bowler": "P Kerai",
              "non_striker": "AR Patwa",
              "runs": {
                "batter": 0,
                "extras": 0,
                "total": 0
              },
              "wickets": [
                {
                  "player_out": "Muhammad Zafar Khan",
                  "fielders": [
                    {
                      "name": "LN Oluoch"
                    }
                  ],
                  "kind": "caught"
                }
              ]
            },
            {
              "batter": "AR Patwa",
              "bowler": "P Kerai",
              "non_striker": "JC Darji",
              "runs": {
                "batter": 0,
                "extras": 0,
                "total": 0
              }
            },
            {
              "batter": "AR Patwa",
              "bowler": "P Kerai",
              "non_striker": "JC Darji",
              "runs": {
                "batter": 1,
                "extras": 0,
                "total": 1
              }
            }
          ]
        },
        {
          "over": 7,
          "deliveries": [
            {
              "batter": "AR Patwa",
              "bowler": "SO Ngoche",
              "non_striker": "JC Darji",
              "runs": {
                "batter": 0,
                "extras": 0,
                "total": 0
              },
              "wickets": [
                {
                  "player_out": "AR Patwa",
                  "kind": "bowled"
                }
              ]
            },
            {
              "batter": "ZR Jaboneke",
              "bowler": "SO Ngoche",
              "non_striker": "JC Darji",
              "runs": {
                "batter": 0,
                "extras": 0,
                "total": 0
              }
            },
            {
              "batter": "ZR Jaboneke",
              "bowler": "SO Ngoche",
              "non_striker": "JC Darji",
              "runs": {
                "batter": 0,
                "extras": 0,
                "total": 0
              }
            },
            {
              "batter": "ZR Jaboneke",
              "bowler": "SO Ngoche",
              "non_striker": "JC Darji",
              "runs": {
                "batter": 0,
                "extras": 0,
                "total": 0
              },
              "wickets": [
                {
                  "player_out": "ZR Jaboneke",
                  "fielders": [
                    {
                      "name": "Gurdeep Singh"
                    }
                  ],
                  "kind": "caught"
                }
              ]
            },
            {
              "batter": "KN Mussa",
              "bowler": "SO Ngoche",
              "non_striker": "JC Darji",
              "runs": {
                "batter": 1,
                "extras": 0,
                "total": 1
              }
            },
            {
              "batter": "JC Darji",
              "bowler": "SO Ngoche",
              "non_striker": "KN Mussa",
              "runs": {
                "batter": 0,
                "extras": 0,
                "total": 0
              }
            }
          ]
        },
        {
          "over": 8,
          "deliveries": [
            {
              "batter": "KN Mussa",
              "bowler": "P Kerai",
              "non_striker": "JC Darji",
              "runs": {
                "batter": 0,
                "extras": 0,
                "total": 0
              }
            },
            {
              "batter": "KN Mussa",
              "bowler": "P Kerai",
              "non_striker": "JC Darji",
              "runs": {
                "batter": 0,
                "extras": 0,
                "total": 0
              }
            },
            {
              "batter": "KN Mussa",
              "bowler": "P Kerai",
              "non_striker": "JC Darji",
              "runs": {
                "batter": 0,
                "extras": 0,
                "total": 0
              }
            },
            {
              "batter": "KN Mussa",
              "bowler": "P Kerai",
              "non_striker": "JC Darji",
              "runs": {
                "batter": 0,
                "extras": 0,
                "total": 0
              }
            },
            {
              "batter": "KN Mussa",
              "bowler": "P Kerai",
              "non_striker": "JC Darji",
              "runs": {
                "batter": 0,
                "extras": 0,
                "total": 0
              }
            },
            {
              "batter": "KN Mussa",
              "bowler": "P Kerai",
              "non_striker": "JC Darji",
              "runs": {
                "batter": 0,
                "extras": 0,
                "total": 0
              }
            }
          ]
        },
        {
          "over": 9,
          "deliveries": [
            {
              "batter": "JC Darji",
              "bowler": "SO Ngoche",
              "non_striker": "KN Mussa",
              "runs": {
                "batter": 0,
                "extras": 0,
                "total": 0
              }
            },
            {
              "batter": "JC Darji",
              "bowler": "SO Ngoche",
              "non_striker": "KN Mussa",
              "runs": {
                "batter": 0,
                "extras": 0,
                "total": 0
              },
              "wickets": [
                {
                  "player_out": "JC Darji",
                  "kind": "run out"
                }
              ]
            },
            {
              "batter": "SJ Ally",
              "bowler": "SO Ngoche",
              "non_striker": "KN Mussa",
              "runs": {
                "batter": 1,
                "extras": 0,
                "total": 1
              }
            },
            {
              "batter": "KN Mussa",
              "bowler": "SO Ngoche",
              "non_striker": "SJ Ally",
              "runs": {
                "batter": 0,
                "extras": 0,
                "total": 0
              }
            },
            {
              "batter": "KN Mussa",
              "bowler": "SO Ngoche",
              "non_striker": "SJ Ally",
              "runs": {
                "batter": 1,
                "extras": 0,
                "total": 1
              }
            },
            {
              "batter": "SJ Ally",
              "bowler": "SO Ngoche",
              "non_striker": "KN Mussa",
              "runs": {
                "batter": 1,
                "extras": 0,
                "total": 1
              }
            }
          ]
        },
        {
          "over": 10,
          "deliveries": [
            {
              "batter": "SJ Ally",
              "bowler": "P Kerai",
              "extras": {
                "legbyes": 1
              },
              "non_striker": "KN Mussa",
              "runs": {
                "batter": 0,
                "extras": 1,
                "total": 1
              }
            },
            {
              "batter": "KN Mussa",
              "bowler": "P Kerai",
              "non_striker": "SJ Ally",
              "runs": {
                "batter": 4,
                "extras": 0,
                "total": 4
              }
            },
            {
              "batter": "KN Mussa",
              "bowler": "P Kerai",
              "non_striker": "SJ Ally",
              "runs": {
                "batter": 6,
                "extras": 0,
                "total": 6
              }
            },
            {
              "batter": "KN Mussa",
              "bowler": "P Kerai",
              "non_striker": "SJ Ally",
              "runs": {
                "batter": 0,
                "extras": 0,
                "total": 0
              }
            },
            {
              "batter": "KN Mussa",
              "bowler": "P Kerai",
              "non_striker": "SJ Ally",
              "runs": {
                "batter": 4,
                "extras": 0,
                "total": 4
              }
            },
            {
              "batter": "KN Mussa",
              "bowler": "P Kerai",
              "non_striker": "SJ Ally",
              "runs": {
                "batter": 0,
                "extras": 0,
                "total": 0
              }
            }
          ]
        },
        {
          "over": 11,
          "deliveries": [
            {
              "batter": "SJ Ally",
              "bowler": "SO Ngoche",
              "non_striker": "KN Mussa",
              "runs": {
                "batter": 6,
                "extras": 0,
                "total": 6
              }
            },
            {
              "batter": "SJ Ally",
              "bowler": "SO Ngoche",
              "non_striker": "KN Mussa",
              "runs": {
                "batter": 6,
                "extras": 0,
                "total": 6
              }
            },
            {
              "batter": "SJ Ally",
              "bowler": "SO Ngoche",
              "non_striker": "KN Mussa",
              "runs": {
                "batter": 4,
                "extras": 0,
                "total": 4
              }
            },
            {
              "batter": "SJ Ally",
              "bowler": "SO Ngoche",
              "non_striker": "KN Mussa",
              "runs": {
                "batter": 6,
                "extras": 0,
                "total": 6
              }
            },
            {
              "batter": "SJ Ally",
              "bowler": "SO Ngoche",
              "non_striker": "KN Mussa",
              "runs": {
                "batter": 2,
                "extras": 0,
                "total": 2
              }
            },
            {
              "batter": "SJ Ally",
              "bowler": "SO Ngoche",
              "non_striker": "KN Mussa",
              "runs": {
                "batter": 0,
                "extras": 0,
                "total": 0
              }
            }
          ]
        },
        {
          "over": 12,
          "deliveries": [
            {
              "batter": "KN Mussa",
              "bowler": "NM Odhiambo",
              "non_striker": "SJ Ally",
              "runs": {
                "batter": 1,
                "extras": 0,
                "total": 1
              }
            },
            {
              "batter": "SJ Ally",
              "bowler": "NM Odhiambo",
              "extras": {
                "wides": 1
              },
              "non_striker": "KN Mussa",
              "runs": {
                "batter": 0,
                "extras": 1,
                "total": 1
              }
            },
            {
              "batter": "SJ Ally",
              "bowler": "NM Odhiambo",
              "non_striker": "KN Mussa",
              "runs": {
                "batter": 0,
                "extras": 0,
                "total": 0
              }
            },
            {
              "batter": "SJ Ally",
              "bowler": "NM Odhiambo",
              "non_striker": "KN Mussa",
              "runs": {
                "batter": 0,
                "extras": 0,
                "total": 0
              }
            },
            {
              "batter": "SJ Ally",
              "bowler": "NM Odhiambo",
              "non_striker": "KN Mussa",
              "runs": {
                "batter": 0,
                "extras": 0,
                "total": 0
              }
            },
            {
              "batter": "SJ Ally",
              "bowler": "NM Odhiambo",
              "non_striker": "KN Mussa",
              "runs": {
                "batter": 0,
                "extras": 0,
                "total": 0
              }
            },
            {
              "batter": "SJ Ally",
              "bowler": "NM Odhiambo",
              "non_striker": "KN Mussa",
              "runs": {
                "batter": 6,
                "extras": 0,
                "total": 6
              }
            }
          ]
        },
        {
          "over": 13,
          "deliveries": [
            {
              "batter": "KN Mussa",
              "bowler": "EB Ringera",
              "non_striker": "SJ Ally",
              "runs": {
                "batter": 1,
                "extras": 0,
                "total": 1
              }
            },
            {
              "batter": "SJ Ally",
              "bowler": "EB Ringera",
              "non_striker": "KN Mussa",
              "runs": {
                "batter": 1,
                "extras": 0,
                "total": 1
              }
            },
            {
              "batter": "KN Mussa",
              "bowler": "EB Ringera",
              "non_striker": "SJ Ally",
              "runs": {
                "batter": 1,
                "extras": 0,
                "total": 1
              }
            },
            {
              "batter": "SJ Ally",
              "bowler": "EB Ringera",
              "non_striker": "KN Mussa",
              "runs": {
                "batter": 0,
                "extras": 0,
                "total": 0
              }
            },
            {
              "batter": "SJ Ally",
              "bowler": "EB Ringera",
              "non_striker": "KN Mussa",
              "runs": {
                "batter": 4,
                "extras": 0,
                "total": 4
              }
            },
            {
              "batter": "SJ Ally",
              "bowler": "EB Ringera",
              "non_striker": "KN Mussa",
              "runs": {
                "batter": 4,
                "extras": 0,
                "total": 4
              }
            }
          ]
        },
        {
          "over": 14,
          "deliveries": [
            {
              "batter": "KN Mussa",
              "bowler": "NM Odhiambo",
              "non_striker": "SJ Ally",
              "runs": {
                "batter": 4,
                "extras": 0,
                "total": 4
              }
            },
            {
              "batter": "KN Mussa",
              "bowler": "NM Odhiambo",
              "non_striker": "SJ Ally",
              "runs": {
                "batter": 2,
                "extras": 0,
                "total": 2
              }
            },
            {
              "batter": "KN Mussa",
              "bowler": "NM Odhiambo",
              "non_striker": "SJ Ally",
              "runs": {
                "batter": 1,
                "extras": 0,
                "total": 1
              }
            },
            {
              "batter": "SJ Ally",
              "bowler": "NM Odhiambo",
              "non_striker": "KN Mussa",
              "runs": {
                "batter": 2,
                "extras": 0,
                "total": 2
              }
            },
            {
              "batter": "SJ Ally",
              "bowler": "NM Odhiambo",
              "non_striker": "KN Mussa",
              "runs": {
                "batter": 1,
                "extras": 0,
                "total": 1
              }
            },
            {
              "batter": "KN Mussa",
              "bowler": "NM Odhiambo",
              "non_striker": "SJ Ally",
              "runs": {
                "batter": 0,
                "extras": 0,
                "total": 0
              }
            }
          ]
        },
        {
          "over": 15,
          "deliveries": [
            {
              "batter": "SJ Ally",
              "bowler": "NN Odhiambo",
              "non_striker": "KN Mussa",
              "runs": {
                "batter": 1,
                "extras": 0,
                "total": 1
              }
            },
            {
              "batter": "KN Mussa",
              "bowler": "NN Odhiambo",
              "non_striker": "SJ Ally",
              "runs": {
                "batter": 2,
                "extras": 0,
                "total": 2
              }
            },
            {
              "batter": "KN Mussa",
              "bowler": "NN Odhiambo",
              "non_striker": "SJ Ally",
              "runs": {
                "batter": 1,
                "extras": 0,
                "total": 1
              }
            },
            {
              "batter": "SJ Ally",
              "bowler": "NN Odhiambo",
              "non_striker": "KN Mussa",
              "runs": {
                "batter": 0,
                "extras": 0,
                "total": 0
              }
            },
            {
              "batter": "SJ Ally",
              "bowler": "NN Odhiambo",
              "non_striker": "KN Mussa",
              "runs": {
                "batter": 2,
                "extras": 0,
                "total": 2
              }
            },
            {
              "batter": "SJ Ally",
              "bowler": "NN Odhiambo",
              "extras": {
                "wides": 1
              },
              "non_striker": "KN Mussa",
              "runs": {
                "batter": 0,
                "extras": 1,
                "total": 1
              }
            },
            {
              "batter": "SJ Ally",
              "bowler": "NN Odhiambo",
              "non_striker": "KN Mussa",
              "runs": {
                "batter": 0,
                "extras": 0,
                "total": 0
              }
            }
          ]
        },
        {
          "over": 16,
          "deliveries": [
            {
              "batter": "KN Mussa",
              "bowler": "NM Odhiambo",
              "extras": {
                "wides": 1
              },
              "non_striker": "SJ Ally",
              "runs": {
                "batter": 0,
                "extras": 1,
                "total": 1
              }
            },
            {
              "batter": "KN Mussa",
              "bowler": "NM Odhiambo",
              "non_striker": "SJ Ally",
              "runs": {
                "batter": 0,
                "extras": 0,
                "total": 0
              }
            },
            {
              "batter": "KN Mussa",
              "bowler": "NM Odhiambo",
              "non_striker": "SJ Ally",
              "runs": {
                "batter": 1,
                "extras": 0,
                "total": 1
              }
            },
            {
              "batter": "SJ Ally",
              "bowler": "NM Odhiambo",
              "non_striker": "KN Mussa",
              "runs": {
                "batter": 1,
                "extras": 0,
                "total": 1
              }
            },
            {
              "batter": "KN Mussa",
              "bowler": "NM Odhiambo",
              "extras": {
                "legbyes": 1
              },
              "non_striker": "SJ Ally",
              "runs": {
                "batter": 0,
                "extras": 1,
                "total": 1
              }
            },
            {
              "batter": "SJ Ally",
              "bowler": "NM Odhiambo",
              "non_striker": "KN Mussa",
              "runs": {
                "batter": 0,
                "extras": 0,
                "total": 0
              },
              "wickets": [
                {
                  "player_out": "SJ Ally",
                  "fielders": [
                    {
                      "name": "Gurdeep Singh"
                    }
                  ],
                  "kind": "caught"
                }
              ]
            },
            {
              "batter": "N Mapunda",
              "bowler": "NM Odhiambo",
              "extras": {
                "legbyes": 1
              },
              "non_striker": "KN Mussa",
              "runs": {
                "batter": 0,
                "extras": 1,
                "total": 1
              }
            }
          ]
        },
        {
          "over": 17,
          "deliveries": [
            {
              "batter": "N Mapunda",
              "bowler": "NN Odhiambo",
              "non_striker": "KN Mussa",
              "runs": {
                "batter": 1,
                "extras": 0,
                "total": 1
              }
            },
            {
              "batter": "KN Mussa",
              "bowler": "NN Odhiambo",
              "extras": {
                "byes": 4
              },
              "non_striker": "N Mapunda",
              "runs": {
                "batter": 0,
                "extras": 4,
                "total": 4
              }
            },
            {
              "batter": "KN Mussa",
              "bowler": "NN Odhiambo",
              "non_striker": "N Mapunda",
              "runs": {
                "batter": 1,
                "extras": 0,
                "total": 1
              }
            },
            {
              "batter": "N Mapunda",
              "bowler": "NN Odhiambo",
              "non_striker": "KN Mussa",
              "runs": {
                "batter": 0,
                "extras": 0,
                "total": 0
              }
            },
            {
              "batter": "N Mapunda",
              "bowler": "NN Odhiambo",
              "non_striker": "KN Mussa",
              "runs": {
                "batter": 1,
                "extras": 0,
                "total": 1
              }
            },
            {
              "batter": "KN Mussa",
              "bowler": "NN Odhiambo",
              "extras": {
                "wides": 1
              },
              "non_striker": "N Mapunda",
              "runs": {
                "batter": 0,
                "extras": 1,
                "total": 1
              }
            },
            {
              "batter": "KN Mussa",
              "bowler": "NN Odhiambo",
              "non_striker": "N Mapunda",
              "runs": {
                "batter": 1,
                "extras": 0,
                "total": 1
              }
            }
          ]
        },
        {
          "over": 18,
          "deliveries": [
            {
              "batter": "KN Mussa",
              "bowler": "NM Odhiambo",
              "non_striker": "N Mapunda",
              "runs": {
                "batter": 0,
                "extras": 0,
                "total": 0
              }
            },
            {
              "batter": "KN Mussa",
              "bowler": "NM Odhiambo",
              "non_striker": "N Mapunda",
              "runs": {
                "batter": 0,
                "extras": 0,
                "total": 0
              }
            },
            {
              "batter": "KN Mussa",
              "bowler": "NM Odhiambo",
              "extras": {
                "wides": 1
              },
              "non_striker": "N Mapunda",
              "runs": {
                "batter": 0,
                "extras": 1,
                "total": 1
              }
            },
            {
              "batter": "KN Mussa",
              "bowler": "NM Odhiambo",
              "non_striker": "N Mapunda",
              "runs": {
                "batter": 1,
                "extras": 0,
                "total": 1
              },
              "wickets": [
                {
                  "player_out": "N Mapunda",
                  "kind": "run out"
                }
              ]
            },
            {
              "batter": "KN Mussa",
              "bowler": "NM Odhiambo",
              "non_striker": "H Ramaiya",
              "runs": {
                "batter": 0,
                "extras": 0,
                "total": 0
              }
            },
            {
              "batter": "KN Mussa",
              "bowler": "NM Odhiambo",
              "non_striker": "H Ramaiya",
              "runs": {
                "batter": 1,
                "extras": 0,
                "total": 1
              }
            },
            {
              "batter": "H Ramaiya",
              "bowler": "NM Odhiambo",
              "non_striker": "KN Mussa",
              "runs": {
                "batter": 0,
                "extras": 0,
                "total": 0
              }
            }
          ]
        },
        {
          "over": 19,
          "deliveries": [
            {
              "batter": "KN Mussa",
              "bowler": "LN Oluoch",
              "non_striker": "H Ramaiya",
              "runs": {
                "batter": 1,
                "extras": 0,
                "total": 1
              }
            },
            {
              "batter": "H Ramaiya",
              "bowler": "LN Oluoch",
              "non_striker": "KN Mussa",
              "runs": {
                "batter": 0,
                "extras": 0,
                "total": 0
              }
            },
            {
              "batter": "H Ramaiya",
              "bowler": "LN Oluoch",
              "non_striker": "KN Mussa",
              "runs": {
                "batter": 0,
                "extras": 0,
                "total": 0
              }
            },
            {
              "batter": "H Ramaiya",
              "bowler": "LN Oluoch",
              "non_striker": "KN Mussa",
              "runs": {
                "batter": 0,
                "extras": 0,
                "total": 0
              }
            },
            {
              "batter": "H Ramaiya",
              "bowler": "LN Oluoch",
              "extras": {
                "wides": 1
              },
              "non_striker": "KN Mussa",
              "runs": {
                "batter": 0,
                "extras": 1,
                "total": 1
              }
            },
            {
              "batter": "H Ramaiya",
              "bowler": "LN Oluoch",
              "non_striker": "KN Mussa",
              "runs": {
                "batter": 1,
                "extras": 0,
                "total": 1
              }
            },
            {
              "batter": "KN Mussa",
              "bowler": "LN Oluoch",
              "non_striker": "H Ramaiya",
              "runs": {
                "batter": 0,
                "extras": 0,
                "total": 0
              }
            }
          ]
        }
      ],
      "powerplays": [
        {
          "from": 0.1,
          "to": 5.6,
          "type": "mandatory"
        }
      ],
      "target": {
        "overs": 20,
        "runs": 215
      }
    }
  ]
}