{
  "meta": {
    "data_version": "1.0.0",
    "created": "2020-08-31",
    "revision": 1
  },
  "info": {
    "balls_per_over": 6,
    "city": "Deventer",
    "dates": [
      "2018-09-01"
    ],
    "event": {
      "name": "ICC World Twenty20 Europe Region Qualifier A",
      "match_number": 11
    },
    "gender": "male",
    "match_type": "IT20",
    "officials": {
      "reserve_umpires": [
        "Adriaan van den Dries"
      ],
      "umpires": [
        "S Redfern",
        "RJ Veillard"
      ]
    },
    "outcome": {
      "winner": "Denmark",
      "by": {
        "wickets": 7
      }
    },
    "overs": 20,
    "player_of_match": [
      "SH Ahmad"
    ],
    "players": {
      "Portugal": [
        "Umar Farooq",
        "Ghazanfar Ali",
        "Zohaib Sarwar",
        "J Balkrisna",
        "Rizwan Khaliq",
        "Nadeem Butt",
        "SP Sharma",
        "P Buccimazza",
        "Mian Mehmood",
        "I Medhi",
        "ARA Chambers"
      ],
      "Denmark": [
        "T Bharaj",
        "HAM Shah",
        "Rizwan Mahmood",
        "A Bulow",
        "SH Ahmad",
        "J Jojo",
        "ND Laegsgaard",
        "OD Hald",
        "MS Henriksen",
        "RB Javed",
        "M Kristensen"
      ]
    },
    "registry": {
      "people": {
        "A Bulow": "16f4cc7e",
        "ARA Chambers": "8db27a28",
        "Adriaan van den Dries": "94b5ec3b",
        "Ghazanfar Ali": "9951e469",
        "HAM Shah": "007113d7",
        "I Medhi": "b99ea463",
        "J Balkrisna": "65987d04",
        "J Jojo": "d981a1de",
        "M Kristensen": "1e50426a",
        "MS Henriksen": "1b4acb7b",
        "Mian Mehmood": "4a4991c1",
        "ND Laegsgaard": "b0f2d3bd",
        "Nadeem Butt": "02df7b37",
        "OD Hald": "38189be1",
        "P Buccimazza": "ddc7e056",
        "RB Javed": "bf385668",
        "RJ Veillard": "0a8ebf05",
        "Rizwan Khaliq": "278b90a5",
        "Rizwan Mahmood": "56e771ef",
        "S Redfern": "5b038989",
        "SH Ahmad": "66c688a4",
        "SP Sharma": "d9fd42e4",
        "T Bharaj": "49556abb",
        "Umar Farooq": "8f400760",
        "Zohaib Sarwar": "bd3cecc6"
      }
    },
    "season": "2018",
    "team_type": "international",
    "teams": [
      "Portugal",
      "Denmark"
    ],
    "toss": {
      "decision": "bat",
      "winner": "Portugal"
    },
    "venue": "Sportpark Het Schootsveld"
  },
  "innings": [
    {
      "team": "Portugal",
      "overs": [
        {
          "over": 0,
          "deliveries": [
            {
              "batter": "Umar Farooq",
              "bowler": "OD Hald",
              "non_striker": "Ghazanfar Ali",
              "runs": {
                "batter": 0,
                "extras": 0,
                "total": 0
              }
            },
            {
              "batter": "Umar Farooq",
              "bowler": "OD Hald",
              "non_striker": "Ghazanfar Ali",
              "runs": {
                "batter": 1,
                "extras": 0,
                "total": 1
              }
            },
            {
              "batter": "Ghazanfar Ali",
              "bowler": "OD Hald",
              "non_striker": "Umar Farooq",
              "runs": {
                "batter": 0,
                "extras": 0,
                "total": 0
              }
            },
            {
              "batter": "Ghazanfar Ali",
              "bowler": "OD Hald",
              "non_striker": "Umar Farooq",
              "runs": {
                "batter": 0,
                "extras": 0,
                "total": 0
              },
              "wickets": [
                {
                  "player_out": "Ghazanfar Ali",
                  "kind": "lbw"
                }
              ]
            },
            {
              "batter": "Zohaib Sarwar",
              "bowler": "OD Hald",
              "non_striker": "Umar Farooq",
              "runs": {
                "batter": 0,
                "extras": 0,
                "total": 0
              }
            },
            {
              "batter": "Zohaib Sarwar",
              "bowler": "OD Hald",
              "non_striker": "Umar Farooq",
              "runs": {
                "batter": 2,
                "extras": 0,
                "total": 2
              }
            }
          ]
        },
        {
          "over": 1,
          "deliveries": [
            {
              "batter": "Umar Farooq",
              "bowler": "MS Henriksen",
              "non_striker": "Zohaib Sarwar",
              "runs": {
                "batter": 0,
                "extras": 0,
                "total": 0
              }
            },
            {
              "batter": "Umar Farooq",
              "bowler": "MS Henriksen",
              "non_striker": "Zohaib Sarwar",
              "runs": {
                "batter": 0,
                "extras": 0,
                "total": 0
              }
            },
            {
              "batter": "Umar Farooq",
              "bowler": "MS Henriksen",
              "non_striker": "Zohaib Sarwar",
              "runs": {
                "batter": 0,
                "extras": 0,
                "total": 0
              }
            },
            {
              "batter": "Umar Farooq",
              "bowler": "MS Henriksen",
              "non_striker": "Zohaib Sarwar",
              "runs": {
                "batter": 0,
                "extras": 0,
                "total": 0
              }
            },
            {
              "batter": "Umar Farooq",
              "bowler": "MS Henriksen",
              "non_striker": "Zohaib Sarwar",
              "runs": {
                "batter": 4,
                "extras": 0,
                "total": 4
              }
            },
            {
              "batter": "Umar Farooq",
              "bowler": "MS Henriksen",
              "non_striker": "Zohaib Sarwar",
              "runs": {
                "batter": 0,
                "extras": 0,
                "total": 0
              }
            }
          ]
        },
        {
          "over": 2,
          "deliveries": [
            {
              "batter": "Zohaib Sarwar",
              "bowler": "OD Hald",
              "non_striker": "Umar Farooq",
              "runs": {
                "batter": 4,
                "extras": 0,
                "total": 4
              }
            },
            {
              "batter": "Zohaib Sarwar",
              "bowler": "OD Hald",
              "non_striker": "Umar Farooq",
              "runs": {
                "batter": 0,
                "extras": 0,
                "total": 0
              }
            },
            {
              "batter": "Zohaib Sarwar",
              "bowler": "OD Hald",
              "non_striker": "Umar Farooq",
              "runs": {
                "batter": 4,
                "extras": 0,
                "total": 4
              }
            },
            {
              "batter": "Zohaib Sarwar",
              "bowler": "OD Hald",
              "non_striker": "Umar Farooq",
              "runs": {
                "batter": 0,
                "extras": 0,
                "total": 0
              }
            },
            {
              "batter": "Zohaib Sarwar",
              "bowler": "OD Hald",
              "non_striker": "Umar Farooq",
              "runs": {
                "batter": 0,
                "extras": 0,
                "total": 0
              }
            },
            {
              "batter": "Zohaib Sarwar",
              "bowler": "OD Hald",
              "non_striker": "Umar Farooq",
              "runs": {
                "batter": 0,
                "extras": 0,
                "total": 0
              }
            }
          ]
        },
        {
          "over": 3,
          "deliveries": [
            {
              "batter": "Umar Farooq",
              "bowler": "MS Henriksen",
              "non_striker": "Zohaib Sarwar",
              "runs": {
                "batter": 4,
                "extras": 0,
                "total": 4
              }
            },
            {
              "batter": "Umar Farooq",
              "bowler": "MS Henriksen",
              "non_striker": "Zohaib Sarwar",
              "runs": {
                "batter": 0,
                "extras": 0,
                "total": 0
              }
            },
            {
              "batter": "Umar Farooq",
              "bowler": "MS Henriksen",
              "non_striker": "Zohaib Sarwar",
              "runs": {
                "batter": 0,
                "extras": 0,
                "total": 0
              }
            },
            {
              "batter": "Umar Farooq",
              "bowler": "MS Henriksen",
              "non_striker": "Zohaib Sarwar",
              "runs": {
                "batter": 0,
                "extras": 0,
                "total": 0
              }
            },
            {
              "batter": "Umar Farooq",
              "bowler": "MS Henriksen",
              "non_striker": "Zohaib Sarwar",
              "runs": {
                "batter": 4,
                "extras": 0,
                "total": 4
              }
            },
            {
              "batter": "Umar Farooq",
              "bowler": "MS Henriksen",
              "non_striker": "Zohaib Sarwar",
              "runs": {
                "batter": 0,
                "extras": 0,
                "total": 0
              }
            }
          ]
        },
        {
          "over": 4,
          "deliveries": [
            {
              "batter": "Zohaib Sarwar",
              "bowler": "J Jojo",
              "non_striker": "Umar Farooq",
              "runs": {
                "batter": 0,
                "extras": 0,
                "total": 0
              },
              "wickets": [
                {
                  "player_out": "Zohaib Sarwar",
                  "kind": "lbw"
                }
              ]
            },
            {
              "batter": "J Balkrisna",
              "bowler": "J Jojo",
              "non_striker": "Umar Farooq",
              "runs": {
                "batter": 0,
                "extras": 0,
                "total": 0
              }
            },
            {
              "batter": "J Balkrisna",
              "bowler": "J Jojo",
              "non_striker": "Umar Farooq",
              "runs": {
                "batter": 0,
                "extras": 0,
                "total": 0
              }
            },
            {
              "batter": "J Balkrisna",
              "bowler": "J Jojo",
              "non_striker": "Umar Farooq",
              "runs": {
                "batter": 0,
                "extras": 0,
                "total": 0
              }
            },
            {
              "batter": "J Balkrisna",
              "bowler": "J Jojo",
              "non_striker": "Umar Farooq",
              "runs": {
                "batter": 0,
                "extras": 0,
                "total": 0
              }
            },
            {
              "batter": "J Balkrisna",
              "bowler": "J Jojo",
              "non_striker": "Umar Farooq",
              "runs": {
                "batter": 1,
                "extras": 0,
                "total": 1
              }
            }
          ]
        },
        {
          "over": 5,
          "deliveries": [
            {
              "batter": "J Balkrisna",
              "bowler": "SH Ahmad",
              "non_striker": "Umar Farooq",
              "runs": {
                "batter": 0,
                "extras": 0,
                "total": 0
              }
            },
            {
              "batter": "J Balkrisna",
              "bowler": "SH Ahmad",
              "non_striker": "Umar Farooq",
              "runs": {
                "batter": 0,
                "extras": 0,
                "total": 0
              }
            },
            {
              "batter": "J Balkrisna",
              "bowler": "SH Ahmad",
              "non_striker": "Umar Farooq",
              "runs": {
                "batter": 3,
                "extras": 0,
                "total": 3
              }
            },
            {
              "batter": "Umar Farooq",
              "bowler": "SH Ahmad",
              "non_striker": "J Balkrisna",
              "runs": {
                "batter": 2,
                "extras": 0,
                "total": 2
              }
            },
            {
              "batter": "Umar Farooq",
              "bowler": "SH Ahmad",
              "non_striker": "J Balkrisna",
              "runs": {
                "batter": 0,
                "extras": 0,
                "total": 0
              }
            },
            {
              "batter": "Umar Farooq",
              "bowler": "SH Ahmad",
              "non_striker": "J Balkrisna",
              "runs": {
                "batter": 4,
                "extras": 0,
                "total": 4
              }
            }
          ]
        },
        {
          "over": 6,
          "deliveries": [
            {
              "batter": "J Balkrisna",
              "bowler": "J Jojo",
              "non_striker": "Umar Farooq",
              "runs": {
                "batter": 1,
                "extras": 0,
                "total": 1
              }
            },
            {
              "batter": "Umar Farooq",
              "bowler": "J Jojo",
              "non_striker": "J Balkrisna",
              "runs": {
                "batter": 0,
                "extras": 0,
                "total": 0
              }
            },
            {
              "batter": "Umar Farooq",
              "bowler": "J Jojo",
              "non_striker": "J Balkrisna",
              "runs": {
                "batter": 0,
                "extras": 0,
                "total": 0
              }
            },
            {
              "batter": "Umar Farooq",
              "bowler": "J Jojo",
              "non_striker": "J Balkrisna",
              "runs": {
                "batter": 0,
                "extras": 0,
                "total": 0
              }
            },
            {
              "batter": "Umar Farooq",
              "bowler": "J Jojo",
              "non_striker": "J Balkrisna",
              "runs": {
                "batter": 0,
                "extras": 0,
                "total": 0
              }
            },
            {
              "batter": "Umar Farooq",
              "bowler": "J Jojo",
              "non_striker": "J Balkrisna",
              "runs": {
                "batter": 1,
                "extras": 0,
                "total": 1
              }
            }
          ]
        },
        {
          "over": 7,
          "deliveries": [
            {
              "batter": "Umar Farooq",
              "bowler": "ND Laegsgaard",
              "non_striker": "J Balkrisna",
              "runs": {
                "batter": 0,
                "extras": 0,
                "total": 0
              }
            },
            {
              "batter": "Umar Farooq",
              "bowler": "ND Laegsgaard",
              "non_striker": "J Balkrisna",
              "runs": {
                "batter": 0,
                "extras": 0,
                "total": 0
              }
            },
            {
              "batter": "Umar Farooq",
              "bowler": "ND Laegsgaard",
              "non_striker": "J Balkrisna",
              "runs": {
                "batter": 1,
                "extras": 0,
                "total": 1
              }
            },
            {
              "batter": "J Balkrisna",
              "bowler": "ND Laegsgaard",
              "non_striker": "Umar Farooq",
              "runs": {
                "batter": 1,
                "extras": 0,
                "total": 1
              }
            },
            {
              "batter": "Umar Farooq",
              "bowler": "ND Laegsgaard",
              "non_striker": "J Balkrisna",
              "runs": {
                "batter": 1,
                "extras": 0,
                "total": 1
              }
            },
            {
              "batter": "J Balkrisna",
              "bowler": "ND Laegsgaard",
              "non_striker": "Umar Farooq",
              "runs": {
                "batter": 0,
                "extras": 0,
                "total": 0
              }
            }
          ]
        },
        {
          "over": 8,
          "deliveries": [
            {
              "batter": "Umar Farooq",
              "bowler": "J Jojo",
              "non_striker": "J Balkrisna",
              "runs": {
                "batter": 0,
                "extras": 0,
                "total": 0
              }
            },
            {
              "batter": "Umar Farooq",
              "bowler": "J Jojo",
              "non_striker": "J Balkrisna",
              "runs": {
                "batter": 1,
                "extras": 0,
                "total": 1
              }
            },
            {
              "batter": "J Balkrisna",
              "bowler": "J Jojo",
              "non_striker": "Umar Farooq",
              "runs": {
                "batter": 1,
                "extras": 0,
                "total": 1
              }
            },
            {
              "batter": "Umar Farooq",
              "bowler": "J Jojo",
              "non_striker": "J Balkrisna",
              "runs": {
                "batter": 0,
                "extras": 0,
                "total": 0
              }
            },
            {
              "batter": "Umar Farooq",
              "bowler": "J Jojo",
              "non_striker": "J Balkrisna",
              "runs": {
                "batter": 1,
                "extras": 0,
                "total": 1
              }
            },
            {
              "batter": "J Balkrisna",
              "bowler": "J Jojo",
              "non_striker": "Umar Farooq",
              "runs": {
                "batter": 1,
                "extras": 0,
                "total": 1
              }
            }
          ]
        },
        {
          "over": 9,
          "deliveries": [
            {
              "batter": "J Balkrisna",
              "bowler": "ND Laegsgaard",
              "non_striker": "Umar Farooq",
              "runs": {
                "batter": 0,
                "extras": 0,
                "total": 0
              }
            },
            {
              "batter": "J Balkrisna",
              "bowler": "ND Laegsgaard",
              "non_striker": "Umar Farooq",
              "runs": {
                "batter": 0,
                "extras": 0,
                "total": 0
              }
            },
            {
              "batter": "J Balkrisna",
              "bowler": "ND Laegsgaard",
              "non_striker": "Umar Farooq",
              "runs": {
                "batter": 0,
                "extras": 0,
                "total": 0
              }
            },
            {
              "batter": "J Balkrisna",
              "bowler": "ND Laegsgaard",
              "non_striker": "Umar Farooq",
              "runs": {
                "batter": 1,
                "extras": 0,
                "total": 1
              }
            },
            {
              "batter": "Umar Farooq",
              "bowler": "ND Laegsgaard",
              "non_striker": "J Balkrisna",
              "runs": {
                "batter": 1,
                "extras": 0,
                "total": 1
              }
            },
            {
              "batter": "J Balkrisna",
              "bowler": "ND Laegsgaard",
              "extras": {
                "byes": 1
              },
              "non_striker": "Umar Farooq",
              "runs": {
                "batter": 0,
                "extras": 1,
                "total": 1
              }
            }
          ]
        },
        {
          "over": 10,
          "deliveries": [
            {
              "batter": "J Balkrisna",
              "bowler": "M Kristensen",
              "non_striker": "Umar Farooq",
              "runs": {
                "batter": 1,
                "extras": 0,
                "total": 1
              }
            },
            {
              "batter": "Umar Farooq",
              "bowler": "M Kristensen",
              "non_striker": "J Balkrisna",
              "runs": {
                "batter": 1,
                "extras": 0,
                "total": 1
              }
            },
            {
              "batter": "J Balkrisna",
              "bowler": "M Kristensen",
              "non_striker": "Umar Farooq",
              "runs": {
                "batter": 2,
                "extras": 0,
                "total": 2
              }
            },
            {
              "batter": "J Balkrisna",
              "bowler": "M Kristensen",
              "non_striker": "Umar Farooq",
              "runs": {
                "batter": 0,
                "extras": 0,
                "total": 0
              }
            },
            {
              "batter": "J Balkrisna",
              "bowler": "M Kristensen",
              "non_striker": "Umar Farooq",
              "runs": {
                "batter": 0,
                "extras": 0,
                "total": 0
              },
              "wickets": [
                {
                  "player_out": "J Balkrisna",
                  "fielders": [
                    {
                      "name": "OD Hald"
                    }
                  ],
                  "kind": "caught"
                }
              ]
            },
            {
              "batter": "Umar Farooq",
              "bowler": "M Kristensen",
              "non_striker": "Rizwan Khaliq",
              "runs": {
                "batter": 1,
                "extras": 0,
                "total": 1
              }
            }
          ]
        },
        {
          "over": 11,
          "deliveries": [
            {
              "batter": "Umar Farooq",
              "bowler": "ND Laegsgaard",
              "non_striker": "Rizwan Khaliq",
              "runs": {
                "batter": 1,
                "extras": 0,
                "total": 1
              }
            },
            {
              "batter": "Rizwan Khaliq",
              "bowler": "ND Laegsgaard",
              "non_striker": "Umar Farooq",
              "runs": {
                "batter": 0,
                "extras": 0,
                "total": 0
              }
            },
            {
              "batter": "Rizwan Khaliq",
              "bowler": "ND Laegsgaard",
              "non_striker": "Umar Farooq",
              "runs": {
                "batter": 1,
                "extras": 0,
                "total": 1
              }
            },
            {
              "batter": "Umar Farooq",
              "bowler": "ND Laegsgaard",
              "non_striker": "Rizwan Khaliq",
              "runs": {
                "batter": 0,
                "extras": 0,
                "total": 0
              }
            },
            {
              "batter": "Umar Farooq",
              "bowler": "ND Laegsgaard",
              "non_striker": "Rizwan Khaliq",
              "runs": {
                "batter": 0,
                "extras": 0,
                "total": 0
              },
              "wickets": [
                {
                  "player_out": "Umar Farooq",
                  "kind": "bowled"
                }
              ]
            },
            {
              "batter": "Nadeem Butt",
              "bowler": "ND Laegsgaard",
              "non_striker": "Rizwan Khaliq",
              "runs": {
                "batter": 0,
                "extras": 0,
                "total": 0
              }
            }
          ]
        },
        {
          "over": 12,
          "deliveries": [
            {
              "batter": "Rizwan Khaliq",
              "bowler": "M Kristensen",
              "non_striker": "Nadeem Butt",
              "runs": {
                "batter": 0,
                "extras": 0,
                "total": 0
              }
            },
            {
              "batter": "Rizwan Khaliq",
              "bowler": "M Kristensen",
              "non_striker": "Nadeem Butt",
              "runs": {
                "batter": 0,
                "extras": 0,
                "total": 0
              }
            },
            {
              "batter": "Rizwan Khaliq",
              "bowler": "M Kristensen",
              "non_striker": "Nadeem Butt",
              "runs": {
                "batter": 0,
                "extras": 0,
                "total": 0
              }
            },
            {
              "batter": "Rizwan Khaliq",
              "bowler": "M Kristensen",
              "non_striker": "Nadeem Butt",
              "runs": {
                "batter": 1,
                "extras": 0,
                "total": 1
              }
            },
            {
              "batter": "Nadeem Butt",
              "bowler": "M Kristensen",
              "non_striker": "Rizwan Khaliq",
              "runs": {
                "batter": 1,
                "extras": 0,
                "total": 1
              }
            },
            {
              "batter": "Rizwan Khaliq",
              "bowler": "M Kristensen",
              "non_striker": "Nadeem Butt",
              "runs": {
                "batter": 1,
                "extras": 0,
                "total": 1
              }
            }
          ]
        },
        {
          "over": 13,
          "deliveries": [
            {
              "batter": "Rizwan Khaliq",
              "bowler": "ND Laegsgaard",
              "non_striker": "Nadeem Butt",
              "runs": {
                "batter": 1,
                "extras": 0,
                "total": 1
              }
            },
            {
              "batter": "Nadeem Butt",
              "bowler": "ND Laegsgaard",
              "non_striker": "Rizwan Khaliq",
              "runs": {
                "batter": 1,
                "extras": 0,
                "total": 1
              }
            },
            {
              "batter": "Rizwan Khaliq",
              "bowler": "ND Laegsgaard",
              "non_striker": "Nadeem Butt",
              "runs": {
                "batter": 1,
                "extras": 0,
                "total": 1
              }
            },
            {
              "batter": "Nadeem Butt",
              "bowler": "ND Laegsgaard",
              "non_striker": "Rizwan Khaliq",
              "runs": {
                "batter": 0,
                "extras": 0,
                "total": 0
              }
            },
            {
              "batter": "Nadeem Butt",
              "bowler": "ND Laegsgaard",
              "non_striker": "Rizwan Khaliq",
              "runs": {
                "batter": 1,
                "extras": 0,
                "total": 1
              }
            },
            {
              "batter": "Rizwan Khaliq",
              "bowler": "ND Laegsgaard",
              "non_striker": "Nadeem Butt",
              "runs": {
                "batter": 2,
                "extras": 0,
                "total": 2
              }
            }
          ]
        },
        {
          "over": 14,
          "deliveries": [
            {
              "batter": "Nadeem Butt",
              "bowler": "M Kristensen",
              "non_striker": "Rizwan Khaliq",
              "runs": {
                "batter": 0,
                "extras": 0,
                "total": 0
              }
            },
            {
              "batter": "Nadeem Butt",
              "bowler": "M Kristensen",
              "non_striker": "Rizwan Khaliq",
              "runs": {
                "batter": 1,
                "extras": 0,
                "total": 1
              }
            },
            {
              "batter": "Rizwan Khaliq",
              "bowler": "M Kristensen",
              "non_striker": "Nadeem Butt",
              "runs": {
                "batter": 1,
                "extras": 0,
                "total": 1
              }
            },
            {
              "batter": "Nadeem Butt",
              "bowler": "M Kristensen",
              "non_striker": "Rizwan Khaliq",
              "runs": {
                "batter": 1,
                "extras": 0,
                "total": 1
              }
            },
            {
              "batter": "Rizwan Khaliq",
              "bowler": "M Kristensen",
              "non_striker": "Nadeem Butt",
              "runs": {
                "batter": 0,
                "extras": 0,
                "total": 0
              }
            },
            {
              "batter": "Rizwan Khaliq",
              "bowler": "M Kristensen",
              "non_striker": "Nadeem Butt",
              "runs": {
                "batter": 0,
                "extras": 0,
                "total": 0
              }
            }
          ]
        },
        {
          "over": 15,
          "deliveries": [
            {
              "batter": "Nadeem Butt",
              "bowler": "SH Ahmad",
              "non_striker": "Rizwan Khaliq",
              "runs": {
                "batter": 0,
                "extras": 0,
                "total": 0
              },
              "wickets": [
                {
                  "player_out": "Nadeem Butt",
                  "fielders": [
                    {
                      "name": "MS Henriksen"
                    }
                  ],
                  "kind": "caught"
                }
              ]
            },
            {
              "batter": "SP Sharma",
              "bowler": "SH Ahmad",
              "non_striker": "Rizwan Khaliq",
              "runs": {
                "batter": 6,
                "extras": 0,
                "total": 6
              }
            },
            {
              "batter": "SP Sharma",
              "bowler": "SH Ahmad",
              "non_striker": "Rizwan Khaliq",
              "runs": {
                "batter": 2,
                "extras": 0,
                "total": 2
              }
            },
            {
              "batter": "SP Sharma",
              "bowler": "SH Ahmad",
              "non_striker": "Rizwan Khaliq",
              "runs": {
                "batter": 0,
                "extras": 0,
                "total": 0
              },
              "wickets": [
                {
                  "player_out": "SP Sharma",
                  "fielders": [
                    {
                      "name": "T Bharaj"
                    }
                  ],
                  "kind": "stumped"
                }
              ]
            },
            {
              "batter": "P Buccimazza",
              "bowler": "SH Ahmad",
              "non_striker": "Rizwan Khaliq",
              "runs": {
                "batter": 0,
                "extras": 0,
                "total": 0
              }
            },
            {
              "batter": "P Buccimazza",
              "bowler": "SH Ahmad",
              "non_striker": "Rizwan Khaliq",
              "runs": {
                "batter": 0,
                "extras": 0,
                "total": 0
              }
            }
          ]
        },
        {
          "over": 16,
          "deliveries": [
            {
              "batter": "Rizwan Khaliq",
              "bowler": "HAM Shah",
              "non_striker": "P Buccimazza",
              "runs": {
                "batter": 2,
                "extras": 0,
                "total": 2
              }
            },
            {
              "batter": "Rizwan Khaliq",
              "bowler": "HAM Shah",
              "non_striker": "P Buccimazza",
              "runs": {
                "batter": 1,
                "extras": 0,
                "total": 1
              }
            },
            {
              "batter": "P Buccimazza",
              "bowler": "HAM Shah",
              "non_striker": "Rizwan Khaliq",
              "runs": {
                "batter": 0,
                "extras": 0,
                "total": 0
              }
            },
            {
              "batter": "P Buccimazza",
              "bowler": "HAM Shah",
              "non_striker": "Rizwan Khaliq",
              "runs": {
                "batter": 2,
                "extras": 0,
                "total": 2
              }
            },
            {
              "batter": "P Buccimazza",
              "bowler": "HAM Shah",
              "non_striker": "Rizwan Khaliq",
              "runs": {
                "batter": 0,
                "extras": 0,
                "total": 0
              },
              "wickets": [
                {
                  "player_out": "P Buccimazza",
                  "fielders": [
                    {
                      "name": "M Kristensen"
                    }
                  ],
                  "kind": "caught"
                }
              ]
            },
            {
              "batter": "Rizwan Khaliq",
              "bowler": "HAM Shah",
              "extras": {
                "wides": 1
              },
              "non_striker": "Mian Mehmood",
              "runs": {
                "batter": 0,
                "extras": 1,
                "total": 1
              }
            },
            {
              "batter": "Rizwan Khaliq",
              "bowler": "HAM Shah",
              "non_striker": "Mian Mehmood",
              "runs": {
                "batter": 1,
                "extras": 0,
                "total": 1
              }
            }
          ]
        },
        {
          "over": 17,
          "deliveries": [
            {
              "batter": "Rizwan Khaliq",
              "bowler": "SH Ahmad",
              "non_striker": "Mian Mehmood",
              "runs": {
                "batter": 0,
                "extras": 0,
                "total": 0
              }
            },
            {
              "batter": "Rizwan Khaliq",
              "bowler": "SH Ahmad",
              "non_striker": "Mian Mehmood",
              "runs": {
                "batter": 0,
                "extras": 0,
                "total": 0
              }
            },
            {
              "batter": "Rizwan Khaliq",
              "bowler": "SH Ahmad",
              "non_striker": "Mian Mehmood",
              "runs": {
                "batter": 0,
                "extras": 0,
                "total": 0
              },
              "wickets": [
                {
                  "player_out": "Rizwan Khaliq",
                  "fielders": [
                    {
                      "name": "T Bharaj"
                    }
                  ],
                  "kind": "stumped"
                }
              ]
            },
            {
              "batter": "I Medhi",
              "bowler": "SH Ahmad",
              "non_striker": "Mian Mehmood",
              "runs": {
                "batter": 0,
                "extras": 0,
                "total": 0
              }
            },
            {
              "batter": "I Medhi",
              "bowler": "SH Ahmad",
              "non_striker": "Mian Mehmood",
              "runs": {
                "batter": 0,
                "extras": 0,
                "total": 0
              }
            },
            {
              "batter": "I Medhi",
              "bowler": "SH Ahmad",
              "non_striker": "Mian Mehmood",
              "runs": {
                "batter": 0,
                "extras": 0,
                "total": 0
              },
              "wickets": [
                {
                  "player_out": "I Medhi",
                  "kind": "caught and bowled"
                }
              ]
            }
          ]
        },
        {
          "over": 18,
          "deliveries": [
            {
              "batter": "Mian Mehmood",
              "bowler": "HAM Shah",
              "non_striker": "ARA Chambers",
              "runs": {
                "batter": 0,
                "extras": 0,
                "total": 0
              }
            },
            {
              "batter": "Mian Mehmood",
              "bowler": "HAM Shah",
              "non_striker": "ARA Chambers",
              "runs": {
                "batter": 1,
                "extras": 0,
                "total": 1
              }
            },
            {
              "batter": "ARA Chambers",
              "bowler": "HAM Shah",
              "non_striker": "Mian Mehmood",
              "runs": {
                "batter": 1,
                "extras": 0,
                "total": 1
              }
            },
            {
              "batter": "Mian Mehmood",
              "bowler": "HAM Shah",
              "non_striker": "ARA Chambers",
              "runs": {
                "batter": 0,
                "extras": 0,
                "total": 0
              },
              "wickets": [
                {
                  "player_out": "Mian Mehmood",
                  "kind": "bowled"
                }
              ]
            }
          ]
        }
      ],
      "powerplays": [
        {
          "from": 0.1,
          "to": 5.6,
          "type": "mandatory"
        }
      ]
    },
    {
      "team": "Denmark",
      "overs": [
        {
          "over": 0,
          "deliveries": [
            {
              "batter": "T Bharaj",
              "bowler": "SP Sharma",
              "non_striker": "HAM Shah",
              "runs": {
                "batter": 1,
                "extras": 0,
                "total": 1
              }
            },
            {
              "batter": "HAM Shah",
              "bowler": "SP Sharma",
              "non_striker": "T Bharaj",
              "runs": {
                "batter": 0,
                "extras": 0,
                "total": 0
              }
            },
            {
              "batter": "HAM Shah",
              "bowler": "SP Sharma",
              "extras": {
                "wides": 3
              },
              "non_striker": "T Bharaj",
              "runs": {
                "batter": 0,
                "extras": 3,
                "total": 3
              }
            },
            {
              "batter": "HAM Shah",
              "bowler": "SP Sharma",
              "non_striker": "T Bharaj",
              "runs": {
                "batter": 3,
                "extras": 0,
                "total": 3
              }
            },
            {
              "batter": "T Bharaj",
              "bowler": "SP Sharma",
              "non_striker": "HAM Shah",
              "runs": {
                "batter": 0,
                "extras": 0,
                "total": 0
              }
            },
            {
              "batter": "T Bharaj",
              "bowler": "SP Sharma",
              "non_striker": "HAM Shah",
              "runs": {
                "batter": 0,
                "extras": 0,
                "total": 0
              }
            },
            {
              "batter": "T Bharaj",
              "bowler": "SP Sharma",
              "non_striker": "HAM Shah",
              "runs": {
                "batter": 0,
                "extras": 0,
                "total": 0
              }
            }
          ]
        },
        {
          "over": 1,
          "deliveries": [
            {
              "batter": "HAM Shah",
              "bowler": "Ghazanfar Ali",
              "non_striker": "T Bharaj",
              "runs": {
                "batter": 4,
                "extras": 0,
                "total": 4
              }
            },
            {
              "batter": "HAM Shah",
              "bowler": "Ghazanfar Ali",
              "non_striker": "T Bharaj",
              "runs": {
                "batter": 0,
                "extras": 0,
                "total": 0
              }
            },
            {
              "batter": "HAM Shah",
              "bowler": "Ghazanfar Ali",
              "non_striker": "T Bharaj",
              "runs": {
                "batter": 0,
                "extras": 0,
                "total": 0
              }
            },
            {
              "batter": "HAM Shah",
              "bowler": "Ghazanfar Ali",
              "non_striker": "T Bharaj",
              "runs": {
                "batter": 0,
                "extras": 0,
                "total": 0
              }
            },
            {
              "batter": "HAM Shah",
              "bowler": "Ghazanfar Ali",
              "non_striker": "T Bharaj",
              "runs": {
                "batter": 1,
                "extras": 0,
                "total": 1
              }
            },
            {
              "batter": "T Bharaj",
              "bowler": "Ghazanfar Ali",
              "non_striker": "HAM Shah",
              "runs": {
                "batter": 0,
                "extras": 0,
                "total": 0
              }
            }
          ]
        },
        {
          "over": 2,
          "deliveries": [
            {
              "batter": "HAM Shah",
              "bowler": "SP Sharma",
              "non_striker": "T Bharaj",
              "runs": {
                "batter": 0,
                "extras": 0,
                "total": 0
              },
              "wickets": [
                {
                  "player_out": "HAM Shah",
                  "kind": "bowled"
                }
              ]
            },
            {
              "batter": "Rizwan Mahmood",
              "bowler": "SP Sharma",
              "non_striker": "T Bharaj",
              "runs": {
                "batter": 0,
                "extras": 0,
                "total": 0
              }
            },
            {
              "batter": "Rizwan Mahmood",
              "bowler": "SP Sharma",
              "non_striker": "T Bharaj",
              "runs": {
                "batter": 0,
                "extras": 0,
                "total": 0
              },
              "wickets": [
                {
                  "player_out": "Rizwan Mahmood",
                  "fielders": [
                    {
                      "name": "Nadeem Butt"
                    }
                  ],
                  "kind": "caught"
                }
              ]
            },
            {
              "batter": "A Bulow",
              "bowler": "SP Sharma",
              "non_striker": "T Bharaj",
              "runs": {
                "batter": 0,
                "extras": 0,
                "total": 0
              }
            },
            {
              "batter": "A Bulow",
              "bowler": "SP Sharma",
              "non_striker": "T Bharaj",
              "runs": {
                "batter": 4,
                "extras": 0,
                "total": 4
              }
            },
            {
              "batter": "A Bulow",
              "bowler": "SP Sharma",
              "non_striker": "T Bharaj",
              "runs": {
                "batter": 1,
                "extras": 0,
                "total": 1
              }
            }
          ]
        },
        {
          "over": 3,
          "deliveries": [
            {
              "batter": "A Bulow",
              "bowler": "Ghazanfar Ali",
              "non_striker": "T Bharaj",
              "runs": {
                "batter": 0,
                "extras": 0,
                "total": 0
              }
            },
            {
              "batter": "A Bulow",
              "bowler": "Ghazanfar Ali",
              "non_striker": "T Bharaj",
              "runs": {
                "batter": 0,
                "extras": 0,
                "total": 0
              }
            },
            {
              "batter": "A Bulow",
              "bowler": "Ghazanfar Ali",
              "non_striker": "T Bharaj",
              "runs": {
                "batter": 4,
                "extras": 0,
                "total": 4
              }
            },
            {
              "batter": "A Bulow",
              "bowler": "Ghazanfar Ali",
              "non_striker": "T Bharaj",
              "runs": {
                "batter": 3,
                "extras": 0,
                "total": 3
              }
            },
            {
              "batter": "T Bharaj",
              "bowler": "Ghazanfar Ali",
              "non_striker": "A Bulow",
              "runs": {
                "batter": 1,
                "extras": 0,
                "total": 1
              }
            },
            {
              "batter": "A Bulow",
              "bowler": "Ghazanfar Ali",
              "non_striker": "T Bharaj",
              "runs": {
                "batter": 0,
                "extras": 0,
                "total": 0
              }
            }
          ]
        },
        {
          "over": 4,
          "deliveries": [
            {
              "batter": "T Bharaj",
              "bowler": "SP Sharma",
              "non_striker": "A Bulow",
              "runs": {
                "batter": 0,
                "extras": 0,
                "total": 0
              }
            },
            {
              "batter": "T Bharaj",
              "bowler": "SP Sharma",
              "non_striker": "A Bulow",
              "runs": {
                "batter": 1,
                "extras": 0,
                "total": 1
              }
            },
            {
              "batter": "A Bulow",
              "bowler": "SP Sharma",
              "non_striker": "T Bharaj",
              "runs": {
                "batter": 0,
                "extras": 0,
                "total": 0
              }
            },
            {
              "batter": "A Bulow",
              "bowler": "SP Sharma",
              "non_striker": "T Bharaj",
              "runs": {
                "batter": 1,
                "extras": 0,
                "total": 1
              }
            },
            {
              "batter": "T Bharaj",
              "bowler": "SP Sharma",
              "non_striker": "A Bulow",
              "runs": {
                "batter": 4,
                "extras": 0,
                "total": 4
              }
            },
            {
              "batter": "T Bharaj",
              "bowler": "SP Sharma",
              "non_striker": "A Bulow",
              "runs": {
                "batter": 0,
                "extras": 0,
                "total": 0
              }
            }
          ]
        },
        {
          "over": 5,
          "deliveries": [
            {
              "batter": "A Bulow",
              "bowler": "Ghazanfar Ali",
              "non_striker": "T Bharaj",
              "runs": {
                "batter": 4,
                "extras": 0,
                "total": 4,
                "non_boundary": true
              }
            },
            {
              "batter": "A Bulow",
              "bowler": "Ghazanfar Ali",
              "non_striker": "T Bharaj",
              "runs": {
                "batter": 1,
                "extras": 0,
                "total": 1
              }
            },
            {
              "batter": "T Bharaj",
              "bowler": "Ghazanfar Ali",
              "non_striker": "A Bulow",
              "runs": {
                "batter": 0,
                "extras": 0,
                "total": 0
              }
            },
            {
              "batter": "T Bharaj",
              "bowler": "Ghazanfar Ali",
              "non_striker": "A Bulow",
              "runs": {
                "batter": 0,
                "extras": 0,
                "total": 0
              }
            },
            {
              "batter": "T Bharaj",
              "bowler": "Ghazanfar Ali",
              "non_striker": "A Bulow",
              "runs": {
                "batter": 1,
                "extras": 0,
                "total": 1
              }
            },
            {
              "batter": "A Bulow",
              "bowler": "Ghazanfar Ali",
              "non_striker": "T Bharaj",
              "runs": {
                "batter": 1,
                "extras": 0,
                "total": 1
              }
            }
          ]
        },
        {
          "over": 6,
          "deliveries": [
            {
              "batter": "A Bulow",
              "bowler": "SP Sharma",
              "non_striker": "T Bharaj",
              "runs": {
                "batter": 0,
                "extras": 0,
                "total": 0
              }
            },
            {
              "batter": "A Bulow",
              "bowler": "SP Sharma",
              "non_striker": "T Bharaj",
              "runs": {
                "batter": 0,
                "extras": 0,
                "total": 0
              }
            },
            {
              "batter": "A Bulow",
              "bowler": "SP Sharma",
              "non_striker": "T Bharaj",
              "runs": {
                "batter": 0,
                "extras": 0,
                "total": 0
              }
            },
            {
              "batter": "A Bulow",
              "bowler": "SP Sharma",
              "extras": {
                "legbyes": 1
              },
              "non_striker": "T Bharaj",
              "runs": {
                "batter": 0,
                "extras": 1,
                "total": 1
              }
            },
            {
              "batter": "T Bharaj",
              "bowler": "SP Sharma",
              "non_striker": "A Bulow",
              "runs": {
                "batter": 1,
                "extras": 0,
                "total": 1
              }
            },
            {
              "batter": "A Bulow",
              "bowler": "SP Sharma",
              "non_striker": "T Bharaj",
              "runs": {
                "batter": 1,
                "extras": 0,
                "total": 1
              }
            }
          ]
        },
        {
          "over": 7,
          "deliveries": [
            {
              "batter": "A Bulow",
              "bowler": "P Buccimazza",
              "non_striker": "T Bharaj",
              "runs": {
                "batter": 0,
                "extras": 0,
                "total": 0
              }
            },
            {
              "batter": "A Bulow",
              "bowler": "P Buccimazza",
              "non_striker": "T Bharaj",
              "runs": {
                "batter": 1,
                "extras": 0,
                "total": 1
              }
            },
            {
              "batter": "T Bharaj",
              "bowler": "P Buccimazza",
              "non_striker": "A Bulow",
              "runs": {
                "batter": 1,
                "extras": 0,
                "total": 1
              }
            },
            {
              "batter": "A Bulow",
              "bowler": "P Buccimazza",
              "non_striker": "T Bharaj",
              "runs": {
                "batter": 1,
                "extras": 0,
                "total": 1
              }
            },
            {
              "batter": "T Bharaj",
              "bowler": "P Buccimazza",
              "non_striker": "A Bulow",
              "runs": {
                "batter": 2,
                "extras": 0,
                "total": 2
              }
            },
            {
              "batter": "T Bharaj",
              "bowler": "P Buccimazza",
              "non_striker": "A Bulow",
              "runs": {
                "batter": 1,
                "extras": 0,
                "total": 1
              }
            }
          ]
        },
        {
          "over": 8,
          "deliveries": [
            {
              "batter": "T Bharaj",
              "bowler": "Nadeem Butt",
              "non_striker": "A Bulow",
              "runs": {
                "batter": 0,
                "extras": 0,
                "total": 0
              }
            },
            {
              "batter": "T Bharaj",
              "bowler": "Nadeem Butt",
              "non_striker": "A Bulow",
              "runs": {
                "batter": 0,
                "extras": 0,
                "total": 0
              }
            },
            {
              "batter": "T Bharaj",
              "bowler": "Nadeem Butt",
              "non_striker": "A Bulow",
              "runs": {
                "batter": 1,
                "extras": 0,
                "total": 1
              }
            },
            {
              "batter": "A Bulow",
              "bowler": "Nadeem Butt",
              "non_striker": "T Bharaj",
              "runs": {
                "batter": 0,
                "extras": 0,
                "total": 0
              }
            },
            {
              "batter": "A Bulow",
              "bowler": "Nadeem Butt",
              "non_striker": "T Bharaj",
              "runs": {
                "batter": 0,
                "extras": 0,
                "total": 0
              }
            },
            {
              "batter": "A Bulow",
              "bowler": "Nadeem Butt",
              "non_striker": "T Bharaj",
              "runs": {
                "batter": 0,
                "extras": 0,
                "total": 0
              }
            }
          ]
        },
        {
          "over": 9,
          "deliveries": [
            {
              "batter": "T Bharaj",
              "bowler": "P Buccimazza",
              "non_striker": "A Bulow",
              "runs": {
                "batter": 0,
                "extras": 0,
                "total": 0
              }
            },
            {
              "batter": "T Bharaj",
              "bowler": "P Buccimazza",
              "non_striker": "A Bulow",
              "runs": {
                "batter": 0,
                "extras": 0,
                "total": 0
              }
            },
            {
              "batter": "T Bharaj",
              "bowler": "P Buccimazza",
              "non_striker": "A Bulow",
              "runs": {
                "batter": 1,
                "extras": 0,
                "total": 1
              }
            },
            {
              "batter": "A Bulow",
              "bowler": "P Buccimazza",
              "non_striker": "T Bharaj",
              "runs": {
                "batter": 0,
                "extras": 0,
                "total": 0
              }
            },
            {
              "batter": "A Bulow",
              "bowler": "P Buccimazza",
              "non_striker": "T Bharaj",
              "runs": {
                "batter": 1,
                "extras": 0,
                "total": 1
              }
            },
            {
              "batter": "T Bharaj",
              "bowler": "P Buccimazza",
              "non_striker": "A Bulow",
              "runs": {
                "batter": 0,
                "extras": 0,
                "total": 0
              }
            }
          ]
        },
        {
          "over": 10,
          "deliveries": [
            {
              "batter": "A Bulow",
              "bowler": "Nadeem Butt",
              "non_striker": "T Bharaj",
              "runs": {
                "batter": 0,
                "extras": 0,
                "total": 0
              }
            },
            {
              "batter": "A Bulow",
              "bowler": "Nadeem Butt",
              "non_striker": "T Bharaj",
              "runs": {
                "batter": 1,
                "extras": 0,
                "total": 1
              }
            },
            {
              "batter": "T Bharaj",
              "bowler": "Nadeem Butt",
              "non_striker": "A Bulow",
              "runs": {
                "batter": 1,
                "extras": 0,
                "total": 1
              }
            },
            {
              "batter": "A Bulow",
              "bowler": "Nadeem Butt",
              "non_striker": "T Bharaj",
              "runs": {
                "batter": 0,
                "extras": 0,
                "total": 0
              }
            },
            {
              "batter": "A Bulow",
              "bowler": "Nadeem Butt",
              "non_striker": "T Bharaj",
              "runs": {
                "batter": 1,
                "extras": 0,
                "total": 1
              }
            },
            {
              "batter": "T Bharaj",
              "bowler": "Nadeem Butt",
              "non_striker": "A Bulow",
              "runs": {
                "batter": 0,
                "extras": 0,
                "total": 0
              }
            }
          ]
        },
        {
          "over": 11,
          "deliveries": [
            {
              "batter": "A Bulow",
              "bowler": "P Buccimazza",
              "non_striker": "T Bharaj",
              "runs": {
                "batter": 6,
                "extras": 0,
                "total": 6
              }
            },
            {
              "batter": "A Bulow",
              "bowler": "P Buccimazza",
              "non_striker": "T Bharaj",
              "runs": {
                "batter": 4,
                "extras": 0,
                "total": 4
              }
            },
            {
              "batter": "A Bulow",
              "bowler": "P Buccimazza",
              "non_striker": "T Bharaj",
              "runs": {
                "batter": 0,
                "extras": 0,
                "total": 0
              }
            },
            {
              "batter": "A Bulow",
              "bowler": "P Buccimazza",
              "non_striker": "T Bharaj",
              "runs": {
                "batter": 0,
                "extras": 0,
                "total": 0
              },
              "wickets": [
                {
                  "player_out": "A Bulow",
                  "kind": "lbw"
                }
              ]
            },
            {
              "batter": "SH Ahmad",
              "bowler": "P Buccimazza",
              "non_striker": "T Bharaj",
              "runs": {
                "batter": 2,
                "extras": 0,
                "total": 2
              }
            },
            {
              "batter": "SH Ahmad",
              "bowler": "P Buccimazza",
              "non_striker": "T Bharaj",
              "runs": {
                "batter": 0,
                "extras": 0,
                "total": 0
              }
            }
          ]
        },
        {
          "over": 12,
          "deliveries": [
            {
              "batter": "T Bharaj",
              "bowler": "Nadeem Butt",
              "non_striker": "SH Ahmad",
              "runs": {
                "batter": 1,
                "extras": 0,
                "total": 1
              }
            },
            {
              "batter": "SH Ahmad",
              "bowler": "Nadeem Butt",
              "non_striker": "T Bharaj",
              "runs": {
                "batter": 1,
                "extras": 0,
                "total": 1
              }
            },
            {
              "batter": "T Bharaj",
              "bowler": "Nadeem Butt",
              "non_striker": "SH Ahmad",
              "runs": {
                "batter": 0,
                "extras": 0,
                "total": 0
              }
            },
            {
              "batter": "T Bharaj",
              "bowler": "Nadeem Butt",
              "non_striker": "SH Ahmad",
              "runs": {
                "batter": 0,
                "extras": 0,
                "total": 0
              }
            },
            {
              "batter": "T Bharaj",
              "bowler": "Nadeem Butt",
              "non_striker": "SH Ahmad",
              "runs": {
                "batter": 0,
                "extras": 0,
                "total": 0
              }
            },
            {
              "batter": "T Bharaj",
              "bowler": "Nadeem Butt",
              "non_striker": "SH Ahmad",
              "runs": {
                "batter": 0,
                "extras": 0,
                "total": 0
              }
            }
          ]
        },
        {
          "over": 13,
          "deliveries": [
            {
              "batter": "SH Ahmad",
              "bowler": "I Medhi",
              "non_striker": "T Bharaj",
              "runs": {
                "batter": 1,
                "extras": 0,
                "total": 1
              }
            },
            {
              "batter": "T Bharaj",
              "bowler": "I Medhi",
              "non_striker": "SH Ahmad",
              "runs": {
                "batter": 1,
                "extras": 0,
                "total": 1
              }
            },
            {
              "batter": "SH Ahmad",
              "bowler": "I Medhi",
              "non_striker": "T Bharaj",
              "runs": {
                "batter": 1,
                "extras": 0,
                "total": 1
              }
            },
            {
              "batter": "T Bharaj",
              "bowler": "I Medhi",
              "non_striker": "SH Ahmad",
              "runs": {
                "batter": 1,
                "extras": 0,
                "total": 1
              }
            },
            {
              "batter": "SH Ahmad",
              "bowler": "I Medhi",
              "non_striker": "T Bharaj",
              "runs": {
                "batter": 1,
                "extras": 0,
                "total": 1
              }
            },
            {
              "batter": "T Bharaj",
              "bowler": "I Medhi",
              "non_striker": "SH Ahmad",
              "runs": {
                "batter": 3,
                "extras": 0,
                "total": 3
              }
            }
          ]
        },
        {
          "over": 14,
          "deliveries": [
            {
              "batter": "T Bharaj",
              "bowler": "Mian Mehmood",
              "non_striker": "SH Ahmad",
              "runs": {
                "batter": 1,
                "extras": 0,
                "total": 1
              }
            },
            {
              "batter": "SH Ahmad",
              "bowler": "Mian Mehmood",
              "non_striker": "T Bharaj",
              "runs": {
                "batter": 0,
                "extras": 0,
                "total": 0
              }
            },
            {
              "batter": "SH Ahmad",
              "bowler": "Mian Mehmood",
              "non_striker": "T Bharaj",
              "runs": {
                "batter": 1,
                "extras": 0,
                "total": 1
              }
            },
            {
              "batter": "T Bharaj",
              "bowler": "Mian Mehmood",
              "non_striker": "SH Ahmad",
              "runs": {
                "batter": 0,
                "extras": 0,
                "total": 0
              }
            },
            {
              "batter": "T Bharaj",
              "bowler": "Mian Mehmood",
              "non_striker": "SH Ahmad",
              "runs": {
                "batter": 2,
                "extras": 0,
                "total": 2
              }
            },
            {
              "batter": "T Bharaj",
              "bowler": "Mian Mehmood",
              "non_striker": "SH Ahmad",
              "runs": {
                "batter": 2,
                "extras": 0,
                "total": 2
              }
            }
          ]
        },
        {
          "over": 15,
          "deliveries": [
            {
              "batter": "SH Ahmad",
              "bowler": "I Medhi",
              "non_striker": "T Bharaj",
              "runs": {
                "batter": 4,
                "extras": 0,
                "total": 4
              }
            }
          ]
        }
      ],
      "powerplays": [
        {
          "from": 0.1,
          "to": 5.6,
          "type": "mandatory"
        }
      ],
      "target": {
        "overs": 20,
        "runs": 82
      }
    }
  ]
}