{
  "meta": {
    "data_version": "1.0.0",
    "created": "2020-08-31",
    "revision": 1
  },
  "info": {
    "balls_per_over": 6,
    "city": "Deventer",
    "dates": [
      "2018-09-02"
    ],
    "event": {
      "name": "ICC World Twenty20 Europe Region Qualifier A",
      "match_number": 15
    },
    "gender": "male",
    "match_type": "IT20",
    "officials": {
      "reserve_umpires": [
        "K Pedersen"
      ],
      "umpires": [
        "Adriaan van den Dries",
        "RJ Veillard"
      ]
    },
    "outcome": {
      "winner": "Portugal",
      "by": {
        "wickets": 5
      }
    },
    "overs": 20,
    "player_of_match": [
      "P Buccimazza"
    ],
    "players": {
      "Cyprus": [
        "MPGT Ketiyage",
        "Syed Hussain",
        "Muhammad Shoaib Ahmed",
        "Harvinder Singh",
        "Azan Baig",
        "SN Pathirana",
        "Rafiqul Islam",
        "Abdul Manan",
        "M Kyriacou",
        "CP Wellage",
        "SRMJJ Arachchilage"
      ],
      "Portugal": [
        "Tariq Aziz",
        "Umar Farooq",
        "Arslan Ahmed",
        "Nadeem Butt",
        "SP Sharma",
        "Zohaib Sarwar",
        "P Buccimazza",
        "Khalid Izaz",
        "ARA Chambers",
        "Rizwan Khaliq",
        "Mian Mehmood"
      ]
    },
    "registry": {
      "people": {
        "ARA Chambers": "8db27a28",
        "Abdul Manan": "353e92b3",
        "Adriaan van den Dries": "94b5ec3b",
        "Arslan Ahmed": "f70c0c66",
        "Azan Baig": "b971183b",
        "CP Wellage": "89337e1d",
        "Ghazanfar Ali": "9951e469",
        "Harvinder Singh": "903d35ed",
        "K Pedersen": "ac717ebd",
        "Khalid Izaz": "5087811b",
        "M Kyriacou": "9818cc88",
        "MPGT Ketiyage": "2d45d7d2",
        "Mian Mehmood": "4a4991c1",
        "Muhammad Shoaib Ahmed": "2a13e6b1",
        "Nadeem Butt": "02df7b37",
        "P Buccimazza": "ddc7e056",
        "RJ Veillard": "0a8ebf05",
        "Rafiqul Islam": "c099a381",
        "Rizwan Khaliq": "278b90a5",
        "SN Pathirana": "f4000a7d",
        "SP Sharma": "d9fd42e4",
        "SRMJJ Arachchilage": "c9473a95",
        "Syed Hussain": "3ff4f76c",
        "Tariq Aziz": "a049c39b",
        "Umar Farooq": "8f400760",
        "Zohaib Sarwar": "bd3cecc6"
      }
    },
    "season": "2018",
    "team_type": "international",
    "teams": [
      "Cyprus",
      "Portugal"
    ],
    "toss": {
      "decision": "bat",
      "winner": "Cyprus"
    },
    "venue": "Sportpark Het Schootsveld"
  },
  "innings": [
    {
      "team": "Cyprus",
      "overs": [
        {
          "over": 0,
          "deliveries": [
            {
              "batter": "MPGT Ketiyage",
              "bowler": "Khalid Izaz",
              "non_striker": "Syed Hussain",
              "runs": {
                "batter": 0,
                "extras": 0,
                "total": 0
              },
              "wickets": [
                {
                  "player_out": "MPGT Ketiyage",
                  "kind": "lbw"
                }
              ]
            },
            {
              "batter": "Muhammad Shoaib Ahmed",
              "bowler": "Khalid Izaz",
              "non_striker": "Syed Hussain",
              "runs": {
                "batter": 1,
                "extras": 0,
                "total": 1
              }
            },
            {
              "batter": "Syed Hussain",
              "bowler": "Khalid Izaz",
              "non_striker": "Muhammad Shoaib Ahmed",
              "runs": {
                "batter": 0,
                "extras": 0,
                "total": 0
              }
            },
            {
              "batter": "Syed Hussain",
              "bowler": "Khalid Izaz",
              "non_striker": "Muhammad Shoaib Ahmed",
              "runs": {
                "batter": 0,
                "extras": 0,
                "total": 0
              }
            },
            {
              "batter": "Syed Hussain",
              "bowler": "Khalid Izaz",
              "non_striker": "Muhammad Shoaib Ahmed",
              "runs": {
                "batter": 0,
                "extras": 0,
                "total": 0
              }
            },
            {
              "batter": "Syed Hussain",
              "bowler": "Khalid Izaz",
              "non_striker": "Muhammad Shoaib Ahmed",
              "runs": {
                "batter": 1,
                "extras": 0,
                "total": 1
              }
            }
          ]
        },
        {
          "over": 1,
          "deliveries": [
            {
              "batter": "Syed Hussain",
              "bowler": "SP Sharma",
              "non_striker": "Muhammad Shoaib Ahmed",
              "runs": {
                "batter": 4,
                "extras": 0,
                "total": 4
              }
            },
            {
              "batter": "Syed Hussain",
              "bowler": "SP Sharma",
              "non_striker": "Muhammad Shoaib Ahmed",
              "runs": {
                "batter": 0,
                "extras": 0,
                "total": 0
              }
            },
            {
              "batter": "Syed Hussain",
              "bowler": "SP Sharma",
              "non_striker": "Muhammad Shoaib Ahmed",
              "runs": {
                "batter": 0,
                "extras": 0,
                "total": 0
              }
            },
            {
              "batter": "Syed Hussain",
              "bowler": "SP Sharma",
              "non_striker": "Muhammad Shoaib Ahmed",
              "runs": {
                "batter": 0,
                "extras": 0,
                "total": 0
              }
            },
            {
              "batter": "Syed Hussain",
              "bowler": "SP Sharma",
              "non_striker": "Muhammad Shoaib Ahmed",
              "runs": {
                "batter": 0,
                "extras": 0,
                "total": 0
              }
            },
            {
              "batter": "Syed Hussain",
              "bowler": "SP Sharma",
              "non_striker": "Muhammad Shoaib Ahmed",
              "runs": {
                "batter": 0,
                "extras": 0,
                "total": 0
              }
            }
          ]
        },
        {
          "over": 2,
          "deliveries": [
            {
              "batter": "Muhammad Shoaib Ahmed",
              "bowler": "Khalid Izaz",
              "non_striker": "Syed Hussain",
              "runs": {
                "batter": 0,
                "extras": 0,
                "total": 0
              }
            },
            {
              "batter": "Muhammad Shoaib Ahmed",
              "bowler": "Khalid Izaz",
              "non_striker": "Syed Hussain",
              "runs": {
                "batter": 0,
                "extras": 0,
                "total": 0
              }
            },
            {
              "batter": "Muhammad Shoaib Ahmed",
              "bowler": "Khalid Izaz",
              "extras": {
                "wides": 1
              },
              "non_striker": "Syed Hussain",
              "runs": {
                "batter": 0,
                "extras": 1,
                "total": 1
              }
            },
            {
              "batter": "Muhammad Shoaib Ahmed",
              "bowler": "Khalid Izaz",
              "non_striker": "Syed Hussain",
              "runs": {
                "batter": 0,
                "extras": 0,
                "total": 0
              }
            },
            {
              "batter": "Muhammad Shoaib Ahmed",
              "bowler": "Khalid Izaz",
              "non_striker": "Syed Hussain",
              "runs": {
                "batter": 1,
                "extras": 0,
                "total": 1
              }
            },
            {
              "batter": "Syed Hussain",
              "bowler": "Khalid Izaz",
              "non_striker": "Muhammad Shoaib Ahmed",
              "runs": {
                "batter": 1,
                "extras": 0,
                "total": 1
              }
            },
            {
              "batter": "Muhammad Shoaib Ahmed",
              "bowler": "Khalid Izaz",
              "non_striker": "Syed Hussain",
              "runs": {
                "batter": 0,
                "extras": 0,
                "total": 0
              }
            }
          ]
        },
        {
          "over": 3,
          "deliveries": [
            {
              "batter": "Syed Hussain",
              "bowler": "SP Sharma",
              "non_striker": "Muhammad Shoaib Ahmed",
              "runs": {
                "batter": 0,
                "extras": 0,
                "total": 0
              }
            },
            {
              "batter": "Syed Hussain",
              "bowler": "SP Sharma",
              "extras": {
                "legbyes": 1
              },
              "non_striker": "Muhammad Shoaib Ahmed",
              "runs": {
                "batter": 0,
                "extras": 1,
                "total": 1
              }
            },
            {
              "batter": "Muhammad Shoaib Ahmed",
              "bowler": "SP Sharma",
              "extras": {
                "wides": 1
              },
              "non_striker": "Syed Hussain",
              "runs": {
                "batter": 0,
                "extras": 1,
                "total": 1
              }
            },
            {
              "batter": "Muhammad Shoaib Ahmed",
              "bowler": "SP Sharma",
              "non_striker": "Syed Hussain",
              "runs": {
                "batter": 0,
                "extras": 0,
                "total": 0
              }
            },
            {
              "batter": "Muhammad Shoaib Ahmed",
              "bowler": "SP Sharma",
              "non_striker": "Syed Hussain",
              "runs": {
                "batter": 1,
                "extras": 0,
                "total": 1
              }
            },
            {
              "batter": "Syed Hussain",
              "bowler": "SP Sharma",
              "non_striker": "Muhammad Shoaib Ahmed",
              "runs": {
                "batter": 0,
                "extras": 0,
                "total": 0
              }
            },
            {
              "batter": "Syed Hussain",
              "bowler": "SP Sharma",
              "non_striker": "Muhammad Shoaib Ahmed",
              "runs": {
                "batter": 0,
                "extras": 0,
                "total": 0
              },
              "wickets": [
                {
                  "player_out": "Syed Hussain",
                  "fielders": [
                    {
                      "name": "Rizwan Khaliq"
                    }
                  ],
                  "kind": "caught"
                }
              ]
            }
          ]
        },
        {
          "over": 4,
          "deliveries": [
            {
              "batter": "Muhammad Shoaib Ahmed",
              "bowler": "Khalid Izaz",
              "non_striker": "Harvinder Singh",
              "runs": {
                "batter": 0,
                "extras": 0,
                "total": 0
              }
            },
            {
              "batter": "Muhammad Shoaib Ahmed",
              "bowler": "Khalid Izaz",
              "extras": {
                "legbyes": 2
              },
              "non_striker": "Harvinder Singh",
              "runs": {
                "batter": 0,
                "extras": 2,
                "total": 2
              }
            },
            {
              "batter": "Muhammad Shoaib Ahmed",
              "bowler": "Khalid Izaz",
              "non_striker": "Harvinder Singh",
              "runs": {
                "batter": 0,
                "extras": 0,
                "total": 0
              }
            },
            {
              "batter": "Muhammad Shoaib Ahmed",
              "bowler": "Khalid Izaz",
              "non_striker": "Harvinder Singh",
              "runs": {
                "batter": 0,
                "extras": 0,
                "total": 0
              }
            },
            {
              "batter": "Muhammad Shoaib Ahmed",
              "bowler": "Khalid Izaz",
              "non_striker": "Harvinder Singh",
              "runs": {
                "batter": 0,
                "extras": 0,
                "total": 0
              }
            },
            {
              "batter": "Muhammad Shoaib Ahmed",
              "bowler": "Khalid Izaz",
              "non_striker": "Harvinder Singh",
              "runs": {
                "batter": 0,
                "extras": 0,
                "total": 0
              }
            }
          ]
        },
        {
          "over": 5,
          "deliveries": [
            {
              "batter": "Harvinder Singh",
              "bowler": "SP Sharma",
              "non_striker": "Muhammad Shoaib Ahmed",
              "runs": {
                "batter": 0,
                "extras": 0,
                "total": 0
              }
            },
            {
              "batter": "Harvinder Singh",
              "bowler": "SP Sharma",
              "extras": {
                "wides": 1
              },
              "non_striker": "Muhammad Shoaib Ahmed",
              "runs": {
                "batter": 0,
                "extras": 1,
                "total": 1
              }
            },
            {
              "batter": "Harvinder Singh",
              "bowler": "SP Sharma",
              "non_striker": "Muhammad Shoaib Ahmed",
              "runs": {
                "batter": 1,
                "extras": 0,
                "total": 1
              }
            },
            {
              "batter": "Muhammad Shoaib Ahmed",
              "bowler": "SP Sharma",
              "non_striker": "Harvinder Singh",
              "runs": {
                "batter": 1,
                "extras": 0,
                "total": 1
              }
            },
            {
              "batter": "Harvinder Singh",
              "bowler": "SP Sharma",
              "non_striker": "Muhammad Shoaib Ahmed",
              "runs": {
                "batter": 0,
                "extras": 0,
                "total": 0
              }
            },
            {
              "batter": "Harvinder Singh",
              "bowler": "SP Sharma",
              "non_striker": "Muhammad Shoaib Ahmed",
              "runs": {
                "batter": 1,
                "extras": 0,
                "total": 1
              }
            },
            {
              "batter": "Muhammad Shoaib Ahmed",
              "bowler": "SP Sharma",
              "non_striker": "Harvinder Singh",
              "runs": {
                "batter": 0,
                "extras": 0,
                "total": 0
              }
            }
          ]
        },
        {
          "over": 6,
          "deliveries": [
            {
              "batter": "Harvinder Singh",
              "bowler": "Khalid Izaz",
              "non_striker": "Muhammad Shoaib Ahmed",
              "runs": {
                "batter": 0,
                "extras": 0,
                "total": 0
              }
            },
            {
              "batter": "Harvinder Singh",
              "bowler": "Khalid Izaz",
              "non_striker": "Muhammad Shoaib Ahmed",
              "runs": {
                "batter": 1,
                "extras": 0,
                "total": 1
              }
            },
            {
              "batter": "Muhammad Shoaib Ahmed",
              "bowler": "Khalid Izaz",
              "non_striker": "Harvinder Singh",
              "runs": {
                "batter": 4,
                "extras": 0,
                "total": 4
              }
            },
            {
              "batter": "Muhammad Shoaib Ahmed",
              "bowler": "Khalid Izaz",
              "non_striker": "Harvinder Singh",
              "runs": {
                "batter": 1,
                "extras": 0,
                "total": 1
              }
            },
            {
              "batter": "Harvinder Singh",
              "bowler": "Khalid Izaz",
              "non_striker": "Muhammad Shoaib Ahmed",
              "runs": {
                "batter": 1,
                "extras": 0,
                "total": 1
              }
            },
            {
              "batter": "Muhammad Shoaib Ahmed",
              "bowler": "Khalid Izaz",
              "non_striker": "Harvinder Singh",
              "runs": {
                "batter": 0,
                "extras": 0,
                "total": 0
              }
            }
          ]
        },
        {
          "over": 7,
          "deliveries": [
            {
              "batter": "Harvinder Singh",
              "bowler": "SP Sharma",
              "non_striker": "Muhammad Shoaib Ahmed",
              "runs": {
                "batter": 0,
                "extras": 0,
                "total": 0
              }
            },
            {
              "batter": "Harvinder Singh",
              "bowler": "SP Sharma",
              "non_striker": "Muhammad Shoaib Ahmed",
              "runs": {
                "batter": 1,
                "extras": 0,
                "total": 1
              }
            },
            {
              "batter": "Muhammad Shoaib Ahmed",
              "bowler": "SP Sharma",
              "non_striker": "Harvinder Singh",
              "runs": {
                "batter": 6,
                "extras": 0,
                "total": 6
              }
            },
            {
              "batter": "Muhammad Shoaib Ahmed",
              "bowler": "SP Sharma",
              "non_striker": "Harvinder Singh",
              "runs": {
                "batter": 0,
                "extras": 0,
                "total": 0
              }
            },
            {
              "batter": "Muhammad Shoaib Ahmed",
              "bowler": "SP Sharma",
              "non_striker": "Harvinder Singh",
              "runs": {
                "batter": 0,
                "extras": 0,
                "total": 0
              }
            },
            {
              "batter": "Muhammad Shoaib Ahmed",
              "bowler": "SP Sharma",
              "non_striker": "Harvinder Singh",
              "runs": {
                "batter": 1,
                "extras": 0,
                "total": 1
              }
            }
          ]
        },
        {
          "over": 8,
          "deliveries": [
            {
              "batter": "Muhammad Shoaib Ahmed",
              "bowler": "P Buccimazza",
              "non_striker": "Harvinder Singh",
              "runs": {
                "batter": 1,
                "extras": 0,
                "total": 1
              }
            },
            {
              "batter": "Harvinder Singh",
              "bowler": "P Buccimazza",
              "non_striker": "Muhammad Shoaib Ahmed",
              "runs": {
                "batter": 0,
                "extras": 0,
                "total": 0
              }
            },
            {
              "batter": "Harvinder Singh",
              "bowler": "P Buccimazza",
              "non_striker": "Muhammad Shoaib Ahmed",
              "runs": {
                "batter": 4,
                "extras": 0,
                "total": 4
              }
            },
            {
              "batter": "Harvinder Singh",
              "bowler": "P Buccimazza",
              "non_striker": "Muhammad Shoaib Ahmed",
              "runs": {
                "batter": 0,
                "extras": 0,
                "total": 0
              }
            },
            {
              "batter": "Harvinder Singh",
              "bowler": "P Buccimazza",
              "non_striker": "Muhammad Shoaib Ahmed",
              "runs": {
                "batter": 2,
                "extras": 0,
                "total": 2
              }
            },
            {
              "batter": "Harvinder Singh",
              "bowler": "P Buccimazza",
              "non_striker": "Muhammad Shoaib Ahmed",
              "runs": {
                "batter": 0,
                "extras": 0,
                "total": 0
              }
            }
          ]
        },
        {
          "over": 9,
          "deliveries": [
            {
              "batter": "Muhammad Shoaib Ahmed",
              "bowler": "Nadeem Butt",
              "non_striker": "Harvinder Singh",
              "runs": {
                "batter": 1,
                "extras": 0,
                "total": 1
              }
            },
            {
              "batter": "Harvinder Singh",
              "bowler": "Nadeem Butt",
              "non_striker": "Muhammad Shoaib Ahmed",
              "runs": {
                "batter": 0,
                "extras": 0,
                "total": 0
              }
            },
            {
              "batter": "Harvinder Singh",
              "bowler": "Nadeem Butt",
              "non_striker": "Muhammad Shoaib Ahmed",
              "runs": {
                "batter": 1,
                "extras": 0,
                "total": 1
              }
            },
            {
              "batter": "Muhammad Shoaib Ahmed",
              "bowler": "Nadeem Butt",
              "non_striker": "Harvinder Singh",
              "runs": {
                "batter": 1,
                "extras": 0,
                "total": 1
              }
            },
            {
              "batter": "Harvinder Singh",
              "bowler": "Nadeem Butt",
              "non_striker": "Muhammad Shoaib Ahmed",
              "runs": {
                "batter": 1,
                "extras": 0,
                "total": 1
              }
            },
            {
              "batter": "Muhammad Shoaib Ahmed",
              "bowler": "Nadeem Butt",
              "non_striker": "Harvinder Singh",
              "runs": {
                "batter": 1,
                "extras": 0,
                "total": 1
              }
            }
          ]
        },
        {
          "over": 10,
          "deliveries": [
            {
              "batter": "Harvinder Singh",
              "bowler": "P Buccimazza",
              "non_striker": "Muhammad Shoaib Ahmed",
              "runs": {
                "batter": 0,
                "extras": 0,
                "total": 0
              }
            },
            {
              "batter": "Harvinder Singh",
              "bowler": "P Buccimazza",
              "non_striker": "Muhammad Shoaib Ahmed",
              "runs": {
                "batter": 1,
                "extras": 0,
                "total": 1
              }
            },
            {
              "batter": "Muhammad Shoaib Ahmed",
              "bowler": "P Buccimazza",
              "non_striker": "Harvinder Singh",
              "runs": {
                "batter": 0,
                "extras": 0,
                "total": 0
              },
              "wickets": [
                {
                  "player_out": "Muhammad Shoaib Ahmed",
                  "kind": "bowled"
                }
              ]
            },
            {
              "batter": "Azan Baig",
              "bowler": "P Buccimazza",
              "non_striker": "Harvinder Singh",
              "runs": {
                "batter": 0,
                "extras": 0,
                "total": 0
              }
            },
            {
              "batter": "Azan Baig",
              "bowler": "P Buccimazza",
              "non_striker": "Harvinder Singh",
              "runs": {
                "batter": 0,
                "extras": 0,
                "total": 0
              }
            },
            {
              "batter": "Azan Baig",
              "bowler": "P Buccimazza",
              "non_striker": "Harvinder Singh",
              "runs": {
                "batter": 0,
                "extras": 0,
                "total": 0
              }
            }
          ]
        },
        {
          "over": 11,
          "deliveries": [
            {
              "batter": "Harvinder Singh",
              "bowler": "Nadeem Butt",
              "non_striker": "Azan Baig",
              "runs": {
                "batter": 0,
                "extras": 0,
                "total": 0
              }
            },
            {
              "batter": "Harvinder Singh",
              "bowler": "Nadeem Butt",
              "non_striker": "Azan Baig",
              "runs": {
                "batter": 0,
                "extras": 0,
                "total": 0
              }
            },
            {
              "batter": "Harvinder Singh",
              "bowler": "Nadeem Butt",
              "non_striker": "Azan Baig",
              "runs": {
                "batter": 2,
                "extras": 0,
                "total": 2
              }
            },
            {
              "batter": "Harvinder Singh",
              "bowler": "Nadeem Butt",
              "non_striker": "Azan Baig",
              "runs": {
                "batter": 0,
                "extras": 0,
                "total": 0
              }
            },
            {
              "batter": "Harvinder Singh",
              "bowler": "Nadeem Butt",
              "non_striker": "Azan Baig",
              "runs": {
                "batter": 0,
                "extras": 0,
                "total": 0
              }
            },
            {
              "batter": "Harvinder Singh",
              "bowler": "Nadeem Butt",
              "non_striker": "Azan Baig",
              "runs": {
                "batter": 0,
                "extras": 0,
                "total": 0
              },
              "wickets": [
                {
                  "player_out": "Harvinder Singh",
                  "kind": "bowled"
                }
              ]
            }
          ]
        },
        {
          "over": 12,
          "deliveries": [
            {
              "batter": "Azan Baig",
              "bowler": "P Buccimazza",
              "non_striker": "SN Pathirana",
              "runs": {
                "batter": 1,
                "extras": 0,
                "total": 1
              }
            },
            {
              "batter": "SN Pathirana",
              "bowler": "P Buccimazza",
              "non_striker": "Azan Baig",
              "runs": {
                "batter": 0,
                "extras": 0,
                "total": 0
              }
            },
            {
              "batter": "SN Pathirana",
              "bowler": "P Buccimazza",
              "extras": {
                "byes": 1
              },
              "non_striker": "Azan Baig",
              "runs": {
                "batter": 0,
                "extras": 1,
                "total": 1
              }
            },
            {
              "batter": "Azan Baig",
              "bowler": "P Buccimazza",
              "non_striker": "SN Pathirana",
              "runs": {
                "batter": 2,
                "extras": 0,
                "total": 2
              }
            },
            {
              "batter": "Azan Baig",
              "bowler": "P Buccimazza",
              "non_striker": "SN Pathirana",
              "runs": {
                "batter": 1,
                "extras": 0,
                "total": 1
              }
            },
            {
              "batter": "SN Pathirana",
              "bowler": "P Buccimazza",
              "non_striker": "Azan Baig",
              "runs": {
                "batter": 0,
                "extras": 0,
                "total": 0
              }
            }
          ]
        },
        {
          "over": 13,
          "deliveries": [
            {
              "batter": "Azan Baig",
              "bowler": "Nadeem Butt",
              "non_striker": "SN Pathirana",
              "runs": {
                "batter": 0,
                "extras": 0,
                "total": 0
              }
            },
            {
              "batter": "Azan Baig",
              "bowler": "Nadeem Butt",
              "non_striker": "SN Pathirana",
              "runs": {
                "batter": 0,
                "extras": 0,
                "total": 0
              }
            },
            {
              "batter": "Azan Baig",
              "bowler": "Nadeem Butt",
              "extras": {
                "wides": 1
              },
              "non_striker": "SN Pathirana",
              "runs": {
                "batter": 0,
                "extras": 1,
                "total": 1
              }
            },
            {
              "batter": "Azan Baig",
              "bowler": "Nadeem Butt",
              "non_striker": "SN Pathirana",
              "runs": {
                "batter": 0,
                "extras": 0,
                "total": 0
              }
            },
            {
              "batter": "Azan Baig",
              "bowler": "Nadeem Butt",
              "non_striker": "SN Pathirana",
              "runs": {
                "batter": 0,
                "extras": 0,
                "total": 0
              }
            },
            {
              "batter": "Azan Baig",
              "bowler": "Nadeem Butt",
              "non_striker": "SN Pathirana",
              "runs": {
                "batter": 2,
                "extras": 0,
                "total": 2
              }
            },
            {
              "batter": "Azan Baig",
              "bowler": "Nadeem Butt",
              "non_striker": "SN Pathirana",
              "runs": {
                "batter": 1,
                "extras": 0,
                "total": 1
              }
            }
          ]
        },
        {
          "over": 14,
          "deliveries": [
            {
              "batter": "Azan Baig",
              "bowler": "P Buccimazza",
              "non_striker": "SN Pathirana",
              "runs": {
                "batter": 1,
                "extras": 0,
                "total": 1
              }
            },
            {
              "batter": "SN Pathirana",
              "bowler": "P Buccimazza",
              "non_striker": "Azan Baig",
              "runs": {
                "batter": 0,
                "extras": 0,
                "total": 0
              }
            },
            {
              "batter": "SN Pathirana",
              "bowler": "P Buccimazza",
              "non_striker": "Azan Baig",
              "runs": {
                "batter": 0,
                "extras": 0,
                "total": 0
              },
              "wickets": [
                {
                  "player_out": "SN Pathirana",
                  "fielders": [
                    {
                      "name": "Nadeem Butt"
                    }
                  ],
                  "kind": "caught"
                }
              ]
            },
            {
              "batter": "Rafiqul Islam",
              "bowler": "P Buccimazza",
              "non_striker": "Azan Baig",
              "runs": {
                "batter": 0,
                "extras": 0,
                "total": 0
              }
            },
            {
              "batter": "Rafiqul Islam",
              "bowler": "P Buccimazza",
              "non_striker": "Azan Baig",
              "runs": {
                "batter": 2,
                "extras": 0,
                "total": 2
              }
            },
            {
              "batter": "Rafiqul Islam",
              "bowler": "P Buccimazza",
              "non_striker": "Azan Baig",
              "runs": {
                "batter": 0,
                "extras": 0,
                "total": 0
              }
            }
          ]
        },
        {
          "over": 15,
          "deliveries": [
            {
              "batter": "Azan Baig",
              "bowler": "Tariq Aziz",
              "non_striker": "Rafiqul Islam",
              "runs": {
                "batter": 1,
                "extras": 0,
                "total": 1
              }
            },
            {
              "batter": "Rafiqul Islam",
              "bowler": "Tariq Aziz",
              "non_striker": "Azan Baig",
              "runs": {
                "batter": 0,
                "extras": 0,
                "total": 0
              },
              "wickets": [
                {
                  "player_out": "Azan Baig",
                  "kind": "run out"
                }
              ]
            },
            {
              "batter": "Abdul Manan",
              "bowler": "Tariq Aziz",
              "non_striker": "Rafiqul Islam",
              "runs": {
                "batter": 1,
                "extras": 0,
                "total": 1
              }
            },
            {
              "batter": "Rafiqul Islam",
              "bowler": "Tariq Aziz",
              "non_striker": "Abdul Manan",
              "runs": {
                "batter": 6,
                "extras": 0,
                "total": 6
              }
            },
            {
              "batter": "Rafiqul Islam",
              "bowler": "Tariq Aziz",
              "non_striker": "Abdul Manan",
              "runs": {
                "batter": 0,
                "extras": 0,
                "total": 0
              }
            },
            {
              "batter": "Rafiqul Islam",
              "bowler": "Tariq Aziz",
              "non_striker": "Abdul Manan",
              "runs": {
                "batter": 1,
                "extras": 0,
                "total": 1
              }
            }
          ]
        },
        {
          "over": 16,
          "deliveries": [
            {
              "batter": "Rafiqul Islam",
              "bowler": "Nadeem Butt",
              "non_striker": "Abdul Manan",
              "runs": {
                "batter": 0,
                "extras": 0,
                "total": 0
              }
            },
            {
              "batter": "Rafiqul Islam",
              "bowler": "Nadeem Butt",
              "non_striker": "Abdul Manan",
              "runs": {
                "batter": 0,
                "extras": 0,
                "total": 0
              }
            },
            {
              "batter": "Rafiqul Islam",
              "bowler": "Nadeem Butt",
              "non_striker": "Abdul Manan",
              "runs": {
                "batter": 6,
                "extras": 0,
                "total": 6
              }
            },
            {
              "batter": "Rafiqul Islam",
              "bowler": "Nadeem Butt",
              "non_striker": "Abdul Manan",
              "runs": {
                "batter": 1,
                "extras": 0,
                "total": 1
              }
            },
            {
              "batter": "Abdul Manan",
              "bowler": "Nadeem Butt",
              "non_striker": "Rafiqul Islam",
              "runs": {
                "batter": 1,
                "extras": 0,
                "total": 1
              }
            },
            {
              "batter": "Rafiqul Islam",
              "bowler": "Nadeem Butt",
              "non_striker": "Abdul Manan",
              "runs": {
                "batter": 1,
                "extras": 0,
                "total": 1
              }
            }
          ]
        },
        {
          "over": 17,
          "deliveries": [
            {
              "batter": "Rafiqul Islam",
              "bowler": "Tariq Aziz",
              "non_striker": "Abdul Manan",
              "runs": {
                "batter": 3,
                "extras": 0,
                "total": 3
              }
            },
            {
              "batter": "Abdul Manan",
              "bowler": "Tariq Aziz",
              "non_striker": "Rafiqul Islam",
              "runs": {
                "batter": 1,
                "extras": 0,
                "total": 1
              }
            },
            {
              "batter": "Rafiqul Islam",
              "bowler": "Tariq Aziz",
              "non_striker": "Abdul Manan",
              "runs": {
                "batter": 4,
                "extras": 0,
                "total": 4
              }
            },
            {
              "batter": "Rafiqul Islam",
              "bowler": "Tariq Aziz",
              "non_striker": "Abdul Manan",
              "runs": {
                "batter": 0,
                "extras": 0,
                "total": 0
              },
              "wickets": [
                {
                  "player_out": "Rafiqul Islam",
                  "fielders": [
                    {
                      "name": "Ghazanfar Ali",
                      "substitute": true
                    }
                  ],
                  "kind": "caught"
                }
              ]
            },
            {
              "batter": "Abdul Manan",
              "bowler": "Tariq Aziz",
              "extras": {
                "wides": 4
              },
              "non_striker": "M Kyriacou",
              "runs": {
                "batter": 0,
                "extras": 4,
                "total": 4
              }
            },
            {
              "batter": "M Kyriacou",
              "bowler": "Tariq Aziz",
              "non_striker": "Abdul Manan",
              "runs": {
                "batter": 1,
                "extras": 0,
                "total": 1
              }
            },
            {
              "batter": "Abdul Manan",
              "bowler": "Tariq Aziz",
              "non_striker": "M Kyriacou",
              "runs": {
                "batter": 2,
                "extras": 0,
                "total": 2
              }
            }
          ]
        },
        {
          "over": 18,
          "deliveries": [
            {
              "batter": "M Kyriacou",
              "bowler": "Mian Mehmood",
              "non_striker": "Abdul Manan",
              "runs": {
                "batter": 2,
                "extras": 0,
                "total": 2
              }
            },
            {
              "batter": "M Kyriacou",
              "bowler": "Mian Mehmood",
              "non_striker": "Abdul Manan",
              "runs": {
                "batter": 2,
                "extras": 0,
                "total": 2
              }
            },
            {
              "batter": "M Kyriacou",
              "bowler": "Mian Mehmood",
              "non_striker": "Abdul Manan",
              "runs": {
                "batter": 0,
                "extras": 0,
                "total": 0
              }
            },
            {
              "batter": "M Kyriacou",
              "bowler": "Mian Mehmood",
              "non_striker": "Abdul Manan",
              "runs": {
                "batter": 4,
                "extras": 0,
                "total": 4
              }
            },
            {
              "batter": "M Kyriacou",
              "bowler": "Mian Mehmood",
              "non_striker": "Abdul Manan",
              "runs": {
                "batter": 0,
                "extras": 0,
                "total": 0
              },
              "wickets": [
                {
                  "player_out": "M Kyriacou",
                  "kind": "bowled"
                }
              ]
            },
            {
              "batter": "CP Wellage",
              "bowler": "Mian Mehmood",
              "non_striker": "Abdul Manan",
              "runs": {
                "batter": 2,
                "extras": 0,
                "total": 2
              }
            }
          ]
        },
        {
          "over": 19,
          "deliveries": [
            {
              "batter": "Abdul Manan",
              "bowler": "Tariq Aziz",
              "non_striker": "CP Wellage",
              "runs": {
                "batter": 1,
                "extras": 0,
                "total": 1
              }
            },
            {
              "batter": "CP Wellage",
              "bowler": "Tariq Aziz",
              "non_striker": "Abdul Manan",
              "runs": {
                "batter": 2,
                "extras": 0,
                "total": 2
              }
            },
            {
              "batter": "CP Wellage",
              "bowler": "Tariq Aziz",
              "non_striker": "Abdul Manan",
              "runs": {
                "batter": 2,
                "extras": 0,
                "total": 2
              }
            },
            {
              "batter": "CP Wellage",
              "bowler": "Tariq Aziz",
              "non_striker": "Abdul Manan",
              "runs": {
                "batter": 1,
                "extras": 0,
                "total": 1
              }
            },
            {
              "batter": "Abdul Manan",
              "bowler": "Tariq Aziz",
              "non_striker": "CP Wellage",
              "runs": {
                "batter": 4,
                "extras": 0,
                "total": 4
              }
            },
            {
              "batter": "Abdul Manan",
              "bowler": "Tariq Aziz",
              "extras": {
                "byes": 1
              },
              "non_striker": "CP Wellage",
              "runs": {
                "batter": 0,
                "extras": 1,
                "total": 1
              }
            }
          ]
        }
      ],
      "powerplays": [
        {
          "from": 0.1,
          "to": 5.7,
          "type": "mandatory"
        }
      ]
    },
    {
      "team": "Portugal",
      "overs": [
        {
          "over": 0,
          "deliveries": [
            {
              "batter": "Tariq Aziz",
              "bowler": "M Kyriacou",
              "non_striker": "Umar Farooq",
              "runs": {
                "batter": 0,
                "extras": 0,
                "total": 0
              }
            },
            {
              "batter": "Tariq Aziz",
              "bowler": "M Kyriacou",
              "non_striker": "Umar Farooq",
              "runs": {
                "batter": 0,
                "extras": 0,
                "total": 0
              }
            },
            {
              "batter": "Tariq Aziz",
              "bowler": "M Kyriacou",
              "non_striker": "Umar Farooq",
              "runs": {
                "batter": 0,
                "extras": 0,
                "total": 0
              }
            },
            {
              "batter": "Tariq Aziz",
              "bowler": "M Kyriacou",
              "non_striker": "Umar Farooq",
              "runs": {
                "batter": 1,
                "extras": 0,
                "total": 1
              }
            },
            {
              "batter": "Umar Farooq",
              "bowler": "M Kyriacou",
              "non_striker": "Tariq Aziz",
              "runs": {
                "batter": 0,
                "extras": 0,
                "total": 0
              }
            },
            {
              "batter": "Umar Farooq",
              "bowler": "M Kyriacou",
              "non_striker": "Tariq Aziz",
              "runs": {
                "batter": 1,
                "extras": 0,
                "total": 1
              }
            }
          ]
        },
        {
          "over": 1,
          "deliveries": [
            {
              "batter": "Umar Farooq",
              "bowler": "Muhammad Shoaib Ahmed",
              "non_striker": "Tariq Aziz",
              "runs": {
                "batter": 0,
                "extras": 0,
                "total": 0
              }
            },
            {
              "batter": "Umar Farooq",
              "bowler": "Muhammad Shoaib Ahmed",
              "non_striker": "Tariq Aziz",
              "runs": {
                "batter": 0,
                "extras": 0,
                "total": 0
              }
            },
            {
              "batter": "Umar Farooq",
              "bowler": "Muhammad Shoaib Ahmed",
              "non_striker": "Tariq Aziz",
              "runs": {
                "batter": 0,
                "extras": 0,
                "total": 0
              },
              "wickets": [
                {
                  "player_out": "Umar Farooq",
                  "kind": "bowled"
                }
              ]
            },
            {
              "batter": "Arslan Ahmed",
              "bowler": "Muhammad Shoaib Ahmed",
              "non_striker": "Tariq Aziz",
              "runs": {
                "batter": 0,
                "extras": 0,
                "total": 0
              }
            },
            {
              "batter": "Arslan Ahmed",
              "bowler": "Muhammad Shoaib Ahmed",
              "extras": {
                "wides": 1
              },
              "non_striker": "Tariq Aziz",
              "runs": {
                "batter": 0,
                "extras": 1,
                "total": 1
              }
            },
            {
              "batter": "Arslan Ahmed",
              "bowler": "Muhammad Shoaib Ahmed",
              "non_striker": "Tariq Aziz",
              "runs": {
                "batter": 0,
                "extras": 0,
                "total": 0
              }
            },
            {
              "batter": "Arslan Ahmed",
              "bowler": "Muhammad Shoaib Ahmed",
              "non_striker": "Tariq Aziz",
              "runs": {
                "batter": 0,
                "extras": 0,
                "total": 0
              }
            }
          ]
        },
        {
          "over": 2,
          "deliveries": [
            {
              "batter": "Tariq Aziz",
              "bowler": "M Kyriacou",
              "non_striker": "Arslan Ahmed",
              "runs": {
                "batter": 2,
                "extras": 0,
                "total": 2
              }
            },
            {
              "batter": "Tariq Aziz",
              "bowler": "M Kyriacou",
              "non_striker": "Arslan Ahmed",
              "runs": {
                "batter": 0,
                "extras": 0,
                "total": 0
              }
            },
            {
              "batter": "Tariq Aziz",
              "bowler": "M Kyriacou",
              "non_striker": "Arslan Ahmed",
              "runs": {
                "batter": 1,
                "extras": 0,
                "total": 1
              }
            },
            {
              "batter": "Arslan Ahmed",
              "bowler": "M Kyriacou",
              "non_striker": "Tariq Aziz",
              "runs": {
                "batter": 2,
                "extras": 0,
                "total": 2
              }
            },
            {
              "batter": "Tariq Aziz",
              "bowler": "M Kyriacou",
              "non_striker": "Arslan Ahmed",
              "runs": {
                "batter": 1,
                "extras": 0,
                "total": 1
              }
            },
            {
              "batter": "Arslan Ahmed",
              "bowler": "M Kyriacou",
              "non_striker": "Tariq Aziz",
              "runs": {
                "batter": 0,
                "extras": 0,
                "total": 0
              }
            }
          ]
        },
        {
          "over": 3,
          "deliveries": [
            {
              "batter": "Tariq Aziz",
              "bowler": "Muhammad Shoaib Ahmed",
              "non_striker": "Arslan Ahmed",
              "runs": {
                "batter": 3,
                "extras": 0,
                "total": 3
              }
            },
            {
              "batter": "Arslan Ahmed",
              "bowler": "Muhammad Shoaib Ahmed",
              "non_striker": "Tariq Aziz",
              "runs": {
                "batter": 4,
                "extras": 0,
                "total": 4
              }
            },
            {
              "batter": "Arslan Ahmed",
              "bowler": "Muhammad Shoaib Ahmed",
              "non_striker": "Tariq Aziz",
              "runs": {
                "batter": 1,
                "extras": 0,
                "total": 1
              }
            },
            {
              "batter": "Tariq Aziz",
              "bowler": "Muhammad Shoaib Ahmed",
              "extras": {
                "wides": 1
              },
              "non_striker": "Arslan Ahmed",
              "runs": {
                "batter": 0,
                "extras": 1,
                "total": 1
              }
            },
            {
              "batter": "Tariq Aziz",
              "bowler": "Muhammad Shoaib Ahmed",
              "non_striker": "Arslan Ahmed",
              "runs": {
                "batter": 1,
                "extras": 0,
                "total": 1
              }
            },
            {
              "batter": "Arslan Ahmed",
              "bowler": "Muhammad Shoaib Ahmed",
              "non_striker": "Tariq Aziz",
              "runs": {
                "batter": 1,
                "extras": 0,
                "total": 1
              }
            },
            {
              "batter": "Tariq Aziz",
              "bowler": "Muhammad Shoaib Ahmed",
              "non_striker": "Arslan Ahmed",
              "runs": {
                "batter": 1,
                "extras": 0,
                "total": 1
              }
            }
          ]
        },
        {
          "over": 4,
          "deliveries": [
            {
              "batter": "Tariq Aziz",
              "bowler": "M Kyriacou",
              "non_striker": "Arslan Ahmed",
              "runs": {
                "batter": 0,
                "extras": 0,
                "total": 0
              }
            },
            {
              "batter": "Tariq Aziz",
              "bowler": "M Kyriacou",
              "non_striker": "Arslan Ahmed",
              "runs": {
                "batter": 0,
                "extras": 0,
                "total": 0
              },
              "wickets": [
                {
                  "player_out": "Tariq Aziz",
                  "fielders": [
                    {
                      "name": "MPGT Ketiyage"
                    }
                  ],
                  "kind": "caught"
                }
              ]
            },
            {
              "batter": "Nadeem Butt",
              "bowler": "M Kyriacou",
              "non_striker": "Arslan Ahmed",
              "runs": {
                "batter": 0,
                "extras": 0,
                "total": 0
              }
            },
            {
              "batter": "Nadeem Butt",
              "bowler": "M Kyriacou",
              "non_striker": "Arslan Ahmed",
              "runs": {
                "batter": 1,
                "extras": 0,
                "total": 1
              }
            },
            {
              "batter": "Arslan Ahmed",
              "bowler": "M Kyriacou",
              "non_striker": "Nadeem Butt",
              "runs": {
                "batter": 0,
                "extras": 0,
                "total": 0
              }
            },
            {
              "batter": "Arslan Ahmed",
              "bowler": "M Kyriacou",
              "non_striker": "Nadeem Butt",
              "runs": {
                "batter": 2,
                "extras": 0,
                "total": 2
              }
            }
          ]
        },
        {
          "over": 5,
          "deliveries": [
            {
              "batter": "Nadeem Butt",
              "bowler": "Azan Baig",
              "non_striker": "Arslan Ahmed",
              "runs": {
                "batter": 1,
                "extras": 0,
                "total": 1
              }
            },
            {
              "batter": "Arslan Ahmed",
              "bowler": "Azan Baig",
              "non_striker": "Nadeem Butt",
              "runs": {
                "batter": 2,
                "extras": 0,
                "total": 2
              }
            },
            {
              "batter": "Arslan Ahmed",
              "bowler": "Azan Baig",
              "non_striker": "Nadeem Butt",
              "runs": {
                "batter": 2,
                "extras": 0,
                "total": 2
              }
            },
            {
              "batter": "Arslan Ahmed",
              "bowler": "Azan Baig",
              "non_striker": "Nadeem Butt",
              "runs": {
                "batter": 0,
                "extras": 0,
                "total": 0
              }
            },
            {
              "batter": "Arslan Ahmed",
              "bowler": "Azan Baig",
              "non_striker": "Nadeem Butt",
              "runs": {
                "batter": 2,
                "extras": 0,
                "total": 2
              }
            },
            {
              "batter": "Arslan Ahmed",
              "bowler": "Azan Baig",
              "non_striker": "Nadeem Butt",
              "runs": {
                "batter": 2,
                "extras": 0,
                "total": 2
              }
            }
          ]
        },
        {
          "over": 6,
          "deliveries": [
            {
              "batter": "Nadeem Butt",
              "bowler": "SRMJJ Arachchilage",
              "non_striker": "Arslan Ahmed",
              "runs": {
                "batter": 0,
                "extras": 0,
                "total": 0
              }
            },
            {
              "batter": "Nadeem Butt",
              "bowler": "SRMJJ Arachchilage",
              "non_striker": "Arslan Ahmed",
              "runs": {
                "batter": 1,
                "extras": 0,
                "total": 1
              }
            },
            {
              "batter": "Arslan Ahmed",
              "bowler": "SRMJJ Arachchilage",
              "non_striker": "Nadeem Butt",
              "runs": {
                "batter": 4,
                "extras": 0,
                "total": 4
              }
            },
            {
              "batter": "Arslan Ahmed",
              "bowler": "SRMJJ Arachchilage",
              "non_striker": "Nadeem Butt",
              "runs": {
                "batter": 0,
                "extras": 0,
                "total": 0
              }
            },
            {
              "batter": "Arslan Ahmed",
              "bowler": "SRMJJ Arachchilage",
              "extras": {
                "wides": 1
              },
              "non_striker": "Nadeem Butt",
              "runs": {
                "batter": 0,
                "extras": 1,
                "total": 1
              }
            },
            {
              "batter": "Arslan Ahmed",
              "bowler": "SRMJJ Arachchilage",
              "non_striker": "Nadeem Butt",
              "runs": {
                "batter": 2,
                "extras": 0,
                "total": 2
              }
            },
            {
              "batter": "Arslan Ahmed",
              "bowler": "SRMJJ Arachchilage",
              "non_striker": "Nadeem Butt",
              "runs": {
                "batter": 1,
                "extras": 0,
                "total": 1
              }
            }
          ]
        },
        {
          "over": 7,
          "deliveries": [
            {
              "batter": "Arslan Ahmed",
              "bowler": "MPGT Ketiyage",
              "non_striker": "Nadeem Butt",
              "runs": {
                "batter": 1,
                "extras": 0,
                "total": 1
              }
            },
            {
              "batter": "Nadeem Butt",
              "bowler": "MPGT Ketiyage",
              "non_striker": "Arslan Ahmed",
              "runs": {
                "batter": 4,
                "extras": 0,
                "total": 4
              }
            },
            {
              "batter": "Nadeem Butt",
              "bowler": "MPGT Ketiyage",
              "non_striker": "Arslan Ahmed",
              "runs": {
                "batter": 1,
                "extras": 0,
                "total": 1
              }
            },
            {
              "batter": "Arslan Ahmed",
              "bowler": "MPGT Ketiyage",
              "non_striker": "Nadeem Butt",
              "runs": {
                "batter": 4,
                "extras": 0,
                "total": 4
              }
            },
            {
              "batter": "Arslan Ahmed",
              "bowler": "MPGT Ketiyage",
              "non_striker": "Nadeem Butt",
              "runs": {
                "batter": 4,
                "extras": 0,
                "total": 4
              }
            },
            {
              "batter": "Arslan Ahmed",
              "bowler": "MPGT Ketiyage",
              "non_striker": "Nadeem Butt",
              "runs": {
                "batter": 1,
                "extras": 0,
                "total": 1
              }
            }
          ]
        },
        {
          "over": 8,
          "deliveries": [
            {
              "batter": "Arslan Ahmed",
              "bowler": "SRMJJ Arachchilage",
              "non_striker": "Nadeem Butt",
              "runs": {
                "batter": 0,
                "extras": 0,
                "total": 0
              }
            },
            {
              "batter": "Arslan Ahmed",
              "bowler": "SRMJJ Arachchilage",
              "non_striker": "Nadeem Butt",
              "runs": {
                "batter": 0,
                "extras": 0,
                "total": 0
              }
            },
            {
              "batter": "Arslan Ahmed",
              "bowler": "SRMJJ Arachchilage",
              "extras": {
                "wides": 3
              },
              "non_striker": "Nadeem Butt",
              "runs": {
                "batter": 0,
                "extras": 3,
                "total": 3
              }
            },
            {
              "batter": "Arslan Ahmed",
              "bowler": "SRMJJ Arachchilage",
              "non_striker": "Nadeem Butt",
              "runs": {
                "batter": 4,
                "extras": 0,
                "total": 4
              }
            },
            {
              "batter": "Arslan Ahmed",
              "bowler": "SRMJJ Arachchilage",
              "non_striker": "Nadeem Butt",
              "runs": {
                "batter": 4,
                "extras": 0,
                "total": 4
              }
            },
            {
              "batter": "Arslan Ahmed",
              "bowler": "SRMJJ Arachchilage",
              "non_striker": "Nadeem Butt",
              "runs": {
                "batter": 1,
                "extras": 0,
                "total": 1
              }
            }
          ]
        },
        {
          "over": 9,
          "deliveries": [
            {
              "batter": "Arslan Ahmed",
              "bowler": "Abdul Manan",
              "non_striker": "Nadeem Butt",
              "runs": {
                "batter": 4,
                "extras": 0,
                "total": 4
              }
            },
            {
              "batter": "Arslan Ahmed",
              "bowler": "Abdul Manan",
              "non_striker": "Nadeem Butt",
              "runs": {
                "batter": 0,
                "extras": 0,
                "total": 0
              }
            },
            {
              "batter": "Arslan Ahmed",
              "bowler": "Abdul Manan",
              "non_striker": "Nadeem Butt",
              "runs": {
                "batter": 0,
                "extras": 0,
                "total": 0
              }
            },
            {
              "batter": "Arslan Ahmed",
              "bowler": "Abdul Manan",
              "non_striker": "Nadeem Butt",
              "runs": {
                "batter": 1,
                "extras": 0,
                "total": 1
              }
            },
            {
              "batter": "Nadeem Butt",
              "bowler": "Abdul Manan",
              "non_striker": "Arslan Ahmed",
              "runs": {
                "batter": 0,
                "extras": 0,
                "total": 0
              }
            },
            {
              "batter": "Nadeem Butt",
              "bowler": "Abdul Manan",
              "non_striker": "Arslan Ahmed",
              "runs": {
                "batter": 0,
                "extras": 0,
                "total": 0
              }
            }
          ]
        },
        {
          "over": 10,
          "deliveries": [
            {
              "batter": "Arslan Ahmed",
              "bowler": "Syed Hussain",
              "non_striker": "Nadeem Butt",
              "runs": {
                "batter": 0,
                "extras": 0,
                "total": 0
              }
            },
            {
              "batter": "Arslan Ahmed",
              "bowler": "Syed Hussain",
              "non_striker": "Nadeem Butt",
              "runs": {
                "batter": 0,
                "extras": 0,
                "total": 0
              },
              "wickets": [
                {
                  "player_out": "Arslan Ahmed",
                  "kind": "run out"
                }
              ]
            },
            {
              "batter": "SP Sharma",
              "bowler": "Syed Hussain",
              "non_striker": "Nadeem Butt",
              "runs": {
                "batter": 1,
                "extras": 0,
                "total": 1
              }
            },
            {
              "batter": "Nadeem Butt",
              "bowler": "Syed Hussain",
              "non_striker": "SP Sharma",
              "runs": {
                "batter": 0,
                "extras": 0,
                "total": 0
              }
            },
            {
              "batter": "Nadeem Butt",
              "bowler": "Syed Hussain",
              "non_striker": "SP Sharma",
              "runs": {
                "batter": 0,
                "extras": 0,
                "total": 0
              }
            },
            {
              "batter": "Nadeem Butt",
              "bowler": "Syed Hussain",
              "non_striker": "SP Sharma",
              "runs": {
                "batter": 1,
                "extras": 0,
                "total": 1
              }
            }
          ]
        },
        {
          "over": 11,
          "deliveries": [
            {
              "batter": "Nadeem Butt",
              "bowler": "Abdul Manan",
              "non_striker": "SP Sharma",
              "runs": {
                "batter": 0,
                "extras": 0,
                "total": 0
              }
            },
            {
              "batter": "Nadeem Butt",
              "bowler": "Abdul Manan",
              "non_striker": "SP Sharma",
              "runs": {
                "batter": 0,
                "extras": 0,
                "total": 0
              }
            },
            {
              "batter": "Nadeem Butt",
              "bowler": "Abdul Manan",
              "non_striker": "SP Sharma",
              "runs": {
                "batter": 0,
                "extras": 0,
                "total": 0
              }
            },
            {
              "batter": "Nadeem Butt",
              "bowler": "Abdul Manan",
              "non_striker": "SP Sharma",
              "runs": {
                "batter": 0,
                "extras": 0,
                "total": 0
              }
            },
            {
              "batter": "Nadeem Butt",
              "bowler": "Abdul Manan",
              "non_striker": "SP Sharma",
              "runs": {
                "batter": 2,
                "extras": 0,
                "total": 2
              }
            },
            {
              "batter": "Nadeem Butt",
              "bowler": "Abdul Manan",
              "non_striker": "SP Sharma",
              "runs": {
                "batter": 1,
                "extras": 0,
                "total": 1
              }
            }
          ]
        },
        {
          "over": 12,
          "deliveries": [
            {
              "batter": "Nadeem Butt",
              "bowler": "Syed Hussain",
              "non_striker": "SP Sharma",
              "runs": {
                "batter": 0,
                "extras": 0,
                "total": 0
              },
              "wickets": [
                {
                  "player_out": "Nadeem Butt",
                  "fielders": [
                    {
                      "name": "SN Pathirana"
                    }
                  ],
                  "kind": "stumped"
                }
              ]
            },
            {
              "batter": "Zohaib Sarwar",
              "bowler": "Syed Hussain",
              "non_striker": "SP Sharma",
              "runs": {
                "batter": 1,
                "extras": 0,
                "total": 1
              }
            },
            {
              "batter": "SP Sharma",
              "bowler": "Syed Hussain",
              "non_striker": "Zohaib Sarwar",
              "runs": {
                "batter": 0,
                "extras": 0,
                "total": 0
              }
            },
            {
              "batter": "SP Sharma",
              "bowler": "Syed Hussain",
              "non_striker": "Zohaib Sarwar",
              "runs": {
                "batter": 0,
                "extras": 0,
                "total": 0
              }
            },
            {
              "batter": "SP Sharma",
              "bowler": "Syed Hussain",
              "non_striker": "Zohaib Sarwar",
              "runs": {
                "batter": 1,
                "extras": 0,
                "total": 1
              }
            },
            {
              "batter": "Zohaib Sarwar",
              "bowler": "Syed Hussain",
              "non_striker": "SP Sharma",
              "runs": {
                "batter": 1,
                "extras": 0,
                "total": 1
              }
            }
          ]
        },
        {
          "over": 13,
          "deliveries": [
            {
              "batter": "Zohaib Sarwar",
              "bowler": "Abdul Manan",
              "non_striker": "SP Sharma",
              "runs": {
                "batter": 1,
                "extras": 0,
                "total": 1
              }
            },
            {
              "batter": "SP Sharma",
              "bowler": "Abdul Manan",
              "non_striker": "Zohaib Sarwar",
              "runs": {
                "batter": 0,
                "extras": 0,
                "total": 0
              }
            },
            {
              "batter": "SP Sharma",
              "bowler": "Abdul Manan",
              "non_striker": "Zohaib Sarwar",
              "runs": {
                "batter": 1,
                "extras": 0,
                "total": 1
              }
            },
            {
              "batter": "Zohaib Sarwar",
              "bowler": "Abdul Manan",
              "non_striker": "SP Sharma",
              "runs": {
                "batter": 0,
                "extras": 0,
                "total": 0
              }
            },
            {
              "batter": "Zohaib Sarwar",
              "bowler": "Abdul Manan",
              "non_striker": "SP Sharma",
              "runs": {
                "batter": 0,
                "extras": 0,
                "total": 0
              }
            },
            {
              "batter": "Zohaib Sarwar",
              "bowler": "Abdul Manan",
              "non_striker": "SP Sharma",
              "runs": {
                "batter": 0,
                "extras": 0,
                "total": 0
              }
            }
          ]
        },
        {
          "over": 14,
          "deliveries": [
            {
              "batter": "SP Sharma",
              "bowler": "Syed Hussain",
              "non_striker": "Zohaib Sarwar",
              "runs": {
                "batter": 3,
                "extras": 0,
                "total": 3
              }
            },
            {
              "batter": "Zohaib Sarwar",
              "bowler": "Syed Hussain",
              "non_striker": "SP Sharma",
              "runs": {
                "batter": 1,
                "extras": 0,
                "total": 1
              }
            },
            {
              "batter": "SP Sharma",
              "bowler": "Syed Hussain",
              "non_striker": "Zohaib Sarwar",
              "runs": {
                "batter": 1,
                "extras": 0,
                "total": 1
              }
            },
            {
              "batter": "Zohaib Sarwar",
              "bowler": "Syed Hussain",
              "non_striker": "SP Sharma",
              "runs": {
                "batter": 6,
                "extras": 0,
                "total": 6
              }
            },
            {
              "batter": "Zohaib Sarwar",
              "bowler": "Syed Hussain",
              "non_striker": "SP Sharma",
              "runs": {
                "batter": 1,
                "extras": 0,
                "total": 1
              }
            },
            {
              "batter": "SP Sharma",
              "bowler": "Syed Hussain",
              "non_striker": "Zohaib Sarwar",
              "runs": {
                "batter": 1,
                "extras": 0,
                "total": 1
              }
            }
          ]
        },
        {
          "over": 15,
          "deliveries": [
            {
              "batter": "SP Sharma",
              "bowler": "Abdul Manan",
              "non_striker": "Zohaib Sarwar",
              "runs": {
                "batter": 0,
                "extras": 0,
                "total": 0
              }
            },
            {
              "batter": "SP Sharma",
              "bowler": "Abdul Manan",
              "non_striker": "Zohaib Sarwar",
              "runs": {
                "batter": 1,
                "extras": 0,
                "total": 1
              }
            },
            {
              "batter": "Zohaib Sarwar",
              "bowler": "Abdul Manan",
              "non_striker": "SP Sharma",
              "runs": {
                "batter": 0,
                "extras": 0,
                "total": 0
              }
            },
            {
              "batter": "Zohaib Sarwar",
              "bowler": "Abdul Manan",
              "non_striker": "SP Sharma",
              "runs": {
                "batter": 1,
                "extras": 0,
                "total": 1
              }
            },
            {
              "batter": "SP Sharma",
              "bowler": "Abdul Manan",
              "non_striker": "Zohaib Sarwar",
              "runs": {
                "batter": 1,
                "extras": 0,
                "total": 1
              }
            },
            {
              "batter": "Zohaib Sarwar",
              "bowler": "Abdul Manan",
              "non_striker": "SP Sharma",
              "runs": {
                "batter": 1,
                "extras": 0,
                "total": 1
              }
            }
          ]
        },
        {
          "over": 16,
          "deliveries": [
            {
              "batter": "Zohaib Sarwar",
              "bowler": "Syed Hussain",
              "non_striker": "SP Sharma",
              "runs": {
                "batter": 0,
                "extras": 0,
                "total": 0
              },
              "wickets": [
                {
                  "player_out": "Zohaib Sarwar",
                  "fielders": [
                    {
                      "name": "SN Pathirana"
                    }
                  ],
                  "kind": "stumped"
                }
              ]
            },
            {
              "batter": "P Buccimazza",
              "bowler": "Syed Hussain",
              "non_striker": "SP Sharma",
              "runs": {
                "batter": 2,
                "extras": 0,
                "total": 2
              }
            },
            {
              "batter": "P Buccimazza",
              "bowler": "Syed Hussain",
              "non_striker": "SP Sharma",
              "runs": {
                "batter": 0,
                "extras": 0,
                "total": 0
              }
            },
            {
              "batter": "P Buccimazza",
              "bowler": "Syed Hussain",
              "non_striker": "SP Sharma",
              "runs": {
                "batter": 1,
                "extras": 0,
                "total": 1
              }
            },
            {
              "batter": "SP Sharma",
              "bowler": "Syed Hussain",
              "non_striker": "P Buccimazza",
              "runs": {
                "batter": 2,
                "extras": 0,
                "total": 2
              }
            },
            {
              "batter": "SP Sharma",
              "bowler": "Syed Hussain",
              "non_striker": "P Buccimazza",
              "runs": {
                "batter": 0,
                "extras": 0,
                "total": 0
              }
            }
          ]
        },
        {
          "over": 17,
          "deliveries": [
            {
              "batter": "P Buccimazza",
              "bowler": "Harvinder Singh",
              "non_striker": "SP Sharma",
              "runs": {
                "batter": 2,
                "extras": 0,
                "total": 2
              }
            },
            {
              "batter": "P Buccimazza",
              "bowler": "Harvinder Singh",
              "non_striker": "SP Sharma",
              "runs": {
                "batter": 2,
                "extras": 0,
                "total": 2
              }
            },
            {
              "batter": "P Buccimazza",
              "bowler": "Harvinder Singh",
              "non_striker": "SP Sharma",
              "runs": {
                "batter": 0,
                "extras": 0,
                "total": 0
              }
            },
            {
              "batter": "P Buccimazza",
              "bowler": "Harvinder Singh",
              "non_striker": "SP Sharma",
              "runs": {
                "batter": 0,
                "extras": 0,
                "total": 0
              }
            },
            {
              "batter": "P Buccimazza",
              "bowler": "Harvinder Singh",
              "non_striker": "SP Sharma",
              "runs": {
                "batter": 4,
                "extras": 0,
                "total": 4
              }
            },
            {
              "batter": "P Buccimazza",
              "bowler": "Harvinder Singh",
              "non_striker": "SP Sharma",
              "runs": {
                "batter": 0,
                "extras": 0,
                "total": 0
              }
            }
          ]
        },
        {
          "over": 18,
          "deliveries": [
            {
              "batter": "SP Sharma",
              "bowler": "SRMJJ Arachchilage",
              "non_striker": "P Buccimazza",
              "runs": {
                "batter": 0,
                "extras": 0,
                "total": 0
              }
            },
            {
              "batter": "SP Sharma",
              "bowler": "SRMJJ Arachchilage",
              "extras": {
                "wides": 1
              },
              "non_striker": "P Buccimazza",
              "runs": {
                "batter": 0,
                "extras": 1,
                "total": 1
              }
            }
          ]
        }
      ],
      "powerplays": [
        {
          "from": 0.1,
          "to": 5.6,
          "type": "mandatory"
        }
      ],
      "target": {
        "overs": 20,
        "runs": 115
      },
      "miscounted_overs": {
        "8": {
          "balls": "5"
        }
      }
    }
  ]
}