{
  "meta": {
    "data_version": "1.0.0",
    "created": "2020-09-01",
    "revision": 1
  },
  "info": {
    "balls_per_over": 6,
    "city": "Amstelveen",
    "dates": [
      "2018-08-30"
    ],
    "event": {
      "name": "ICC World Twenty20 Europe Region Qualifier B",
      "match_number": 6
    },
    "gender": "male",
    "match_type": "IT20",
    "officials": {
      "reserve_umpires": [
        "AM Baird"
      ],
      "umpires": [
        "Rizwan Akram",
        "S Welch"
      ]
    },
    "outcome": {
      "winner": "Jersey",
      "by": {
        "wickets": 10
      }
    },
    "overs": 20,
    "player_of_match": [
      "B Ward"
    ],
    "players": {
      "Spain": [
        "Awais Ahmed",
        "Muhammad Asjed",
        "Yasir Ali",
        "C Munoz-Mills",
        "PD Hennessy",
        "V Vini",
        "AD Algar",
        "Atif Mehmood",
        "R Panchal",
        "Kuldeep Lal",
        "Zulqarnain Haider"
      ],
      "Jersey": [
        "B Ward",
        "JW Jenner",
        "DG Blampied",
        "H Carlyon",
        "JE Dunford",
        "CW Perchard",
        "EJB Miles",
        "WJR Robertson",
        "BDH Stevens",
        "J Sumerauer",
        "C Bisson"
      ]
    },
    "registry": {
      "people": {
        "AD Algar": "020e49e9",
        "AM Baird": "0c17f84a",
        "Atif Mehmood": "7fcc57bf",
        "Awais Ahmed": "f9f857dc",
        "B Ward": "9e0bd203",
        "BDH Stevens": "f8035c2a",
        "C Bisson": "85ba5659",
        "C Munoz-Mills": "17bc032c",
        "CW Perchard": "9f998ed8",
        "DG Blampied": "d8976cb7",
        "EJB Miles": "6b46ce43",
        "H Carlyon": "42bf1b7d",
        "J Sumerauer": "0b581ed6",
        "JE Dunford": "89a7dd4a",
        "JW Jenner": "32a8161e",
        "Kuldeep Lal": "8a1d0222",
        "Muhammad Asjed": "02d0c9ae",
        "PD Hennessy": "a3b9191a",
        "R Panchal": "91cd337c",
        "Rizwan Akram": "b5346f1e",
        "S Welch": "2910392a",
        "V Vini": "3039ff8a",
        "WJR Robertson": "e1370b54",
        "Yasir Ali": "79209272",
        "Zulqarnain Haider": "2d46e8ed"
      }
    },
    "season": "2018",
    "team_type": "international",
    "teams": [
      "Spain",
      "Jersey"
    ],
    "toss": {
      "decision": "bat",
      "winner": "Spain"
    },
    "venue": "VRA Ground"
  },
  "innings": [
    {
      "team": "Spain",
      "overs": [
        {
          "over": 0,
          "deliveries": [
            {
              "batter": "Awais Ahmed",
              "bowler": "H Carlyon",
              "non_striker": "Muhammad Asjed",
              "runs": {
                "batter": 0,
                "extras": 0,
                "total": 0
              }
            },
            {
              "batter": "Awais Ahmed",
              "bowler": "H Carlyon",
              "non_striker": "Muhammad Asjed",
              "runs": {
                "batter": 2,
                "extras": 0,
                "total": 2
              }
            },
            {
              "batter": "Awais Ahmed",
              "bowler": "H Carlyon",
              "non_striker": "Muhammad Asjed",
              "runs": {
                "batter": 0,
                "extras": 0,
                "total": 0
              }
            },
            {
              "batter": "Awais Ahmed",
              "bowler": "H Carlyon",
              "non_striker": "Muhammad Asjed",
              "runs": {
                "batter": 0,
                "extras": 0,
                "total": 0
              }
            },
            {
              "batter": "Awais Ahmed",
              "bowler": "H Carlyon",
              "non_striker": "Muhammad Asjed",
              "runs": {
                "batter": 2,
                "extras": 0,
                "total": 2
              }
            },
            {
              "batter": "Awais Ahmed",
              "bowler": "H Carlyon",
              "non_striker": "Muhammad Asjed",
              "runs": {
                "batter": 0,
                "extras": 0,
                "total": 0
              }
            }
          ]
        },
        {
          "over": 1,
          "deliveries": [
            {
              "batter": "Muhammad Asjed",
              "bowler": "WJR Robertson",
              "extras": {
                "wides": 1
              },
              "non_striker": "Awais Ahmed",
              "runs": {
                "batter": 0,
                "extras": 1,
                "total": 1
              }
            },
            {
              "batter": "Muhammad Asjed",
              "bowler": "WJR Robertson",
              "non_striker": "Awais Ahmed",
              "runs": {
                "batter": 1,
                "extras": 0,
                "total": 1
              }
            },
            {
              "batter": "Awais Ahmed",
              "bowler": "WJR Robertson",
              "non_striker": "Muhammad Asjed",
              "runs": {
                "batter": 0,
                "extras": 0,
                "total": 0
              }
            },
            {
              "batter": "Awais Ahmed",
              "bowler": "WJR Robertson",
              "non_striker": "Muhammad Asjed",
              "runs": {
                "batter": 1,
                "extras": 0,
                "total": 1
              }
            },
            {
              "batter": "Muhammad Asjed",
              "bowler": "WJR Robertson",
              "non_striker": "Awais Ahmed",
              "runs": {
                "batter": 1,
                "extras": 0,
                "total": 1
              }
            },
            {
              "batter": "Awais Ahmed",
              "bowler": "WJR Robertson",
              "non_striker": "Muhammad Asjed",
              "runs": {
                "batter": 1,
                "extras": 0,
                "total": 1
              }
            },
            {
              "batter": "Muhammad Asjed",
              "bowler": "WJR Robertson",
              "non_striker": "Awais Ahmed",
              "runs": {
                "batter": 1,
                "extras": 0,
                "total": 1
              }
            }
          ]
        },
        {
          "over": 2,
          "deliveries": [
            {
              "batter": "Muhammad Asjed",
              "bowler": "EJB Miles",
              "non_striker": "Awais Ahmed",
              "runs": {
                "batter": 0,
                "extras": 0,
                "total": 0
              }
            },
            {
              "batter": "Muhammad Asjed",
              "bowler": "EJB Miles",
              "non_striker": "Awais Ahmed",
              "runs": {
                "batter": 0,
                "extras": 0,
                "total": 0
              }
            },
            {
              "batter": "Muhammad Asjed",
              "bowler": "EJB Miles",
              "non_striker": "Awais Ahmed",
              "runs": {
                "batter": 0,
                "extras": 0,
                "total": 0
              }
            },
            {
              "batter": "Muhammad Asjed",
              "bowler": "EJB Miles",
              "non_striker": "Awais Ahmed",
              "runs": {
                "batter": 0,
                "extras": 0,
                "total": 0
              },
              "wickets": [
                {
                  "player_out": "Muhammad Asjed",
                  "kind": "bowled"
                }
              ]
            },
            {
              "batter": "Yasir Ali",
              "bowler": "EJB Miles",
              "non_striker": "Awais Ahmed",
              "runs": {
                "batter": 1,
                "extras": 0,
                "total": 1
              }
            },
            {
              "batter": "Awais Ahmed",
              "bowler": "EJB Miles",
              "non_striker": "Yasir Ali",
              "runs": {
                "batter": 0,
                "extras": 0,
                "total": 0
              }
            }
          ]
        },
        {
          "over": 3,
          "deliveries": [
            {
              "batter": "Yasir Ali",
              "bowler": "H Carlyon",
              "non_striker": "Awais Ahmed",
              "runs": {
                "batter": 0,
                "extras": 0,
                "total": 0
              }
            },
            {
              "batter": "Yasir Ali",
              "bowler": "H Carlyon",
              "non_striker": "Awais Ahmed",
              "runs": {
                "batter": 0,
                "extras": 0,
                "total": 0
              }
            },
            {
              "batter": "Yasir Ali",
              "bowler": "H Carlyon",
              "non_striker": "Awais Ahmed",
              "runs": {
                "batter": 0,
                "extras": 0,
                "total": 0
              }
            },
            {
              "batter": "Yasir Ali",
              "bowler": "H Carlyon",
              "non_striker": "Awais Ahmed",
              "runs": {
                "batter": 0,
                "extras": 0,
                "total": 0
              }
            },
            {
              "batter": "Yasir Ali",
              "bowler": "H Carlyon",
              "non_striker": "Awais Ahmed",
              "runs": {
                "batter": 0,
                "extras": 0,
                "total": 0
              }
            },
            {
              "batter": "Yasir Ali",
              "bowler": "H Carlyon",
              "non_striker": "Awais Ahmed",
              "runs": {
                "batter": 1,
                "extras": 0,
                "total": 1
              }
            }
          ]
        },
        {
          "over": 4,
          "deliveries": [
            {
              "batter": "Yasir Ali",
              "bowler": "CW Perchard",
              "non_striker": "Awais Ahmed",
              "runs": {
                "batter": 0,
                "extras": 0,
                "total": 0
              }
            },
            {
              "batter": "Yasir Ali",
              "bowler": "CW Perchard",
              "non_striker": "Awais Ahmed",
              "runs": {
                "batter": 2,
                "extras": 0,
                "total": 2
              }
            },
            {
              "batter": "Yasir Ali",
              "bowler": "CW Perchard",
              "non_striker": "Awais Ahmed",
              "runs": {
                "batter": 4,
                "extras": 0,
                "total": 4
              }
            },
            {
              "batter": "Yasir Ali",
              "bowler": "CW Perchard",
              "non_striker": "Awais Ahmed",
              "runs": {
                "batter": 0,
                "extras": 0,
                "total": 0
              }
            },
            {
              "batter": "Yasir Ali",
              "bowler": "CW Perchard",
              "non_striker": "Awais Ahmed",
              "runs": {
                "batter": 0,
                "extras": 0,
                "total": 0
              }
            },
            {
              "batter": "Yasir Ali",
              "bowler": "CW Perchard",
              "non_striker": "Awais Ahmed",
              "runs": {
                "batter": 0,
                "extras": 0,
                "total": 0
              }
            }
          ]
        },
        {
          "over": 5,
          "deliveries": [
            {
              "batter": "Awais Ahmed",
              "bowler": "EJB Miles",
              "non_striker": "Yasir Ali",
              "runs": {
                "batter": 0,
                "extras": 0,
                "total": 0
              }
            },
            {
              "batter": "Awais Ahmed",
              "bowler": "EJB Miles",
              "non_striker": "Yasir Ali",
              "runs": {
                "batter": 1,
                "extras": 0,
                "total": 1
              }
            },
            {
              "batter": "Yasir Ali",
              "bowler": "EJB Miles",
              "non_striker": "Awais Ahmed",
              "runs": {
                "batter": 1,
                "extras": 0,
                "total": 1
              }
            },
            {
              "batter": "Awais Ahmed",
              "bowler": "EJB Miles",
              "non_striker": "Yasir Ali",
              "runs": {
                "batter": 0,
                "extras": 0,
                "total": 0
              }
            },
            {
              "batter": "Awais Ahmed",
              "bowler": "EJB Miles",
              "non_striker": "Yasir Ali",
              "runs": {
                "batter": 4,
                "extras": 0,
                "total": 4
              }
            },
            {
              "batter": "Awais Ahmed",
              "bowler": "EJB Miles",
              "non_striker": "Yasir Ali",
              "runs": {
                "batter": 4,
                "extras": 0,
                "total": 4
              }
            }
          ]
        },
        {
          "over": 6,
          "deliveries": [
            {
              "batter": "Yasir Ali",
              "bowler": "J Sumerauer",
              "non_striker": "Awais Ahmed",
              "runs": {
                "batter": 0,
                "extras": 0,
                "total": 0
              }
            },
            {
              "batter": "Yasir Ali",
              "bowler": "J Sumerauer",
              "non_striker": "Awais Ahmed",
              "runs": {
                "batter": 0,
                "extras": 0,
                "total": 0
              },
              "wickets": [
                {
                  "player_out": "Awais Ahmed",
                  "kind": "run out"
                }
              ]
            },
            {
              "batter": "Yasir Ali",
              "bowler": "J Sumerauer",
              "non_striker": "C Munoz-Mills",
              "runs": {
                "batter": 1,
                "extras": 0,
                "total": 1
              }
            },
            {
              "batter": "C Munoz-Mills",
              "bowler": "J Sumerauer",
              "non_striker": "Yasir Ali",
              "runs": {
                "batter": 0,
                "extras": 0,
                "total": 0
              }
            },
            {
              "batter": "C Munoz-Mills",
              "bowler": "J Sumerauer",
              "non_striker": "Yasir Ali",
              "runs": {
                "batter": 1,
                "extras": 0,
                "total": 1
              }
            },
            {
              "batter": "Yasir Ali",
              "bowler": "J Sumerauer",
              "non_striker": "C Munoz-Mills",
              "runs": {
                "batter": 1,
                "extras": 0,
                "total": 1
              }
            }
          ]
        },
        {
          "over": 7,
          "deliveries": [
            {
              "batter": "Yasir Ali",
              "bowler": "BDH Stevens",
              "non_striker": "C Munoz-Mills",
              "runs": {
                "batter": 0,
                "extras": 0,
                "total": 0
              }
            },
            {
              "batter": "Yasir Ali",
              "bowler": "BDH Stevens",
              "non_striker": "C Munoz-Mills",
              "runs": {
                "batter": 1,
                "extras": 0,
                "total": 1
              }
            },
            {
              "batter": "C Munoz-Mills",
              "bowler": "BDH Stevens",
              "non_striker": "Yasir Ali",
              "runs": {
                "batter": 1,
                "extras": 0,
                "total": 1
              }
            },
            {
              "batter": "Yasir Ali",
              "bowler": "BDH Stevens",
              "non_striker": "C Munoz-Mills",
              "runs": {
                "batter": 0,
                "extras": 0,
                "total": 0
              }
            },
            {
              "batter": "Yasir Ali",
              "bowler": "BDH Stevens",
              "non_striker": "C Munoz-Mills",
              "runs": {
                "batter": 1,
                "extras": 0,
                "total": 1
              }
            },
            {
              "batter": "C Munoz-Mills",
              "bowler": "BDH Stevens",
              "non_striker": "Yasir Ali",
              "runs": {
                "batter": 0,
                "extras": 0,
                "total": 0
              }
            }
          ]
        },
        {
          "over": 8,
          "deliveries": [
            {
              "batter": "Yasir Ali",
              "bowler": "J Sumerauer",
              "non_striker": "C Munoz-Mills",
              "runs": {
                "batter": 1,
                "extras": 0,
                "total": 1
              }
            },
            {
              "batter": "C Munoz-Mills",
              "bowler": "J Sumerauer",
              "non_striker": "Yasir Ali",
              "runs": {
                "batter": 0,
                "extras": 0,
                "total": 0
              },
              "wickets": [
                {
                  "player_out": "C Munoz-Mills",
                  "fielders": [
                    {
                      "name": "H Carlyon"
                    }
                  ],
                  "kind": "caught"
                }
              ]
            },
            {
              "batter": "Yasir Ali",
              "bowler": "J Sumerauer",
              "non_striker": "PD Hennessy",
              "runs": {
                "batter": 4,
                "extras": 0,
                "total": 4
              }
            },
            {
              "batter": "Yasir Ali",
              "bowler": "J Sumerauer",
              "non_striker": "PD Hennessy",
              "runs": {
                "batter": 0,
                "extras": 0,
                "total": 0
              }
            },
            {
              "batter": "Yasir Ali",
              "bowler": "J Sumerauer",
              "non_striker": "PD Hennessy",
              "runs": {
                "batter": 1,
                "extras": 0,
                "total": 1
              }
            },
            {
              "batter": "PD Hennessy",
              "bowler": "J Sumerauer",
              "non_striker": "Yasir Ali",
              "runs": {
                "batter": 1,
                "extras": 0,
                "total": 1
              }
            }
          ]
        },
        {
          "over": 9,
          "deliveries": [
            {
              "batter": "PD Hennessy",
              "bowler": "BDH Stevens",
              "non_striker": "Yasir Ali",
              "runs": {
                "batter": 1,
                "extras": 0,
                "total": 1
              }
            },
            {
              "batter": "Yasir Ali",
              "bowler": "BDH Stevens",
              "non_striker": "PD Hennessy",
              "runs": {
                "batter": 0,
                "extras": 0,
                "total": 0
              }
            },
            {
              "batter": "Yasir Ali",
              "bowler": "BDH Stevens",
              "non_striker": "PD Hennessy",
              "runs": {
                "batter": 1,
                "extras": 0,
                "total": 1
              }
            },
            {
              "batter": "PD Hennessy",
              "bowler": "BDH Stevens",
              "non_striker": "Yasir Ali",
              "runs": {
                "batter": 0,
                "extras": 0,
                "total": 0
              }
            },
            {
              "batter": "PD Hennessy",
              "bowler": "BDH Stevens",
              "non_striker": "Yasir Ali",
              "runs": {
                "batter": 0,
                "extras": 0,
                "total": 0
              }
            },
            {
              "batter": "PD Hennessy",
              "bowler": "BDH Stevens",
              "non_striker": "Yasir Ali",
              "runs": {
                "batter": 0,
                "extras": 0,
                "total": 0
              }
            }
          ]
        },
        {
          "over": 10,
          "deliveries": [
            {
              "batter": "Yasir Ali",
              "bowler": "B Ward",
              "non_striker": "PD Hennessy",
              "runs": {
                "batter": 1,
                "extras": 0,
                "total": 1
              }
            },
            {
              "batter": "PD Hennessy",
              "bowler": "B Ward",
              "non_striker": "Yasir Ali",
              "runs": {
                "batter": 1,
                "extras": 0,
                "total": 1
              }
            },
            {
              "batter": "Yasir Ali",
              "bowler": "B Ward",
              "non_striker": "PD Hennessy",
              "runs": {
                "batter": 0,
                "extras": 0,
                "total": 0
              },
              "wickets": [
                {
                  "player_out": "Yasir Ali",
                  "fielders": [
                    {
                      "name": "JE Dunford"
                    }
                  ],
                  "kind": "stumped"
                }
              ]
            },
            {
              "batter": "V Vini",
              "bowler": "B Ward",
              "non_striker": "PD Hennessy",
              "runs": {
                "batter": 0,
                "extras": 0,
                "total": 0
              }
            },
            {
              "batter": "V Vini",
              "bowler": "B Ward",
              "non_striker": "PD Hennessy",
              "runs": {
                "batter": 1,
                "extras": 0,
                "total": 1
              }
            },
            {
              "batter": "PD Hennessy",
              "bowler": "B Ward",
              "extras": {
                "wides": 1
              },
              "non_striker": "V Vini",
              "runs": {
                "batter": 0,
                "extras": 1,
                "total": 1
              },
              "wickets": [
                {
                  "player_out": "PD Hennessy",
                  "fielders": [
                    {
                      "name": "JE Dunford"
                    }
                  ],
                  "kind": "stumped"
                }
              ]
            },
            {
              "batter": "AD Algar",
              "bowler": "B Ward",
              "non_striker": "V Vini",
              "runs": {
                "batter": 0,
                "extras": 0,
                "total": 0
              }
            }
          ]
        },
        {
          "over": 11,
          "deliveries": [
            {
              "batter": "V Vini",
              "bowler": "EJB Miles",
              "non_striker": "AD Algar",
              "runs": {
                "batter": 2,
                "extras": 0,
                "total": 2
              }
            },
            {
              "batter": "V Vini",
              "bowler": "EJB Miles",
              "non_striker": "AD Algar",
              "runs": {
                "batter": 1,
                "extras": 0,
                "total": 1
              }
            },
            {
              "batter": "AD Algar",
              "bowler": "EJB Miles",
              "non_striker": "V Vini",
              "runs": {
                "batter": 0,
                "extras": 0,
                "total": 0
              }
            },
            {
              "batter": "AD Algar",
              "bowler": "EJB Miles",
              "non_striker": "V Vini",
              "runs": {
                "batter": 0,
                "extras": 0,
                "total": 0
              }
            },
            {
              "batter": "AD Algar",
              "bowler": "EJB Miles",
              "non_striker": "V Vini",
              "runs": {
                "batter": 0,
                "extras": 0,
                "total": 0
              }
            },
            {
              "batter": "AD Algar",
              "bowler": "EJB Miles",
              "non_striker": "V Vini",
              "runs": {
                "batter": 0,
                "extras": 0,
                "total": 0
              }
            }
          ]
        },
        {
          "over": 12,
          "deliveries": [
            {
              "batter": "V Vini",
              "bowler": "B Ward",
              "non_striker": "AD Algar",
              "runs": {
                "batter": 1,
                "extras": 0,
                "total": 1
              }
            },
            {
              "batter": "AD Algar",
              "bowler": "B Ward",
              "non_striker": "V Vini",
              "runs": {
                "batter": 0,
                "extras": 0,
                "total": 0
              }
            },
            {
              "batter": "AD Algar",
              "bowler": "B Ward",
              "non_striker": "V Vini",
              "runs": {
                "batter": 0,
                "extras": 0,
                "total": 0
              }
            },
            {
              "batter": "AD Algar",
              "bowler": "B Ward",
              "non_striker": "V Vini",
              "runs": {
                "batter": 0,
                "extras": 0,
                "total": 0
              }
            },
            {
              "batter": "AD Algar",
              "bowler": "B Ward",
              "non_striker": "V Vini",
              "runs": {
                "batter": 0,
                "extras": 0,
                "total": 0
              }
            },
            {
              "batter": "AD Algar",
              "bowler": "B Ward",
              "non_striker": "V Vini",
              "runs": {
                "batter": 0,
                "extras": 0,
                "total": 0
              }
            }
          ]
        },
        {
          "over": 13,
          "deliveries": [
            {
              "batter": "V Vini",
              "bowler": "BDH Stevens",
              "non_striker": "AD Algar",
              "runs": {
                "batter": 0,
                "extras": 0,
                "total": 0
              }
            },
            {
              "batter": "V Vini",
              "bowler": "BDH Stevens",
              "non_striker": "AD Algar",
              "runs": {
                "batter": 0,
                "extras": 0,
                "total": 0
              }
            },
            {
              "batter": "V Vini",
              "bowler": "BDH Stevens",
              "non_striker": "AD Algar",
              "runs": {
                "batter": 6,
                "extras": 0,
                "total": 6
              }
            },
            {
              "batter": "V Vini",
              "bowler": "BDH Stevens",
              "non_striker": "AD Algar",
              "runs": {
                "batter": 1,
                "extras": 0,
                "total": 1
              }
            },
            {
              "batter": "AD Algar",
              "bowler": "BDH Stevens",
              "non_striker": "V Vini",
              "runs": {
                "batter": 1,
                "extras": 0,
                "total": 1
              }
            },
            {
              "batter": "V Vini",
              "bowler": "BDH Stevens",
              "non_striker": "AD Algar",
              "runs": {
                "batter": 0,
                "extras": 0,
                "total": 0
              }
            }
          ]
        },
        {
          "over": 14,
          "deliveries": [
            {
              "batter": "AD Algar",
              "bowler": "B Ward",
              "non_striker": "V Vini",
              "runs": {
                "batter": 0,
                "extras": 0,
                "total": 0
              }
            },
            {
              "batter": "AD Algar",
              "bowler": "B Ward",
              "non_striker": "V Vini",
              "runs": {
                "batter": 1,
                "extras": 0,
                "total": 1
              }
            },
            {
              "batter": "V Vini",
              "bowler": "B Ward",
              "non_striker": "AD Algar",
              "runs": {
                "batter": 0,
                "extras": 0,
                "total": 0
              }
            },
            {
              "batter": "V Vini",
              "bowler": "B Ward",
              "non_striker": "AD Algar",
              "runs": {
                "batter": 1,
                "extras": 0,
                "total": 1
              }
            },
            {
              "batter": "AD Algar",
              "bowler": "B Ward",
              "non_striker": "V Vini",
              "runs": {
                "batter": 1,
                "extras": 0,
                "total": 1
              }
            },
            {
              "batter": "V Vini",
              "bowler": "B Ward",
              "non_striker": "AD Algar",
              "runs": {
                "batter": 1,
                "extras": 0,
                "total": 1
              }
            }
          ]
        },
        {
          "over": 15,
          "deliveries": [
            {
              "batter": "V Vini",
              "bowler": "CW Perchard",
              "non_striker": "AD Algar",
              "runs": {
                "batter": 0,
                "extras": 0,
                "total": 0
              }
            },
            {
              "batter": "V Vini",
              "bowler": "CW Perchard",
              "extras": {
                "wides": 1
              },
              "non_striker": "AD Algar",
              "runs": {
                "batter": 0,
                "extras": 1,
                "total": 1
              }
            },
            {
              "batter": "V Vini",
              "bowler": "CW Perchard",
              "extras": {
                "wides": 1
              },
              "non_striker": "AD Algar",
              "runs": {
                "batter": 0,
                "extras": 1,
                "total": 1
              }
            },
            {
              "batter": "V Vini",
              "bowler": "CW Perchard",
              "non_striker": "AD Algar",
              "runs": {
                "batter": 1,
                "extras": 0,
                "total": 1
              }
            },
            {
              "batter": "AD Algar",
              "bowler": "CW Perchard",
              "non_striker": "V Vini",
              "runs": {
                "batter": 0,
                "extras": 0,
                "total": 0
              }
            },
            {
              "batter": "AD Algar",
              "bowler": "CW Perchard",
              "non_striker": "V Vini",
              "runs": {
                "batter": 1,
                "extras": 0,
                "total": 1
              }
            },
            {
              "batter": "V Vini",
              "bowler": "CW Perchard",
              "non_striker": "AD Algar",
              "runs": {
                "batter": 1,
                "extras": 0,
                "total": 1
              }
            },
            {
              "batter": "AD Algar",
              "bowler": "CW Perchard",
              "non_striker": "V Vini",
              "runs": {
                "batter": 2,
                "extras": 0,
                "total": 2
              }
            }
          ]
        },
        {
          "over": 16,
          "deliveries": [
            {
              "batter": "V Vini",
              "bowler": "B Ward",
              "non_striker": "AD Algar",
              "runs": {
                "batter": 0,
                "extras": 0,
                "total": 0
              },
              "wickets": [
                {
                  "player_out": "V Vini",
                  "fielders": [
                    {
                      "name": "JE Dunford"
                    }
                  ],
                  "kind": "stumped"
                }
              ]
            },
            {
              "batter": "Atif Mehmood",
              "bowler": "B Ward",
              "non_striker": "AD Algar",
              "runs": {
                "batter": 0,
                "extras": 0,
                "total": 0
              }
            },
            {
              "batter": "Atif Mehmood",
              "bowler": "B Ward",
              "non_striker": "AD Algar",
              "runs": {
                "batter": 6,
                "extras": 0,
                "total": 6
              }
            },
            {
              "batter": "Atif Mehmood",
              "bowler": "B Ward",
              "non_striker": "AD Algar",
              "runs": {
                "batter": 0,
                "extras": 0,
                "total": 0
              }
            },
            {
              "batter": "Atif Mehmood",
              "bowler": "B Ward",
              "non_striker": "AD Algar",
              "runs": {
                "batter": 1,
                "extras": 0,
                "total": 1
              }
            },
            {
              "batter": "AD Algar",
              "bowler": "B Ward",
              "non_striker": "Atif Mehmood",
              "runs": {
                "batter": 0,
                "extras": 0,
                "total": 0
              }
            }
          ]
        },
        {
          "over": 17,
          "deliveries": [
            {
              "batter": "Atif Mehmood",
              "bowler": "EJB Miles",
              "non_striker": "AD Algar",
              "runs": {
                "batter": 1,
                "extras": 0,
                "total": 1
              }
            },
            {
              "batter": "AD Algar",
              "bowler": "EJB Miles",
              "non_striker": "Atif Mehmood",
              "runs": {
                "batter": 1,
                "extras": 0,
                "total": 1
              }
            },
            {
              "batter": "Atif Mehmood",
              "bowler": "EJB Miles",
              "non_striker": "AD Algar",
              "runs": {
                "batter": 0,
                "extras": 0,
                "total": 0
              }
            },
            {
              "batter": "Atif Mehmood",
              "bowler": "EJB Miles",
              "non_striker": "AD Algar",
              "runs": {
                "batter": 1,
                "extras": 0,
                "total": 1
              }
            },
            {
              "batter": "AD Algar",
              "bowler": "EJB Miles",
              "non_striker": "Atif Mehmood",
              "runs": {
                "batter": 0,
                "extras": 0,
                "total": 0
              }
            },
            {
              "batter": "AD Algar",
              "bowler": "EJB Miles",
              "non_striker": "Atif Mehmood",
              "runs": {
                "batter": 1,
                "extras": 0,
                "total": 1
              }
            }
          ]
        },
        {
          "over": 18,
          "deliveries": [
            {
              "batter": "AD Algar",
              "bowler": "CW Perchard",
              "non_striker": "Atif Mehmood",
              "runs": {
                "batter": 0,
                "extras": 0,
                "total": 0
              }
            },
            {
              "batter": "AD Algar",
              "bowler": "CW Perchard",
              "non_striker": "Atif Mehmood",
              "runs": {
                "batter": 1,
                "extras": 0,
                "total": 1
              }
            },
            {
              "batter": "Atif Mehmood",
              "bowler": "CW Perchard",
              "non_striker": "AD Algar",
              "runs": {
                "batter": 1,
                "extras": 0,
                "total": 1
              }
            },
            {
              "batter": "AD Algar",
              "bowler": "CW Perchard",
              "non_striker": "Atif Mehmood",
              "runs": {
                "batter": 1,
                "extras": 0,
                "total": 1
              }
            },
            {
              "batter": "Atif Mehmood",
              "bowler": "CW Perchard",
              "non_striker": "AD Algar",
              "runs": {
                "batter": 1,
                "extras": 0,
                "total": 1
              }
            },
            {
              "batter": "AD Algar",
              "bowler": "CW Perchard",
              "non_striker": "Atif Mehmood",
              "runs": {
                "batter": 1,
                "extras": 0,
                "total": 1
              }
            }
          ]
        },
        {
          "over": 19,
          "deliveries": [
            {
              "batter": "AD Algar",
              "bowler": "BDH Stevens",
              "non_striker": "Atif Mehmood",
              "runs": {
                "batter": 1,
                "extras": 0,
                "total": 1
              }
            },
            {
              "batter": "Atif Mehmood",
              "bowler": "BDH Stevens",
              "non_striker": "AD Algar",
              "runs": {
                "batter": 2,
                "extras": 0,
                "total": 2
              }
            },
            {
              "batter": "Atif Mehmood",
              "bowler": "BDH Stevens",
              "non_striker": "AD Algar",
              "runs": {
                "batter": 1,
                "extras": 0,
                "total": 1
              }
            },
            {
              "batter": "AD Algar",
              "bowler": "BDH Stevens",
              "non_striker": "Atif Mehmood",
              "runs": {
                "batter": 0,
                "extras": 0,
                "total": 0
              },
              "wickets": [
                {
                  "player_out": "Atif Mehmood",
                  "kind": "run out"
                }
              ]
            },
            {
              "batter": "AD Algar",
              "bowler": "BDH Stevens",
              "non_striker": "R Panchal",
              "runs": {
                "batter": 2,
                "extras": 0,
                "total": 2
              }
            },
            {
              "batter": "AD Algar",
              "bowler": "BDH Stevens",
              "non_striker": "R Panchal",
              "runs": {
                "batter": 0,
                "extras": 0,
                "total": 0
              },
              "wickets": [
                {
                  "player_out": "AD Algar",
                  "fielders": [
                    {
                      "name": "JE Dunford"
                    }
                  ],
                  "kind": "stumped"
                }
              ]
            }
          ]
        }
      ],
      "powerplays": [
        {
          "from": 0.1,
          "to": 5.6,
          "type": "mandatory"
        }
      ]
    },
    {
      "team": "Jersey",
      "overs": [
        {
          "over": 0,
          "deliveries": [
            {
              "batter": "B Ward",
              "bowler": "Yasir Ali",
              "non_striker": "JW Jenner",
              "runs": {
                "batter": 2,
                "extras": 0,
                "total": 2
              }
            },
            {
              "batter": "B Ward",
              "bowler": "Yasir Ali",
              "non_striker": "JW Jenner",
              "runs": {
                "batter": 1,
                "extras": 0,
                "total": 1
              }
            },
            {
              "batter": "JW Jenner",
              "bowler": "Yasir Ali",
              "non_striker": "B Ward",
              "runs": {
                "batter": 1,
                "extras": 0,
                "total": 1
              }
            },
            {
              "batter": "B Ward",
              "bowler": "Yasir Ali",
              "non_striker": "JW Jenner",
              "runs": {
                "batter": 1,
                "extras": 0,
                "total": 1
              }
            },
            {
              "batter": "JW Jenner",
              "bowler": "Yasir Ali",
              "non_striker": "B Ward",
              "runs": {
                "batter": 1,
                "extras": 0,
                "total": 1
              }
            },
            {
              "batter": "B Ward",
              "bowler": "Yasir Ali",
              "non_striker": "JW Jenner",
              "runs": {
                "batter": 4,
                "extras": 0,
                "total": 4
              }
            }
          ]
        },
        {
          "over": 1,
          "deliveries": [
            {
              "batter": "JW Jenner",
              "bowler": "R Panchal",
              "non_striker": "B Ward",
              "runs": {
                "batter": 0,
                "extras": 0,
                "total": 0
              }
            },
            {
              "batter": "JW Jenner",
              "bowler": "R Panchal",
              "non_striker": "B Ward",
              "runs": {
                "batter": 1,
                "extras": 0,
                "total": 1
              }
            },
            {
              "batter": "B Ward",
              "bowler": "R Panchal",
              "non_striker": "JW Jenner",
              "runs": {
                "batter": 0,
                "extras": 0,
                "total": 0
              }
            },
            {
              "batter": "B Ward",
              "bowler": "R Panchal",
              "non_striker": "JW Jenner",
              "runs": {
                "batter": 0,
                "extras": 0,
                "total": 0
              }
            },
            {
              "batter": "B Ward",
              "bowler": "R Panchal",
              "non_striker": "JW Jenner",
              "runs": {
                "batter": 1,
                "extras": 0,
                "total": 1
              }
            },
            {
              "batter": "JW Jenner",
              "bowler": "R Panchal",
              "non_striker": "B Ward",
              "runs": {
                "batter": 1,
                "extras": 0,
                "total": 1
              }
            }
          ]
        },
        {
          "over": 2,
          "deliveries": [
            {
              "batter": "JW Jenner",
              "bowler": "C Munoz-Mills",
              "non_striker": "B Ward",
              "runs": {
                "batter": 0,
                "extras": 0,
                "total": 0
              }
            },
            {
              "batter": "JW Jenner",
              "bowler": "C Munoz-Mills",
              "non_striker": "B Ward",
              "runs": {
                "batter": 0,
                "extras": 0,
                "total": 0
              }
            },
            {
              "batter": "JW Jenner",
              "bowler": "C Munoz-Mills",
              "non_striker": "B Ward",
              "runs": {
                "batter": 0,
                "extras": 0,
                "total": 0
              }
            },
            {
              "batter": "JW Jenner",
              "bowler": "C Munoz-Mills",
              "non_striker": "B Ward",
              "runs": {
                "batter": 6,
                "extras": 0,
                "total": 6
              }
            },
            {
              "batter": "JW Jenner",
              "bowler": "C Munoz-Mills",
              "non_striker": "B Ward",
              "runs": {
                "batter": 0,
                "extras": 0,
                "total": 0
              }
            },
            {
              "batter": "JW Jenner",
              "bowler": "C Munoz-Mills",
              "non_striker": "B Ward",
              "runs": {
                "batter": 1,
                "extras": 0,
                "total": 1
              }
            }
          ]
        },
        {
          "over": 3,
          "deliveries": [
            {
              "batter": "JW Jenner",
              "bowler": "R Panchal",
              "non_striker": "B Ward",
              "runs": {
                "batter": 0,
                "extras": 0,
                "total": 0
              }
            },
            {
              "batter": "JW Jenner",
              "bowler": "R Panchal",
              "non_striker": "B Ward",
              "runs": {
                "batter": 1,
                "extras": 0,
                "total": 1
              }
            },
            {
              "batter": "B Ward",
              "bowler": "R Panchal",
              "non_striker": "JW Jenner",
              "runs": {
                "batter": 4,
                "extras": 0,
                "total": 4
              }
            },
            {
              "batter": "B Ward",
              "bowler": "R Panchal",
              "non_striker": "JW Jenner",
              "runs": {
                "batter": 0,
                "extras": 0,
                "total": 0
              }
            },
            {
              "batter": "B Ward",
              "bowler": "R Panchal",
              "non_striker": "JW Jenner",
              "runs": {
                "batter": 0,
                "extras": 0,
                "total": 0
              }
            },
            {
              "batter": "B Ward",
              "bowler": "R Panchal",
              "non_striker": "JW Jenner",
              "runs": {
                "batter": 0,
                "extras": 0,
                "total": 0
              }
            }
          ]
        },
        {
          "over": 4,
          "deliveries": [
            {
              "batter": "JW Jenner",
              "bowler": "C Munoz-Mills",
              "non_striker": "B Ward",
              "runs": {
                "batter": 0,
                "extras": 0,
                "total": 0
              }
            },
            {
              "batter": "JW Jenner",
              "bowler": "C Munoz-Mills",
              "non_striker": "B Ward",
              "runs": {
                "batter": 0,
                "extras": 0,
                "total": 0
              }
            },
            {
              "batter": "JW Jenner",
              "bowler": "C Munoz-Mills",
              "non_striker": "B Ward",
              "runs": {
                "batter": 0,
                "extras": 0,
                "total": 0
              }
            },
            {
              "batter": "JW Jenner",
              "bowler": "C Munoz-Mills",
              "non_striker": "B Ward",
              "runs": {
                "batter": 1,
                "extras": 0,
                "total": 1
              }
            },
            {
              "batter": "B Ward",
              "bowler": "C Munoz-Mills",
              "non_striker": "JW Jenner",
              "runs": {
                "batter": 1,
                "extras": 0,
                "total": 1
              }
            },
            {
              "batter": "JW Jenner",
              "bowler": "C Munoz-Mills",
              "non_striker": "B Ward",
              "runs": {
                "batter": 1,
                "extras": 0,
                "total": 1
              }
            }
          ]
        },
        {
          "over": 5,
          "deliveries": [
            {
              "batter": "JW Jenner",
              "bowler": "R Panchal",
              "non_striker": "B Ward",
              "runs": {
                "batter": 0,
                "extras": 0,
                "total": 0
              }
            },
            {
              "batter": "JW Jenner",
              "bowler": "R Panchal",
              "non_striker": "B Ward",
              "runs": {
                "batter": 1,
                "extras": 0,
                "total": 1
              }
            },
            {
              "batter": "B Ward",
              "bowler": "R Panchal",
              "non_striker": "JW Jenner",
              "runs": {
                "batter": 4,
                "extras": 0,
                "total": 4
              }
            },
            {
              "batter": "B Ward",
              "bowler": "R Panchal",
              "non_striker": "JW Jenner",
              "runs": {
                "batter": 1,
                "extras": 0,
                "total": 1
              }
            },
            {
              "batter": "JW Jenner",
              "bowler": "R Panchal",
              "non_striker": "B Ward",
              "runs": {
                "batter": 0,
                "extras": 0,
                "total": 0
              }
            },
            {
              "batter": "JW Jenner",
              "bowler": "R Panchal",
              "non_striker": "B Ward",
              "runs": {
                "batter": 0,
                "extras": 0,
                "total": 0
              }
            }
          ]
        },
        {
          "over": 6,
          "deliveries": [
            {
              "batter": "B Ward",
              "bowler": "C Munoz-Mills",
              "non_striker": "JW Jenner",
              "runs": {
                "batter": 4,
                "extras": 0,
                "total": 4
              }
            },
            {
              "batter": "B Ward",
              "bowler": "C Munoz-Mills",
              "non_striker": "JW Jenner",
              "runs": {
                "batter": 2,
                "extras": 0,
                "total": 2
              }
            },
            {
              "batter": "B Ward",
              "bowler": "C Munoz-Mills",
              "non_striker": "JW Jenner",
              "runs": {
                "batter": 1,
                "extras": 0,
                "total": 1
              }
            },
            {
              "batter": "JW Jenner",
              "bowler": "C Munoz-Mills",
              "non_striker": "B Ward",
              "runs": {
                "batter": 4,
                "extras": 0,
                "total": 4
              }
            },
            {
              "batter": "JW Jenner",
              "bowler": "C Munoz-Mills",
              "non_striker": "B Ward",
              "runs": {
                "batter": 2,
                "extras": 0,
                "total": 2
              }
            },
            {
              "batter": "JW Jenner",
              "bowler": "C Munoz-Mills",
              "non_striker": "B Ward",
              "runs": {
                "batter": 1,
                "extras": 0,
                "total": 1
              }
            }
          ]
        },
        {
          "over": 7,
          "deliveries": [
            {
              "batter": "JW Jenner",
              "bowler": "Kuldeep Lal",
              "non_striker": "B Ward",
              "runs": {
                "batter": 1,
                "extras": 0,
                "total": 1
              }
            },
            {
              "batter": "B Ward",
              "bowler": "Kuldeep Lal",
              "non_striker": "JW Jenner",
              "runs": {
                "batter": 0,
                "extras": 0,
                "total": 0
              }
            },
            {
              "batter": "B Ward",
              "bowler": "Kuldeep Lal",
              "non_striker": "JW Jenner",
              "runs": {
                "batter": 0,
                "extras": 0,
                "total": 0
              }
            },
            {
              "batter": "B Ward",
              "bowler": "Kuldeep Lal",
              "non_striker": "JW Jenner",
              "runs": {
                "batter": 1,
                "extras": 0,
                "total": 1
              }
            },
            {
              "batter": "JW Jenner",
              "bowler": "Kuldeep Lal",
              "non_striker": "B Ward",
              "runs": {
                "batter": 1,
                "extras": 0,
                "total": 1
              }
            },
            {
              "batter": "B Ward",
              "bowler": "Kuldeep Lal",
              "non_striker": "JW Jenner",
              "runs": {
                "batter": 1,
                "extras": 0,
                "total": 1
              }
            }
          ]
        },
        {
          "over": 8,
          "deliveries": [
            {
              "batter": "B Ward",
              "bowler": "Atif Mehmood",
              "extras": {
                "wides": 1
              },
              "non_striker": "JW Jenner",
              "runs": {
                "batter": 0,
                "extras": 1,
                "total": 1
              }
            },
            {
              "batter": "B Ward",
              "bowler": "Atif Mehmood",
              "non_striker": "JW Jenner",
              "runs": {
                "batter": 0,
                "extras": 0,
                "total": 0
              }
            },
            {
              "batter": "B Ward",
              "bowler": "Atif Mehmood",
              "non_striker": "JW Jenner",
              "runs": {
                "batter": 1,
                "extras": 0,
                "total": 1
              }
            },
            {
              "batter": "JW Jenner",
              "bowler": "Atif Mehmood",
              "non_striker": "B Ward",
              "runs": {
                "batter": 1,
                "extras": 0,
                "total": 1
              }
            },
            {
              "batter": "B Ward",
              "bowler": "Atif Mehmood",
              "non_striker": "JW Jenner",
              "runs": {
                "batter": 0,
                "extras": 0,
                "total": 0
              }
            },
            {
              "batter": "B Ward",
              "bowler": "Atif Mehmood",
              "non_striker": "JW Jenner",
              "runs": {
                "batter": 1,
                "extras": 0,
                "total": 1
              }
            },
            {
              "batter": "JW Jenner",
              "bowler": "Atif Mehmood",
              "non_striker": "B Ward",
              "runs": {
                "batter": 0,
                "extras": 0,
                "total": 0
              }
            }
          ]
        },
        {
          "over": 9,
          "deliveries": [
            {
              "batter": "B Ward",
              "bowler": "Kuldeep Lal",
              "non_striker": "JW Jenner",
              "runs": {
                "batter": 2,
                "extras": 0,
                "total": 2
              }
            },
            {
              "batter": "B Ward",
              "bowler": "Kuldeep Lal",
              "non_striker": "JW Jenner",
              "runs": {
                "batter": 1,
                "extras": 0,
                "total": 1
              }
            },
            {
              "batter": "JW Jenner",
              "bowler": "Kuldeep Lal",
              "non_striker": "B Ward",
              "runs": {
                "batter": 1,
                "extras": 0,
                "total": 1
              }
            },
            {
              "batter": "B Ward",
              "bowler": "Kuldeep Lal",
              "non_striker": "JW Jenner",
              "runs": {
                "batter": 2,
                "extras": 0,
                "total": 2
              }
            },
            {
              "batter": "B Ward",
              "bowler": "Kuldeep Lal",
              "non_striker": "JW Jenner",
              "runs": {
                "batter": 1,
                "extras": 0,
                "total": 1
              }
            },
            {
              "batter": "JW Jenner",
              "bowler": "Kuldeep Lal",
              "non_striker": "B Ward",
              "runs": {
                "batter": 1,
                "extras": 0,
                "total": 1
              }
            }
          ]
        },
        {
          "over": 10,
          "deliveries": [
            {
              "batter": "JW Jenner",
              "bowler": "Atif Mehmood",
              "non_striker": "B Ward",
              "runs": {
                "batter": 0,
                "extras": 0,
                "total": 0
              }
            },
            {
              "batter": "JW Jenner",
              "bowler": "Atif Mehmood",
              "non_striker": "B Ward",
              "runs": {
                "batter": 0,
                "extras": 0,
                "total": 0
              }
            },
            {
              "batter": "JW Jenner",
              "bowler": "Atif Mehmood",
              "non_striker": "B Ward",
              "runs": {
                "batter": 1,
                "extras": 0,
                "total": 1
              }
            },
            {
              "batter": "B Ward",
              "bowler": "Atif Mehmood",
              "non_striker": "JW Jenner",
              "runs": {
                "batter": 4,
                "extras": 0,
                "total": 4
              }
            },
            {
              "batter": "B Ward",
              "bowler": "Atif Mehmood",
              "non_striker": "JW Jenner",
              "runs": {
                "batter": 2,
                "extras": 0,
                "total": 2
              }
            },
            {
              "batter": "B Ward",
              "bowler": "Atif Mehmood",
              "non_striker": "JW Jenner",
              "runs": {
                "batter": 1,
                "extras": 0,
                "total": 1
              }
            }
          ]
        },
        {
          "over": 11,
          "deliveries": [
            {
              "batter": "B Ward",
              "bowler": "V Vini",
              "non_striker": "JW Jenner",
              "runs": {
                "batter": 1,
                "extras": 0,
                "total": 1
              }
            },
            {
              "batter": "JW Jenner",
              "bowler": "V Vini",
              "non_striker": "B Ward",
              "runs": {
                "batter": 1,
                "extras": 0,
                "total": 1
              }
            },
            {
              "batter": "B Ward",
              "bowler": "V Vini",
              "non_striker": "JW Jenner",
              "runs": {
                "batter": 1,
                "extras": 0,
                "total": 1
              }
            },
            {
              "batter": "JW Jenner",
              "bowler": "V Vini",
              "non_striker": "B Ward",
              "runs": {
                "batter": 1,
                "extras": 0,
                "total": 1
              }
            },
            {
              "batter": "B Ward",
              "bowler": "V Vini",
              "non_striker": "JW Jenner",
              "runs": {
                "batter": 4,
                "extras": 0,
                "total": 4
              }
            },
            {
              "batter": "B Ward",
              "bowler": "V Vini",
              "non_striker": "JW Jenner",
              "runs": {
                "batter": 1,
                "extras": 0,
                "total": 1
              }
            }
          ]
        },
        {
          "over": 12,
          "deliveries": [
            {
              "batter": "B Ward",
              "bowler": "Zulqarnain Haider",
              "non_striker": "JW Jenner",
              "runs": {
                "batter": 0,
                "extras": 0,
                "total": 0
              }
            },
            {
              "batter": "B Ward",
              "bowler": "Zulqarnain Haider",
              "extras": {
                "wides": 1
              },
              "non_striker": "JW Jenner",
              "runs": {
                "batter": 0,
                "extras": 1,
                "total": 1
              }
            },
            {
              "batter": "B Ward",
              "bowler": "Zulqarnain Haider",
              "non_striker": "JW Jenner",
              "runs": {
                "batter": 0,
                "extras": 0,
                "total": 0
              }
            },
            {
              "batter": "B Ward",
              "bowler": "Zulqarnain Haider",
              "non_striker": "JW Jenner",
              "runs": {
                "batter": 0,
                "extras": 0,
                "total": 0
              }
            },
            {
              "batter": "B Ward",
              "bowler": "Zulqarnain Haider",
              "non_striker": "JW Jenner",
              "runs": {
                "batter": 0,
                "extras": 0,
                "total": 0
              }
            },
            {
              "batter": "B Ward",
              "bowler": "Zulqarnain Haider",
              "non_striker": "JW Jenner",
              "runs": {
                "batter": 0,
                "extras": 0,
                "total": 0
              }
            },
            {
              "batter": "B Ward",
              "bowler": "Zulqarnain Haider",
              "extras": {
                "wides": 2
              },
              "non_striker": "JW Jenner",
              "runs": {
                "batter": 0,
                "extras": 2,
                "total": 2
              }
            },
            {
              "batter": "JW Jenner",
              "bowler": "Zulqarnain Haider",
              "non_striker": "B Ward",
              "runs": {
                "batter": 0,
                "extras": 0,
                "total": 0
              }
            }
          ]
        },
        {
          "over": 13,
          "deliveries": [
            {
              "batter": "B Ward",
              "bowler": "Yasir Ali",
              "non_striker": "JW Jenner",
              "runs": {
                "batter": 1,
                "extras": 0,
                "total": 1
              }
            },
            {
              "batter": "JW Jenner",
              "bowler": "Yasir Ali",
              "non_striker": "B Ward",
              "runs": {
                "batter": 1,
                "extras": 0,
                "total": 1
              }
            },
            {
              "batter": "B Ward",
              "bowler": "Yasir Ali",
              "non_striker": "JW Jenner",
              "runs": {
                "batter": 1,
                "extras": 0,
                "total": 1
              }
            },
            {
              "batter": "JW Jenner",
              "bowler": "Yasir Ali",
              "non_striker": "B Ward",
              "runs": {
                "batter": 1,
                "extras": 0,
                "total": 1
              }
            },
            {
              "batter": "B Ward",
              "bowler": "Yasir Ali",
              "non_striker": "JW Jenner",
              "runs": {
                "batter": 1,
                "extras": 0,
                "total": 1
              }
            },
            {
              "batter": "JW Jenner",
              "bowler": "Yasir Ali",
              "non_striker": "B Ward",
              "runs": {
                "batter": 1,
                "extras": 0,
                "total": 1
              }
            }
          ]
        },
        {
          "over": 14,
          "deliveries": [
            {
              "batter": "JW Jenner",
              "bowler": "Zulqarnain Haider",
              "extras": {
                "wides": 1
              },
              "non_striker": "B Ward",
              "runs": {
                "batter": 0,
                "extras": 1,
                "total": 1
              }
            },
            {
              "batter": "JW Jenner",
              "bowler": "Zulqarnain Haider",
              "non_striker": "B Ward",
              "runs": {
                "batter": 0,
                "extras": 0,
                "total": 0
              }
            },
            {
              "batter": "JW Jenner",
              "bowler": "Zulqarnain Haider",
              "non_striker": "B Ward",
              "runs": {
                "batter": 1,
                "extras": 0,
                "total": 1
              }
            },
            {
              "batter": "B Ward",
              "bowler": "Zulqarnain Haider",
              "non_striker": "JW Jenner",
              "runs": {
                "batter": 0,
                "extras": 0,
                "total": 0
              }
            },
            {
              "batter": "B Ward",
              "bowler": "Zulqarnain Haider",
              "non_striker": "JW Jenner",
              "runs": {
                "batter": 1,
                "extras": 0,
                "total": 1
              }
            }
          ]
        }
      ],
      "powerplays": [
        {
          "from": 0.1,
          "to": 5.6,
          "type": "mandatory"
        }
      ],
      "target": {
        "overs": 20,
        "runs": 93
      }
    }
  ]
}