{
  "meta": {
    "data_version": "1.0.0",
    "created": "2020-09-01",
    "revision": 2
  },
  "info": {
    "balls_per_over": 6,
    "city": "Schiedam",
    "dates": [
      "2018-09-01"
    ],
    "event": {
      "name": "ICC World Twenty20 Europe Region Qualifier B",
      "match_number": 10
    },
    "gender": "male",
    "match_type": "IT20",
    "officials": {
      "reserve_umpires": [
        "AJT Dowdalls"
      ],
      "umpires": [
        "AM Baird",
        "Surendiran Shanmugam"
      ]
    },
    "outcome": {
      "winner": "Italy",
      "by": {
        "wickets": 6
      }
    },
    "overs": 20,
    "player_of_match": [
      "NA Maiolo"
    ],
    "players": {
      "Belgium": [
        "Aziz Mohammad",
        "Shaheryar Butt",
        "A Raza",
        "F Khaliq",
        "Mamoon Latif",
        "S Jamil",
        "Abdul Rashid Karim",
        "Sheraz Sheikh",
        "Saber Zakhil",
        "Ashiqullah Said",
        "Reyhan Faiz"
      ],
      "Italy": [
        "Rakibul Hasan",
        "Manpreet Singh",
        "NA Maiolo",
        "Fida Hussain",
        "Jaspreet Singh",
        "MJ Ross",
        "Anam Mollik",
        "GP Meade",
        "MGSM Fernando",
        "Baljit Singh",
        "GRD Munasinghe"
      ]
    },
    "registry": {
      "people": {
        "A Raza": "838bc6ab",
        "AJT Dowdalls": "f06852e3",
        "AM Baird": "0c17f84a",
        "Abdul Rashid Karim": "6eb2fb00",
        "Anam Mollik": "927a5ef5",
        "Ashiqullah Said": "407d13cc",
        "Aziz Mohammad": "b3e9555a",
        "Baljit Singh": "39f0b039",
        "F Khaliq": "c17dcc29",
        "Fida Hussain": "0f85e75c",
        "GP Meade": "3957a70a",
        "GRD Munasinghe": "eff8b730",
        "Jaspreet Singh": "d76ab352",
        "MGSM Fernando": "658c2e71",
        "MJ Ross": "d1c7dd6d",
        "Mamoon Latif": "8d78d0d0",
        "Manpreet Singh": "e9d6a2ce",
        "NA Maiolo": "362fde0f",
        "Rakibul Hasan": "b75b7b09",
        "Reyhan Faiz": "5e79f2de",
        "S Jamil": "3d6617c6",
        "Saber Zakhil": "036dcf9b",
        "Shaheryar Butt": "b6bad765",
        "Sheraz Sheikh": "4aad6842",
        "Surendiran Shanmugam": "2ef5fc2b"
      }
    },
    "season": "2018",
    "team_type": "international",
    "teams": [
      "Belgium",
      "Italy"
    ],
    "toss": {
      "decision": "bat",
      "winner": "Belgium"
    },
    "venue": "Sportpark Thurlede"
  },
  "innings": [
    {
      "team": "Belgium",
      "overs": [
        {
          "over": 0,
          "deliveries": [
            {
              "batter": "Aziz Mohammad",
              "bowler": "GRD Munasinghe",
              "non_striker": "Shaheryar Butt",
              "runs": {
                "batter": 0,
                "extras": 0,
                "total": 0
              }
            },
            {
              "batter": "Aziz Mohammad",
              "bowler": "GRD Munasinghe",
              "non_striker": "Shaheryar Butt",
              "runs": {
                "batter": 0,
                "extras": 0,
                "total": 0
              }
            },
            {
              "batter": "Aziz Mohammad",
              "bowler": "GRD Munasinghe",
              "non_striker": "Shaheryar Butt",
              "runs": {
                "batter": 2,
                "extras": 0,
                "total": 2
              }
            },
            {
              "batter": "Aziz Mohammad",
              "bowler": "GRD Munasinghe",
              "non_striker": "Shaheryar Butt",
              "runs": {
                "batter": 0,
                "extras": 0,
                "total": 0
              }
            },
            {
              "batter": "Aziz Mohammad",
              "bowler": "GRD Munasinghe",
              "non_striker": "Shaheryar Butt",
              "runs": {
                "batter": 0,
                "extras": 0,
                "total": 0
              }
            },
            {
              "batter": "Aziz Mohammad",
              "bowler": "GRD Munasinghe",
              "non_striker": "Shaheryar Butt",
              "runs": {
                "batter": 0,
                "extras": 0,
                "total": 0
              }
            }
          ]
        },
        {
          "over": 1,
          "deliveries": [
            {
              "batter": "Shaheryar Butt",
              "bowler": "Jaspreet Singh",
              "non_striker": "Aziz Mohammad",
              "runs": {
                "batter": 0,
                "extras": 0,
                "total": 0
              }
            },
            {
              "batter": "Shaheryar Butt",
              "bowler": "Jaspreet Singh",
              "extras": {
                "legbyes": 1
              },
              "non_striker": "Aziz Mohammad",
              "runs": {
                "batter": 0,
                "extras": 1,
                "total": 1
              }
            },
            {
              "batter": "Aziz Mohammad",
              "bowler": "Jaspreet Singh",
              "extras": {
                "wides": 1
              },
              "non_striker": "Shaheryar Butt",
              "runs": {
                "batter": 0,
                "extras": 1,
                "total": 1
              }
            },
            {
              "batter": "Aziz Mohammad",
              "bowler": "Jaspreet Singh",
              "non_striker": "Shaheryar Butt",
              "runs": {
                "batter": 0,
                "extras": 0,
                "total": 0
              }
            },
            {
              "batter": "Aziz Mohammad",
              "bowler": "Jaspreet Singh",
              "non_striker": "Shaheryar Butt",
              "runs": {
                "batter": 0,
                "extras": 0,
                "total": 0
              }
            },
            {
              "batter": "Aziz Mohammad",
              "bowler": "Jaspreet Singh",
              "non_striker": "Shaheryar Butt",
              "runs": {
                "batter": 1,
                "extras": 0,
                "total": 1
              }
            },
            {
              "batter": "Shaheryar Butt",
              "bowler": "Jaspreet Singh",
              "non_striker": "Aziz Mohammad",
              "runs": {
                "batter": 0,
                "extras": 0,
                "total": 0
              }
            }
          ]
        },
        {
          "over": 2,
          "deliveries": [
            {
              "batter": "Aziz Mohammad",
              "bowler": "GRD Munasinghe",
              "non_striker": "Shaheryar Butt",
              "runs": {
                "batter": 4,
                "extras": 0,
                "total": 4
              }
            },
            {
              "batter": "Aziz Mohammad",
              "bowler": "GRD Munasinghe",
              "non_striker": "Shaheryar Butt",
              "runs": {
                "batter": 0,
                "extras": 0,
                "total": 0
              }
            },
            {
              "batter": "Aziz Mohammad",
              "bowler": "GRD Munasinghe",
              "non_striker": "Shaheryar Butt",
              "runs": {
                "batter": 0,
                "extras": 0,
                "total": 0
              },
              "wickets": [
                {
                  "player_out": "Aziz Mohammad",
                  "fielders": [
                    {
                      "name": "Jaspreet Singh"
                    }
                  ],
                  "kind": "caught"
                }
              ]
            },
            {
              "batter": "A Raza",
              "bowler": "GRD Munasinghe",
              "non_striker": "Shaheryar Butt",
              "runs": {
                "batter": 0,
                "extras": 0,
                "total": 0
              }
            },
            {
              "batter": "A Raza",
              "bowler": "GRD Munasinghe",
              "non_striker": "Shaheryar Butt",
              "runs": {
                "batter": 0,
                "extras": 0,
                "total": 0
              }
            },
            {
              "batter": "A Raza",
              "bowler": "GRD Munasinghe",
              "non_striker": "Shaheryar Butt",
              "runs": {
                "batter": 1,
                "extras": 0,
                "total": 1
              }
            }
          ]
        },
        {
          "over": 3,
          "deliveries": [
            {
              "batter": "A Raza",
              "bowler": "Jaspreet Singh",
              "non_striker": "Shaheryar Butt",
              "runs": {
                "batter": 0,
                "extras": 0,
                "total": 0
              }
            },
            {
              "batter": "A Raza",
              "bowler": "Jaspreet Singh",
              "non_striker": "Shaheryar Butt",
              "runs": {
                "batter": 2,
                "extras": 0,
                "total": 2
              }
            },
            {
              "batter": "A Raza",
              "bowler": "Jaspreet Singh",
              "non_striker": "Shaheryar Butt",
              "runs": {
                "batter": 6,
                "extras": 0,
                "total": 6
              }
            },
            {
              "batter": "A Raza",
              "bowler": "Jaspreet Singh",
              "non_striker": "Shaheryar Butt",
              "runs": {
                "batter": 0,
                "extras": 0,
                "total": 0
              }
            },
            {
              "batter": "A Raza",
              "bowler": "Jaspreet Singh",
              "extras": {
                "legbyes": 1,
                "noballs": 1
              },
              "non_striker": "Shaheryar Butt",
              "runs": {
                "batter": 0,
                "extras": 2,
                "total": 2
              }
            },
            {
              "batter": "Shaheryar Butt",
              "bowler": "Jaspreet Singh",
              "extras": {
                "noballs": 1
              },
              "non_striker": "A Raza",
              "runs": {
                "batter": 0,
                "extras": 1,
                "total": 1
              }
            },
            {
              "batter": "Shaheryar Butt",
              "bowler": "Jaspreet Singh",
              "non_striker": "A Raza",
              "runs": {
                "batter": 1,
                "extras": 0,
                "total": 1
              }
            },
            {
              "batter": "A Raza",
              "bowler": "Jaspreet Singh",
              "non_striker": "Shaheryar Butt",
              "runs": {
                "batter": 0,
                "extras": 0,
                "total": 0
              }
            }
          ]
        },
        {
          "over": 4,
          "deliveries": [
            {
              "batter": "Shaheryar Butt",
              "bowler": "Rakibul Hasan",
              "non_striker": "A Raza",
              "runs": {
                "batter": 1,
                "extras": 0,
                "total": 1
              }
            },
            {
              "batter": "A Raza",
              "bowler": "Rakibul Hasan",
              "non_striker": "Shaheryar Butt",
              "runs": {
                "batter": 0,
                "extras": 0,
                "total": 0
              },
              "wickets": [
                {
                  "player_out": "A Raza",
                  "fielders": [
                    {
                      "name": "MJ Ross"
                    }
                  ],
                  "kind": "caught"
                }
              ]
            },
            {
              "batter": "Shaheryar Butt",
              "bowler": "Rakibul Hasan",
              "non_striker": "F Khaliq",
              "runs": {
                "batter": 0,
                "extras": 0,
                "total": 0
              }
            },
            {
              "batter": "Shaheryar Butt",
              "bowler": "Rakibul Hasan",
              "non_striker": "F Khaliq",
              "runs": {
                "batter": 0,
                "extras": 0,
                "total": 0
              }
            },
            {
              "batter": "Shaheryar Butt",
              "bowler": "Rakibul Hasan",
              "non_striker": "F Khaliq",
              "runs": {
                "batter": 0,
                "extras": 0,
                "total": 0
              }
            },
            {
              "batter": "Shaheryar Butt",
              "bowler": "Rakibul Hasan",
              "non_striker": "F Khaliq",
              "runs": {
                "batter": 4,
                "extras": 0,
                "total": 4
              }
            }
          ]
        },
        {
          "over": 5,
          "deliveries": [
            {
              "batter": "F Khaliq",
              "bowler": "MGSM Fernando",
              "non_striker": "Shaheryar Butt",
              "runs": {
                "batter": 0,
                "extras": 0,
                "total": 0
              }
            },
            {
              "batter": "F Khaliq",
              "bowler": "MGSM Fernando",
              "extras": {
                "wides": 2
              },
              "non_striker": "Shaheryar Butt",
              "runs": {
                "batter": 0,
                "extras": 2,
                "total": 2
              }
            },
            {
              "batter": "Shaheryar Butt",
              "bowler": "MGSM Fernando",
              "non_striker": "F Khaliq",
              "runs": {
                "batter": 4,
                "extras": 0,
                "total": 4
              }
            },
            {
              "batter": "Shaheryar Butt",
              "bowler": "MGSM Fernando",
              "non_striker": "F Khaliq",
              "runs": {
                "batter": 1,
                "extras": 0,
                "total": 1
              }
            },
            {
              "batter": "F Khaliq",
              "bowler": "MGSM Fernando",
              "non_striker": "Shaheryar Butt",
              "runs": {
                "batter": 4,
                "extras": 0,
                "total": 4
              }
            },
            {
              "batter": "F Khaliq",
              "bowler": "MGSM Fernando",
              "non_striker": "Shaheryar Butt",
              "runs": {
                "batter": 0,
                "extras": 0,
                "total": 0
              }
            },
            {
              "batter": "F Khaliq",
              "bowler": "MGSM Fernando",
              "non_striker": "Shaheryar Butt",
              "runs": {
                "batter": 6,
                "extras": 0,
                "total": 6
              }
            }
          ]
        },
        {
          "over": 6,
          "deliveries": [
            {
              "batter": "Shaheryar Butt",
              "bowler": "Rakibul Hasan",
              "non_striker": "F Khaliq",
              "runs": {
                "batter": 1,
                "extras": 0,
                "total": 1
              }
            },
            {
              "batter": "F Khaliq",
              "bowler": "Rakibul Hasan",
              "non_striker": "Shaheryar Butt",
              "runs": {
                "batter": 0,
                "extras": 0,
                "total": 0
              }
            },
            {
              "batter": "F Khaliq",
              "bowler": "Rakibul Hasan",
              "non_striker": "Shaheryar Butt",
              "runs": {
                "batter": 0,
                "extras": 0,
                "total": 0
              }
            },
            {
              "batter": "F Khaliq",
              "bowler": "Rakibul Hasan",
              "non_striker": "Shaheryar Butt",
              "runs": {
                "batter": 0,
                "extras": 0,
                "total": 0
              }
            },
            {
              "batter": "F Khaliq",
              "bowler": "Rakibul Hasan",
              "non_striker": "Shaheryar Butt",
              "runs": {
                "batter": 0,
                "extras": 0,
                "total": 0
              },
              "wickets": [
                {
                  "player_out": "F Khaliq",
                  "kind": "bowled"
                }
              ]
            },
            {
              "batter": "Mamoon Latif",
              "bowler": "Rakibul Hasan",
              "non_striker": "Shaheryar Butt",
              "runs": {
                "batter": 1,
                "extras": 0,
                "total": 1
              }
            }
          ]
        },
        {
          "over": 7,
          "deliveries": [
            {
              "batter": "Mamoon Latif",
              "bowler": "Baljit Singh",
              "non_striker": "Shaheryar Butt",
              "runs": {
                "batter": 0,
                "extras": 0,
                "total": 0
              }
            },
            {
              "batter": "Mamoon Latif",
              "bowler": "Baljit Singh",
              "non_striker": "Shaheryar Butt",
              "runs": {
                "batter": 2,
                "extras": 0,
                "total": 2
              }
            },
            {
              "batter": "Mamoon Latif",
              "bowler": "Baljit Singh",
              "non_striker": "Shaheryar Butt",
              "runs": {
                "batter": 4,
                "extras": 0,
                "total": 4
              }
            },
            {
              "batter": "Mamoon Latif",
              "bowler": "Baljit Singh",
              "non_striker": "Shaheryar Butt",
              "runs": {
                "batter": 0,
                "extras": 0,
                "total": 0
              }
            },
            {
              "batter": "Mamoon Latif",
              "bowler": "Baljit Singh",
              "non_striker": "Shaheryar Butt",
              "runs": {
                "batter": 1,
                "extras": 0,
                "total": 1
              }
            },
            {
              "batter": "Shaheryar Butt",
              "bowler": "Baljit Singh",
              "non_striker": "Mamoon Latif",
              "runs": {
                "batter": 1,
                "extras": 0,
                "total": 1
              }
            }
          ]
        },
        {
          "over": 8,
          "deliveries": [
            {
              "batter": "Shaheryar Butt",
              "bowler": "Rakibul Hasan",
              "non_striker": "Mamoon Latif",
              "runs": {
                "batter": 0,
                "extras": 0,
                "total": 0
              },
              "wickets": [
                {
                  "player_out": "Shaheryar Butt",
                  "fielders": [
                    {
                      "name": "MJ Ross"
                    }
                  ],
                  "kind": "caught"
                }
              ]
            },
            {
              "batter": "S Jamil",
              "bowler": "Rakibul Hasan",
              "non_striker": "Mamoon Latif",
              "runs": {
                "batter": 1,
                "extras": 0,
                "total": 1
              }
            },
            {
              "batter": "Mamoon Latif",
              "bowler": "Rakibul Hasan",
              "non_striker": "S Jamil",
              "runs": {
                "batter": 0,
                "extras": 0,
                "total": 0
              }
            },
            {
              "batter": "Mamoon Latif",
              "bowler": "Rakibul Hasan",
              "non_striker": "S Jamil",
              "runs": {
                "batter": 1,
                "extras": 0,
                "total": 1
              }
            },
            {
              "batter": "S Jamil",
              "bowler": "Rakibul Hasan",
              "non_striker": "Mamoon Latif",
              "runs": {
                "batter": 1,
                "extras": 0,
                "total": 1
              }
            },
            {
              "batter": "Mamoon Latif",
              "bowler": "Rakibul Hasan",
              "non_striker": "S Jamil",
              "runs": {
                "batter": 0,
                "extras": 0,
                "total": 0
              }
            }
          ]
        },
        {
          "over": 9,
          "deliveries": [
            {
              "batter": "S Jamil",
              "bowler": "Baljit Singh",
              "non_striker": "Mamoon Latif",
              "runs": {
                "batter": 1,
                "extras": 0,
                "total": 1
              }
            },
            {
              "batter": "Mamoon Latif",
              "bowler": "Baljit Singh",
              "non_striker": "S Jamil",
              "runs": {
                "batter": 0,
                "extras": 0,
                "total": 0
              }
            },
            {
              "batter": "Mamoon Latif",
              "bowler": "Baljit Singh",
              "non_striker": "S Jamil",
              "runs": {
                "batter": 0,
                "extras": 0,
                "total": 0
              }
            },
            {
              "batter": "Mamoon Latif",
              "bowler": "Baljit Singh",
              "non_striker": "S Jamil",
              "runs": {
                "batter": 1,
                "extras": 0,
                "total": 1
              }
            },
            {
              "batter": "S Jamil",
              "bowler": "Baljit Singh",
              "non_striker": "Mamoon Latif",
              "runs": {
                "batter": 1,
                "extras": 0,
                "total": 1
              }
            },
            {
              "batter": "Mamoon Latif",
              "bowler": "Baljit Singh",
              "non_striker": "S Jamil",
              "runs": {
                "batter": 1,
                "extras": 0,
                "total": 1
              }
            }
          ]
        },
        {
          "over": 10,
          "deliveries": [
            {
              "batter": "Mamoon Latif",
              "bowler": "MJ Ross",
              "non_striker": "S Jamil",
              "runs": {
                "batter": 1,
                "extras": 0,
                "total": 1
              }
            },
            {
              "batter": "S Jamil",
              "bowler": "MJ Ross",
              "non_striker": "Mamoon Latif",
              "runs": {
                "batter": 1,
                "extras": 0,
                "total": 1
              }
            },
            {
              "batter": "Mamoon Latif",
              "bowler": "MJ Ross",
              "non_striker": "S Jamil",
              "runs": {
                "batter": 1,
                "extras": 0,
                "total": 1
              }
            },
            {
              "batter": "S Jamil",
              "bowler": "MJ Ross",
              "non_striker": "Mamoon Latif",
              "runs": {
                "batter": 1,
                "extras": 0,
                "total": 1
              }
            },
            {
              "batter": "Mamoon Latif",
              "bowler": "MJ Ross",
              "non_striker": "S Jamil",
              "runs": {
                "batter": 1,
                "extras": 0,
                "total": 1
              }
            },
            {
              "batter": "S Jamil",
              "bowler": "MJ Ross",
              "non_striker": "Mamoon Latif",
              "runs": {
                "batter": 2,
                "extras": 0,
                "total": 2
              }
            }
          ]
        },
        {
          "over": 11,
          "deliveries": [
            {
              "batter": "Mamoon Latif",
              "bowler": "Baljit Singh",
              "non_striker": "S Jamil",
              "runs": {
                "batter": 1,
                "extras": 0,
                "total": 1
              }
            },
            {
              "batter": "S Jamil",
              "bowler": "Baljit Singh",
              "non_striker": "Mamoon Latif",
              "runs": {
                "batter": 0,
                "extras": 0,
                "total": 0
              },
              "wickets": [
                {
                  "player_out": "S Jamil",
                  "fielders": [
                    {
                      "name": "Manpreet Singh"
                    }
                  ],
                  "kind": "caught"
                }
              ]
            },
            {
              "batter": "Mamoon Latif",
              "bowler": "Baljit Singh",
              "non_striker": "Abdul Rashid Karim",
              "runs": {
                "batter": 0,
                "extras": 0,
                "total": 0
              }
            },
            {
              "batter": "Mamoon Latif",
              "bowler": "Baljit Singh",
              "non_striker": "Abdul Rashid Karim",
              "runs": {
                "batter": 4,
                "extras": 0,
                "total": 4
              }
            },
            {
              "batter": "Mamoon Latif",
              "bowler": "Baljit Singh",
              "non_striker": "Abdul Rashid Karim",
              "runs": {
                "batter": 1,
                "extras": 0,
                "total": 1
              }
            },
            {
              "batter": "Abdul Rashid Karim",
              "bowler": "Baljit Singh",
              "non_striker": "Mamoon Latif",
              "runs": {
                "batter": 0,
                "extras": 0,
                "total": 0
              }
            }
          ]
        },
        {
          "over": 12,
          "deliveries": [
            {
              "batter": "Mamoon Latif",
              "bowler": "MJ Ross",
              "non_striker": "Abdul Rashid Karim",
              "runs": {
                "batter": 2,
                "extras": 0,
                "total": 2
              }
            },
            {
              "batter": "Mamoon Latif",
              "bowler": "MJ Ross",
              "non_striker": "Abdul Rashid Karim",
              "runs": {
                "batter": 0,
                "extras": 0,
                "total": 0
              }
            },
            {
              "batter": "Mamoon Latif",
              "bowler": "MJ Ross",
              "non_striker": "Abdul Rashid Karim",
              "runs": {
                "batter": 1,
                "extras": 0,
                "total": 1
              }
            },
            {
              "batter": "Abdul Rashid Karim",
              "bowler": "MJ Ross",
              "non_striker": "Mamoon Latif",
              "runs": {
                "batter": 1,
                "extras": 0,
                "total": 1
              }
            },
            {
              "batter": "Mamoon Latif",
              "bowler": "MJ Ross",
              "non_striker": "Abdul Rashid Karim",
              "runs": {
                "batter": 0,
                "extras": 0,
                "total": 0
              }
            },
            {
              "batter": "Mamoon Latif",
              "bowler": "MJ Ross",
              "non_striker": "Abdul Rashid Karim",
              "runs": {
                "batter": 0,
                "extras": 0,
                "total": 0
              }
            }
          ]
        },
        {
          "over": 13,
          "deliveries": [
            {
              "batter": "Abdul Rashid Karim",
              "bowler": "Baljit Singh",
              "non_striker": "Mamoon Latif",
              "runs": {
                "batter": 0,
                "extras": 0,
                "total": 0
              }
            },
            {
              "batter": "Abdul Rashid Karim",
              "bowler": "Baljit Singh",
              "non_striker": "Mamoon Latif",
              "runs": {
                "batter": 1,
                "extras": 0,
                "total": 1
              }
            },
            {
              "batter": "Mamoon Latif",
              "bowler": "Baljit Singh",
              "non_striker": "Abdul Rashid Karim",
              "runs": {
                "batter": 1,
                "extras": 0,
                "total": 1
              }
            },
            {
              "batter": "Abdul Rashid Karim",
              "bowler": "Baljit Singh",
              "non_striker": "Mamoon Latif",
              "runs": {
                "batter": 2,
                "extras": 0,
                "total": 2
              }
            },
            {
              "batter": "Abdul Rashid Karim",
              "bowler": "Baljit Singh",
              "non_striker": "Mamoon Latif",
              "runs": {
                "batter": 1,
                "extras": 0,
                "total": 1
              }
            },
            {
              "batter": "Mamoon Latif",
              "bowler": "Baljit Singh",
              "non_striker": "Abdul Rashid Karim",
              "runs": {
                "batter": 1,
                "extras": 0,
                "total": 1
              }
            }
          ]
        },
        {
          "over": 14,
          "deliveries": [
            {
              "batter": "Mamoon Latif",
              "bowler": "MJ Ross",
              "non_striker": "Abdul Rashid Karim",
              "runs": {
                "batter": 4,
                "extras": 0,
                "total": 4
              }
            },
            {
              "batter": "Mamoon Latif",
              "bowler": "MJ Ross",
              "non_striker": "Abdul Rashid Karim",
              "runs": {
                "batter": 1,
                "extras": 0,
                "total": 1
              }
            },
            {
              "batter": "Abdul Rashid Karim",
              "bowler": "MJ Ross",
              "non_striker": "Mamoon Latif",
              "runs": {
                "batter": 1,
                "extras": 0,
                "total": 1
              },
              "wickets": [
                {
                  "player_out": "Abdul Rashid Karim",
                  "kind": "run out"
                }
              ]
            },
            {
              "batter": "Sheraz Sheikh",
              "bowler": "MJ Ross",
              "non_striker": "Mamoon Latif",
              "runs": {
                "batter": 0,
                "extras": 0,
                "total": 0
              }
            },
            {
              "batter": "Sheraz Sheikh",
              "bowler": "MJ Ross",
              "non_striker": "Mamoon Latif",
              "runs": {
                "batter": 2,
                "extras": 0,
                "total": 2
              }
            },
            {
              "batter": "Sheraz Sheikh",
              "bowler": "MJ Ross",
              "non_striker": "Mamoon Latif",
              "runs": {
                "batter": 4,
                "extras": 0,
                "total": 4
              }
            }
          ]
        },
        {
          "over": 15,
          "deliveries": [
            {
              "batter": "Mamoon Latif",
              "bowler": "GRD Munasinghe",
              "non_striker": "Sheraz Sheikh",
              "runs": {
                "batter": 4,
                "extras": 0,
                "total": 4
              }
            },
            {
              "batter": "Mamoon Latif",
              "bowler": "GRD Munasinghe",
              "extras": {
                "legbyes": 1
              },
              "non_striker": "Sheraz Sheikh",
              "runs": {
                "batter": 0,
                "extras": 1,
                "total": 1
              }
            },
            {
              "batter": "Sheraz Sheikh",
              "bowler": "GRD Munasinghe",
              "non_striker": "Mamoon Latif",
              "runs": {
                "batter": 1,
                "extras": 0,
                "total": 1
              }
            },
            {
              "batter": "Mamoon Latif",
              "bowler": "GRD Munasinghe",
              "non_striker": "Sheraz Sheikh",
              "runs": {
                "batter": 4,
                "extras": 0,
                "total": 4
              }
            },
            {
              "batter": "Mamoon Latif",
              "bowler": "GRD Munasinghe",
              "non_striker": "Sheraz Sheikh",
              "runs": {
                "batter": 1,
                "extras": 0,
                "total": 1
              }
            },
            {
              "batter": "Sheraz Sheikh",
              "bowler": "GRD Munasinghe",
              "non_striker": "Mamoon Latif",
              "runs": {
                "batter": 1,
                "extras": 0,
                "total": 1
              }
            }
          ]
        },
        {
          "over": 16,
          "deliveries": [
            {
              "batter": "Sheraz Sheikh",
              "bowler": "MJ Ross",
              "non_striker": "Mamoon Latif",
              "runs": {
                "batter": 1,
                "extras": 0,
                "total": 1
              }
            },
            {
              "batter": "Mamoon Latif",
              "bowler": "MJ Ross",
              "non_striker": "Sheraz Sheikh",
              "runs": {
                "batter": 0,
                "extras": 0,
                "total": 0
              },
              "wickets": [
                {
                  "player_out": "Mamoon Latif",
                  "kind": "lbw"
                }
              ]
            },
            {
              "batter": "Saber Zakhil",
              "bowler": "MJ Ross",
              "non_striker": "Sheraz Sheikh",
              "runs": {
                "batter": 1,
                "extras": 0,
                "total": 1
              }
            },
            {
              "batter": "Sheraz Sheikh",
              "bowler": "MJ Ross",
              "non_striker": "Saber Zakhil",
              "runs": {
                "batter": 0,
                "extras": 0,
                "total": 0
              }
            },
            {
              "batter": "Sheraz Sheikh",
              "bowler": "MJ Ross",
              "non_striker": "Saber Zakhil",
              "runs": {
                "batter": 0,
                "extras": 0,
                "total": 0
              }
            },
            {
              "batter": "Sheraz Sheikh",
              "bowler": "MJ Ross",
              "non_striker": "Saber Zakhil",
              "runs": {
                "batter": 1,
                "extras": 0,
                "total": 1
              }
            }
          ]
        },
        {
          "over": 17,
          "deliveries": [
            {
              "batter": "Sheraz Sheikh",
              "bowler": "Rakibul Hasan",
              "non_striker": "Saber Zakhil",
              "runs": {
                "batter": 0,
                "extras": 0,
                "total": 0
              }
            },
            {
              "batter": "Sheraz Sheikh",
              "bowler": "Rakibul Hasan",
              "non_striker": "Saber Zakhil",
              "runs": {
                "batter": 1,
                "extras": 0,
                "total": 1
              }
            },
            {
              "batter": "Saber Zakhil",
              "bowler": "Rakibul Hasan",
              "non_striker": "Sheraz Sheikh",
              "runs": {
                "batter": 0,
                "extras": 0,
                "total": 0
              }
            },
            {
              "batter": "Saber Zakhil",
              "bowler": "Rakibul Hasan",
              "non_striker": "Sheraz Sheikh",
              "runs": {
                "batter": 0,
                "extras": 0,
                "total": 0
              }
            },
            {
              "batter": "Saber Zakhil",
              "bowler": "Rakibul Hasan",
              "non_striker": "Sheraz Sheikh",
              "runs": {
                "batter": 0,
                "extras": 0,
                "total": 0
              }
            },
            {
              "batter": "Saber Zakhil",
              "bowler": "Rakibul Hasan",
              "non_striker": "Sheraz Sheikh",
              "runs": {
                "batter": 6,
                "extras": 0,
                "total": 6
              }
            }
          ]
        },
        {
          "over": 18,
          "deliveries": [
            {
              "batter": "Sheraz Sheikh",
              "bowler": "Jaspreet Singh",
              "non_striker": "Saber Zakhil",
              "runs": {
                "batter": 1,
                "extras": 0,
                "total": 1
              }
            },
            {
              "batter": "Saber Zakhil",
              "bowler": "Jaspreet Singh",
              "extras": {
                "legbyes": 1
              },
              "non_striker": "Sheraz Sheikh",
              "runs": {
                "batter": 0,
                "extras": 1,
                "total": 1
              }
            },
            {
              "batter": "Sheraz Sheikh",
              "bowler": "Jaspreet Singh",
              "non_striker": "Saber Zakhil",
              "runs": {
                "batter": 0,
                "extras": 0,
                "total": 0
              }
            },
            {
              "batter": "Sheraz Sheikh",
              "bowler": "Jaspreet Singh",
              "non_striker": "Saber Zakhil",
              "runs": {
                "batter": 0,
                "extras": 0,
                "total": 0
              },
              "wickets": [
                {
                  "player_out": "Sheraz Sheikh",
                  "kind": "lbw"
                }
              ]
            },
            {
              "batter": "Ashiqullah Said",
              "bowler": "Jaspreet Singh",
              "non_striker": "Saber Zakhil",
              "runs": {
                "batter": 1,
                "extras": 0,
                "total": 1
              }
            },
            {
              "batter": "Saber Zakhil",
              "bowler": "Jaspreet Singh",
              "non_striker": "Ashiqullah Said",
              "runs": {
                "batter": 6,
                "extras": 0,
                "total": 6
              }
            }
          ]
        },
        {
          "over": 19,
          "deliveries": [
            {
              "batter": "Ashiqullah Said",
              "bowler": "GRD Munasinghe",
              "non_striker": "Saber Zakhil",
              "runs": {
                "batter": 6,
                "extras": 0,
                "total": 6
              }
            },
            {
              "batter": "Ashiqullah Said",
              "bowler": "GRD Munasinghe",
              "non_striker": "Saber Zakhil",
              "runs": {
                "batter": 1,
                "extras": 0,
                "total": 1
              }
            },
            {
              "batter": "Saber Zakhil",
              "bowler": "GRD Munasinghe",
              "non_striker": "Ashiqullah Said",
              "runs": {
                "batter": 2,
                "extras": 0,
                "total": 2
              },
              "wickets": [
                {
                  "player_out": "Saber Zakhil",
                  "kind": "run out"
                }
              ]
            },
            {
              "batter": "Ashiqullah Said",
              "bowler": "GRD Munasinghe",
              "extras": {
                "wides": 1
              },
              "non_striker": "Reyhan Faiz",
              "runs": {
                "batter": 0,
                "extras": 1,
                "total": 1
              }
            },
            {
              "batter": "Ashiqullah Said",
              "bowler": "GRD Munasinghe",
              "non_striker": "Reyhan Faiz",
              "runs": {
                "batter": 2,
                "extras": 0,
                "total": 2
              }
            },
            {
              "batter": "Ashiqullah Said",
              "bowler": "GRD Munasinghe",
              "non_striker": "Reyhan Faiz",
              "runs": {
                "batter": 1,
                "extras": 0,
                "total": 1
              }
            },
            {
              "batter": "Reyhan Faiz",
              "bowler": "GRD Munasinghe",
              "non_striker": "Ashiqullah Said",
              "runs": {
                "batter": 1,
                "extras": 0,
                "total": 1
              }
            }
          ]
        }
      ],
      "powerplays": [
        {
          "from": 0.1,
          "to": 5.7,
          "type": "mandatory"
        }
      ]
    },
    {
      "team": "Italy",
      "overs": [
        {
          "over": 0,
          "deliveries": [
            {
              "batter": "Rakibul Hasan",
              "bowler": "Reyhan Faiz",
              "extras": {
                "byes": 1
              },
              "non_striker": "Manpreet Singh",
              "runs": {
                "batter": 0,
                "extras": 1,
                "total": 1
              }
            },
            {
              "batter": "Manpreet Singh",
              "bowler": "Reyhan Faiz",
              "non_striker": "Rakibul Hasan",
              "runs": {
                "batter": 4,
                "extras": 0,
                "total": 4
              }
            },
            {
              "batter": "Manpreet Singh",
              "bowler": "Reyhan Faiz",
              "non_striker": "Rakibul Hasan",
              "runs": {
                "batter": 1,
                "extras": 0,
                "total": 1
              }
            },
            {
              "batter": "Rakibul Hasan",
              "bowler": "Reyhan Faiz",
              "non_striker": "Manpreet Singh",
              "runs": {
                "batter": 1,
                "extras": 0,
                "total": 1
              }
            },
            {
              "batter": "Manpreet Singh",
              "bowler": "Reyhan Faiz",
              "non_striker": "Rakibul Hasan",
              "runs": {
                "batter": 2,
                "extras": 0,
                "total": 2
              }
            },
            {
              "batter": "Manpreet Singh",
              "bowler": "Reyhan Faiz",
              "extras": {
                "wides": 1
              },
              "non_striker": "Rakibul Hasan",
              "runs": {
                "batter": 0,
                "extras": 1,
                "total": 1
              }
            },
            {
              "batter": "Manpreet Singh",
              "bowler": "Reyhan Faiz",
              "non_striker": "Rakibul Hasan",
              "runs": {
                "batter": 4,
                "extras": 0,
                "total": 4
              }
            }
          ]
        },
        {
          "over": 1,
          "deliveries": [
            {
              "batter": "Rakibul Hasan",
              "bowler": "Ashiqullah Said",
              "non_striker": "Manpreet Singh",
              "runs": {
                "batter": 0,
                "extras": 0,
                "total": 0
              }
            },
            {
              "batter": "Rakibul Hasan",
              "bowler": "Ashiqullah Said",
              "non_striker": "Manpreet Singh",
              "runs": {
                "batter": 2,
                "extras": 0,
                "total": 2
              }
            },
            {
              "batter": "Rakibul Hasan",
              "bowler": "Ashiqullah Said",
              "non_striker": "Manpreet Singh",
              "runs": {
                "batter": 0,
                "extras": 0,
                "total": 0
              }
            },
            {
              "batter": "Rakibul Hasan",
              "bowler": "Ashiqullah Said",
              "non_striker": "Manpreet Singh",
              "runs": {
                "batter": 0,
                "extras": 0,
                "total": 0
              }
            },
            {
              "batter": "Rakibul Hasan",
              "bowler": "Ashiqullah Said",
              "non_striker": "Manpreet Singh",
              "runs": {
                "batter": 4,
                "extras": 0,
                "total": 4
              }
            },
            {
              "batter": "Rakibul Hasan",
              "bowler": "Ashiqullah Said",
              "non_striker": "Manpreet Singh",
              "runs": {
                "batter": 0,
                "extras": 0,
                "total": 0
              }
            }
          ]
        },
        {
          "over": 2,
          "deliveries": [
            {
              "batter": "Manpreet Singh",
              "bowler": "F Khaliq",
              "non_striker": "Rakibul Hasan",
              "runs": {
                "batter": 0,
                "extras": 0,
                "total": 0
              }
            },
            {
              "batter": "Manpreet Singh",
              "bowler": "F Khaliq",
              "non_striker": "Rakibul Hasan",
              "runs": {
                "batter": 1,
                "extras": 0,
                "total": 1
              }
            },
            {
              "batter": "Rakibul Hasan",
              "bowler": "F Khaliq",
              "non_striker": "Manpreet Singh",
              "runs": {
                "batter": 1,
                "extras": 0,
                "total": 1
              }
            },
            {
              "batter": "Manpreet Singh",
              "bowler": "F Khaliq",
              "non_striker": "Rakibul Hasan",
              "runs": {
                "batter": 1,
                "extras": 0,
                "total": 1
              }
            },
            {
              "batter": "Rakibul Hasan",
              "bowler": "F Khaliq",
              "non_striker": "Manpreet Singh",
              "runs": {
                "batter": 0,
                "extras": 0,
                "total": 0
              }
            },
            {
              "batter": "Rakibul Hasan",
              "bowler": "F Khaliq",
              "non_striker": "Manpreet Singh",
              "runs": {
                "batter": 1,
                "extras": 0,
                "total": 1
              }
            }
          ]
        },
        {
          "over": 3,
          "deliveries": [
            {
              "batter": "Rakibul Hasan",
              "bowler": "Ashiqullah Said",
              "non_striker": "Manpreet Singh",
              "runs": {
                "batter": 1,
                "extras": 0,
                "total": 1
              }
            },
            {
              "batter": "Manpreet Singh",
              "bowler": "Ashiqullah Said",
              "non_striker": "Rakibul Hasan",
              "runs": {
                "batter": 0,
                "extras": 0,
                "total": 0
              }
            },
            {
              "batter": "Manpreet Singh",
              "bowler": "Ashiqullah Said",
              "non_striker": "Rakibul Hasan",
              "runs": {
                "batter": 1,
                "extras": 0,
                "total": 1
              }
            },
            {
              "batter": "Rakibul Hasan",
              "bowler": "Ashiqullah Said",
              "non_striker": "Manpreet Singh",
              "runs": {
                "batter": 4,
                "extras": 0,
                "total": 4
              }
            },
            {
              "batter": "Rakibul Hasan",
              "bowler": "Ashiqullah Said",
              "non_striker": "Manpreet Singh",
              "runs": {
                "batter": 0,
                "extras": 0,
                "total": 0
              }
            },
            {
              "batter": "Rakibul Hasan",
              "bowler": "Ashiqullah Said",
              "non_striker": "Manpreet Singh",
              "runs": {
                "batter": 0,
                "extras": 0,
                "total": 0
              }
            }
          ]
        },
        {
          "over": 4,
          "deliveries": [
            {
              "batter": "Manpreet Singh",
              "bowler": "F Khaliq",
              "non_striker": "Rakibul Hasan",
              "runs": {
                "batter": 0,
                "extras": 0,
                "total": 0
              }
            },
            {
              "batter": "Manpreet Singh",
              "bowler": "F Khaliq",
              "extras": {
                "legbyes": 1
              },
              "non_striker": "Rakibul Hasan",
              "runs": {
                "batter": 0,
                "extras": 1,
                "total": 1
              }
            },
            {
              "batter": "Rakibul Hasan",
              "bowler": "F Khaliq",
              "non_striker": "Manpreet Singh",
              "runs": {
                "batter": 1,
                "extras": 0,
                "total": 1
              }
            },
            {
              "batter": "Manpreet Singh",
              "bowler": "F Khaliq",
              "non_striker": "Rakibul Hasan",
              "runs": {
                "batter": 0,
                "extras": 0,
                "total": 0
              }
            },
            {
              "batter": "Manpreet Singh",
              "bowler": "F Khaliq",
              "extras": {
                "legbyes": 1
              },
              "non_striker": "Rakibul Hasan",
              "runs": {
                "batter": 0,
                "extras": 1,
                "total": 1
              }
            },
            {
              "batter": "Rakibul Hasan",
              "bowler": "F Khaliq",
              "extras": {
                "legbyes": 1
              },
              "non_striker": "Manpreet Singh",
              "runs": {
                "batter": 0,
                "extras": 1,
                "total": 1
              }
            }
          ]
        },
        {
          "over": 5,
          "deliveries": [
            {
              "batter": "Rakibul Hasan",
              "bowler": "Ashiqullah Said",
              "non_striker": "Manpreet Singh",
              "runs": {
                "batter": 0,
                "extras": 0,
                "total": 0
              }
            },
            {
              "batter": "Rakibul Hasan",
              "bowler": "Ashiqullah Said",
              "non_striker": "Manpreet Singh",
              "runs": {
                "batter": 1,
                "extras": 0,
                "total": 1
              }
            },
            {
              "batter": "Manpreet Singh",
              "bowler": "Ashiqullah Said",
              "non_striker": "Rakibul Hasan",
              "runs": {
                "batter": 0,
                "extras": 0,
                "total": 0
              }
            },
            {
              "batter": "Manpreet Singh",
              "bowler": "Ashiqullah Said",
              "non_striker": "Rakibul Hasan",
              "runs": {
                "batter": 0,
                "extras": 0,
                "total": 0
              }
            },
            {
              "batter": "Manpreet Singh",
              "bowler": "Ashiqullah Said",
              "extras": {
                "wides": 1
              },
              "non_striker": "Rakibul Hasan",
              "runs": {
                "batter": 0,
                "extras": 1,
                "total": 1
              }
            },
            {
              "batter": "Manpreet Singh",
              "bowler": "Ashiqullah Said",
              "extras": {
                "byes": 1,
                "noballs": 1
              },
              "non_striker": "Rakibul Hasan",
              "runs": {
                "batter": 0,
                "extras": 2,
                "total": 2
              }
            },
            {
              "batter": "Rakibul Hasan",
              "bowler": "Ashiqullah Said",
              "non_striker": "Manpreet Singh",
              "runs": {
                "batter": 1,
                "extras": 0,
                "total": 1
              },
              "wickets": [
                {
                  "player_out": "Rakibul Hasan",
                  "kind": "run out"
                }
              ]
            },
            {
              "batter": "Manpreet Singh",
              "bowler": "Ashiqullah Said",
              "non_striker": "NA Maiolo",
              "runs": {
                "batter": 0,
                "extras": 0,
                "total": 0
              }
            }
          ]
        },
        {
          "over": 6,
          "deliveries": [
            {
              "batter": "NA Maiolo",
              "bowler": "F Khaliq",
              "non_striker": "Manpreet Singh",
              "runs": {
                "batter": 0,
                "extras": 0,
                "total": 0
              }
            },
            {
              "batter": "NA Maiolo",
              "bowler": "F Khaliq",
              "non_striker": "Manpreet Singh",
              "runs": {
                "batter": 0,
                "extras": 0,
                "total": 0
              }
            },
            {
              "batter": "NA Maiolo",
              "bowler": "F Khaliq",
              "non_striker": "Manpreet Singh",
              "runs": {
                "batter": 2,
                "extras": 0,
                "total": 2
              }
            },
            {
              "batter": "NA Maiolo",
              "bowler": "F Khaliq",
              "non_striker": "Manpreet Singh",
              "runs": {
                "batter": 1,
                "extras": 0,
                "total": 1
              }
            },
            {
              "batter": "Manpreet Singh",
              "bowler": "F Khaliq",
              "non_striker": "NA Maiolo",
              "runs": {
                "batter": 0,
                "extras": 0,
                "total": 0
              },
              "wickets": [
                {
                  "player_out": "Manpreet Singh",
                  "kind": "lbw"
                }
              ]
            },
            {
              "batter": "Fida Hussain",
              "bowler": "F Khaliq",
              "non_striker": "NA Maiolo",
              "runs": {
                "batter": 0,
                "extras": 0,
                "total": 0
              }
            }
          ]
        },
        {
          "over": 7,
          "deliveries": [
            {
              "batter": "NA Maiolo",
              "bowler": "Ashiqullah Said",
              "non_striker": "Fida Hussain",
              "runs": {
                "batter": 1,
                "extras": 0,
                "total": 1
              }
            },
            {
              "batter": "Fida Hussain",
              "bowler": "Ashiqullah Said",
              "non_striker": "NA Maiolo",
              "runs": {
                "batter": 1,
                "extras": 0,
                "total": 1
              }
            },
            {
              "batter": "NA Maiolo",
              "bowler": "Ashiqullah Said",
              "non_striker": "Fida Hussain",
              "runs": {
                "batter": 1,
                "extras": 0,
                "total": 1
              }
            },
            {
              "batter": "Fida Hussain",
              "bowler": "Ashiqullah Said",
              "non_striker": "NA Maiolo",
              "runs": {
                "batter": 1,
                "extras": 0,
                "total": 1
              }
            },
            {
              "batter": "NA Maiolo",
              "bowler": "Ashiqullah Said",
              "non_striker": "Fida Hussain",
              "runs": {
                "batter": 1,
                "extras": 0,
                "total": 1
              }
            },
            {
              "batter": "Fida Hussain",
              "bowler": "Ashiqullah Said",
              "extras": {
                "noballs": 1
              },
              "non_striker": "NA Maiolo",
              "runs": {
                "batter": 1,
                "extras": 1,
                "total": 2
              }
            },
            {
              "batter": "NA Maiolo",
              "bowler": "Ashiqullah Said",
              "non_striker": "Fida Hussain",
              "runs": {
                "batter": 6,
                "extras": 0,
                "total": 6
              }
            }
          ]
        },
        {
          "over": 8,
          "deliveries": [
            {
              "batter": "Fida Hussain",
              "bowler": "Aziz Mohammad",
              "non_striker": "NA Maiolo",
              "runs": {
                "batter": 0,
                "extras": 0,
                "total": 0
              }
            },
            {
              "batter": "Fida Hussain",
              "bowler": "Aziz Mohammad",
              "non_striker": "NA Maiolo",
              "runs": {
                "batter": 1,
                "extras": 0,
                "total": 1
              }
            },
            {
              "batter": "NA Maiolo",
              "bowler": "Aziz Mohammad",
              "non_striker": "Fida Hussain",
              "runs": {
                "batter": 0,
                "extras": 0,
                "total": 0
              }
            },
            {
              "batter": "NA Maiolo",
              "bowler": "Aziz Mohammad",
              "non_striker": "Fida Hussain",
              "runs": {
                "batter": 0,
                "extras": 0,
                "total": 0
              }
            },
            {
              "batter": "NA Maiolo",
              "bowler": "Aziz Mohammad",
              "non_striker": "Fida Hussain",
              "runs": {
                "batter": 1,
                "extras": 0,
                "total": 1
              }
            },
            {
              "batter": "Fida Hussain",
              "bowler": "Aziz Mohammad",
              "non_striker": "NA Maiolo",
              "runs": {
                "batter": 1,
                "extras": 0,
                "total": 1
              }
            }
          ]
        },
        {
          "over": 9,
          "deliveries": [
            {
              "batter": "Fida Hussain",
              "bowler": "Saber Zakhil",
              "non_striker": "NA Maiolo",
              "runs": {
                "batter": 0,
                "extras": 0,
                "total": 0
              }
            },
            {
              "batter": "Fida Hussain",
              "bowler": "Saber Zakhil",
              "non_striker": "NA Maiolo",
              "runs": {
                "batter": 2,
                "extras": 0,
                "total": 2
              }
            },
            {
              "batter": "Fida Hussain",
              "bowler": "Saber Zakhil",
              "non_striker": "NA Maiolo",
              "runs": {
                "batter": 0,
                "extras": 0,
                "total": 0
              }
            },
            {
              "batter": "Fida Hussain",
              "bowler": "Saber Zakhil",
              "non_striker": "NA Maiolo",
              "runs": {
                "batter": 1,
                "extras": 0,
                "total": 1
              }
            },
            {
              "batter": "NA Maiolo",
              "bowler": "Saber Zakhil",
              "non_striker": "Fida Hussain",
              "runs": {
                "batter": 4,
                "extras": 0,
                "total": 4
              }
            },
            {
              "batter": "NA Maiolo",
              "bowler": "Saber Zakhil",
              "non_striker": "Fida Hussain",
              "runs": {
                "batter": 0,
                "extras": 0,
                "total": 0
              }
            }
          ]
        },
        {
          "over": 10,
          "deliveries": [
            {
              "batter": "Fida Hussain",
              "bowler": "Aziz Mohammad",
              "non_striker": "NA Maiolo",
              "runs": {
                "batter": 0,
                "extras": 0,
                "total": 0
              }
            },
            {
              "batter": "Fida Hussain",
              "bowler": "Aziz Mohammad",
              "non_striker": "NA Maiolo",
              "runs": {
                "batter": 1,
                "extras": 0,
                "total": 1
              }
            },
            {
              "batter": "NA Maiolo",
              "bowler": "Aziz Mohammad",
              "non_striker": "Fida Hussain",
              "runs": {
                "batter": 0,
                "extras": 0,
                "total": 0
              }
            },
            {
              "batter": "NA Maiolo",
              "bowler": "Aziz Mohammad",
              "non_striker": "Fida Hussain",
              "runs": {
                "batter": 1,
                "extras": 0,
                "total": 1
              }
            },
            {
              "batter": "NA Maiolo",
              "bowler": "Aziz Mohammad",
              "non_striker": "Fida Hussain",
              "runs": {
                "batter": 2,
                "extras": 0,
                "total": 2
              }
            },
            {
              "batter": "NA Maiolo",
              "bowler": "Aziz Mohammad",
              "non_striker": "Fida Hussain",
              "runs": {
                "batter": 0,
                "extras": 0,
                "total": 0
              }
            }
          ]
        },
        {
          "over": 11,
          "deliveries": [
            {
              "batter": "Fida Hussain",
              "bowler": "Saber Zakhil",
              "non_striker": "NA Maiolo",
              "runs": {
                "batter": 2,
                "extras": 0,
                "total": 2
              }
            },
            {
              "batter": "Fida Hussain",
              "bowler": "Saber Zakhil",
              "non_striker": "NA Maiolo",
              "runs": {
                "batter": 1,
                "extras": 0,
                "total": 1
              }
            },
            {
              "batter": "NA Maiolo",
              "bowler": "Saber Zakhil",
              "non_striker": "Fida Hussain",
              "runs": {
                "batter": 1,
                "extras": 0,
                "total": 1
              }
            },
            {
              "batter": "Fida Hussain",
              "bowler": "Saber Zakhil",
              "non_striker": "NA Maiolo",
              "runs": {
                "batter": 2,
                "extras": 0,
                "total": 2
              }
            },
            {
              "batter": "Fida Hussain",
              "bowler": "Saber Zakhil",
              "extras": {
                "wides": 1
              },
              "non_striker": "NA Maiolo",
              "runs": {
                "batter": 0,
                "extras": 1,
                "total": 1
              }
            },
            {
              "batter": "Fida Hussain",
              "bowler": "Saber Zakhil",
              "non_striker": "NA Maiolo",
              "runs": {
                "batter": 1,
                "extras": 0,
                "total": 1
              }
            },
            {
              "batter": "NA Maiolo",
              "bowler": "Saber Zakhil",
              "non_striker": "Fida Hussain",
              "runs": {
                "batter": 1,
                "extras": 0,
                "total": 1
              }
            }
          ]
        },
        {
          "over": 12,
          "deliveries": [
            {
              "batter": "NA Maiolo",
              "bowler": "Sheraz Sheikh",
              "non_striker": "Fida Hussain",
              "runs": {
                "batter": 0,
                "extras": 0,
                "total": 0
              }
            },
            {
              "batter": "NA Maiolo",
              "bowler": "Sheraz Sheikh",
              "non_striker": "Fida Hussain",
              "runs": {
                "batter": 4,
                "extras": 0,
                "total": 4
              }
            },
            {
              "batter": "NA Maiolo",
              "bowler": "Sheraz Sheikh",
              "non_striker": "Fida Hussain",
              "runs": {
                "batter": 0,
                "extras": 0,
                "total": 0
              }
            },
            {
              "batter": "NA Maiolo",
              "bowler": "Sheraz Sheikh",
              "non_striker": "Fida Hussain",
              "runs": {
                "batter": 0,
                "extras": 0,
                "total": 0
              }
            },
            {
              "batter": "NA Maiolo",
              "bowler": "Sheraz Sheikh",
              "non_striker": "Fida Hussain",
              "runs": {
                "batter": 4,
                "extras": 0,
                "total": 4
              }
            },
            {
              "batter": "NA Maiolo",
              "bowler": "Sheraz Sheikh",
              "non_striker": "Fida Hussain",
              "runs": {
                "batter": 2,
                "extras": 0,
                "total": 2
              }
            }
          ]
        },
        {
          "over": 13,
          "deliveries": [
            {
              "batter": "Fida Hussain",
              "bowler": "Saber Zakhil",
              "non_striker": "NA Maiolo",
              "runs": {
                "batter": 2,
                "extras": 0,
                "total": 2
              }
            },
            {
              "batter": "Fida Hussain",
              "bowler": "Saber Zakhil",
              "non_striker": "NA Maiolo",
              "runs": {
                "batter": 0,
                "extras": 0,
                "total": 0
              }
            },
            {
              "batter": "Fida Hussain",
              "bowler": "Saber Zakhil",
              "non_striker": "NA Maiolo",
              "runs": {
                "batter": 1,
                "extras": 0,
                "total": 1
              }
            },
            {
              "batter": "NA Maiolo",
              "bowler": "Saber Zakhil",
              "non_striker": "Fida Hussain",
              "runs": {
                "batter": 1,
                "extras": 0,
                "total": 1
              }
            },
            {
              "batter": "Fida Hussain",
              "bowler": "Saber Zakhil",
              "non_striker": "NA Maiolo",
              "runs": {
                "batter": 1,
                "extras": 0,
                "total": 1
              }
            },
            {
              "batter": "NA Maiolo",
              "bowler": "Saber Zakhil",
              "non_striker": "Fida Hussain",
              "runs": {
                "batter": 0,
                "extras": 0,
                "total": 0
              }
            }
          ]
        },
        {
          "over": 14,
          "deliveries": [
            {
              "batter": "Fida Hussain",
              "bowler": "Reyhan Faiz",
              "non_striker": "NA Maiolo",
              "runs": {
                "batter": 2,
                "extras": 0,
                "total": 2
              }
            },
            {
              "batter": "Fida Hussain",
              "bowler": "Reyhan Faiz",
              "non_striker": "NA Maiolo",
              "runs": {
                "batter": 0,
                "extras": 0,
                "total": 0
              },
              "wickets": [
                {
                  "player_out": "Fida Hussain",
                  "fielders": [
                    {
                      "name": "Abdul Rashid Karim"
                    }
                  ],
                  "kind": "caught"
                }
              ]
            },
            {
              "batter": "NA Maiolo",
              "bowler": "Reyhan Faiz",
              "non_striker": "Jaspreet Singh",
              "runs": {
                "batter": 1,
                "extras": 0,
                "total": 1
              }
            },
            {
              "batter": "Jaspreet Singh",
              "bowler": "Reyhan Faiz",
              "non_striker": "NA Maiolo",
              "runs": {
                "batter": 1,
                "extras": 0,
                "total": 1
              }
            },
            {
              "batter": "NA Maiolo",
              "bowler": "Reyhan Faiz",
              "non_striker": "Jaspreet Singh",
              "runs": {
                "batter": 1,
                "extras": 0,
                "total": 1
              }
            },
            {
              "batter": "Jaspreet Singh",
              "bowler": "Reyhan Faiz",
              "non_striker": "NA Maiolo",
              "runs": {
                "batter": 1,
                "extras": 0,
                "total": 1
              }
            }
          ]
        },
        {
          "over": 15,
          "deliveries": [
            {
              "batter": "Jaspreet Singh",
              "bowler": "Saber Zakhil",
              "non_striker": "NA Maiolo",
              "runs": {
                "batter": 1,
                "extras": 0,
                "total": 1
              }
            },
            {
              "batter": "NA Maiolo",
              "bowler": "Saber Zakhil",
              "non_striker": "Jaspreet Singh",
              "runs": {
                "batter": 1,
                "extras": 0,
                "total": 1
              }
            },
            {
              "batter": "Jaspreet Singh",
              "bowler": "Saber Zakhil",
              "non_striker": "NA Maiolo",
              "runs": {
                "batter": 4,
                "extras": 0,
                "total": 4
              }
            },
            {
              "batter": "Jaspreet Singh",
              "bowler": "Saber Zakhil",
              "non_striker": "NA Maiolo",
              "runs": {
                "batter": 3,
                "extras": 0,
                "total": 3
              }
            },
            {
              "batter": "NA Maiolo",
              "bowler": "Saber Zakhil",
              "non_striker": "Jaspreet Singh",
              "runs": {
                "batter": 0,
                "extras": 0,
                "total": 0
              }
            },
            {
              "batter": "NA Maiolo",
              "bowler": "Saber Zakhil",
              "extras": {
                "legbyes": 2
              },
              "non_striker": "Jaspreet Singh",
              "runs": {
                "batter": 0,
                "extras": 2,
                "total": 2
              }
            }
          ]
        },
        {
          "over": 16,
          "deliveries": [
            {
              "batter": "Jaspreet Singh",
              "bowler": "Reyhan Faiz",
              "non_striker": "NA Maiolo",
              "runs": {
                "batter": 0,
                "extras": 0,
                "total": 0
              },
              "wickets": [
                {
                  "player_out": "Jaspreet Singh",
                  "fielders": [
                    {
                      "name": "A Raza"
                    }
                  ],
                  "kind": "stumped"
                }
              ]
            },
            {
              "batter": "MJ Ross",
              "bowler": "Reyhan Faiz",
              "non_striker": "NA Maiolo",
              "runs": {
                "batter": 1,
                "extras": 0,
                "total": 1
              }
            },
            {
              "batter": "NA Maiolo",
              "bowler": "Reyhan Faiz",
              "non_striker": "MJ Ross",
              "runs": {
                "batter": 2,
                "extras": 0,
                "total": 2
              }
            },
            {
              "batter": "NA Maiolo",
              "bowler": "Reyhan Faiz",
              "non_striker": "MJ Ross",
              "runs": {
                "batter": 1,
                "extras": 0,
                "total": 1
              }
            },
            {
              "batter": "MJ Ross",
              "bowler": "Reyhan Faiz",
              "non_striker": "NA Maiolo",
              "runs": {
                "batter": 4,
                "extras": 0,
                "total": 4
              }
            },
            {
              "batter": "MJ Ross",
              "bowler": "Reyhan Faiz",
              "non_striker": "NA Maiolo",
              "runs": {
                "batter": 6,
                "extras": 0,
                "total": 6
              }
            }
          ]
        },
        {
          "over": 17,
          "deliveries": [
            {
              "batter": "NA Maiolo",
              "bowler": "Aziz Mohammad",
              "non_striker": "MJ Ross",
              "runs": {
                "batter": 0,
                "extras": 0,
                "total": 0
              }
            },
            {
              "batter": "NA Maiolo",
              "bowler": "Aziz Mohammad",
              "non_striker": "MJ Ross",
              "runs": {
                "batter": 4,
                "extras": 0,
                "total": 4
              }
            },
            {
              "batter": "NA Maiolo",
              "bowler": "Aziz Mohammad",
              "non_striker": "MJ Ross",
              "runs": {
                "batter": 4,
                "extras": 0,
                "total": 4
              }
            },
            {
              "batter": "NA Maiolo",
              "bowler": "Aziz Mohammad",
              "non_striker": "MJ Ross",
              "runs": {
                "batter": 2,
                "extras": 0,
                "total": 2
              }
            },
            {
              "batter": "NA Maiolo",
              "bowler": "Aziz Mohammad",
              "non_striker": "MJ Ross",
              "runs": {
                "batter": 2,
                "extras": 0,
                "total": 2
              }
            },
            {
              "batter": "NA Maiolo",
              "bowler": "Aziz Mohammad",
              "extras": {
                "noballs": 1
              },
              "non_striker": "MJ Ross",
              "runs": {
                "batter": 2,
                "extras": 1,
                "total": 3
              }
            },
            {
              "batter": "NA Maiolo",
              "bowler": "Aziz Mohammad",
              "non_striker": "MJ Ross",
              "runs": {
                "batter": 0,
                "extras": 0,
                "total": 0
              }
            }
          ]
        },
        {
          "over": 18,
          "deliveries": [
            {
              "batter": "MJ Ross",
              "bowler": "F Khaliq",
              "non_striker": "NA Maiolo",
              "runs": {
                "batter": 1,
                "extras": 0,
                "total": 1
              }
            },
            {
              "batter": "NA Maiolo",
              "bowler": "F Khaliq",
              "non_striker": "MJ Ross",
              "runs": {
                "batter": 4,
                "extras": 0,
                "total": 4
              }
            }
          ]
        }
      ],
      "powerplays": [
        {
          "from": 0.1,
          "to": 5.8,
          "type": "mandatory"
        }
      ],
      "target": {
        "overs": 20,
        "runs": 142
      }
    }
  ]
}