{
  "meta": {
    "data_version": "1.0.0",
    "created": "2020-09-11",
    "revision": 1
  },
  "info": {
    "balls_per_over": 6,
    "city": "The Hague",
    "dates": [
      "2018-09-01"
    ],
    "event": {
      "name": "ICC World Twenty20 Europe Region Qualifier C",
      "match_number": 11
    },
    "gender": "male",
    "match_type": "IT20",
    "missing": [
      "player_of_match"
    ],
    "officials": {
      "reserve_umpires": [
        "MV Waldron"
      ],
      "umpires": [
        "HE Kearns",
        "Rizwan Akram"
      ]
    },
    "outcome": {
      "winner": "Norway",
      "by": {
        "wickets": 5
      }
    },
    "overs": 20,
    "players": {
      "Guernsey": [
        "LJ Barker",
        "MWR Stokes",
        "J Butler",
        "T Nightingale",
        "LB Ferbrache",
        "LC Le Tissier",
        "IDA Damarell",
        "ACF Stokes",
        "DR Hooper",
        "W Peatfield",
        "MLA Ellis"
      ],
      "Norway": [
        "Raza Iqbal",
        "E Ul Haq",
        "M Shahbaz Butt",
        "S Iftikhar",
        "Faizan Mumtaz",
        "Ansar Iqbal",
        "P Bhart",
        "Junaid Sheikh",
        "Hayatullah Niazi",
        "Abdullah Sheikh",
        "S Waqas Ahmed"
      ]
    },
    "registry": {
      "people": {
        "ACF Stokes": "7f74b21d",
        "Abdullah Sheikh": "336a85f6",
        "Ansar Iqbal": "9a08a863",
        "DR Hooper": "0ac067e8",
        "E Ul Haq": "3559290a",
        "Faizan Mumtaz": "6d440f4b",
        "HE Kearns": "fd4959c8",
        "Hayatullah Niazi": "877ad201",
        "IDA Damarell": "580ae7f2",
        "J Butler": "efcb778e",
        "Junaid Sheikh": "c01852c6",
        "LB Ferbrache": "0f72f582",
        "LC Le Tissier": "c471750e",
        "LJ Barker": "da1f80f8",
        "M Shahbaz Butt": "5ef3c310",
        "MLA Ellis": "3ef46a49",
        "MV Waldron": "2e4f11e9",
        "MWR Stokes": "c573d173",
        "P Bhart": "0daf3ffc",
        "Raza Iqbal": "eee46f77",
        "Rizwan Akram": "b5346f1e",
        "S Iftikhar": "9fb1d2e1",
        "S Waqas Ahmed": "fb27d38c",
        "T Nightingale": "51a125b3",
        "W Peatfield": "609d6c7c"
      }
    },
    "season": "2018",
    "team_type": "international",
    "teams": [
      "Guernsey",
      "Norway"
    ],
    "toss": {
      "decision": "bat",
      "winner": "Guernsey"
    },
    "venue": "Sportpark Westvliet"
  },
  "innings": [
    {
      "team": "Guernsey",
      "overs": [
        {
          "over": 0,
          "deliveries": [
            {
              "batter": "LJ Barker",
              "bowler": "Junaid Sheikh",
              "non_striker": "MWR Stokes",
              "runs": {
                "batter": 0,
                "extras": 0,
                "total": 0
              }
            },
            {
              "batter": "LJ Barker",
              "bowler": "Junaid Sheikh",
              "non_striker": "MWR Stokes",
              "runs": {
                "batter": 1,
                "extras": 0,
                "total": 1
              }
            },
            {
              "batter": "MWR Stokes",
              "bowler": "Junaid Sheikh",
              "non_striker": "LJ Barker",
              "runs": {
                "batter": 2,
                "extras": 0,
                "total": 2
              }
            },
            {
              "batter": "MWR Stokes",
              "bowler": "Junaid Sheikh",
              "non_striker": "LJ Barker",
              "runs": {
                "batter": 2,
                "extras": 0,
                "total": 2
              }
            },
            {
              "batter": "MWR Stokes",
              "bowler": "Junaid Sheikh",
              "non_striker": "LJ Barker",
              "runs": {
                "batter": 0,
                "extras": 0,
                "total": 0
              }
            },
            {
              "batter": "MWR Stokes",
              "bowler": "Junaid Sheikh",
              "non_striker": "LJ Barker",
              "runs": {
                "batter": 0,
                "extras": 0,
                "total": 0
              }
            }
          ]
        },
        {
          "over": 1,
          "deliveries": [
            {
              "batter": "LJ Barker",
              "bowler": "Hayatullah Niazi",
              "non_striker": "MWR Stokes",
              "runs": {
                "batter": 0,
                "extras": 0,
                "total": 0
              }
            },
            {
              "batter": "LJ Barker",
              "bowler": "Hayatullah Niazi",
              "non_striker": "MWR Stokes",
              "runs": {
                "batter": 0,
                "extras": 0,
                "total": 0
              }
            },
            {
              "batter": "LJ Barker",
              "bowler": "Hayatullah Niazi",
              "non_striker": "MWR Stokes",
              "runs": {
                "batter": 0,
                "extras": 0,
                "total": 0
              }
            },
            {
              "batter": "LJ Barker",
              "bowler": "Hayatullah Niazi",
              "non_striker": "MWR Stokes",
              "runs": {
                "batter": 0,
                "extras": 0,
                "total": 0
              }
            },
            {
              "batter": "LJ Barker",
              "bowler": "Hayatullah Niazi",
              "non_striker": "MWR Stokes",
              "runs": {
                "batter": 4,
                "extras": 0,
                "total": 4
              }
            },
            {
              "batter": "LJ Barker",
              "bowler": "Hayatullah Niazi",
              "non_striker": "MWR Stokes",
              "runs": {
                "batter": 1,
                "extras": 0,
                "total": 1
              }
            }
          ]
        },
        {
          "over": 2,
          "deliveries": [
            {
              "batter": "LJ Barker",
              "bowler": "Junaid Sheikh",
              "non_striker": "MWR Stokes",
              "runs": {
                "batter": 1,
                "extras": 0,
                "total": 1
              }
            },
            {
              "batter": "MWR Stokes",
              "bowler": "Junaid Sheikh",
              "non_striker": "LJ Barker",
              "runs": {
                "batter": 0,
                "extras": 0,
                "total": 0
              },
              "wickets": [
                {
                  "player_out": "MWR Stokes",
                  "fielders": [
                    {
                      "name": "Raza Iqbal"
                    }
                  ],
                  "kind": "caught"
                }
              ]
            },
            {
              "batter": "J Butler",
              "bowler": "Junaid Sheikh",
              "non_striker": "LJ Barker",
              "runs": {
                "batter": 0,
                "extras": 0,
                "total": 0
              }
            },
            {
              "batter": "J Butler",
              "bowler": "Junaid Sheikh",
              "non_striker": "LJ Barker",
              "runs": {
                "batter": 0,
                "extras": 0,
                "total": 0
              }
            },
            {
              "batter": "J Butler",
              "bowler": "Junaid Sheikh",
              "non_striker": "LJ Barker",
              "runs": {
                "batter": 1,
                "extras": 0,
                "total": 1
              }
            },
            {
              "batter": "LJ Barker",
              "bowler": "Junaid Sheikh",
              "non_striker": "J Butler",
              "runs": {
                "batter": 0,
                "extras": 0,
                "total": 0
              }
            }
          ]
        },
        {
          "over": 3,
          "deliveries": [
            {
              "batter": "J Butler",
              "bowler": "Hayatullah Niazi",
              "non_striker": "LJ Barker",
              "runs": {
                "batter": 2,
                "extras": 0,
                "total": 2
              }
            },
            {
              "batter": "J Butler",
              "bowler": "Hayatullah Niazi",
              "extras": {
                "wides": 1
              },
              "non_striker": "LJ Barker",
              "runs": {
                "batter": 0,
                "extras": 1,
                "total": 1
              }
            },
            {
              "batter": "J Butler",
              "bowler": "Hayatullah Niazi",
              "non_striker": "LJ Barker",
              "runs": {
                "batter": 0,
                "extras": 0,
                "total": 0
              }
            },
            {
              "batter": "J Butler",
              "bowler": "Hayatullah Niazi",
              "non_striker": "LJ Barker",
              "runs": {
                "batter": 1,
                "extras": 0,
                "total": 1
              }
            },
            {
              "batter": "LJ Barker",
              "bowler": "Hayatullah Niazi",
              "extras": {
                "wides": 1
              },
              "non_striker": "J Butler",
              "runs": {
                "batter": 0,
                "extras": 1,
                "total": 1
              }
            },
            {
              "batter": "LJ Barker",
              "bowler": "Hayatullah Niazi",
              "extras": {
                "legbyes": 1
              },
              "non_striker": "J Butler",
              "runs": {
                "batter": 0,
                "extras": 1,
                "total": 1
              }
            },
            {
              "batter": "J Butler",
              "bowler": "Hayatullah Niazi",
              "non_striker": "LJ Barker",
              "runs": {
                "batter": 0,
                "extras": 0,
                "total": 0
              }
            },
            {
              "batter": "J Butler",
              "bowler": "Hayatullah Niazi",
              "non_striker": "LJ Barker",
              "runs": {
                "batter": 2,
                "extras": 0,
                "total": 2
              }
            }
          ]
        },
        {
          "over": 4,
          "deliveries": [
            {
              "batter": "LJ Barker",
              "bowler": "Junaid Sheikh",
              "non_striker": "J Butler",
              "runs": {
                "batter": 0,
                "extras": 0,
                "total": 0
              }
            },
            {
              "batter": "LJ Barker",
              "bowler": "Junaid Sheikh",
              "non_striker": "J Butler",
              "runs": {
                "batter": 1,
                "extras": 0,
                "total": 1
              }
            },
            {
              "batter": "J Butler",
              "bowler": "Junaid Sheikh",
              "non_striker": "LJ Barker",
              "runs": {
                "batter": 0,
                "extras": 0,
                "total": 0
              }
            },
            {
              "batter": "J Butler",
              "bowler": "Junaid Sheikh",
              "non_striker": "LJ Barker",
              "runs": {
                "batter": 0,
                "extras": 0,
                "total": 0
              }
            },
            {
              "batter": "J Butler",
              "bowler": "Junaid Sheikh",
              "non_striker": "LJ Barker",
              "runs": {
                "batter": 0,
                "extras": 0,
                "total": 0
              },
              "wickets": [
                {
                  "player_out": "J Butler",
                  "kind": "bowled"
                }
              ]
            },
            {
              "batter": "T Nightingale",
              "bowler": "Junaid Sheikh",
              "non_striker": "LJ Barker",
              "runs": {
                "batter": 0,
                "extras": 0,
                "total": 0
              }
            }
          ]
        },
        {
          "over": 5,
          "deliveries": [
            {
              "batter": "LJ Barker",
              "bowler": "Raza Iqbal",
              "non_striker": "T Nightingale",
              "runs": {
                "batter": 0,
                "extras": 0,
                "total": 0
              }
            },
            {
              "batter": "LJ Barker",
              "bowler": "Raza Iqbal",
              "non_striker": "T Nightingale",
              "runs": {
                "batter": 1,
                "extras": 0,
                "total": 1
              }
            },
            {
              "batter": "T Nightingale",
              "bowler": "Raza Iqbal",
              "non_striker": "LJ Barker",
              "runs": {
                "batter": 1,
                "extras": 0,
                "total": 1
              }
            },
            {
              "batter": "LJ Barker",
              "bowler": "Raza Iqbal",
              "non_striker": "T Nightingale",
              "runs": {
                "batter": 1,
                "extras": 0,
                "total": 1
              }
            },
            {
              "batter": "T Nightingale",
              "bowler": "Raza Iqbal",
              "non_striker": "LJ Barker",
              "runs": {
                "batter": 0,
                "extras": 0,
                "total": 0
              }
            },
            {
              "batter": "T Nightingale",
              "bowler": "Raza Iqbal",
              "non_striker": "LJ Barker",
              "runs": {
                "batter": 0,
                "extras": 0,
                "total": 0
              }
            }
          ]
        },
        {
          "over": 6,
          "deliveries": [
            {
              "batter": "LJ Barker",
              "bowler": "M Shahbaz Butt",
              "non_striker": "T Nightingale",
              "runs": {
                "batter": 0,
                "extras": 0,
                "total": 0
              }
            },
            {
              "batter": "LJ Barker",
              "bowler": "M Shahbaz Butt",
              "non_striker": "T Nightingale",
              "runs": {
                "batter": 2,
                "extras": 0,
                "total": 2
              }
            },
            {
              "batter": "LJ Barker",
              "bowler": "M Shahbaz Butt",
              "non_striker": "T Nightingale",
              "runs": {
                "batter": 0,
                "extras": 0,
                "total": 0
              }
            },
            {
              "batter": "LJ Barker",
              "bowler": "M Shahbaz Butt",
              "non_striker": "T Nightingale",
              "runs": {
                "batter": 2,
                "extras": 0,
                "total": 2
              }
            },
            {
              "batter": "LJ Barker",
              "bowler": "M Shahbaz Butt",
              "non_striker": "T Nightingale",
              "runs": {
                "batter": 0,
                "extras": 0,
                "total": 0
              }
            },
            {
              "batter": "LJ Barker",
              "bowler": "M Shahbaz Butt",
              "non_striker": "T Nightingale",
              "runs": {
                "batter": 1,
                "extras": 0,
                "total": 1
              }
            }
          ]
        },
        {
          "over": 7,
          "deliveries": [
            {
              "batter": "LJ Barker",
              "bowler": "Raza Iqbal",
              "non_striker": "T Nightingale",
              "runs": {
                "batter": 1,
                "extras": 0,
                "total": 1
              }
            },
            {
              "batter": "T Nightingale",
              "bowler": "Raza Iqbal",
              "non_striker": "LJ Barker",
              "runs": {
                "batter": 1,
                "extras": 0,
                "total": 1
              }
            },
            {
              "batter": "LJ Barker",
              "bowler": "Raza Iqbal",
              "non_striker": "T Nightingale",
              "runs": {
                "batter": 4,
                "extras": 0,
                "total": 4
              }
            },
            {
              "batter": "LJ Barker",
              "bowler": "Raza Iqbal",
              "non_striker": "T Nightingale",
              "runs": {
                "batter": 1,
                "extras": 0,
                "total": 1
              }
            },
            {
              "batter": "T Nightingale",
              "bowler": "Raza Iqbal",
              "non_striker": "LJ Barker",
              "runs": {
                "batter": 0,
                "extras": 0,
                "total": 0
              }
            },
            {
              "batter": "T Nightingale",
              "bowler": "Raza Iqbal",
              "non_striker": "LJ Barker",
              "runs": {
                "batter": 4,
                "extras": 0,
                "total": 4
              }
            }
          ]
        },
        {
          "over": 8,
          "deliveries": [
            {
              "batter": "LJ Barker",
              "bowler": "M Shahbaz Butt",
              "non_striker": "T Nightingale",
              "runs": {
                "batter": 0,
                "extras": 0,
                "total": 0
              }
            },
            {
              "batter": "LJ Barker",
              "bowler": "M Shahbaz Butt",
              "non_striker": "T Nightingale",
              "runs": {
                "batter": 1,
                "extras": 0,
                "total": 1
              }
            },
            {
              "batter": "T Nightingale",
              "bowler": "M Shahbaz Butt",
              "non_striker": "LJ Barker",
              "runs": {
                "batter": 0,
                "extras": 0,
                "total": 0
              }
            },
            {
              "batter": "T Nightingale",
              "bowler": "M Shahbaz Butt",
              "non_striker": "LJ Barker",
              "runs": {
                "batter": 1,
                "extras": 0,
                "total": 1
              }
            },
            {
              "batter": "LJ Barker",
              "bowler": "M Shahbaz Butt",
              "non_striker": "T Nightingale",
              "runs": {
                "batter": 0,
                "extras": 0,
                "total": 0
              }
            },
            {
              "batter": "LJ Barker",
              "bowler": "M Shahbaz Butt",
              "non_striker": "T Nightingale",
              "runs": {
                "batter": 1,
                "extras": 0,
                "total": 1
              }
            }
          ]
        },
        {
          "over": 9,
          "deliveries": [
            {
              "batter": "LJ Barker",
              "bowler": "Ansar Iqbal",
              "non_striker": "T Nightingale",
              "runs": {
                "batter": 2,
                "extras": 0,
                "total": 2
              }
            },
            {
              "batter": "LJ Barker",
              "bowler": "Ansar Iqbal",
              "non_striker": "T Nightingale",
              "runs": {
                "batter": 0,
                "extras": 0,
                "total": 0
              }
            },
            {
              "batter": "LJ Barker",
              "bowler": "Ansar Iqbal",
              "extras": {
                "legbyes": 1
              },
              "non_striker": "T Nightingale",
              "runs": {
                "batter": 0,
                "extras": 1,
                "total": 1
              }
            },
            {
              "batter": "T Nightingale",
              "bowler": "Ansar Iqbal",
              "non_striker": "LJ Barker",
              "runs": {
                "batter": 0,
                "extras": 0,
                "total": 0
              }
            },
            {
              "batter": "T Nightingale",
              "bowler": "Ansar Iqbal",
              "non_striker": "LJ Barker",
              "runs": {
                "batter": 1,
                "extras": 0,
                "total": 1
              }
            },
            {
              "batter": "LJ Barker",
              "bowler": "Ansar Iqbal",
              "non_striker": "T Nightingale",
              "runs": {
                "batter": 1,
                "extras": 0,
                "total": 1
              }
            }
          ]
        },
        {
          "over": 10,
          "deliveries": [
            {
              "batter": "LJ Barker",
              "bowler": "M Shahbaz Butt",
              "non_striker": "T Nightingale",
              "runs": {
                "batter": 1,
                "extras": 0,
                "total": 1
              }
            },
            {
              "batter": "T Nightingale",
              "bowler": "M Shahbaz Butt",
              "non_striker": "LJ Barker",
              "runs": {
                "batter": 0,
                "extras": 0,
                "total": 0
              }
            },
            {
              "batter": "T Nightingale",
              "bowler": "M Shahbaz Butt",
              "non_striker": "LJ Barker",
              "runs": {
                "batter": 0,
                "extras": 0,
                "total": 0
              }
            },
            {
              "batter": "T Nightingale",
              "bowler": "M Shahbaz Butt",
              "non_striker": "LJ Barker",
              "runs": {
                "batter": 1,
                "extras": 0,
                "total": 1
              }
            },
            {
              "batter": "LJ Barker",
              "bowler": "M Shahbaz Butt",
              "non_striker": "T Nightingale",
              "runs": {
                "batter": 0,
                "extras": 0,
                "total": 0
              }
            },
            {
              "batter": "LJ Barker",
              "bowler": "M Shahbaz Butt",
              "non_striker": "T Nightingale",
              "runs": {
                "batter": 0,
                "extras": 0,
                "total": 0
              }
            }
          ]
        },
        {
          "over": 11,
          "deliveries": [
            {
              "batter": "T Nightingale",
              "bowler": "Ansar Iqbal",
              "non_striker": "LJ Barker",
              "runs": {
                "batter": 0,
                "extras": 0,
                "total": 0
              }
            },
            {
              "batter": "T Nightingale",
              "bowler": "Ansar Iqbal",
              "non_striker": "LJ Barker",
              "runs": {
                "batter": 1,
                "extras": 0,
                "total": 1
              }
            },
            {
              "batter": "LJ Barker",
              "bowler": "Ansar Iqbal",
              "non_striker": "T Nightingale",
              "runs": {
                "batter": 1,
                "extras": 0,
                "total": 1
              }
            },
            {
              "batter": "T Nightingale",
              "bowler": "Ansar Iqbal",
              "non_striker": "LJ Barker",
              "runs": {
                "batter": 1,
                "extras": 0,
                "total": 1
              }
            },
            {
              "batter": "LJ Barker",
              "bowler": "Ansar Iqbal",
              "non_striker": "T Nightingale",
              "runs": {
                "batter": 0,
                "extras": 0,
                "total": 0
              },
              "wickets": [
                {
                  "player_out": "LJ Barker",
                  "kind": "bowled"
                }
              ]
            },
            {
              "batter": "LB Ferbrache",
              "bowler": "Ansar Iqbal",
              "non_striker": "T Nightingale",
              "runs": {
                "batter": 1,
                "extras": 0,
                "total": 1
              }
            }
          ]
        },
        {
          "over": 12,
          "deliveries": [
            {
              "batter": "LB Ferbrache",
              "bowler": "M Shahbaz Butt",
              "non_striker": "T Nightingale",
              "runs": {
                "batter": 0,
                "extras": 0,
                "total": 0
              }
            },
            {
              "batter": "LB Ferbrache",
              "bowler": "M Shahbaz Butt",
              "non_striker": "T Nightingale",
              "runs": {
                "batter": 0,
                "extras": 0,
                "total": 0
              }
            },
            {
              "batter": "LB Ferbrache",
              "bowler": "M Shahbaz Butt",
              "non_striker": "T Nightingale",
              "runs": {
                "batter": 0,
                "extras": 0,
                "total": 0
              },
              "wickets": [
                {
                  "player_out": "LB Ferbrache",
                  "kind": "caught and bowled"
                }
              ]
            },
            {
              "batter": "LC Le Tissier",
              "bowler": "M Shahbaz Butt",
              "non_striker": "T Nightingale",
              "runs": {
                "batter": 2,
                "extras": 0,
                "total": 2
              }
            },
            {
              "batter": "LC Le Tissier",
              "bowler": "M Shahbaz Butt",
              "non_striker": "T Nightingale",
              "runs": {
                "batter": 0,
                "extras": 0,
                "total": 0
              }
            },
            {
              "batter": "LC Le Tissier",
              "bowler": "M Shahbaz Butt",
              "non_striker": "T Nightingale",
              "runs": {
                "batter": 0,
                "extras": 0,
                "total": 0
              }
            }
          ]
        },
        {
          "over": 13,
          "deliveries": [
            {
              "batter": "T Nightingale",
              "bowler": "Hayatullah Niazi",
              "non_striker": "LC Le Tissier",
              "runs": {
                "batter": 0,
                "extras": 0,
                "total": 0
              }
            },
            {
              "batter": "T Nightingale",
              "bowler": "Hayatullah Niazi",
              "non_striker": "LC Le Tissier",
              "runs": {
                "batter": 0,
                "extras": 0,
                "total": 0
              }
            },
            {
              "batter": "T Nightingale",
              "bowler": "Hayatullah Niazi",
              "non_striker": "LC Le Tissier",
              "runs": {
                "batter": 0,
                "extras": 0,
                "total": 0
              }
            },
            {
              "batter": "T Nightingale",
              "bowler": "Hayatullah Niazi",
              "non_striker": "LC Le Tissier",
              "runs": {
                "batter": 1,
                "extras": 0,
                "total": 1
              }
            },
            {
              "batter": "LC Le Tissier",
              "bowler": "Hayatullah Niazi",
              "non_striker": "T Nightingale",
              "runs": {
                "batter": 2,
                "extras": 0,
                "total": 2
              }
            },
            {
              "batter": "LC Le Tissier",
              "bowler": "Hayatullah Niazi",
              "non_striker": "T Nightingale",
              "runs": {
                "batter": 1,
                "extras": 0,
                "total": 1
              }
            }
          ]
        },
        {
          "over": 14,
          "deliveries": [
            {
              "batter": "LC Le Tissier",
              "bowler": "Abdullah Sheikh",
              "non_striker": "T Nightingale",
              "runs": {
                "batter": 1,
                "extras": 0,
                "total": 1
              }
            },
            {
              "batter": "T Nightingale",
              "bowler": "Abdullah Sheikh",
              "non_striker": "LC Le Tissier",
              "runs": {
                "batter": 1,
                "extras": 0,
                "total": 1
              }
            },
            {
              "batter": "LC Le Tissier",
              "bowler": "Abdullah Sheikh",
              "non_striker": "T Nightingale",
              "runs": {
                "batter": 0,
                "extras": 0,
                "total": 0
              },
              "wickets": [
                {
                  "player_out": "LC Le Tissier",
                  "fielders": [
                    {
                      "name": "Hayatullah Niazi"
                    }
                  ],
                  "kind": "caught"
                }
              ]
            },
            {
              "batter": "T Nightingale",
              "bowler": "Abdullah Sheikh",
              "non_striker": "IDA Damarell",
              "runs": {
                "batter": 0,
                "extras": 0,
                "total": 0
              }
            },
            {
              "batter": "T Nightingale",
              "bowler": "Abdullah Sheikh",
              "non_striker": "IDA Damarell",
              "runs": {
                "batter": 1,
                "extras": 0,
                "total": 1
              }
            },
            {
              "batter": "IDA Damarell",
              "bowler": "Abdullah Sheikh",
              "non_striker": "T Nightingale",
              "runs": {
                "batter": 0,
                "extras": 0,
                "total": 0
              }
            }
          ]
        },
        {
          "over": 15,
          "deliveries": [
            {
              "batter": "T Nightingale",
              "bowler": "Ansar Iqbal",
              "non_striker": "IDA Damarell",
              "runs": {
                "batter": 2,
                "extras": 0,
                "total": 2
              }
            },
            {
              "batter": "T Nightingale",
              "bowler": "Ansar Iqbal",
              "non_striker": "IDA Damarell",
              "runs": {
                "batter": 0,
                "extras": 0,
                "total": 0
              }
            },
            {
              "batter": "T Nightingale",
              "bowler": "Ansar Iqbal",
              "non_striker": "IDA Damarell",
              "runs": {
                "batter": 1,
                "extras": 0,
                "total": 1
              }
            },
            {
              "batter": "IDA Damarell",
              "bowler": "Ansar Iqbal",
              "non_striker": "T Nightingale",
              "runs": {
                "batter": 1,
                "extras": 0,
                "total": 1
              }
            },
            {
              "batter": "T Nightingale",
              "bowler": "Ansar Iqbal",
              "non_striker": "IDA Damarell",
              "runs": {
                "batter": 1,
                "extras": 0,
                "total": 1
              }
            },
            {
              "batter": "IDA Damarell",
              "bowler": "Ansar Iqbal",
              "non_striker": "T Nightingale",
              "runs": {
                "batter": 0,
                "extras": 0,
                "total": 0
              }
            }
          ]
        },
        {
          "over": 16,
          "deliveries": [
            {
              "batter": "T Nightingale",
              "bowler": "Abdullah Sheikh",
              "non_striker": "IDA Damarell",
              "runs": {
                "batter": 1,
                "extras": 0,
                "total": 1
              }
            },
            {
              "batter": "IDA Damarell",
              "bowler": "Abdullah Sheikh",
              "non_striker": "T Nightingale",
              "runs": {
                "batter": 1,
                "extras": 0,
                "total": 1
              }
            },
            {
              "batter": "T Nightingale",
              "bowler": "Abdullah Sheikh",
              "non_striker": "IDA Damarell",
              "runs": {
                "batter": 4,
                "extras": 0,
                "total": 4
              }
            },
            {
              "batter": "T Nightingale",
              "bowler": "Abdullah Sheikh",
              "non_striker": "IDA Damarell",
              "runs": {
                "batter": 1,
                "extras": 0,
                "total": 1
              }
            },
            {
              "batter": "IDA Damarell",
              "bowler": "Abdullah Sheikh",
              "extras": {
                "legbyes": 1
              },
              "non_striker": "T Nightingale",
              "runs": {
                "batter": 0,
                "extras": 1,
                "total": 1
              }
            },
            {
              "batter": "T Nightingale",
              "bowler": "Abdullah Sheikh",
              "non_striker": "IDA Damarell",
              "runs": {
                "batter": 1,
                "extras": 0,
                "total": 1
              }
            }
          ]
        },
        {
          "over": 17,
          "deliveries": [
            {
              "batter": "T Nightingale",
              "bowler": "Ansar Iqbal",
              "non_striker": "IDA Damarell",
              "runs": {
                "batter": 2,
                "extras": 0,
                "total": 2
              }
            },
            {
              "batter": "T Nightingale",
              "bowler": "Ansar Iqbal",
              "non_striker": "IDA Damarell",
              "runs": {
                "batter": 4,
                "extras": 0,
                "total": 4
              }
            },
            {
              "batter": "T Nightingale",
              "bowler": "Ansar Iqbal",
              "non_striker": "IDA Damarell",
              "runs": {
                "batter": 0,
                "extras": 0,
                "total": 0
              },
              "wickets": [
                {
                  "player_out": "T Nightingale",
                  "kind": "bowled"
                }
              ]
            },
            {
              "batter": "ACF Stokes",
              "bowler": "Ansar Iqbal",
              "non_striker": "IDA Damarell",
              "runs": {
                "batter": 1,
                "extras": 0,
                "total": 1
              }
            },
            {
              "batter": "IDA Damarell",
              "bowler": "Ansar Iqbal",
              "non_striker": "ACF Stokes",
              "runs": {
                "batter": 0,
                "extras": 0,
                "total": 0
              }
            },
            {
              "batter": "IDA Damarell",
              "bowler": "Ansar Iqbal",
              "non_striker": "ACF Stokes",
              "runs": {
                "batter": 0,
                "extras": 0,
                "total": 0
              },
              "wickets": [
                {
                  "player_out": "IDA Damarell",
                  "fielders": [
                    {
                      "name": "P Bhart"
                    }
                  ],
                  "kind": "caught"
                }
              ]
            }
          ]
        },
        {
          "over": 18,
          "deliveries": [
            {
              "batter": "DR Hooper",
              "bowler": "Junaid Sheikh",
              "non_striker": "ACF Stokes",
              "runs": {
                "batter": 0,
                "extras": 0,
                "total": 0
              }
            },
            {
              "batter": "DR Hooper",
              "bowler": "Junaid Sheikh",
              "non_striker": "ACF Stokes",
              "runs": {
                "batter": 1,
                "extras": 0,
                "total": 1
              }
            },
            {
              "batter": "ACF Stokes",
              "bowler": "Junaid Sheikh",
              "non_striker": "DR Hooper",
              "runs": {
                "batter": 1,
                "extras": 0,
                "total": 1
              }
            },
            {
              "batter": "DR Hooper",
              "bowler": "Junaid Sheikh",
              "non_striker": "ACF Stokes",
              "runs": {
                "batter": 0,
                "extras": 0,
                "total": 0
              }
            },
            {
              "batter": "DR Hooper",
              "bowler": "Junaid Sheikh",
              "extras": {
                "wides": 1
              },
              "non_striker": "ACF Stokes",
              "runs": {
                "batter": 0,
                "extras": 1,
                "total": 1
              }
            },
            {
              "batter": "DR Hooper",
              "bowler": "Junaid Sheikh",
              "non_striker": "ACF Stokes",
              "runs": {
                "batter": 1,
                "extras": 0,
                "total": 1
              }
            },
            {
              "batter": "ACF Stokes",
              "bowler": "Junaid Sheikh",
              "non_striker": "DR Hooper",
              "runs": {
                "batter": 0,
                "extras": 0,
                "total": 0
              }
            }
          ]
        },
        {
          "over": 19,
          "deliveries": [
            {
              "batter": "DR Hooper",
              "bowler": "Hayatullah Niazi",
              "non_striker": "ACF Stokes",
              "runs": {
                "batter": 1,
                "extras": 0,
                "total": 1
              }
            },
            {
              "batter": "ACF Stokes",
              "bowler": "Hayatullah Niazi",
              "non_striker": "DR Hooper",
              "runs": {
                "batter": 0,
                "extras": 0,
                "total": 0
              }
            },
            {
              "batter": "ACF Stokes",
              "bowler": "Hayatullah Niazi",
              "non_striker": "DR Hooper",
              "runs": {
                "batter": 0,
                "extras": 0,
                "total": 0
              }
            },
            {
              "batter": "ACF Stokes",
              "bowler": "Hayatullah Niazi",
              "non_striker": "DR Hooper",
              "runs": {
                "batter": 0,
                "extras": 0,
                "total": 0
              }
            },
            {
              "batter": "ACF Stokes",
              "bowler": "Hayatullah Niazi",
              "non_striker": "DR Hooper",
              "runs": {
                "batter": 1,
                "extras": 0,
                "total": 1
              }
            },
            {
              "batter": "DR Hooper",
              "bowler": "Hayatullah Niazi",
              "non_striker": "ACF Stokes",
              "runs": {
                "batter": 0,
                "extras": 0,
                "total": 0
              }
            }
          ]
        }
      ],
      "powerplays": [
        {
          "from": 0.1,
          "to": 5.6,
          "type": "mandatory"
        }
      ]
    },
    {
      "team": "Norway",
      "overs": [
        {
          "over": 0,
          "deliveries": [
            {
              "batter": "E Ul Haq",
              "bowler": "LC Le Tissier",
              "non_striker": "Raza Iqbal",
              "runs": {
                "batter": 0,
                "extras": 0,
                "total": 0
              }
            },
            {
              "batter": "E Ul Haq",
              "bowler": "LC Le Tissier",
              "non_striker": "Raza Iqbal",
              "runs": {
                "batter": 0,
                "extras": 0,
                "total": 0
              }
            },
            {
              "batter": "E Ul Haq",
              "bowler": "LC Le Tissier",
              "non_striker": "Raza Iqbal",
              "runs": {
                "batter": 0,
                "extras": 0,
                "total": 0
              }
            },
            {
              "batter": "E Ul Haq",
              "bowler": "LC Le Tissier",
              "extras": {
                "byes": 1
              },
              "non_striker": "Raza Iqbal",
              "runs": {
                "batter": 0,
                "extras": 1,
                "total": 1
              }
            },
            {
              "batter": "Raza Iqbal",
              "bowler": "LC Le Tissier",
              "non_striker": "E Ul Haq",
              "runs": {
                "batter": 4,
                "extras": 0,
                "total": 4
              }
            },
            {
              "batter": "Raza Iqbal",
              "bowler": "LC Le Tissier",
              "non_striker": "E Ul Haq",
              "runs": {
                "batter": 0,
                "extras": 0,
                "total": 0
              }
            }
          ]
        },
        {
          "over": 1,
          "deliveries": [
            {
              "batter": "E Ul Haq",
              "bowler": "MWR Stokes",
              "non_striker": "Raza Iqbal",
              "runs": {
                "batter": 1,
                "extras": 0,
                "total": 1
              }
            },
            {
              "batter": "Raza Iqbal",
              "bowler": "MWR Stokes",
              "non_striker": "E Ul Haq",
              "runs": {
                "batter": 4,
                "extras": 0,
                "total": 4
              }
            },
            {
              "batter": "Raza Iqbal",
              "bowler": "MWR Stokes",
              "non_striker": "E Ul Haq",
              "runs": {
                "batter": 1,
                "extras": 0,
                "total": 1
              }
            },
            {
              "batter": "E Ul Haq",
              "bowler": "MWR Stokes",
              "non_striker": "Raza Iqbal",
              "runs": {
                "batter": 1,
                "extras": 0,
                "total": 1
              }
            },
            {
              "batter": "Raza Iqbal",
              "bowler": "MWR Stokes",
              "non_striker": "E Ul Haq",
              "runs": {
                "batter": 0,
                "extras": 0,
                "total": 0
              }
            },
            {
              "batter": "Raza Iqbal",
              "bowler": "MWR Stokes",
              "non_striker": "E Ul Haq",
              "runs": {
                "batter": 0,
                "extras": 0,
                "total": 0
              }
            }
          ]
        },
        {
          "over": 2,
          "deliveries": [
            {
              "batter": "E Ul Haq",
              "bowler": "W Peatfield",
              "non_striker": "Raza Iqbal",
              "runs": {
                "batter": 0,
                "extras": 0,
                "total": 0
              }
            },
            {
              "batter": "E Ul Haq",
              "bowler": "W Peatfield",
              "non_striker": "Raza Iqbal",
              "runs": {
                "batter": 1,
                "extras": 0,
                "total": 1
              }
            },
            {
              "batter": "Raza Iqbal",
              "bowler": "W Peatfield",
              "non_striker": "E Ul Haq",
              "runs": {
                "batter": 0,
                "extras": 0,
                "total": 0
              }
            },
            {
              "batter": "Raza Iqbal",
              "bowler": "W Peatfield",
              "non_striker": "E Ul Haq",
              "runs": {
                "batter": 2,
                "extras": 0,
                "total": 2
              }
            },
            {
              "batter": "Raza Iqbal",
              "bowler": "W Peatfield",
              "non_striker": "E Ul Haq",
              "runs": {
                "batter": 0,
                "extras": 0,
                "total": 0
              },
              "wickets": [
                {
                  "player_out": "Raza Iqbal",
                  "kind": "bowled"
                }
              ]
            },
            {
              "batter": "M Shahbaz Butt",
              "bowler": "W Peatfield",
              "non_striker": "E Ul Haq",
              "runs": {
                "batter": 4,
                "extras": 0,
                "total": 4
              }
            }
          ]
        },
        {
          "over": 3,
          "deliveries": [
            {
              "batter": "E Ul Haq",
              "bowler": "ACF Stokes",
              "extras": {
                "wides": 1
              },
              "non_striker": "M Shahbaz Butt",
              "runs": {
                "batter": 0,
                "extras": 1,
                "total": 1
              }
            },
            {
              "batter": "E Ul Haq",
              "bowler": "ACF Stokes",
              "non_striker": "M Shahbaz Butt",
              "runs": {
                "batter": 1,
                "extras": 0,
                "total": 1
              }
            },
            {
              "batter": "M Shahbaz Butt",
              "bowler": "ACF Stokes",
              "non_striker": "E Ul Haq",
              "runs": {
                "batter": 0,
                "extras": 0,
                "total": 0
              },
              "wickets": [
                {
                  "player_out": "M Shahbaz Butt",
                  "kind": "bowled"
                }
              ]
            },
            {
              "batter": "S Iftikhar",
              "bowler": "ACF Stokes",
              "non_striker": "E Ul Haq",
              "runs": {
                "batter": 0,
                "extras": 0,
                "total": 0
              }
            },
            {
              "batter": "S Iftikhar",
              "bowler": "ACF Stokes",
              "extras": {
                "wides": 2
              },
              "non_striker": "E Ul Haq",
              "runs": {
                "batter": 0,
                "extras": 2,
                "total": 2
              }
            },
            {
              "batter": "E Ul Haq",
              "bowler": "ACF Stokes",
              "non_striker": "S Iftikhar",
              "runs": {
                "batter": 0,
                "extras": 0,
                "total": 0
              }
            },
            {
              "batter": "E Ul Haq",
              "bowler": "ACF Stokes",
              "extras": {
                "wides": 1
              },
              "non_striker": "S Iftikhar",
              "runs": {
                "batter": 0,
                "extras": 1,
                "total": 1
              }
            },
            {
              "batter": "E Ul Haq",
              "bowler": "ACF Stokes",
              "non_striker": "S Iftikhar",
              "runs": {
                "batter": 0,
                "extras": 0,
                "total": 0
              }
            },
            {
              "batter": "E Ul Haq",
              "bowler": "ACF Stokes",
              "non_striker": "S Iftikhar",
              "runs": {
                "batter": 0,
                "extras": 0,
                "total": 0
              }
            }
          ]
        },
        {
          "over": 4,
          "deliveries": [
            {
              "batter": "S Iftikhar",
              "bowler": "W Peatfield",
              "non_striker": "E Ul Haq",
              "runs": {
                "batter": 0,
                "extras": 0,
                "total": 0
              }
            },
            {
              "batter": "S Iftikhar",
              "bowler": "W Peatfield",
              "non_striker": "E Ul Haq",
              "runs": {
                "batter": 0,
                "extras": 0,
                "total": 0
              }
            },
            {
              "batter": "S Iftikhar",
              "bowler": "W Peatfield",
              "non_striker": "E Ul Haq",
              "runs": {
                "batter": 0,
                "extras": 0,
                "total": 0
              }
            },
            {
              "batter": "S Iftikhar",
              "bowler": "W Peatfield",
              "non_striker": "E Ul Haq",
              "runs": {
                "batter": 0,
                "extras": 0,
                "total": 0
              }
            },
            {
              "batter": "S Iftikhar",
              "bowler": "W Peatfield",
              "non_striker": "E Ul Haq",
              "runs": {
                "batter": 0,
                "extras": 0,
                "total": 0
              }
            },
            {
              "batter": "S Iftikhar",
              "bowler": "W Peatfield",
              "non_striker": "E Ul Haq",
              "runs": {
                "batter": 0,
                "extras": 0,
                "total": 0
              }
            }
          ]
        },
        {
          "over": 5,
          "deliveries": [
            {
              "batter": "E Ul Haq",
              "bowler": "MLA Ellis",
              "non_striker": "S Iftikhar",
              "runs": {
                "batter": 1,
                "extras": 0,
                "total": 1
              }
            },
            {
              "batter": "S Iftikhar",
              "bowler": "MLA Ellis",
              "non_striker": "E Ul Haq",
              "runs": {
                "batter": 1,
                "extras": 0,
                "total": 1
              }
            },
            {
              "batter": "E Ul Haq",
              "bowler": "MLA Ellis",
              "non_striker": "S Iftikhar",
              "runs": {
                "batter": 1,
                "extras": 0,
                "total": 1
              }
            },
            {
              "batter": "S Iftikhar",
              "bowler": "MLA Ellis",
              "non_striker": "E Ul Haq",
              "runs": {
                "batter": 4,
                "extras": 0,
                "total": 4
              }
            },
            {
              "batter": "S Iftikhar",
              "bowler": "MLA Ellis",
              "non_striker": "E Ul Haq",
              "runs": {
                "batter": 1,
                "extras": 0,
                "total": 1
              }
            },
            {
              "batter": "E Ul Haq",
              "bowler": "MLA Ellis",
              "non_striker": "S Iftikhar",
              "runs": {
                "batter": 0,
                "extras": 0,
                "total": 0
              }
            }
          ]
        },
        {
          "over": 6,
          "deliveries": [
            {
              "batter": "S Iftikhar",
              "bowler": "W Peatfield",
              "non_striker": "E Ul Haq",
              "runs": {
                "batter": 0,
                "extras": 0,
                "total": 0
              }
            },
            {
              "batter": "S Iftikhar",
              "bowler": "W Peatfield",
              "non_striker": "E Ul Haq",
              "runs": {
                "batter": 0,
                "extras": 0,
                "total": 0
              }
            },
            {
              "batter": "S Iftikhar",
              "bowler": "W Peatfield",
              "non_striker": "E Ul Haq",
              "runs": {
                "batter": 4,
                "extras": 0,
                "total": 4
              }
            },
            {
              "batter": "S Iftikhar",
              "bowler": "W Peatfield",
              "non_striker": "E Ul Haq",
              "runs": {
                "batter": 0,
                "extras": 0,
                "total": 0
              }
            },
            {
              "batter": "S Iftikhar",
              "bowler": "W Peatfield",
              "extras": {
                "wides": 1
              },
              "non_striker": "E Ul Haq",
              "runs": {
                "batter": 0,
                "extras": 1,
                "total": 1
              }
            },
            {
              "batter": "S Iftikhar",
              "bowler": "W Peatfield",
              "non_striker": "E Ul Haq",
              "runs": {
                "batter": 0,
                "extras": 0,
                "total": 0
              }
            },
            {
              "batter": "S Iftikhar",
              "bowler": "W Peatfield",
              "non_striker": "E Ul Haq",
              "runs": {
                "batter": 0,
                "extras": 0,
                "total": 0
              }
            }
          ]
        },
        {
          "over": 7,
          "deliveries": [
            {
              "batter": "E Ul Haq",
              "bowler": "LC Le Tissier",
              "non_striker": "S Iftikhar",
              "runs": {
                "batter": 0,
                "extras": 0,
                "total": 0
              }
            },
            {
              "batter": "E Ul Haq",
              "bowler": "LC Le Tissier",
              "non_striker": "S Iftikhar",
              "runs": {
                "batter": 0,
                "extras": 0,
                "total": 0
              }
            },
            {
              "batter": "E Ul Haq",
              "bowler": "LC Le Tissier",
              "non_striker": "S Iftikhar",
              "runs": {
                "batter": 3,
                "extras": 0,
                "total": 3
              }
            },
            {
              "batter": "S Iftikhar",
              "bowler": "LC Le Tissier",
              "non_striker": "E Ul Haq",
              "runs": {
                "batter": 0,
                "extras": 0,
                "total": 0
              }
            },
            {
              "batter": "S Iftikhar",
              "bowler": "LC Le Tissier",
              "non_striker": "E Ul Haq",
              "runs": {
                "batter": 4,
                "extras": 0,
                "total": 4
              }
            },
            {
              "batter": "S Iftikhar",
              "bowler": "LC Le Tissier",
              "non_striker": "E Ul Haq",
              "runs": {
                "batter": 0,
                "extras": 0,
                "total": 0
              }
            }
          ]
        },
        {
          "over": 8,
          "deliveries": [
            {
              "batter": "E Ul Haq",
              "bowler": "W Peatfield",
              "non_striker": "S Iftikhar",
              "runs": {
                "batter": 1,
                "extras": 0,
                "total": 1
              }
            },
            {
              "batter": "S Iftikhar",
              "bowler": "W Peatfield",
              "non_striker": "E Ul Haq",
              "runs": {
                "batter": 1,
                "extras": 0,
                "total": 1
              }
            },
            {
              "batter": "E Ul Haq",
              "bowler": "W Peatfield",
              "non_striker": "S Iftikhar",
              "runs": {
                "batter": 0,
                "extras": 0,
                "total": 0
              }
            },
            {
              "batter": "E Ul Haq",
              "bowler": "W Peatfield",
              "non_striker": "S Iftikhar",
              "runs": {
                "batter": 0,
                "extras": 0,
                "total": 0
              }
            },
            {
              "batter": "E Ul Haq",
              "bowler": "W Peatfield",
              "non_striker": "S Iftikhar",
              "runs": {
                "batter": 1,
                "extras": 0,
                "total": 1
              }
            },
            {
              "batter": "S Iftikhar",
              "bowler": "W Peatfield",
              "non_striker": "E Ul Haq",
              "runs": {
                "batter": 0,
                "extras": 0,
                "total": 0
              }
            }
          ]
        },
        {
          "over": 9,
          "deliveries": [
            {
              "batter": "E Ul Haq",
              "bowler": "LC Le Tissier",
              "non_striker": "S Iftikhar",
              "runs": {
                "batter": 1,
                "extras": 0,
                "total": 1
              }
            },
            {
              "batter": "S Iftikhar",
              "bowler": "LC Le Tissier",
              "non_striker": "E Ul Haq",
              "runs": {
                "batter": 6,
                "extras": 0,
                "total": 6
              }
            },
            {
              "batter": "S Iftikhar",
              "bowler": "LC Le Tissier",
              "non_striker": "E Ul Haq",
              "runs": {
                "batter": 0,
                "extras": 0,
                "total": 0
              }
            },
            {
              "batter": "S Iftikhar",
              "bowler": "LC Le Tissier",
              "non_striker": "E Ul Haq",
              "runs": {
                "batter": 1,
                "extras": 0,
                "total": 1
              }
            },
            {
              "batter": "E Ul Haq",
              "bowler": "LC Le Tissier",
              "non_striker": "S Iftikhar",
              "runs": {
                "batter": 0,
                "extras": 0,
                "total": 0
              }
            },
            {
              "batter": "E Ul Haq",
              "bowler": "LC Le Tissier",
              "non_striker": "S Iftikhar",
              "runs": {
                "batter": 0,
                "extras": 0,
                "total": 0
              }
            }
          ]
        },
        {
          "over": 10,
          "deliveries": [
            {
              "batter": "S Iftikhar",
              "bowler": "MLA Ellis",
              "non_striker": "E Ul Haq",
              "runs": {
                "batter": 0,
                "extras": 0,
                "total": 0
              }
            },
            {
              "batter": "S Iftikhar",
              "bowler": "MLA Ellis",
              "non_striker": "E Ul Haq",
              "runs": {
                "batter": 0,
                "extras": 0,
                "total": 0
              }
            },
            {
              "batter": "S Iftikhar",
              "bowler": "MLA Ellis",
              "non_striker": "E Ul Haq",
              "runs": {
                "batter": 1,
                "extras": 0,
                "total": 1
              }
            },
            {
              "batter": "E Ul Haq",
              "bowler": "MLA Ellis",
              "non_striker": "S Iftikhar",
              "runs": {
                "batter": 0,
                "extras": 0,
                "total": 0
              },
              "wickets": [
                {
                  "player_out": "E Ul Haq",
                  "fielders": [
                    {
                      "name": "LC Le Tissier"
                    }
                  ],
                  "kind": "caught"
                }
              ]
            },
            {
              "batter": "Faizan Mumtaz",
              "bowler": "MLA Ellis",
              "non_striker": "S Iftikhar",
              "runs": {
                "batter": 4,
                "extras": 0,
                "total": 4
              }
            },
            {
              "batter": "Faizan Mumtaz",
              "bowler": "MLA Ellis",
              "non_striker": "S Iftikhar",
              "runs": {
                "batter": 1,
                "extras": 0,
                "total": 1
              }
            }
          ]
        },
        {
          "over": 11,
          "deliveries": [
            {
              "batter": "Faizan Mumtaz",
              "bowler": "ACF Stokes",
              "extras": {
                "wides": 1
              },
              "non_striker": "S Iftikhar",
              "runs": {
                "batter": 0,
                "extras": 1,
                "total": 1
              }
            },
            {
              "batter": "Faizan Mumtaz",
              "bowler": "ACF Stokes",
              "non_striker": "S Iftikhar",
              "runs": {
                "batter": 0,
                "extras": 0,
                "total": 0
              },
              "wickets": [
                {
                  "player_out": "Faizan Mumtaz",
                  "fielders": [
                    {
                      "name": "T Nightingale"
                    }
                  ],
                  "kind": "caught"
                }
              ]
            },
            {
              "batter": "S Iftikhar",
              "bowler": "ACF Stokes",
              "non_striker": "Ansar Iqbal",
              "runs": {
                "batter": 0,
                "extras": 0,
                "total": 0
              }
            },
            {
              "batter": "S Iftikhar",
              "bowler": "ACF Stokes",
              "non_striker": "Ansar Iqbal",
              "runs": {
                "batter": 0,
                "extras": 0,
                "total": 0
              }
            },
            {
              "batter": "S Iftikhar",
              "bowler": "ACF Stokes",
              "non_striker": "Ansar Iqbal",
              "runs": {
                "batter": 2,
                "extras": 0,
                "total": 2
              }
            },
            {
              "batter": "S Iftikhar",
              "bowler": "ACF Stokes",
              "non_striker": "Ansar Iqbal",
              "runs": {
                "batter": 0,
                "extras": 0,
                "total": 0
              }
            },
            {
              "batter": "S Iftikhar",
              "bowler": "ACF Stokes",
              "non_striker": "Ansar Iqbal",
              "runs": {
                "batter": 1,
                "extras": 0,
                "total": 1
              }
            }
          ]
        },
        {
          "over": 12,
          "deliveries": [
            {
              "batter": "S Iftikhar",
              "bowler": "DR Hooper",
              "non_striker": "Ansar Iqbal",
              "runs": {
                "batter": 0,
                "extras": 0,
                "total": 0
              }
            },
            {
              "batter": "S Iftikhar",
              "bowler": "DR Hooper",
              "non_striker": "Ansar Iqbal",
              "runs": {
                "batter": 0,
                "extras": 0,
                "total": 0
              }
            },
            {
              "batter": "S Iftikhar",
              "bowler": "DR Hooper",
              "non_striker": "Ansar Iqbal",
              "runs": {
                "batter": 0,
                "extras": 0,
                "total": 0
              }
            },
            {
              "batter": "S Iftikhar",
              "bowler": "DR Hooper",
              "non_striker": "Ansar Iqbal",
              "runs": {
                "batter": 1,
                "extras": 0,
                "total": 1
              }
            },
            {
              "batter": "Ansar Iqbal",
              "bowler": "DR Hooper",
              "non_striker": "S Iftikhar",
              "runs": {
                "batter": 4,
                "extras": 0,
                "total": 4
              }
            },
            {
              "batter": "Ansar Iqbal",
              "bowler": "DR Hooper",
              "non_striker": "S Iftikhar",
              "runs": {
                "batter": 4,
                "extras": 0,
                "total": 4
              }
            }
          ]
        },
        {
          "over": 13,
          "deliveries": [
            {
              "batter": "S Iftikhar",
              "bowler": "ACF Stokes",
              "non_striker": "Ansar Iqbal",
              "runs": {
                "batter": 0,
                "extras": 0,
                "total": 0
              }
            },
            {
              "batter": "S Iftikhar",
              "bowler": "ACF Stokes",
              "non_striker": "Ansar Iqbal",
              "runs": {
                "batter": 2,
                "extras": 0,
                "total": 2
              }
            },
            {
              "batter": "S Iftikhar",
              "bowler": "ACF Stokes",
              "non_striker": "Ansar Iqbal",
              "runs": {
                "batter": 0,
                "extras": 0,
                "total": 0
              }
            },
            {
              "batter": "S Iftikhar",
              "bowler": "ACF Stokes",
              "non_striker": "Ansar Iqbal",
              "runs": {
                "batter": 0,
                "extras": 0,
                "total": 0
              }
            },
            {
              "batter": "S Iftikhar",
              "bowler": "ACF Stokes",
              "non_striker": "Ansar Iqbal",
              "runs": {
                "batter": 0,
                "extras": 0,
                "total": 0
              },
              "wickets": [
                {
                  "player_out": "S Iftikhar",
                  "fielders": [
                    {
                      "name": "MWR Stokes"
                    }
                  ],
                  "kind": "caught"
                }
              ]
            },
            {
              "batter": "Ansar Iqbal",
              "bowler": "ACF Stokes",
              "non_striker": "P Bhart",
              "runs": {
                "batter": 4,
                "extras": 0,
                "total": 4
              }
            }
          ]
        },
        {
          "over": 14,
          "deliveries": [
            {
              "batter": "P Bhart",
              "bowler": "DR Hooper",
              "non_striker": "Ansar Iqbal",
              "runs": {
                "batter": 1,
                "extras": 0,
                "total": 1
              }
            },
            {
              "batter": "Ansar Iqbal",
              "bowler": "DR Hooper",
              "non_striker": "P Bhart",
              "runs": {
                "batter": 0,
                "extras": 0,
                "total": 0
              }
            },
            {
              "batter": "Ansar Iqbal",
              "bowler": "DR Hooper",
              "non_striker": "P Bhart",
              "runs": {
                "batter": 0,
                "extras": 0,
                "total": 0
              }
            },
            {
              "batter": "Ansar Iqbal",
              "bowler": "DR Hooper",
              "non_striker": "P Bhart",
              "runs": {
                "batter": 0,
                "extras": 0,
                "total": 0
              }
            },
            {
              "batter": "Ansar Iqbal",
              "bowler": "DR Hooper",
              "non_striker": "P Bhart",
              "runs": {
                "batter": 4,
                "extras": 0,
                "total": 4
              }
            },
            {
              "batter": "Ansar Iqbal",
              "bowler": "DR Hooper",
              "non_striker": "P Bhart",
              "runs": {
                "batter": 0,
                "extras": 0,
                "total": 0
              }
            }
          ]
        },
        {
          "over": 15,
          "deliveries": [
            {
              "batter": "P Bhart",
              "bowler": "ACF Stokes",
              "extras": {
                "wides": 3
              },
              "non_striker": "Ansar Iqbal",
              "runs": {
                "batter": 0,
                "extras": 3,
                "total": 3
              }
            },
            {
              "batter": "P Bhart",
              "bowler": "ACF Stokes",
              "non_striker": "Ansar Iqbal",
              "runs": {
                "batter": 0,
                "extras": 0,
                "total": 0
              }
            },
            {
              "batter": "P Bhart",
              "bowler": "ACF Stokes",
              "non_striker": "Ansar Iqbal",
              "runs": {
                "batter": 0,
                "extras": 0,
                "total": 0
              }
            },
            {
              "batter": "P Bhart",
              "bowler": "ACF Stokes",
              "non_striker": "Ansar Iqbal",
              "runs": {
                "batter": 0,
                "extras": 0,
                "total": 0
              }
            },
            {
              "batter": "P Bhart",
              "bowler": "ACF Stokes",
              "non_striker": "Ansar Iqbal",
              "runs": {
                "batter": 0,
                "extras": 0,
                "total": 0
              }
            },
            {
              "batter": "P Bhart",
              "bowler": "ACF Stokes",
              "non_striker": "Ansar Iqbal",
              "runs": {
                "batter": 0,
                "extras": 0,
                "total": 0
              }
            },
            {
              "batter": "P Bhart",
              "bowler": "ACF Stokes",
              "extras": {
                "legbyes": 1
              },
              "non_striker": "Ansar Iqbal",
              "runs": {
                "batter": 0,
                "extras": 1,
                "total": 1
              }
            }
          ]
        },
        {
          "over": 16,
          "deliveries": [
            {
              "batter": "P Bhart",
              "bowler": "DR Hooper",
              "non_striker": "Ansar Iqbal",
              "runs": {
                "batter": 0,
                "extras": 0,
                "total": 0
              }
            },
            {
              "batter": "P Bhart",
              "bowler": "DR Hooper",
              "non_striker": "Ansar Iqbal",
              "runs": {
                "batter": 1,
                "extras": 0,
                "total": 1
              }
            },
            {
              "batter": "Ansar Iqbal",
              "bowler": "DR Hooper",
              "non_striker": "P Bhart",
              "runs": {
                "batter": 1,
                "extras": 0,
                "total": 1
              }
            }
          ]
        }
      ],
      "powerplays": [
        {
          "from": 0.1,
          "to": 5.6,
          "type": "mandatory"
        }
      ],
      "target": {
        "overs": 20,
        "runs": 91
      }
    }
  ]
}