{
  "meta": {
    "data_version": "1.0.0",
    "created": "2020-09-10",
    "revision": 2
  },
  "info": {
    "balls_per_over": 6,
    "city": "Morrisville",
    "dates": [
      "2018-09-25"
    ],
    "event": {
      "name": "ICC World Twenty20 Americas Sub Regional Qualifier A",
      "match_number": 9
    },
    "gender": "male",
    "match_type": "IT20",
    "officials": {
      "umpires": [
        "AR Maddela",
        "SN Bandekar"
      ]
    },
    "outcome": {
      "winner": "Panama",
      "by": {
        "runs": 9
      }
    },
    "overs": 20,
    "player_of_match": [
      "S Chohan"
    ],
    "players": {
      "Panama": [
        "Imran Bulbulia",
        "Mahmad Data",
        "Sarfaraj Mulla",
        "Mahmud Jasat",
        "Irfan Hafejee",
        "D Ahir",
        "S Chohan",
        "V Ahir",
        "KB Ahir",
        "Abdullah Jasat",
        "Ibrahim Vhora"
      ],
      "Belize": [
        "H Gillett",
        "KJ Young",
        "AK Muslar",
        "D Sutherland",
        "L Hyde",
        "J Benjamin",
        "HH Banner",
        "F Sutherland",
        "K Roca",
        "W Banner",
        "N Revers"
      ]
    },
    "registry": {
      "people": {
        "AK Muslar": "93f72fdc",
        "AR Maddela": "5c861579",
        "Abdullah Jasat": "5a42db78",
        "D Ahir": "424a646f",
        "D Sutherland": "b7879e16",
        "F Sutherland": "d0f5e72d",
        "H Gillett": "a69d2a02",
        "HH Banner": "8144820e",
        "Ibrahim Vhora": "a1588e46",
        "Imran Bulbulia": "6464a804",
        "Irfan Hafejee": "244009ae",
        "J Benjamin": "621905b0",
        "KB Ahir": "214cf493",
        "K Roca": "36cdbfec",
        "KJ Young": "8bba9ec2",
        "L Hyde": "c5d7b5d8",
        "Mahmad Data": "0ee7ede5",
        "Mahmud Jasat": "97e36a0f",
        "N Revers": "ea56e843",
        "S Chohan": "05257527",
        "SN Bandekar": "350528bb",
        "Sarfaraj Mulla": "514db0e2",
        "V Ahir": "9d61f3d2",
        "W Banner": "df0b356d"
      }
    },
    "season": "2018/19",
    "team_type": "international",
    "teams": [
      "Panama",
      "Belize"
    ],
    "toss": {
      "decision": "bat",
      "winner": "Panama"
    },
    "venue": "Church Street Park"
  },
  "innings": [
    {
      "team": "Panama",
      "overs": [
        {
          "over": 0,
          "deliveries": [
            {
              "batter": "Imran Bulbulia",
              "bowler": "F Sutherland",
              "non_striker": "Mahmad Data",
              "runs": {
                "batter": 0,
                "extras": 0,
                "total": 0
              }
            },
            {
              "batter": "Imran Bulbulia",
              "bowler": "F Sutherland",
              "non_striker": "Mahmad Data",
              "runs": {
                "batter": 0,
                "extras": 0,
                "total": 0
              }
            },
            {
              "batter": "Imran Bulbulia",
              "bowler": "F Sutherland",
              "extras": {
                "wides": 1
              },
              "non_striker": "Mahmad Data",
              "runs": {
                "batter": 0,
                "extras": 1,
                "total": 1
              }
            },
            {
              "batter": "Imran Bulbulia",
              "bowler": "F Sutherland",
              "non_striker": "Mahmad Data",
              "runs": {
                "batter": 0,
                "extras": 0,
                "total": 0
              }
            },
            {
              "batter": "Imran Bulbulia",
              "bowler": "F Sutherland",
              "non_striker": "Mahmad Data",
              "runs": {
                "batter": 0,
                "extras": 0,
                "total": 0
              }
            },
            {
              "batter": "Imran Bulbulia",
              "bowler": "F Sutherland",
              "extras": {
                "byes": 1
              },
              "non_striker": "Mahmad Data",
              "runs": {
                "batter": 0,
                "extras": 1,
                "total": 1
              }
            },
            {
              "batter": "Mahmad Data",
              "bowler": "F Sutherland",
              "non_striker": "Imran Bulbulia",
              "runs": {
                "batter": 0,
                "extras": 0,
                "total": 0
              }
            }
          ]
        },
        {
          "over": 1,
          "deliveries": [
            {
              "batter": "Imran Bulbulia",
              "bowler": "HH Banner",
              "non_striker": "Mahmad Data",
              "runs": {
                "batter": 2,
                "extras": 0,
                "total": 2
              }
            },
            {
              "batter": "Imran Bulbulia",
              "bowler": "HH Banner",
              "non_striker": "Mahmad Data",
              "runs": {
                "batter": 2,
                "extras": 0,
                "total": 2
              }
            },
            {
              "batter": "Imran Bulbulia",
              "bowler": "HH Banner",
              "non_striker": "Mahmad Data",
              "runs": {
                "batter": 0,
                "extras": 0,
                "total": 0
              }
            },
            {
              "batter": "Imran Bulbulia",
              "bowler": "HH Banner",
              "non_striker": "Mahmad Data",
              "runs": {
                "batter": 0,
                "extras": 0,
                "total": 0
              }
            },
            {
              "batter": "Imran Bulbulia",
              "bowler": "HH Banner",
              "non_striker": "Mahmad Data",
              "runs": {
                "batter": 1,
                "extras": 0,
                "total": 1
              }
            },
            {
              "batter": "Mahmad Data",
              "bowler": "HH Banner",
              "non_striker": "Imran Bulbulia",
              "runs": {
                "batter": 0,
                "extras": 0,
                "total": 0
              }
            }
          ]
        },
        {
          "over": 2,
          "deliveries": [
            {
              "batter": "Imran Bulbulia",
              "bowler": "F Sutherland",
              "non_striker": "Mahmad Data",
              "runs": {
                "batter": 0,
                "extras": 0,
                "total": 0
              }
            },
            {
              "batter": "Imran Bulbulia",
              "bowler": "F Sutherland",
              "non_striker": "Mahmad Data",
              "runs": {
                "batter": 0,
                "extras": 0,
                "total": 0
              }
            },
            {
              "batter": "Imran Bulbulia",
              "bowler": "F Sutherland",
              "non_striker": "Mahmad Data",
              "runs": {
                "batter": 1,
                "extras": 0,
                "total": 1
              }
            },
            {
              "batter": "Mahmad Data",
              "bowler": "F Sutherland",
              "non_striker": "Imran Bulbulia",
              "runs": {
                "batter": 0,
                "extras": 0,
                "total": 0
              }
            },
            {
              "batter": "Mahmad Data",
              "bowler": "F Sutherland",
              "non_striker": "Imran Bulbulia",
              "runs": {
                "batter": 0,
                "extras": 0,
                "total": 0
              }
            },
            {
              "batter": "Mahmad Data",
              "bowler": "F Sutherland",
              "non_striker": "Imran Bulbulia",
              "runs": {
                "batter": 0,
                "extras": 0,
                "total": 0
              }
            }
          ]
        },
        {
          "over": 3,
          "deliveries": [
            {
              "batter": "Imran Bulbulia",
              "bowler": "HH Banner",
              "non_striker": "Mahmad Data",
              "runs": {
                "batter": 0,
                "extras": 0,
                "total": 0
              }
            },
            {
              "batter": "Imran Bulbulia",
              "bowler": "HH Banner",
              "non_striker": "Mahmad Data",
              "runs": {
                "batter": 0,
                "extras": 0,
                "total": 0
              },
              "wickets": [
                {
                  "player_out": "Imran Bulbulia",
                  "fielders": [
                    {
                      "name": "W Banner"
                    }
                  ],
                  "kind": "caught"
                }
              ]
            },
            {
              "batter": "Sarfaraj Mulla",
              "bowler": "HH Banner",
              "non_striker": "Mahmad Data",
              "runs": {
                "batter": 0,
                "extras": 0,
                "total": 0
              }
            },
            {
              "batter": "Sarfaraj Mulla",
              "bowler": "HH Banner",
              "non_striker": "Mahmad Data",
              "runs": {
                "batter": 1,
                "extras": 0,
                "total": 1
              }
            },
            {
              "batter": "Mahmad Data",
              "bowler": "HH Banner",
              "non_striker": "Sarfaraj Mulla",
              "runs": {
                "batter": 0,
                "extras": 0,
                "total": 0
              }
            },
            {
              "batter": "Mahmad Data",
              "bowler": "HH Banner",
              "non_striker": "Sarfaraj Mulla",
              "runs": {
                "batter": 0,
                "extras": 0,
                "total": 0
              }
            }
          ]
        },
        {
          "over": 4,
          "deliveries": [
            {
              "batter": "Sarfaraj Mulla",
              "bowler": "L Hyde",
              "non_striker": "Mahmad Data",
              "runs": {
                "batter": 0,
                "extras": 0,
                "total": 0
              }
            },
            {
              "batter": "Sarfaraj Mulla",
              "bowler": "L Hyde",
              "non_striker": "Mahmad Data",
              "runs": {
                "batter": 0,
                "extras": 0,
                "total": 0
              }
            },
            {
              "batter": "Sarfaraj Mulla",
              "bowler": "L Hyde",
              "non_striker": "Mahmad Data",
              "runs": {
                "batter": 0,
                "extras": 0,
                "total": 0
              }
            },
            {
              "batter": "Sarfaraj Mulla",
              "bowler": "L Hyde",
              "non_striker": "Mahmad Data",
              "runs": {
                "batter": 1,
                "extras": 0,
                "total": 1
              }
            },
            {
              "batter": "Mahmad Data",
              "bowler": "L Hyde",
              "non_striker": "Sarfaraj Mulla",
              "runs": {
                "batter": 1,
                "extras": 0,
                "total": 1
              }
            },
            {
              "batter": "Sarfaraj Mulla",
              "bowler": "L Hyde",
              "non_striker": "Mahmad Data",
              "runs": {
                "batter": 2,
                "extras": 0,
                "total": 2
              }
            }
          ]
        },
        {
          "over": 5,
          "deliveries": [
            {
              "batter": "Mahmad Data",
              "bowler": "HH Banner",
              "non_striker": "Sarfaraj Mulla",
              "runs": {
                "batter": 0,
                "extras": 0,
                "total": 0
              }
            },
            {
              "batter": "Mahmad Data",
              "bowler": "HH Banner",
              "non_striker": "Sarfaraj Mulla",
              "runs": {
                "batter": 0,
                "extras": 0,
                "total": 0
              }
            },
            {
              "batter": "Mahmad Data",
              "bowler": "HH Banner",
              "non_striker": "Sarfaraj Mulla",
              "runs": {
                "batter": 1,
                "extras": 0,
                "total": 1
              }
            },
            {
              "batter": "Sarfaraj Mulla",
              "bowler": "HH Banner",
              "non_striker": "Mahmad Data",
              "runs": {
                "batter": 0,
                "extras": 0,
                "total": 0
              }
            },
            {
              "batter": "Sarfaraj Mulla",
              "bowler": "HH Banner",
              "non_striker": "Mahmad Data",
              "runs": {
                "batter": 0,
                "extras": 0,
                "total": 0
              }
            },
            {
              "batter": "Sarfaraj Mulla",
              "bowler": "HH Banner",
              "non_striker": "Mahmad Data",
              "runs": {
                "batter": 0,
                "extras": 0,
                "total": 0
              }
            }
          ]
        },
        {
          "over": 6,
          "deliveries": [
            {
              "batter": "Mahmad Data",
              "bowler": "L Hyde",
              "non_striker": "Sarfaraj Mulla",
              "runs": {
                "batter": 0,
                "extras": 0,
                "total": 0
              },
              "wickets": [
                {
                  "player_out": "Mahmad Data",
                  "fielders": [
                    {
                      "name": "HH Banner"
                    }
                  ],
                  "kind": "caught"
                }
              ]
            },
            {
              "batter": "Sarfaraj Mulla",
              "bowler": "L Hyde",
              "non_striker": "Mahmud Jasat",
              "runs": {
                "batter": 0,
                "extras": 0,
                "total": 0
              }
            },
            {
              "batter": "Sarfaraj Mulla",
              "bowler": "L Hyde",
              "non_striker": "Mahmud Jasat",
              "runs": {
                "batter": 3,
                "extras": 0,
                "total": 3
              }
            },
            {
              "batter": "Mahmud Jasat",
              "bowler": "L Hyde",
              "non_striker": "Sarfaraj Mulla",
              "runs": {
                "batter": 0,
                "extras": 0,
                "total": 0
              }
            },
            {
              "batter": "Mahmud Jasat",
              "bowler": "L Hyde",
              "non_striker": "Sarfaraj Mulla",
              "runs": {
                "batter": 0,
                "extras": 0,
                "total": 0
              }
            },
            {
              "batter": "Mahmud Jasat",
              "bowler": "L Hyde",
              "non_striker": "Sarfaraj Mulla",
              "runs": {
                "batter": 0,
                "extras": 0,
                "total": 0
              }
            }
          ]
        },
        {
          "over": 7,
          "deliveries": [
            {
              "batter": "Sarfaraj Mulla",
              "bowler": "J Benjamin",
              "extras": {
                "wides": 1
              },
              "non_striker": "Mahmud Jasat",
              "runs": {
                "batter": 0,
                "extras": 1,
                "total": 1
              }
            },
            {
              "batter": "Sarfaraj Mulla",
              "bowler": "J Benjamin",
              "non_striker": "Mahmud Jasat",
              "runs": {
                "batter": 1,
                "extras": 0,
                "total": 1
              }
            },
            {
              "batter": "Mahmud Jasat",
              "bowler": "J Benjamin",
              "non_striker": "Sarfaraj Mulla",
              "runs": {
                "batter": 1,
                "extras": 0,
                "total": 1
              }
            },
            {
              "batter": "Sarfaraj Mulla",
              "bowler": "J Benjamin",
              "non_striker": "Mahmud Jasat",
              "runs": {
                "batter": 2,
                "extras": 0,
                "total": 2
              }
            },
            {
              "batter": "Sarfaraj Mulla",
              "bowler": "J Benjamin",
              "non_striker": "Mahmud Jasat",
              "runs": {
                "batter": 2,
                "extras": 0,
                "total": 2
              }
            },
            {
              "batter": "Sarfaraj Mulla",
              "bowler": "J Benjamin",
              "non_striker": "Mahmud Jasat",
              "runs": {
                "batter": 4,
                "extras": 0,
                "total": 4
              }
            },
            {
              "batter": "Sarfaraj Mulla",
              "bowler": "J Benjamin",
              "non_striker": "Mahmud Jasat",
              "runs": {
                "batter": 1,
                "extras": 0,
                "total": 1
              }
            }
          ]
        },
        {
          "over": 8,
          "deliveries": [
            {
              "batter": "Sarfaraj Mulla",
              "bowler": "L Hyde",
              "non_striker": "Mahmud Jasat",
              "runs": {
                "batter": 0,
                "extras": 0,
                "total": 0
              }
            },
            {
              "batter": "Sarfaraj Mulla",
              "bowler": "L Hyde",
              "non_striker": "Mahmud Jasat",
              "runs": {
                "batter": 0,
                "extras": 0,
                "total": 0
              }
            },
            {
              "batter": "Sarfaraj Mulla",
              "bowler": "L Hyde",
              "non_striker": "Mahmud Jasat",
              "runs": {
                "batter": 6,
                "extras": 0,
                "total": 6
              }
            },
            {
              "batter": "Sarfaraj Mulla",
              "bowler": "L Hyde",
              "non_striker": "Mahmud Jasat",
              "runs": {
                "batter": 2,
                "extras": 0,
                "total": 2
              }
            },
            {
              "batter": "Sarfaraj Mulla",
              "bowler": "L Hyde",
              "non_striker": "Mahmud Jasat",
              "runs": {
                "batter": 0,
                "extras": 0,
                "total": 0
              }
            },
            {
              "batter": "Sarfaraj Mulla",
              "bowler": "L Hyde",
              "non_striker": "Mahmud Jasat",
              "runs": {
                "batter": 4,
                "extras": 0,
                "total": 4
              }
            }
          ]
        },
        {
          "over": 9,
          "deliveries": [
            {
              "batter": "Mahmud Jasat",
              "bowler": "J Benjamin",
              "non_striker": "Sarfaraj Mulla",
              "runs": {
                "batter": 1,
                "extras": 0,
                "total": 1
              }
            },
            {
              "batter": "Sarfaraj Mulla",
              "bowler": "J Benjamin",
              "non_striker": "Mahmud Jasat",
              "runs": {
                "batter": 0,
                "extras": 0,
                "total": 0
              }
            },
            {
              "batter": "Sarfaraj Mulla",
              "bowler": "J Benjamin",
              "non_striker": "Mahmud Jasat",
              "runs": {
                "batter": 1,
                "extras": 0,
                "total": 1
              }
            },
            {
              "batter": "Mahmud Jasat",
              "bowler": "J Benjamin",
              "non_striker": "Sarfaraj Mulla",
              "runs": {
                "batter": 0,
                "extras": 0,
                "total": 0
              }
            },
            {
              "batter": "Mahmud Jasat",
              "bowler": "J Benjamin",
              "non_striker": "Sarfaraj Mulla",
              "runs": {
                "batter": 0,
                "extras": 0,
                "total": 0
              }
            },
            {
              "batter": "Mahmud Jasat",
              "bowler": "J Benjamin",
              "non_striker": "Sarfaraj Mulla",
              "runs": {
                "batter": 0,
                "extras": 0,
                "total": 0
              }
            }
          ]
        },
        {
          "over": 10,
          "deliveries": [
            {
              "batter": "Sarfaraj Mulla",
              "bowler": "K Roca",
              "non_striker": "Mahmud Jasat",
              "runs": {
                "batter": 0,
                "extras": 0,
                "total": 0
              },
              "wickets": [
                {
                  "player_out": "Sarfaraj Mulla",
                  "fielders": [
                    {
                      "name": "AK Muslar"
                    }
                  ],
                  "kind": "stumped"
                }
              ]
            },
            {
              "batter": "Irfan Hafejee",
              "bowler": "K Roca",
              "non_striker": "Mahmud Jasat",
              "runs": {
                "batter": 0,
                "extras": 0,
                "total": 0
              }
            },
            {
              "batter": "Irfan Hafejee",
              "bowler": "K Roca",
              "non_striker": "Mahmud Jasat",
              "runs": {
                "batter": 0,
                "extras": 0,
                "total": 0
              }
            },
            {
              "batter": "Irfan Hafejee",
              "bowler": "K Roca",
              "non_striker": "Mahmud Jasat",
              "runs": {
                "batter": 0,
                "extras": 0,
                "total": 0
              }
            },
            {
              "batter": "Irfan Hafejee",
              "bowler": "K Roca",
              "non_striker": "Mahmud Jasat",
              "runs": {
                "batter": 1,
                "extras": 0,
                "total": 1
              }
            },
            {
              "batter": "Mahmud Jasat",
              "bowler": "K Roca",
              "non_striker": "Irfan Hafejee",
              "runs": {
                "batter": 0,
                "extras": 0,
                "total": 0
              }
            }
          ]
        },
        {
          "over": 11,
          "deliveries": [
            {
              "batter": "Irfan Hafejee",
              "bowler": "J Benjamin",
              "non_striker": "Mahmud Jasat",
              "runs": {
                "batter": 0,
                "extras": 0,
                "total": 0
              }
            },
            {
              "batter": "Irfan Hafejee",
              "bowler": "J Benjamin",
              "non_striker": "Mahmud Jasat",
              "runs": {
                "batter": 0,
                "extras": 0,
                "total": 0
              }
            },
            {
              "batter": "Irfan Hafejee",
              "bowler": "J Benjamin",
              "non_striker": "Mahmud Jasat",
              "runs": {
                "batter": 0,
                "extras": 0,
                "total": 0
              }
            },
            {
              "batter": "Irfan Hafejee",
              "bowler": "J Benjamin",
              "non_striker": "Mahmud Jasat",
              "runs": {
                "batter": 4,
                "extras": 0,
                "total": 4
              }
            },
            {
              "batter": "Irfan Hafejee",
              "bowler": "J Benjamin",
              "non_striker": "Mahmud Jasat",
              "runs": {
                "batter": 1,
                "extras": 0,
                "total": 1
              }
            },
            {
              "batter": "Mahmud Jasat",
              "bowler": "J Benjamin",
              "non_striker": "Irfan Hafejee",
              "runs": {
                "batter": 1,
                "extras": 0,
                "total": 1
              }
            }
          ]
        },
        {
          "over": 12,
          "deliveries": [
            {
              "batter": "Mahmud Jasat",
              "bowler": "K Roca",
              "non_striker": "Irfan Hafejee",
              "runs": {
                "batter": 0,
                "extras": 0,
                "total": 0
              },
              "wickets": [
                {
                  "player_out": "Mahmud Jasat",
                  "kind": "bowled"
                }
              ]
            },
            {
              "batter": "D Ahir",
              "bowler": "K Roca",
              "non_striker": "Irfan Hafejee",
              "runs": {
                "batter": 0,
                "extras": 0,
                "total": 0
              }
            },
            {
              "batter": "D Ahir",
              "bowler": "K Roca",
              "non_striker": "Irfan Hafejee",
              "runs": {
                "batter": 1,
                "extras": 0,
                "total": 1
              }
            },
            {
              "batter": "Irfan Hafejee",
              "bowler": "K Roca",
              "non_striker": "D Ahir",
              "runs": {
                "batter": 4,
                "extras": 0,
                "total": 4
              }
            },
            {
              "batter": "Irfan Hafejee",
              "bowler": "K Roca",
              "non_striker": "D Ahir",
              "runs": {
                "batter": 0,
                "extras": 0,
                "total": 0
              }
            },
            {
              "batter": "Irfan Hafejee",
              "bowler": "K Roca",
              "non_striker": "D Ahir",
              "runs": {
                "batter": 0,
                "extras": 0,
                "total": 0
              }
            }
          ]
        },
        {
          "over": 13,
          "deliveries": [
            {
              "batter": "D Ahir",
              "bowler": "D Sutherland",
              "non_striker": "Irfan Hafejee",
              "runs": {
                "batter": 0,
                "extras": 0,
                "total": 0
              }
            },
            {
              "batter": "D Ahir",
              "bowler": "D Sutherland",
              "non_striker": "Irfan Hafejee",
              "runs": {
                "batter": 1,
                "extras": 0,
                "total": 1
              }
            },
            {
              "batter": "Irfan Hafejee",
              "bowler": "D Sutherland",
              "non_striker": "D Ahir",
              "runs": {
                "batter": 0,
                "extras": 0,
                "total": 0
              }
            },
            {
              "batter": "Irfan Hafejee",
              "bowler": "D Sutherland",
              "non_striker": "D Ahir",
              "runs": {
                "batter": 0,
                "extras": 0,
                "total": 0
              }
            },
            {
              "batter": "Irfan Hafejee",
              "bowler": "D Sutherland",
              "extras": {
                "wides": 1
              },
              "non_striker": "D Ahir",
              "runs": {
                "batter": 0,
                "extras": 1,
                "total": 1
              }
            },
            {
              "batter": "Irfan Hafejee",
              "bowler": "D Sutherland",
              "non_striker": "D Ahir",
              "runs": {
                "batter": 0,
                "extras": 0,
                "total": 0
              },
              "wickets": [
                {
                  "player_out": "Irfan Hafejee",
                  "fielders": [
                    {
                      "name": "J Benjamin"
                    }
                  ],
                  "kind": "caught"
                }
              ]
            },
            {
              "batter": "D Ahir",
              "bowler": "D Sutherland",
              "extras": {
                "byes": 4
              },
              "non_striker": "S Chohan",
              "runs": {
                "batter": 0,
                "extras": 4,
                "total": 4
              }
            }
          ]
        },
        {
          "over": 14,
          "deliveries": [
            {
              "batter": "S Chohan",
              "bowler": "K Roca",
              "non_striker": "D Ahir",
              "runs": {
                "batter": 0,
                "extras": 0,
                "total": 0
              }
            },
            {
              "batter": "S Chohan",
              "bowler": "K Roca",
              "non_striker": "D Ahir",
              "runs": {
                "batter": 1,
                "extras": 0,
                "total": 1
              }
            },
            {
              "batter": "D Ahir",
              "bowler": "K Roca",
              "non_striker": "S Chohan",
              "runs": {
                "batter": 0,
                "extras": 0,
                "total": 0
              }
            },
            {
              "batter": "D Ahir",
              "bowler": "K Roca",
              "non_striker": "S Chohan",
              "runs": {
                "batter": 4,
                "extras": 0,
                "total": 4
              }
            },
            {
              "batter": "D Ahir",
              "bowler": "K Roca",
              "non_striker": "S Chohan",
              "runs": {
                "batter": 1,
                "extras": 0,
                "total": 1
              }
            },
            {
              "batter": "S Chohan",
              "bowler": "K Roca",
              "non_striker": "D Ahir",
              "runs": {
                "batter": 4,
                "extras": 0,
                "total": 4
              }
            }
          ]
        },
        {
          "over": 15,
          "deliveries": [
            {
              "batter": "D Ahir",
              "bowler": "D Sutherland",
              "extras": {
                "wides": 1
              },
              "non_striker": "S Chohan",
              "runs": {
                "batter": 0,
                "extras": 1,
                "total": 1
              }
            },
            {
              "batter": "D Ahir",
              "bowler": "D Sutherland",
              "non_striker": "S Chohan",
              "runs": {
                "batter": 0,
                "extras": 0,
                "total": 0
              }
            },
            {
              "batter": "D Ahir",
              "bowler": "D Sutherland",
              "non_striker": "S Chohan",
              "runs": {
                "batter": 4,
                "extras": 0,
                "total": 4
              }
            },
            {
              "batter": "D Ahir",
              "bowler": "D Sutherland",
              "non_striker": "S Chohan",
              "runs": {
                "batter": 0,
                "extras": 0,
                "total": 0
              }
            },
            {
              "batter": "D Ahir",
              "bowler": "D Sutherland",
              "non_striker": "S Chohan",
              "runs": {
                "batter": 1,
                "extras": 0,
                "total": 1
              }
            },
            {
              "batter": "S Chohan",
              "bowler": "D Sutherland",
              "non_striker": "D Ahir",
              "runs": {
                "batter": 1,
                "extras": 0,
                "total": 1
              }
            },
            {
              "batter": "D Ahir",
              "bowler": "D Sutherland",
              "non_striker": "S Chohan",
              "runs": {
                "batter": 2,
                "extras": 0,
                "total": 2
              }
            }
          ]
        },
        {
          "over": 16,
          "deliveries": [
            {
              "batter": "S Chohan",
              "bowler": "F Sutherland",
              "non_striker": "D Ahir",
              "runs": {
                "batter": 4,
                "extras": 0,
                "total": 4
              }
            },
            {
              "batter": "S Chohan",
              "bowler": "F Sutherland",
              "non_striker": "D Ahir",
              "runs": {
                "batter": 0,
                "extras": 0,
                "total": 0
              }
            },
            {
              "batter": "S Chohan",
              "bowler": "F Sutherland",
              "non_striker": "D Ahir",
              "runs": {
                "batter": 4,
                "extras": 0,
                "total": 4
              }
            },
            {
              "batter": "S Chohan",
              "bowler": "F Sutherland",
              "non_striker": "D Ahir",
              "runs": {
                "batter": 1,
                "extras": 0,
                "total": 1
              }
            },
            {
              "batter": "D Ahir",
              "bowler": "F Sutherland",
              "non_striker": "S Chohan",
              "runs": {
                "batter": 0,
                "extras": 0,
                "total": 0
              }
            },
            {
              "batter": "D Ahir",
              "bowler": "F Sutherland",
              "non_striker": "S Chohan",
              "runs": {
                "batter": 0,
                "extras": 0,
                "total": 0
              }
            }
          ]
        },
        {
          "over": 17,
          "deliveries": [
            {
              "batter": "S Chohan",
              "bowler": "L Hyde",
              "non_striker": "D Ahir",
              "runs": {
                "batter": 1,
                "extras": 0,
                "total": 1
              }
            },
            {
              "batter": "D Ahir",
              "bowler": "L Hyde",
              "non_striker": "S Chohan",
              "runs": {
                "batter": 1,
                "extras": 0,
                "total": 1
              }
            },
            {
              "batter": "S Chohan",
              "bowler": "L Hyde",
              "non_striker": "D Ahir",
              "runs": {
                "batter": 0,
                "extras": 0,
                "total": 0
              }
            },
            {
              "batter": "S Chohan",
              "bowler": "L Hyde",
              "non_striker": "D Ahir",
              "runs": {
                "batter": 2,
                "extras": 0,
                "total": 2
              }
            },
            {
              "batter": "S Chohan",
              "bowler": "L Hyde",
              "non_striker": "D Ahir",
              "runs": {
                "batter": 4,
                "extras": 0,
                "total": 4
              }
            },
            {
              "batter": "S Chohan",
              "bowler": "L Hyde",
              "non_striker": "D Ahir",
              "runs": {
                "batter": 4,
                "extras": 0,
                "total": 4
              }
            }
          ]
        },
        {
          "over": 18,
          "deliveries": [
            {
              "batter": "D Ahir",
              "bowler": "F Sutherland",
              "non_striker": "S Chohan",
              "runs": {
                "batter": 1,
                "extras": 0,
                "total": 1
              }
            },
            {
              "batter": "S Chohan",
              "bowler": "F Sutherland",
              "non_striker": "D Ahir",
              "runs": {
                "batter": 0,
                "extras": 0,
                "total": 0
              },
              "wickets": [
                {
                  "player_out": "D Ahir",
                  "kind": "run out"
                }
              ]
            },
            {
              "batter": "S Chohan",
              "bowler": "F Sutherland",
              "non_striker": "V Ahir",
              "runs": {
                "batter": 0,
                "extras": 0,
                "total": 0
              }
            },
            {
              "batter": "S Chohan",
              "bowler": "F Sutherland",
              "non_striker": "V Ahir",
              "runs": {
                "batter": 0,
                "extras": 0,
                "total": 0
              }
            },
            {
              "batter": "S Chohan",
              "bowler": "F Sutherland",
              "non_striker": "V Ahir",
              "runs": {
                "batter": 4,
                "extras": 0,
                "total": 4
              }
            },
            {
              "batter": "S Chohan",
              "bowler": "F Sutherland",
              "extras": {
                "wides": 1
              },
              "non_striker": "V Ahir",
              "runs": {
                "batter": 0,
                "extras": 1,
                "total": 1
              }
            },
            {
              "batter": "S Chohan",
              "bowler": "F Sutherland",
              "non_striker": "V Ahir",
              "runs": {
                "batter": 1,
                "extras": 0,
                "total": 1
              }
            }
          ]
        },
        {
          "over": 19,
          "deliveries": [
            {
              "batter": "S Chohan",
              "bowler": "HH Banner",
              "non_striker": "V Ahir",
              "runs": {
                "batter": 2,
                "extras": 0,
                "total": 2
              }
            },
            {
              "batter": "S Chohan",
              "bowler": "HH Banner",
              "non_striker": "V Ahir",
              "runs": {
                "batter": 4,
                "extras": 0,
                "total": 4
              }
            },
            {
              "batter": "S Chohan",
              "bowler": "HH Banner",
              "non_striker": "V Ahir",
              "runs": {
                "batter": 6,
                "extras": 0,
                "total": 6
              }
            },
            {
              "batter": "S Chohan",
              "bowler": "HH Banner",
              "non_striker": "V Ahir",
              "runs": {
                "batter": 4,
                "extras": 0,
                "total": 4
              }
            },
            {
              "batter": "S Chohan",
              "bowler": "HH Banner",
              "non_striker": "V Ahir",
              "runs": {
                "batter": 4,
                "extras": 0,
                "total": 4
              }
            },
            {
              "batter": "S Chohan",
              "bowler": "HH Banner",
              "non_striker": "V Ahir",
              "runs": {
                "batter": 0,
                "extras": 0,
                "total": 0
              }
            }
          ]
        }
      ],
      "powerplays": [
        {
          "from": 0.1,
          "to": 5.6,
          "type": "mandatory"
        }
      ]
    },
    {
      "team": "Belize",
      "overs": [
        {
          "over": 0,
          "deliveries": [
            {
              "batter": "H Gillett",
              "bowler": "KB Ahir",
              "non_striker": "KJ Young",
              "runs": {
                "batter": 0,
                "extras": 0,
                "total": 0
              }
            },
            {
              "batter": "H Gillett",
              "bowler": "KB Ahir",
              "non_striker": "KJ Young",
              "runs": {
                "batter": 0,
                "extras": 0,
                "total": 0
              }
            },
            {
              "batter": "H Gillett",
              "bowler": "KB Ahir",
              "non_striker": "KJ Young",
              "runs": {
                "batter": 1,
                "extras": 0,
                "total": 1
              }
            },
            {
              "batter": "KJ Young",
              "bowler": "KB Ahir",
              "extras": {
                "wides": 1
              },
              "non_striker": "H Gillett",
              "runs": {
                "batter": 0,
                "extras": 1,
                "total": 1
              }
            },
            {
              "batter": "KJ Young",
              "bowler": "KB Ahir",
              "non_striker": "H Gillett",
              "runs": {
                "batter": 0,
                "extras": 0,
                "total": 0
              }
            },
            {
              "batter": "KJ Young",
              "bowler": "KB Ahir",
              "non_striker": "H Gillett",
              "runs": {
                "batter": 1,
                "extras": 0,
                "total": 1
              }
            },
            {
              "batter": "H Gillett",
              "bowler": "KB Ahir",
              "non_striker": "KJ Young",
              "runs": {
                "batter": 1,
                "extras": 0,
                "total": 1
              }
            }
          ]
        },
        {
          "over": 1,
          "deliveries": [
            {
              "batter": "H Gillett",
              "bowler": "Irfan Hafejee",
              "non_striker": "KJ Young",
              "runs": {
                "batter": 0,
                "extras": 0,
                "total": 0
              }
            },
            {
              "batter": "H Gillett",
              "bowler": "Irfan Hafejee",
              "non_striker": "KJ Young",
              "runs": {
                "batter": 1,
                "extras": 0,
                "total": 1
              }
            },
            {
              "batter": "KJ Young",
              "bowler": "Irfan Hafejee",
              "non_striker": "H Gillett",
              "runs": {
                "batter": 0,
                "extras": 0,
                "total": 0
              },
              "wickets": [
                {
                  "player_out": "KJ Young",
                  "fielders": [
                    {
                      "name": "Mahmud Jasat"
                    }
                  ],
                  "kind": "caught"
                }
              ]
            },
            {
              "batter": "AK Muslar",
              "bowler": "Irfan Hafejee",
              "non_striker": "H Gillett",
              "runs": {
                "batter": 0,
                "extras": 0,
                "total": 0
              }
            },
            {
              "batter": "AK Muslar",
              "bowler": "Irfan Hafejee",
              "non_striker": "H Gillett",
              "runs": {
                "batter": 0,
                "extras": 0,
                "total": 0
              }
            },
            {
              "batter": "AK Muslar",
              "bowler": "Irfan Hafejee",
              "non_striker": "H Gillett",
              "runs": {
                "batter": 0,
                "extras": 0,
                "total": 0
              }
            }
          ]
        },
        {
          "over": 2,
          "deliveries": [
            {
              "batter": "H Gillett",
              "bowler": "KB Ahir",
              "extras": {
                "wides": 1
              },
              "non_striker": "AK Muslar",
              "runs": {
                "batter": 0,
                "extras": 1,
                "total": 1
              }
            },
            {
              "batter": "H Gillett",
              "bowler": "KB Ahir",
              "non_striker": "AK Muslar",
              "runs": {
                "batter": 0,
                "extras": 0,
                "total": 0
              }
            },
            {
              "batter": "H Gillett",
              "bowler": "KB Ahir",
              "non_striker": "AK Muslar",
              "runs": {
                "batter": 0,
                "extras": 0,
                "total": 0
              }
            },
            {
              "batter": "H Gillett",
              "bowler": "KB Ahir",
              "non_striker": "AK Muslar",
              "runs": {
                "batter": 0,
                "extras": 0,
                "total": 0
              }
            },
            {
              "batter": "H Gillett",
              "bowler": "KB Ahir",
              "non_striker": "AK Muslar",
              "runs": {
                "batter": 0,
                "extras": 0,
                "total": 0
              },
              "wickets": [
                {
                  "player_out": "H Gillett",
                  "fielders": [
                    {
                      "name": "V Ahir"
                    }
                  ],
                  "kind": "caught"
                }
              ]
            },
            {
              "batter": "D Sutherland",
              "bowler": "KB Ahir",
              "non_striker": "AK Muslar",
              "runs": {
                "batter": 0,
                "extras": 0,
                "total": 0
              }
            },
            {
              "batter": "D Sutherland",
              "bowler": "KB Ahir",
              "non_striker": "AK Muslar",
              "runs": {
                "batter": 0,
                "extras": 0,
                "total": 0
              }
            }
          ]
        },
        {
          "over": 3,
          "deliveries": [
            {
              "batter": "AK Muslar",
              "bowler": "Irfan Hafejee",
              "non_striker": "D Sutherland",
              "runs": {
                "batter": 1,
                "extras": 0,
                "total": 1
              }
            },
            {
              "batter": "D Sutherland",
              "bowler": "Irfan Hafejee",
              "non_striker": "AK Muslar",
              "runs": {
                "batter": 0,
                "extras": 0,
                "total": 0
              }
            },
            {
              "batter": "D Sutherland",
              "bowler": "Irfan Hafejee",
              "non_striker": "AK Muslar",
              "runs": {
                "batter": 2,
                "extras": 0,
                "total": 2
              }
            },
            {
              "batter": "D Sutherland",
              "bowler": "Irfan Hafejee",
              "non_striker": "AK Muslar",
              "runs": {
                "batter": 0,
                "extras": 0,
                "total": 0
              }
            },
            {
              "batter": "D Sutherland",
              "bowler": "Irfan Hafejee",
              "non_striker": "AK Muslar",
              "runs": {
                "batter": 1,
                "extras": 0,
                "total": 1
              }
            },
            {
              "batter": "AK Muslar",
              "bowler": "Irfan Hafejee",
              "extras": {
                "wides": 1
              },
              "non_striker": "D Sutherland",
              "runs": {
                "batter": 0,
                "extras": 1,
                "total": 1
              }
            },
            {
              "batter": "AK Muslar",
              "bowler": "Irfan Hafejee",
              "non_striker": "D Sutherland",
              "runs": {
                "batter": 0,
                "extras": 0,
                "total": 0
              }
            }
          ]
        },
        {
          "over": 4,
          "deliveries": [
            {
              "batter": "D Sutherland",
              "bowler": "KB Ahir",
              "non_striker": "AK Muslar",
              "runs": {
                "batter": 0,
                "extras": 0,
                "total": 0
              }
            },
            {
              "batter": "D Sutherland",
              "bowler": "KB Ahir",
              "non_striker": "AK Muslar",
              "runs": {
                "batter": 0,
                "extras": 0,
                "total": 0
              }
            },
            {
              "batter": "D Sutherland",
              "bowler": "KB Ahir",
              "non_striker": "AK Muslar",
              "runs": {
                "batter": 0,
                "extras": 0,
                "total": 0
              }
            },
            {
              "batter": "D Sutherland",
              "bowler": "KB Ahir",
              "non_striker": "AK Muslar",
              "runs": {
                "batter": 0,
                "extras": 0,
                "total": 0
              }
            },
            {
              "batter": "D Sutherland",
              "bowler": "KB Ahir",
              "non_striker": "AK Muslar",
              "runs": {
                "batter": 0,
                "extras": 0,
                "total": 0
              }
            },
            {
              "batter": "D Sutherland",
              "bowler": "KB Ahir",
              "non_striker": "AK Muslar",
              "runs": {
                "batter": 1,
                "extras": 0,
                "total": 1
              }
            }
          ]
        },
        {
          "over": 5,
          "deliveries": [
            {
              "batter": "D Sutherland",
              "bowler": "Abdullah Jasat",
              "non_striker": "AK Muslar",
              "runs": {
                "batter": 1,
                "extras": 0,
                "total": 1
              }
            },
            {
              "batter": "AK Muslar",
              "bowler": "Abdullah Jasat",
              "non_striker": "D Sutherland",
              "runs": {
                "batter": 0,
                "extras": 0,
                "total": 0
              }
            },
            {
              "batter": "AK Muslar",
              "bowler": "Abdullah Jasat",
              "non_striker": "D Sutherland",
              "runs": {
                "batter": 0,
                "extras": 0,
                "total": 0
              }
            },
            {
              "batter": "AK Muslar",
              "bowler": "Abdullah Jasat",
              "non_striker": "D Sutherland",
              "runs": {
                "batter": 0,
                "extras": 0,
                "total": 0
              }
            },
            {
              "batter": "AK Muslar",
              "bowler": "Abdullah Jasat",
              "extras": {
                "byes": 4
              },
              "non_striker": "D Sutherland",
              "runs": {
                "batter": 0,
                "extras": 4,
                "total": 4
              }
            },
            {
              "batter": "AK Muslar",
              "bowler": "Abdullah Jasat",
              "non_striker": "D Sutherland",
              "runs": {
                "batter": 0,
                "extras": 0,
                "total": 0
              }
            }
          ]
        },
        {
          "over": 6,
          "deliveries": [
            {
              "batter": "D Sutherland",
              "bowler": "Ibrahim Vhora",
              "extras": {
                "wides": 1
              },
              "non_striker": "AK Muslar",
              "runs": {
                "batter": 0,
                "extras": 1,
                "total": 1
              }
            },
            {
              "batter": "D Sutherland",
              "bowler": "Ibrahim Vhora",
              "non_striker": "AK Muslar",
              "runs": {
                "batter": 0,
                "extras": 0,
                "total": 0
              }
            },
            {
              "batter": "D Sutherland",
              "bowler": "Ibrahim Vhora",
              "non_striker": "AK Muslar",
              "runs": {
                "batter": 0,
                "extras": 0,
                "total": 0
              },
              "wickets": [
                {
                  "player_out": "D Sutherland",
                  "kind": "run out"
                }
              ]
            },
            {
              "batter": "AK Muslar",
              "bowler": "Ibrahim Vhora",
              "non_striker": "L Hyde",
              "runs": {
                "batter": 0,
                "extras": 0,
                "total": 0
              }
            },
            {
              "batter": "AK Muslar",
              "bowler": "Ibrahim Vhora",
              "non_striker": "L Hyde",
              "runs": {
                "batter": 1,
                "extras": 0,
                "total": 1
              }
            },
            {
              "batter": "L Hyde",
              "bowler": "Ibrahim Vhora",
              "extras": {
                "wides": 1
              },
              "non_striker": "AK Muslar",
              "runs": {
                "batter": 0,
                "extras": 1,
                "total": 1
              }
            },
            {
              "batter": "L Hyde",
              "bowler": "Ibrahim Vhora",
              "extras": {
                "wides": 1
              },
              "non_striker": "AK Muslar",
              "runs": {
                "batter": 0,
                "extras": 1,
                "total": 1
              }
            },
            {
              "batter": "L Hyde",
              "bowler": "Ibrahim Vhora",
              "non_striker": "AK Muslar",
              "runs": {
                "batter": 1,
                "extras": 0,
                "total": 1
              }
            },
            {
              "batter": "AK Muslar",
              "bowler": "Ibrahim Vhora",
              "non_striker": "L Hyde",
              "runs": {
                "batter": 0,
                "extras": 0,
                "total": 0
              }
            }
          ]
        },
        {
          "over": 7,
          "deliveries": [
            {
              "batter": "L Hyde",
              "bowler": "Abdullah Jasat",
              "non_striker": "AK Muslar",
              "runs": {
                "batter": 0,
                "extras": 0,
                "total": 0
              }
            },
            {
              "batter": "L Hyde",
              "bowler": "Abdullah Jasat",
              "non_striker": "AK Muslar",
              "runs": {
                "batter": 0,
                "extras": 0,
                "total": 0
              }
            },
            {
              "batter": "L Hyde",
              "bowler": "Abdullah Jasat",
              "non_striker": "AK Muslar",
              "runs": {
                "batter": 1,
                "extras": 0,
                "total": 1
              }
            },
            {
              "batter": "AK Muslar",
              "bowler": "Abdullah Jasat",
              "non_striker": "L Hyde",
              "runs": {
                "batter": 0,
                "extras": 0,
                "total": 0
              }
            },
            {
              "batter": "AK Muslar",
              "bowler": "Abdullah Jasat",
              "non_striker": "L Hyde",
              "runs": {
                "batter": 4,
                "extras": 0,
                "total": 4
              }
            },
            {
              "batter": "AK Muslar",
              "bowler": "Abdullah Jasat",
              "non_striker": "L Hyde",
              "runs": {
                "batter": 0,
                "extras": 0,
                "total": 0
              }
            }
          ]
        },
        {
          "over": 8,
          "deliveries": [
            {
              "batter": "L Hyde",
              "bowler": "Ibrahim Vhora",
              "extras": {
                "wides": 1
              },
              "non_striker": "AK Muslar",
              "runs": {
                "batter": 0,
                "extras": 1,
                "total": 1
              }
            },
            {
              "batter": "L Hyde",
              "bowler": "Ibrahim Vhora",
              "non_striker": "AK Muslar",
              "runs": {
                "batter": 1,
                "extras": 0,
                "total": 1
              }
            },
            {
              "batter": "AK Muslar",
              "bowler": "Ibrahim Vhora",
              "non_striker": "L Hyde",
              "runs": {
                "batter": 0,
                "extras": 0,
                "total": 0
              }
            },
            {
              "batter": "AK Muslar",
              "bowler": "Ibrahim Vhora",
              "non_striker": "L Hyde",
              "runs": {
                "batter": 0,
                "extras": 0,
                "total": 0
              }
            },
            {
              "batter": "AK Muslar",
              "bowler": "Ibrahim Vhora",
              "non_striker": "L Hyde",
              "runs": {
                "batter": 1,
                "extras": 0,
                "total": 1
              }
            },
            {
              "batter": "L Hyde",
              "bowler": "Ibrahim Vhora",
              "non_striker": "AK Muslar",
              "runs": {
                "batter": 2,
                "extras": 0,
                "total": 2
              }
            },
            {
              "batter": "L Hyde",
              "bowler": "Ibrahim Vhora",
              "non_striker": "AK Muslar",
              "runs": {
                "batter": 1,
                "extras": 0,
                "total": 1
              }
            }
          ]
        },
        {
          "over": 9,
          "deliveries": [
            {
              "batter": "L Hyde",
              "bowler": "Mahmad Data",
              "non_striker": "AK Muslar",
              "runs": {
                "batter": 0,
                "extras": 0,
                "total": 0
              }
            },
            {
              "batter": "L Hyde",
              "bowler": "Mahmad Data",
              "non_striker": "AK Muslar",
              "runs": {
                "batter": 1,
                "extras": 0,
                "total": 1
              }
            },
            {
              "batter": "AK Muslar",
              "bowler": "Mahmad Data",
              "non_striker": "L Hyde",
              "runs": {
                "batter": 0,
                "extras": 0,
                "total": 0
              }
            },
            {
              "batter": "AK Muslar",
              "bowler": "Mahmad Data",
              "non_striker": "L Hyde",
              "runs": {
                "batter": 1,
                "extras": 0,
                "total": 1
              }
            },
            {
              "batter": "L Hyde",
              "bowler": "Mahmad Data",
              "non_striker": "AK Muslar",
              "runs": {
                "batter": 1,
                "extras": 0,
                "total": 1
              }
            },
            {
              "batter": "AK Muslar",
              "bowler": "Mahmad Data",
              "extras": {
                "wides": 1
              },
              "non_striker": "L Hyde",
              "runs": {
                "batter": 0,
                "extras": 1,
                "total": 1
              }
            },
            {
              "batter": "AK Muslar",
              "bowler": "Mahmad Data",
              "non_striker": "L Hyde",
              "runs": {
                "batter": 0,
                "extras": 0,
                "total": 0
              }
            }
          ]
        },
        {
          "over": 10,
          "deliveries": [
            {
              "batter": "L Hyde",
              "bowler": "D Ahir",
              "non_striker": "AK Muslar",
              "runs": {
                "batter": 2,
                "extras": 0,
                "total": 2
              }
            },
            {
              "batter": "L Hyde",
              "bowler": "D Ahir",
              "non_striker": "AK Muslar",
              "runs": {
                "batter": 1,
                "extras": 0,
                "total": 1
              }
            },
            {
              "batter": "AK Muslar",
              "bowler": "D Ahir",
              "non_striker": "L Hyde",
              "runs": {
                "batter": 0,
                "extras": 0,
                "total": 0
              }
            },
            {
              "batter": "AK Muslar",
              "bowler": "D Ahir",
              "non_striker": "L Hyde",
              "runs": {
                "batter": 4,
                "extras": 0,
                "total": 4
              }
            },
            {
              "batter": "AK Muslar",
              "bowler": "D Ahir",
              "non_striker": "L Hyde",
              "runs": {
                "batter": 0,
                "extras": 0,
                "total": 0
              }
            },
            {
              "batter": "AK Muslar",
              "bowler": "D Ahir",
              "non_striker": "L Hyde",
              "runs": {
                "batter": 0,
                "extras": 0,
                "total": 0
              }
            }
          ]
        },
        {
          "over": 11,
          "deliveries": [
            {
              "batter": "L Hyde",
              "bowler": "Mahmud Jasat",
              "non_striker": "AK Muslar",
              "runs": {
                "batter": 1,
                "extras": 0,
                "total": 1
              }
            },
            {
              "batter": "AK Muslar",
              "bowler": "Mahmud Jasat",
              "non_striker": "L Hyde",
              "runs": {
                "batter": 0,
                "extras": 0,
                "total": 0
              }
            },
            {
              "batter": "AK Muslar",
              "bowler": "Mahmud Jasat",
              "non_striker": "L Hyde",
              "runs": {
                "batter": 1,
                "extras": 0,
                "total": 1
              }
            },
            {
              "batter": "L Hyde",
              "bowler": "Mahmud Jasat",
              "non_striker": "AK Muslar",
              "runs": {
                "batter": 0,
                "extras": 0,
                "total": 0
              }
            },
            {
              "batter": "L Hyde",
              "bowler": "Mahmud Jasat",
              "non_striker": "AK Muslar",
              "runs": {
                "batter": 2,
                "extras": 0,
                "total": 2
              }
            },
            {
              "batter": "L Hyde",
              "bowler": "Mahmud Jasat",
              "non_striker": "AK Muslar",
              "runs": {
                "batter": 1,
                "extras": 0,
                "total": 1
              }
            }
          ]
        },
        {
          "over": 12,
          "deliveries": [
            {
              "batter": "L Hyde",
              "bowler": "Sarfaraj Mulla",
              "non_striker": "AK Muslar",
              "runs": {
                "batter": 2,
                "extras": 0,
                "total": 2
              }
            },
            {
              "batter": "L Hyde",
              "bowler": "Sarfaraj Mulla",
              "non_striker": "AK Muslar",
              "runs": {
                "batter": 1,
                "extras": 0,
                "total": 1
              }
            },
            {
              "batter": "AK Muslar",
              "bowler": "Sarfaraj Mulla",
              "non_striker": "L Hyde",
              "runs": {
                "batter": 1,
                "extras": 0,
                "total": 1
              }
            },
            {
              "batter": "L Hyde",
              "bowler": "Sarfaraj Mulla",
              "non_striker": "AK Muslar",
              "runs": {
                "batter": 0,
                "extras": 0,
                "total": 0
              }
            },
            {
              "batter": "L Hyde",
              "bowler": "Sarfaraj Mulla",
              "non_striker": "AK Muslar",
              "runs": {
                "batter": 1,
                "extras": 0,
                "total": 1
              }
            },
            {
              "batter": "AK Muslar",
              "bowler": "Sarfaraj Mulla",
              "non_striker": "L Hyde",
              "runs": {
                "batter": 6,
                "extras": 0,
                "total": 6
              }
            }
          ]
        },
        {
          "over": 13,
          "deliveries": [
            {
              "batter": "L Hyde",
              "bowler": "Mahmad Data",
              "extras": {
                "wides": 1
              },
              "non_striker": "AK Muslar",
              "runs": {
                "batter": 0,
                "extras": 1,
                "total": 1
              }
            },
            {
              "batter": "L Hyde",
              "bowler": "Mahmad Data",
              "non_striker": "AK Muslar",
              "runs": {
                "batter": 2,
                "extras": 0,
                "total": 2
              }
            },
            {
              "batter": "L Hyde",
              "bowler": "Mahmad Data",
              "non_striker": "AK Muslar",
              "runs": {
                "batter": 1,
                "extras": 0,
                "total": 1
              }
            },
            {
              "batter": "AK Muslar",
              "bowler": "Mahmad Data",
              "non_striker": "L Hyde",
              "runs": {
                "batter": 4,
                "extras": 0,
                "total": 4
              }
            },
            {
              "batter": "AK Muslar",
              "bowler": "Mahmad Data",
              "non_striker": "L Hyde",
              "runs": {
                "batter": 0,
                "extras": 0,
                "total": 0
              }
            },
            {
              "batter": "AK Muslar",
              "bowler": "Mahmad Data",
              "non_striker": "L Hyde",
              "runs": {
                "batter": 0,
                "extras": 0,
                "total": 0
              }
            },
            {
              "batter": "AK Muslar",
              "bowler": "Mahmad Data",
              "non_striker": "L Hyde",
              "runs": {
                "batter": 4,
                "extras": 0,
                "total": 4
              }
            }
          ]
        },
        {
          "over": 14,
          "deliveries": [
            {
              "batter": "L Hyde",
              "bowler": "Ibrahim Vhora",
              "non_striker": "AK Muslar",
              "runs": {
                "batter": 0,
                "extras": 0,
                "total": 0
              },
              "wickets": [
                {
                  "player_out": "L Hyde",
                  "kind": "bowled"
                }
              ]
            },
            {
              "batter": "J Benjamin",
              "bowler": "Ibrahim Vhora",
              "non_striker": "AK Muslar",
              "runs": {
                "batter": 4,
                "extras": 0,
                "total": 4
              }
            },
            {
              "batter": "J Benjamin",
              "bowler": "Ibrahim Vhora",
              "extras": {
                "legbyes": 1
              },
              "non_striker": "AK Muslar",
              "runs": {
                "batter": 0,
                "extras": 1,
                "total": 1
              }
            },
            {
              "batter": "AK Muslar",
              "bowler": "Ibrahim Vhora",
              "non_striker": "J Benjamin",
              "runs": {
                "batter": 0,
                "extras": 0,
                "total": 0
              },
              "wickets": [
                {
                  "player_out": "AK Muslar",
                  "kind": "lbw"
                }
              ]
            },
            {
              "batter": "HH Banner",
              "bowler": "Ibrahim Vhora",
              "extras": {
                "byes": 1
              },
              "non_striker": "J Benjamin",
              "runs": {
                "batter": 0,
                "extras": 1,
                "total": 1
              }
            },
            {
              "batter": "J Benjamin",
              "bowler": "Ibrahim Vhora",
              "non_striker": "HH Banner",
              "runs": {
                "batter": 4,
                "extras": 0,
                "total": 4
              }
            }
          ]
        },
        {
          "over": 15,
          "deliveries": [
            {
              "batter": "HH Banner",
              "bowler": "Irfan Hafejee",
              "non_striker": "J Benjamin",
              "runs": {
                "batter": 0,
                "extras": 0,
                "total": 0
              },
              "wickets": [
                {
                  "player_out": "HH Banner",
                  "fielders": [
                    {
                      "name": "V Ahir"
                    }
                  ],
                  "kind": "caught"
                }
              ]
            },
            {
              "batter": "F Sutherland",
              "bowler": "Irfan Hafejee",
              "extras": {
                "wides": 1
              },
              "non_striker": "J Benjamin",
              "runs": {
                "batter": 0,
                "extras": 1,
                "total": 1
              }
            },
            {
              "batter": "F Sutherland",
              "bowler": "Irfan Hafejee",
              "extras": {
                "wides": 1
              },
              "non_striker": "J Benjamin",
              "runs": {
                "batter": 0,
                "extras": 1,
                "total": 1
              }
            },
            {
              "batter": "F Sutherland",
              "bowler": "Irfan Hafejee",
              "non_striker": "J Benjamin",
              "runs": {
                "batter": 1,
                "extras": 0,
                "total": 1
              }
            },
            {
              "batter": "J Benjamin",
              "bowler": "Irfan Hafejee",
              "non_striker": "F Sutherland",
              "runs": {
                "batter": 0,
                "extras": 0,
                "total": 0
              }
            },
            {
              "batter": "J Benjamin",
              "bowler": "Irfan Hafejee",
              "non_striker": "F Sutherland",
              "runs": {
                "batter": 0,
                "extras": 0,
                "total": 0
              }
            },
            {
              "batter": "J Benjamin",
              "bowler": "Irfan Hafejee",
              "non_striker": "F Sutherland",
              "runs": {
                "batter": 2,
                "extras": 0,
                "total": 2
              }
            },
            {
              "batter": "J Benjamin",
              "bowler": "Irfan Hafejee",
              "extras": {
                "legbyes": 1
              },
              "non_striker": "F Sutherland",
              "runs": {
                "batter": 0,
                "extras": 1,
                "total": 1
              }
            }
          ]
        },
        {
          "over": 16,
          "deliveries": [
            {
              "batter": "J Benjamin",
              "bowler": "Ibrahim Vhora",
              "non_striker": "F Sutherland",
              "runs": {
                "batter": 1,
                "extras": 0,
                "total": 1
              }
            },
            {
              "batter": "F Sutherland",
              "bowler": "Ibrahim Vhora",
              "non_striker": "J Benjamin",
              "runs": {
                "batter": 1,
                "extras": 0,
                "total": 1
              }
            },
            {
              "batter": "J Benjamin",
              "bowler": "Ibrahim Vhora",
              "extras": {
                "legbyes": 1
              },
              "non_striker": "F Sutherland",
              "runs": {
                "batter": 0,
                "extras": 1,
                "total": 1
              }
            },
            {
              "batter": "F Sutherland",
              "bowler": "Ibrahim Vhora",
              "non_striker": "J Benjamin",
              "runs": {
                "batter": 0,
                "extras": 0,
                "total": 0
              }
            },
            {
              "batter": "F Sutherland",
              "bowler": "Ibrahim Vhora",
              "non_striker": "J Benjamin",
              "runs": {
                "batter": 1,
                "extras": 0,
                "total": 1
              }
            },
            {
              "batter": "J Benjamin",
              "bowler": "Ibrahim Vhora",
              "non_striker": "F Sutherland",
              "runs": {
                "batter": 2,
                "extras": 0,
                "total": 2
              }
            }
          ]
        },
        {
          "over": 17,
          "deliveries": [
            {
              "batter": "F Sutherland",
              "bowler": "Irfan Hafejee",
              "non_striker": "J Benjamin",
              "runs": {
                "batter": 1,
                "extras": 0,
                "total": 1
              }
            },
            {
              "batter": "J Benjamin",
              "bowler": "Irfan Hafejee",
              "non_striker": "F Sutherland",
              "runs": {
                "batter": 1,
                "extras": 0,
                "total": 1
              }
            },
            {
              "batter": "F Sutherland",
              "bowler": "Irfan Hafejee",
              "non_striker": "J Benjamin",
              "runs": {
                "batter": 1,
                "extras": 0,
                "total": 1
              }
            },
            {
              "batter": "J Benjamin",
              "bowler": "Irfan Hafejee",
              "non_striker": "F Sutherland",
              "runs": {
                "batter": 6,
                "extras": 0,
                "total": 6
              }
            },
            {
              "batter": "J Benjamin",
              "bowler": "Irfan Hafejee",
              "non_striker": "F Sutherland",
              "runs": {
                "batter": 2,
                "extras": 0,
                "total": 2
              }
            },
            {
              "batter": "J Benjamin",
              "bowler": "Irfan Hafejee",
              "non_striker": "F Sutherland",
              "runs": {
                "batter": 2,
                "extras": 0,
                "total": 2
              }
            }
          ]
        },
        {
          "over": 18,
          "deliveries": [
            {
              "batter": "F Sutherland",
              "bowler": "KB Ahir",
              "non_striker": "J Benjamin",
              "runs": {
                "batter": 0,
                "extras": 0,
                "total": 0
              },
              "wickets": [
                {
                  "player_out": "F Sutherland",
                  "kind": "bowled"
                }
              ]
            },
            {
              "batter": "K Roca",
              "bowler": "KB Ahir",
              "non_striker": "J Benjamin",
              "runs": {
                "batter": 1,
                "extras": 0,
                "total": 1
              }
            },
            {
              "batter": "J Benjamin",
              "bowler": "KB Ahir",
              "non_striker": "K Roca",
              "runs": {
                "batter": 0,
                "extras": 0,
                "total": 0
              },
              "wickets": [
                {
                  "player_out": "J Benjamin",
                  "kind": "bowled"
                }
              ]
            },
            {
              "batter": "W Banner",
              "bowler": "KB Ahir",
              "non_striker": "K Roca",
              "runs": {
                "batter": 3,
                "extras": 0,
                "total": 3
              }
            },
            {
              "batter": "K Roca",
              "bowler": "KB Ahir",
              "non_striker": "W Banner",
              "runs": {
                "batter": 0,
                "extras": 0,
                "total": 0
              },
              "wickets": [
                {
                  "player_out": "K Roca",
                  "kind": "bowled"
                }
              ]
            },
            {
              "batter": "N Revers",
              "bowler": "KB Ahir",
              "non_striker": "W Banner",
              "runs": {
                "batter": 0,
                "extras": 0,
                "total": 0
              }
            }
          ]
        },
        {
          "over": 19,
          "deliveries": [
            {
              "batter": "W Banner",
              "bowler": "Abdullah Jasat",
              "non_striker": "N Revers",
              "runs": {
                "batter": 1,
                "extras": 0,
                "total": 1
              }
            },
            {
              "batter": "N Revers",
              "bowler": "Abdullah Jasat",
              "non_striker": "W Banner",
              "runs": {
                "batter": 2,
                "extras": 0,
                "total": 2
              }
            },
            {
              "batter": "N Revers",
              "bowler": "Abdullah Jasat",
              "non_striker": "W Banner",
              "runs": {
                "batter": 1,
                "extras": 0,
                "total": 1
              }
            },
            {
              "batter": "W Banner",
              "bowler": "Abdullah Jasat",
              "non_striker": "N Revers",
              "runs": {
                "batter": 0,
                "extras": 0,
                "total": 0
              }
            },
            {
              "batter": "W Banner",
              "bowler": "Abdullah Jasat",
              "non_striker": "N Revers",
              "runs": {
                "batter": 1,
                "extras": 0,
                "total": 1
              }
            },
            {
              "batter": "N Revers",
              "bowler": "Abdullah Jasat",
              "non_striker": "W Banner",
              "runs": {
                "batter": 3,
                "extras": 0,
                "total": 3
              }
            }
          ]
        }
      ],
      "powerplays": [
        {
          "from": 0.1,
          "to": 5.6,
          "type": "mandatory"
        }
      ],
      "target": {
        "overs": 20,
        "runs": 129
      }
    }
  ]
}