{
  "meta": {
    "data_version": "1.0.0",
    "created": "2020-09-10",
    "revision": 1
  },
  "info": {
    "balls_per_over": 6,
    "city": "Morrisville",
    "dates": [
      "2018-09-26"
    ],
    "event": {
      "name": "ICC World Twenty20 Americas Sub Regional Qualifier A",
      "match_number": 11
    },
    "gender": "male",
    "match_type": "IT20",
    "officials": {
      "umpires": [
        "R Dill",
        "AR Maddela"
      ]
    },
    "outcome": {
      "winner": "United States of America",
      "by": {
        "wickets": 9
      }
    },
    "overs": 20,
    "player_of_match": [
      "Usman Ashraf"
    ],
    "players": {
      "Belize": [
        "AK Muslar",
        "C Brown",
        "J Pakeman",
        "L Hyde",
        "KJ Young",
        "J Benjamin",
        "W Banner",
        "F Sutherland",
        "HH Banner",
        "D Sutherland",
        "K Roca"
      ],
      "United States of America": [
        "SR Taylor",
        "JS Malhotra",
        "KRP Silva",
        "S Sohal",
        "MD Patel",
        "EH Hutchinson",
        "SN Netravalkar",
        "NP Kenjige",
        "DJ Wakefield",
        "Jannisar Khan",
        "Usman Ashraf"
      ]
    },
    "registry": {
      "people": {
        "AK Muslar": "93f72fdc",
        "AR Maddela": "5c861579",
        "C Brown": "d504bc4c",
        "D Sutherland": "b7879e16",
        "DJ Wakefield": "30997c3e",
        "EH Hutchinson": "e6ddab51",
        "F Sutherland": "d0f5e72d",
        "HH Banner": "8144820e",
        "J Benjamin": "621905b0",
        "J Pakeman": "0cea2730",
        "JS Malhotra": "9633359f",
        "Jannisar Khan": "bf0ad8b7",
        "K Roca": "36cdbfec",
        "KJ Young": "8bba9ec2",
        "KRP Silva": "99ffb3d3",
        "L Hyde": "c5d7b5d8",
        "MD Patel": "25d7f1ac",
        "NP Kenjige": "f7d267f7",
        "R Dill": "b0f23d14",
        "S Sohal": "3fca55af",
        "SN Netravalkar": "c8a3f688",
        "SR Taylor": "a9231c3f",
        "Usman Ashraf": "8aa8f69c",
        "W Banner": "df0b356d"
      }
    },
    "season": "2018/19",
    "team_type": "international",
    "teams": [
      "Belize",
      "United States of America"
    ],
    "toss": {
      "decision": "bat",
      "winner": "Belize"
    },
    "venue": "Church Street Park"
  },
  "innings": [
    {
      "team": "Belize",
      "overs": [
        {
          "over": 0,
          "deliveries": [
            {
              "batter": "AK Muslar",
              "bowler": "SN Netravalkar",
              "non_striker": "C Brown",
              "runs": {
                "batter": 0,
                "extras": 0,
                "total": 0
              }
            },
            {
              "batter": "AK Muslar",
              "bowler": "SN Netravalkar",
              "non_striker": "C Brown",
              "runs": {
                "batter": 0,
                "extras": 0,
                "total": 0
              }
            },
            {
              "batter": "AK Muslar",
              "bowler": "SN Netravalkar",
              "non_striker": "C Brown",
              "runs": {
                "batter": 0,
                "extras": 0,
                "total": 0
              }
            },
            {
              "batter": "AK Muslar",
              "bowler": "SN Netravalkar",
              "non_striker": "C Brown",
              "runs": {
                "batter": 0,
                "extras": 0,
                "total": 0
              }
            },
            {
              "batter": "AK Muslar",
              "bowler": "SN Netravalkar",
              "non_striker": "C Brown",
              "runs": {
                "batter": 0,
                "extras": 0,
                "total": 0
              }
            },
            {
              "batter": "AK Muslar",
              "bowler": "SN Netravalkar",
              "non_striker": "C Brown",
              "runs": {
                "batter": 0,
                "extras": 0,
                "total": 0
              }
            }
          ]
        },
        {
          "over": 1,
          "deliveries": [
            {
              "batter": "C Brown",
              "bowler": "NP Kenjige",
              "non_striker": "AK Muslar",
              "runs": {
                "batter": 2,
                "extras": 0,
                "total": 2
              }
            },
            {
              "batter": "C Brown",
              "bowler": "NP Kenjige",
              "non_striker": "AK Muslar",
              "runs": {
                "batter": 0,
                "extras": 0,
                "total": 0
              }
            },
            {
              "batter": "C Brown",
              "bowler": "NP Kenjige",
              "non_striker": "AK Muslar",
              "runs": {
                "batter": 4,
                "extras": 0,
                "total": 4
              }
            },
            {
              "batter": "C Brown",
              "bowler": "NP Kenjige",
              "non_striker": "AK Muslar",
              "runs": {
                "batter": 0,
                "extras": 0,
                "total": 0
              }
            },
            {
              "batter": "C Brown",
              "bowler": "NP Kenjige",
              "non_striker": "AK Muslar",
              "runs": {
                "batter": 0,
                "extras": 0,
                "total": 0
              }
            },
            {
              "batter": "C Brown",
              "bowler": "NP Kenjige",
              "non_striker": "AK Muslar",
              "runs": {
                "batter": 0,
                "extras": 0,
                "total": 0
              }
            }
          ]
        },
        {
          "over": 2,
          "deliveries": [
            {
              "batter": "AK Muslar",
              "bowler": "SN Netravalkar",
              "non_striker": "C Brown",
              "runs": {
                "batter": 0,
                "extras": 0,
                "total": 0
              }
            },
            {
              "batter": "AK Muslar",
              "bowler": "SN Netravalkar",
              "non_striker": "C Brown",
              "runs": {
                "batter": 0,
                "extras": 0,
                "total": 0
              }
            },
            {
              "batter": "AK Muslar",
              "bowler": "SN Netravalkar",
              "non_striker": "C Brown",
              "runs": {
                "batter": 1,
                "extras": 0,
                "total": 1
              }
            },
            {
              "batter": "C Brown",
              "bowler": "SN Netravalkar",
              "non_striker": "AK Muslar",
              "runs": {
                "batter": 1,
                "extras": 0,
                "total": 1
              }
            },
            {
              "batter": "AK Muslar",
              "bowler": "SN Netravalkar",
              "non_striker": "C Brown",
              "runs": {
                "batter": 1,
                "extras": 0,
                "total": 1
              }
            },
            {
              "batter": "C Brown",
              "bowler": "SN Netravalkar",
              "non_striker": "AK Muslar",
              "runs": {
                "batter": 0,
                "extras": 0,
                "total": 0
              }
            }
          ]
        },
        {
          "over": 3,
          "deliveries": [
            {
              "batter": "AK Muslar",
              "bowler": "NP Kenjige",
              "non_striker": "C Brown",
              "runs": {
                "batter": 0,
                "extras": 0,
                "total": 0
              }
            },
            {
              "batter": "AK Muslar",
              "bowler": "NP Kenjige",
              "non_striker": "C Brown",
              "runs": {
                "batter": 0,
                "extras": 0,
                "total": 0
              }
            },
            {
              "batter": "AK Muslar",
              "bowler": "NP Kenjige",
              "non_striker": "C Brown",
              "runs": {
                "batter": 2,
                "extras": 0,
                "total": 2
              }
            },
            {
              "batter": "AK Muslar",
              "bowler": "NP Kenjige",
              "non_striker": "C Brown",
              "runs": {
                "batter": 0,
                "extras": 0,
                "total": 0
              }
            },
            {
              "batter": "AK Muslar",
              "bowler": "NP Kenjige",
              "non_striker": "C Brown",
              "runs": {
                "batter": 0,
                "extras": 0,
                "total": 0
              }
            },
            {
              "batter": "AK Muslar",
              "bowler": "NP Kenjige",
              "non_striker": "C Brown",
              "runs": {
                "batter": 0,
                "extras": 0,
                "total": 0
              }
            }
          ]
        },
        {
          "over": 4,
          "deliveries": [
            {
              "batter": "C Brown",
              "bowler": "Jannisar Khan",
              "non_striker": "AK Muslar",
              "runs": {
                "batter": 0,
                "extras": 0,
                "total": 0
              }
            },
            {
              "batter": "C Brown",
              "bowler": "Jannisar Khan",
              "non_striker": "AK Muslar",
              "runs": {
                "batter": 4,
                "extras": 0,
                "total": 4
              }
            },
            {
              "batter": "C Brown",
              "bowler": "Jannisar Khan",
              "non_striker": "AK Muslar",
              "runs": {
                "batter": 0,
                "extras": 0,
                "total": 0
              }
            },
            {
              "batter": "C Brown",
              "bowler": "Jannisar Khan",
              "non_striker": "AK Muslar",
              "runs": {
                "batter": 0,
                "extras": 0,
                "total": 0
              }
            },
            {
              "batter": "C Brown",
              "bowler": "Jannisar Khan",
              "non_striker": "AK Muslar",
              "runs": {
                "batter": 0,
                "extras": 0,
                "total": 0
              }
            },
            {
              "batter": "C Brown",
              "bowler": "Jannisar Khan",
              "non_striker": "AK Muslar",
              "runs": {
                "batter": 1,
                "extras": 0,
                "total": 1
              }
            }
          ]
        },
        {
          "over": 5,
          "deliveries": [
            {
              "batter": "C Brown",
              "bowler": "EH Hutchinson",
              "non_striker": "AK Muslar",
              "runs": {
                "batter": 0,
                "extras": 0,
                "total": 0
              }
            },
            {
              "batter": "C Brown",
              "bowler": "EH Hutchinson",
              "non_striker": "AK Muslar",
              "runs": {
                "batter": 0,
                "extras": 0,
                "total": 0
              }
            },
            {
              "batter": "C Brown",
              "bowler": "EH Hutchinson",
              "non_striker": "AK Muslar",
              "runs": {
                "batter": 0,
                "extras": 0,
                "total": 0
              },
              "wickets": [
                {
                  "player_out": "C Brown",
                  "fielders": [
                    {
                      "name": "MD Patel"
                    }
                  ],
                  "kind": "caught"
                }
              ]
            },
            {
              "batter": "J Pakeman",
              "bowler": "EH Hutchinson",
              "non_striker": "AK Muslar",
              "runs": {
                "batter": 0,
                "extras": 0,
                "total": 0
              }
            },
            {
              "batter": "J Pakeman",
              "bowler": "EH Hutchinson",
              "non_striker": "AK Muslar",
              "runs": {
                "batter": 0,
                "extras": 0,
                "total": 0
              }
            },
            {
              "batter": "J Pakeman",
              "bowler": "EH Hutchinson",
              "non_striker": "AK Muslar",
              "runs": {
                "batter": 1,
                "extras": 0,
                "total": 1
              }
            }
          ]
        },
        {
          "over": 6,
          "deliveries": [
            {
              "batter": "J Pakeman",
              "bowler": "Jannisar Khan",
              "non_striker": "AK Muslar",
              "runs": {
                "batter": 0,
                "extras": 0,
                "total": 0
              }
            },
            {
              "batter": "J Pakeman",
              "bowler": "Jannisar Khan",
              "extras": {
                "legbyes": 4
              },
              "non_striker": "AK Muslar",
              "runs": {
                "batter": 0,
                "extras": 4,
                "total": 4
              }
            },
            {
              "batter": "J Pakeman",
              "bowler": "Jannisar Khan",
              "non_striker": "AK Muslar",
              "runs": {
                "batter": 1,
                "extras": 0,
                "total": 1
              }
            },
            {
              "batter": "AK Muslar",
              "bowler": "Jannisar Khan",
              "extras": {
                "wides": 1
              },
              "non_striker": "J Pakeman",
              "runs": {
                "batter": 0,
                "extras": 1,
                "total": 1
              }
            },
            {
              "batter": "AK Muslar",
              "bowler": "Jannisar Khan",
              "non_striker": "J Pakeman",
              "runs": {
                "batter": 1,
                "extras": 0,
                "total": 1
              }
            },
            {
              "batter": "J Pakeman",
              "bowler": "Jannisar Khan",
              "extras": {
                "legbyes": 1
              },
              "non_striker": "AK Muslar",
              "runs": {
                "batter": 0,
                "extras": 1,
                "total": 1
              }
            },
            {
              "batter": "AK Muslar",
              "bowler": "Jannisar Khan",
              "non_striker": "J Pakeman",
              "runs": {
                "batter": 0,
                "extras": 0,
                "total": 0
              }
            }
          ]
        },
        {
          "over": 7,
          "deliveries": [
            {
              "batter": "J Pakeman",
              "bowler": "EH Hutchinson",
              "extras": {
                "wides": 1
              },
              "non_striker": "AK Muslar",
              "runs": {
                "batter": 0,
                "extras": 1,
                "total": 1
              }
            },
            {
              "batter": "J Pakeman",
              "bowler": "EH Hutchinson",
              "non_striker": "AK Muslar",
              "runs": {
                "batter": 0,
                "extras": 0,
                "total": 0
              }
            },
            {
              "batter": "J Pakeman",
              "bowler": "EH Hutchinson",
              "non_striker": "AK Muslar",
              "runs": {
                "batter": 0,
                "extras": 0,
                "total": 0
              }
            },
            {
              "batter": "J Pakeman",
              "bowler": "EH Hutchinson",
              "non_striker": "AK Muslar",
              "runs": {
                "batter": 1,
                "extras": 0,
                "total": 1
              }
            },
            {
              "batter": "AK Muslar",
              "bowler": "EH Hutchinson",
              "non_striker": "J Pakeman",
              "runs": {
                "batter": 0,
                "extras": 0,
                "total": 0
              }
            },
            {
              "batter": "AK Muslar",
              "bowler": "EH Hutchinson",
              "non_striker": "J Pakeman",
              "runs": {
                "batter": 2,
                "extras": 0,
                "total": 2
              }
            },
            {
              "batter": "AK Muslar",
              "bowler": "EH Hutchinson",
              "non_striker": "J Pakeman",
              "runs": {
                "batter": 0,
                "extras": 0,
                "total": 0
              }
            }
          ]
        },
        {
          "over": 8,
          "deliveries": [
            {
              "batter": "J Pakeman",
              "bowler": "Usman Ashraf",
              "non_striker": "AK Muslar",
              "runs": {
                "batter": 1,
                "extras": 0,
                "total": 1
              }
            },
            {
              "batter": "AK Muslar",
              "bowler": "Usman Ashraf",
              "non_striker": "J Pakeman",
              "runs": {
                "batter": 0,
                "extras": 0,
                "total": 0
              }
            },
            {
              "batter": "AK Muslar",
              "bowler": "Usman Ashraf",
              "non_striker": "J Pakeman",
              "runs": {
                "batter": 4,
                "extras": 0,
                "total": 4
              }
            },
            {
              "batter": "AK Muslar",
              "bowler": "Usman Ashraf",
              "non_striker": "J Pakeman",
              "runs": {
                "batter": 0,
                "extras": 0,
                "total": 0
              }
            },
            {
              "batter": "AK Muslar",
              "bowler": "Usman Ashraf",
              "non_striker": "J Pakeman",
              "runs": {
                "batter": 0,
                "extras": 0,
                "total": 0
              }
            },
            {
              "batter": "AK Muslar",
              "bowler": "Usman Ashraf",
              "non_striker": "J Pakeman",
              "runs": {
                "batter": 1,
                "extras": 0,
                "total": 1
              }
            }
          ]
        },
        {
          "over": 9,
          "deliveries": [
            {
              "batter": "AK Muslar",
              "bowler": "KRP Silva",
              "non_striker": "J Pakeman",
              "runs": {
                "batter": 0,
                "extras": 0,
                "total": 0
              }
            },
            {
              "batter": "AK Muslar",
              "bowler": "KRP Silva",
              "non_striker": "J Pakeman",
              "runs": {
                "batter": 0,
                "extras": 0,
                "total": 0
              }
            },
            {
              "batter": "AK Muslar",
              "bowler": "KRP Silva",
              "non_striker": "J Pakeman",
              "runs": {
                "batter": 0,
                "extras": 0,
                "total": 0
              }
            },
            {
              "batter": "AK Muslar",
              "bowler": "KRP Silva",
              "non_striker": "J Pakeman",
              "runs": {
                "batter": 4,
                "extras": 0,
                "total": 4
              }
            },
            {
              "batter": "AK Muslar",
              "bowler": "KRP Silva",
              "non_striker": "J Pakeman",
              "runs": {
                "batter": 0,
                "extras": 0,
                "total": 0
              }
            },
            {
              "batter": "AK Muslar",
              "bowler": "KRP Silva",
              "non_striker": "J Pakeman",
              "runs": {
                "batter": 0,
                "extras": 0,
                "total": 0
              }
            }
          ]
        },
        {
          "over": 10,
          "deliveries": [
            {
              "batter": "J Pakeman",
              "bowler": "Usman Ashraf",
              "non_striker": "AK Muslar",
              "runs": {
                "batter": 0,
                "extras": 0,
                "total": 0
              },
              "wickets": [
                {
                  "player_out": "J Pakeman",
                  "fielders": [
                    {
                      "name": "SN Netravalkar"
                    }
                  ],
                  "kind": "caught"
                }
              ]
            },
            {
              "batter": "L Hyde",
              "bowler": "Usman Ashraf",
              "non_striker": "AK Muslar",
              "runs": {
                "batter": 0,
                "extras": 0,
                "total": 0
              }
            },
            {
              "batter": "L Hyde",
              "bowler": "Usman Ashraf",
              "non_striker": "AK Muslar",
              "runs": {
                "batter": 1,
                "extras": 0,
                "total": 1
              }
            },
            {
              "batter": "AK Muslar",
              "bowler": "Usman Ashraf",
              "non_striker": "L Hyde",
              "runs": {
                "batter": 0,
                "extras": 0,
                "total": 0
              }
            },
            {
              "batter": "AK Muslar",
              "bowler": "Usman Ashraf",
              "non_striker": "L Hyde",
              "runs": {
                "batter": 0,
                "extras": 0,
                "total": 0
              },
              "wickets": [
                {
                  "player_out": "AK Muslar",
                  "fielders": [
                    {
                      "name": "JS Malhotra"
                    }
                  ],
                  "kind": "stumped"
                }
              ]
            },
            {
              "batter": "KJ Young",
              "bowler": "Usman Ashraf",
              "non_striker": "L Hyde",
              "runs": {
                "batter": 0,
                "extras": 0,
                "total": 0
              },
              "wickets": [
                {
                  "player_out": "KJ Young",
                  "kind": "bowled"
                }
              ]
            }
          ]
        },
        {
          "over": 11,
          "deliveries": [
            {
              "batter": "L Hyde",
              "bowler": "KRP Silva",
              "non_striker": "J Benjamin",
              "runs": {
                "batter": 0,
                "extras": 0,
                "total": 0
              }
            },
            {
              "batter": "L Hyde",
              "bowler": "KRP Silva",
              "non_striker": "J Benjamin",
              "runs": {
                "batter": 1,
                "extras": 0,
                "total": 1
              }
            },
            {
              "batter": "J Benjamin",
              "bowler": "KRP Silva",
              "non_striker": "L Hyde",
              "runs": {
                "batter": 0,
                "extras": 0,
                "total": 0
              }
            },
            {
              "batter": "J Benjamin",
              "bowler": "KRP Silva",
              "non_striker": "L Hyde",
              "runs": {
                "batter": 0,
                "extras": 0,
                "total": 0
              }
            },
            {
              "batter": "J Benjamin",
              "bowler": "KRP Silva",
              "non_striker": "L Hyde",
              "runs": {
                "batter": 0,
                "extras": 0,
                "total": 0
              }
            },
            {
              "batter": "J Benjamin",
              "bowler": "KRP Silva",
              "non_striker": "L Hyde",
              "runs": {
                "batter": 4,
                "extras": 0,
                "total": 4
              }
            }
          ]
        },
        {
          "over": 12,
          "deliveries": [
            {
              "batter": "L Hyde",
              "bowler": "Usman Ashraf",
              "non_striker": "J Benjamin",
              "runs": {
                "batter": 0,
                "extras": 0,
                "total": 0
              },
              "wickets": [
                {
                  "player_out": "L Hyde",
                  "fielders": [
                    {
                      "name": "JS Malhotra"
                    }
                  ],
                  "kind": "stumped"
                }
              ]
            },
            {
              "batter": "W Banner",
              "bowler": "Usman Ashraf",
              "non_striker": "J Benjamin",
              "runs": {
                "batter": 4,
                "extras": 0,
                "total": 4
              }
            },
            {
              "batter": "W Banner",
              "bowler": "Usman Ashraf",
              "non_striker": "J Benjamin",
              "runs": {
                "batter": 1,
                "extras": 0,
                "total": 1
              },
              "wickets": [
                {
                  "player_out": "W Banner",
                  "kind": "run out"
                }
              ]
            },
            {
              "batter": "F Sutherland",
              "bowler": "Usman Ashraf",
              "non_striker": "J Benjamin",
              "runs": {
                "batter": 0,
                "extras": 0,
                "total": 0
              }
            },
            {
              "batter": "F Sutherland",
              "bowler": "Usman Ashraf",
              "non_striker": "J Benjamin",
              "runs": {
                "batter": 1,
                "extras": 0,
                "total": 1
              }
            },
            {
              "batter": "J Benjamin",
              "bowler": "Usman Ashraf",
              "non_striker": "F Sutherland",
              "runs": {
                "batter": 0,
                "extras": 0,
                "total": 0
              }
            }
          ]
        },
        {
          "over": 13,
          "deliveries": [
            {
              "batter": "F Sutherland",
              "bowler": "SR Taylor",
              "non_striker": "J Benjamin",
              "runs": {
                "batter": 0,
                "extras": 0,
                "total": 0
              }
            },
            {
              "batter": "F Sutherland",
              "bowler": "SR Taylor",
              "non_striker": "J Benjamin",
              "runs": {
                "batter": 0,
                "extras": 0,
                "total": 0
              }
            },
            {
              "batter": "F Sutherland",
              "bowler": "SR Taylor",
              "non_striker": "J Benjamin",
              "runs": {
                "batter": 6,
                "extras": 0,
                "total": 6
              }
            },
            {
              "batter": "F Sutherland",
              "bowler": "SR Taylor",
              "non_striker": "J Benjamin",
              "runs": {
                "batter": 4,
                "extras": 0,
                "total": 4
              }
            },
            {
              "batter": "F Sutherland",
              "bowler": "SR Taylor",
              "non_striker": "J Benjamin",
              "runs": {
                "batter": 0,
                "extras": 0,
                "total": 0
              }
            },
            {
              "batter": "F Sutherland",
              "bowler": "SR Taylor",
              "non_striker": "J Benjamin",
              "runs": {
                "batter": 0,
                "extras": 0,
                "total": 0
              }
            }
          ]
        },
        {
          "over": 14,
          "deliveries": [
            {
              "batter": "J Benjamin",
              "bowler": "Usman Ashraf",
              "non_striker": "F Sutherland",
              "runs": {
                "batter": 0,
                "extras": 0,
                "total": 0
              },
              "wickets": [
                {
                  "player_out": "J Benjamin",
                  "fielders": [
                    {
                      "name": "MD Patel"
                    }
                  ],
                  "kind": "caught"
                }
              ]
            },
            {
              "batter": "F Sutherland",
              "bowler": "Usman Ashraf",
              "non_striker": "HH Banner",
              "runs": {
                "batter": 0,
                "extras": 0,
                "total": 0
              }
            },
            {
              "batter": "F Sutherland",
              "bowler": "Usman Ashraf",
              "non_striker": "HH Banner",
              "runs": {
                "batter": 0,
                "extras": 0,
                "total": 0
              }
            },
            {
              "batter": "F Sutherland",
              "bowler": "Usman Ashraf",
              "non_striker": "HH Banner",
              "runs": {
                "batter": 1,
                "extras": 0,
                "total": 1
              }
            },
            {
              "batter": "HH Banner",
              "bowler": "Usman Ashraf",
              "non_striker": "F Sutherland",
              "runs": {
                "batter": 1,
                "extras": 0,
                "total": 1
              }
            },
            {
              "batter": "F Sutherland",
              "bowler": "Usman Ashraf",
              "non_striker": "HH Banner",
              "runs": {
                "batter": 0,
                "extras": 0,
                "total": 0
              }
            }
          ]
        },
        {
          "over": 15,
          "deliveries": [
            {
              "batter": "HH Banner",
              "bowler": "SR Taylor",
              "non_striker": "F Sutherland",
              "runs": {
                "batter": 0,
                "extras": 0,
                "total": 0
              }
            },
            {
              "batter": "HH Banner",
              "bowler": "SR Taylor",
              "non_striker": "F Sutherland",
              "runs": {
                "batter": 4,
                "extras": 0,
                "total": 4
              }
            },
            {
              "batter": "HH Banner",
              "bowler": "SR Taylor",
              "non_striker": "F Sutherland",
              "runs": {
                "batter": 0,
                "extras": 0,
                "total": 0
              }
            },
            {
              "batter": "HH Banner",
              "bowler": "SR Taylor",
              "non_striker": "F Sutherland",
              "runs": {
                "batter": 0,
                "extras": 0,
                "total": 0
              },
              "wickets": [
                {
                  "player_out": "HH Banner",
                  "kind": "bowled"
                }
              ]
            },
            {
              "batter": "D Sutherland",
              "bowler": "SR Taylor",
              "non_striker": "F Sutherland",
              "runs": {
                "batter": 0,
                "extras": 0,
                "total": 0
              }
            },
            {
              "batter": "D Sutherland",
              "bowler": "SR Taylor",
              "non_striker": "F Sutherland",
              "runs": {
                "batter": 0,
                "extras": 0,
                "total": 0
              }
            }
          ]
        },
        {
          "over": 16,
          "deliveries": [
            {
              "batter": "F Sutherland",
              "bowler": "NP Kenjige",
              "non_striker": "D Sutherland",
              "runs": {
                "batter": 0,
                "extras": 0,
                "total": 0
              }
            },
            {
              "batter": "F Sutherland",
              "bowler": "NP Kenjige",
              "non_striker": "D Sutherland",
              "runs": {
                "batter": 0,
                "extras": 0,
                "total": 0
              }
            },
            {
              "batter": "F Sutherland",
              "bowler": "NP Kenjige",
              "non_striker": "D Sutherland",
              "runs": {
                "batter": 1,
                "extras": 0,
                "total": 1
              }
            },
            {
              "batter": "D Sutherland",
              "bowler": "NP Kenjige",
              "non_striker": "F Sutherland",
              "runs": {
                "batter": 0,
                "extras": 0,
                "total": 0
              }
            },
            {
              "batter": "D Sutherland",
              "bowler": "NP Kenjige",
              "non_striker": "F Sutherland",
              "runs": {
                "batter": 4,
                "extras": 0,
                "total": 4
              }
            },
            {
              "batter": "D Sutherland",
              "bowler": "NP Kenjige",
              "non_striker": "F Sutherland",
              "runs": {
                "batter": 0,
                "extras": 0,
                "total": 0
              }
            }
          ]
        },
        {
          "over": 17,
          "deliveries": [
            {
              "batter": "F Sutherland",
              "bowler": "SR Taylor",
              "non_striker": "D Sutherland",
              "runs": {
                "batter": 0,
                "extras": 0,
                "total": 0
              }
            },
            {
              "batter": "F Sutherland",
              "bowler": "SR Taylor",
              "non_striker": "D Sutherland",
              "runs": {
                "batter": 0,
                "extras": 0,
                "total": 0
              }
            },
            {
              "batter": "F Sutherland",
              "bowler": "SR Taylor",
              "non_striker": "D Sutherland",
              "runs": {
                "batter": 0,
                "extras": 0,
                "total": 0
              }
            },
            {
              "batter": "F Sutherland",
              "bowler": "SR Taylor",
              "non_striker": "D Sutherland",
              "runs": {
                "batter": 1,
                "extras": 0,
                "total": 1
              }
            },
            {
              "batter": "D Sutherland",
              "bowler": "SR Taylor",
              "non_striker": "F Sutherland",
              "runs": {
                "batter": 0,
                "extras": 0,
                "total": 0
              }
            },
            {
              "batter": "D Sutherland",
              "bowler": "SR Taylor",
              "non_striker": "F Sutherland",
              "runs": {
                "batter": 0,
                "extras": 0,
                "total": 0
              }
            }
          ]
        },
        {
          "over": 18,
          "deliveries": [
            {
              "batter": "F Sutherland",
              "bowler": "SN Netravalkar",
              "non_striker": "D Sutherland",
              "runs": {
                "batter": 4,
                "extras": 0,
                "total": 4
              }
            },
            {
              "batter": "F Sutherland",
              "bowler": "SN Netravalkar",
              "non_striker": "D Sutherland",
              "runs": {
                "batter": 1,
                "extras": 0,
                "total": 1
              }
            },
            {
              "batter": "D Sutherland",
              "bowler": "SN Netravalkar",
              "non_striker": "F Sutherland",
              "runs": {
                "batter": 1,
                "extras": 0,
                "total": 1
              }
            },
            {
              "batter": "F Sutherland",
              "bowler": "SN Netravalkar",
              "non_striker": "D Sutherland",
              "runs": {
                "batter": 0,
                "extras": 0,
                "total": 0
              }
            },
            {
              "batter": "F Sutherland",
              "bowler": "SN Netravalkar",
              "non_striker": "D Sutherland",
              "runs": {
                "batter": 1,
                "extras": 0,
                "total": 1
              }
            },
            {
              "batter": "D Sutherland",
              "bowler": "SN Netravalkar",
              "non_striker": "F Sutherland",
              "runs": {
                "batter": 1,
                "extras": 0,
                "total": 1
              }
            }
          ]
        },
        {
          "over": 19,
          "deliveries": [
            {
              "batter": "D Sutherland",
              "bowler": "KRP Silva",
              "non_striker": "F Sutherland",
              "runs": {
                "batter": 0,
                "extras": 0,
                "total": 0
              },
              "wickets": [
                {
                  "player_out": "D Sutherland",
                  "fielders": [
                    {
                      "name": "S Sohal"
                    }
                  ],
                  "kind": "caught"
                }
              ]
            },
            {
              "batter": "K Roca",
              "bowler": "KRP Silva",
              "non_striker": "F Sutherland",
              "runs": {
                "batter": 0,
                "extras": 0,
                "total": 0
              }
            },
            {
              "batter": "K Roca",
              "bowler": "KRP Silva",
              "non_striker": "F Sutherland",
              "runs": {
                "batter": 1,
                "extras": 0,
                "total": 1
              }
            },
            {
              "batter": "F Sutherland",
              "bowler": "KRP Silva",
              "non_striker": "K Roca",
              "runs": {
                "batter": 0,
                "extras": 0,
                "total": 0
              }
            },
            {
              "batter": "F Sutherland",
              "bowler": "KRP Silva",
              "extras": {
                "wides": 2
              },
              "non_striker": "K Roca",
              "runs": {
                "batter": 0,
                "extras": 2,
                "total": 2
              }
            },
            {
              "batter": "K Roca",
              "bowler": "KRP Silva",
              "non_striker": "F Sutherland",
              "runs": {
                "batter": 0,
                "extras": 0,
                "total": 0
              }
            },
            {
              "batter": "K Roca",
              "bowler": "KRP Silva",
              "non_striker": "F Sutherland",
              "runs": {
                "batter": 0,
                "extras": 0,
                "total": 0
              },
              "wickets": [
                {
                  "player_out": "K Roca",
                  "kind": "bowled"
                }
              ]
            }
          ]
        }
      ],
      "powerplays": [
        {
          "from": 0.1,
          "to": 5.6,
          "type": "mandatory"
        }
      ]
    },
    {
      "team": "United States of America",
      "overs": [
        {
          "over": 0,
          "deliveries": [
            {
              "batter": "SR Taylor",
              "bowler": "F Sutherland",
              "non_striker": "JS Malhotra",
              "runs": {
                "batter": 4,
                "extras": 0,
                "total": 4
              }
            },
            {
              "batter": "SR Taylor",
              "bowler": "F Sutherland",
              "non_striker": "JS Malhotra",
              "runs": {
                "batter": 2,
                "extras": 0,
                "total": 2
              }
            },
            {
              "batter": "SR Taylor",
              "bowler": "F Sutherland",
              "non_striker": "JS Malhotra",
              "runs": {
                "batter": 0,
                "extras": 0,
                "total": 0
              }
            },
            {
              "batter": "SR Taylor",
              "bowler": "F Sutherland",
              "non_striker": "JS Malhotra",
              "runs": {
                "batter": 1,
                "extras": 0,
                "total": 1
              }
            },
            {
              "batter": "JS Malhotra",
              "bowler": "F Sutherland",
              "non_striker": "SR Taylor",
              "runs": {
                "batter": 1,
                "extras": 0,
                "total": 1
              }
            },
            {
              "batter": "SR Taylor",
              "bowler": "F Sutherland",
              "non_striker": "JS Malhotra",
              "runs": {
                "batter": 6,
                "extras": 0,
                "total": 6
              }
            }
          ]
        },
        {
          "over": 1,
          "deliveries": [
            {
              "batter": "JS Malhotra",
              "bowler": "HH Banner",
              "non_striker": "SR Taylor",
              "runs": {
                "batter": 6,
                "extras": 0,
                "total": 6
              }
            },
            {
              "batter": "JS Malhotra",
              "bowler": "HH Banner",
              "non_striker": "SR Taylor",
              "runs": {
                "batter": 0,
                "extras": 0,
                "total": 0
              }
            },
            {
              "batter": "JS Malhotra",
              "bowler": "HH Banner",
              "non_striker": "SR Taylor",
              "runs": {
                "batter": 2,
                "extras": 0,
                "total": 2
              }
            },
            {
              "batter": "JS Malhotra",
              "bowler": "HH Banner",
              "non_striker": "SR Taylor",
              "runs": {
                "batter": 2,
                "extras": 0,
                "total": 2
              }
            },
            {
              "batter": "JS Malhotra",
              "bowler": "HH Banner",
              "non_striker": "SR Taylor",
              "runs": {
                "batter": 6,
                "extras": 0,
                "total": 6
              }
            },
            {
              "batter": "JS Malhotra",
              "bowler": "HH Banner",
              "non_striker": "SR Taylor",
              "runs": {
                "batter": 6,
                "extras": 0,
                "total": 6
              }
            }
          ]
        },
        {
          "over": 2,
          "deliveries": [
            {
              "batter": "SR Taylor",
              "bowler": "F Sutherland",
              "non_striker": "JS Malhotra",
              "runs": {
                "batter": 6,
                "extras": 0,
                "total": 6
              }
            },
            {
              "batter": "SR Taylor",
              "bowler": "F Sutherland",
              "non_striker": "JS Malhotra",
              "runs": {
                "batter": 4,
                "extras": 0,
                "total": 4
              }
            },
            {
              "batter": "SR Taylor",
              "bowler": "F Sutherland",
              "non_striker": "JS Malhotra",
              "runs": {
                "batter": 4,
                "extras": 0,
                "total": 4
              }
            },
            {
              "batter": "SR Taylor",
              "bowler": "F Sutherland",
              "non_striker": "JS Malhotra",
              "runs": {
                "batter": 4,
                "extras": 0,
                "total": 4
              }
            },
            {
              "batter": "SR Taylor",
              "bowler": "F Sutherland",
              "non_striker": "JS Malhotra",
              "runs": {
                "batter": 6,
                "extras": 0,
                "total": 6
              }
            },
            {
              "batter": "SR Taylor",
              "bowler": "F Sutherland",
              "non_striker": "JS Malhotra",
              "runs": {
                "batter": 4,
                "extras": 0,
                "total": 4
              }
            }
          ]
        },
        {
          "over": 3,
          "deliveries": [
            {
              "batter": "JS Malhotra",
              "bowler": "J Benjamin",
              "non_striker": "SR Taylor",
              "runs": {
                "batter": 0,
                "extras": 0,
                "total": 0
              },
              "wickets": [
                {
                  "player_out": "JS Malhotra",
                  "fielders": [
                    {
                      "name": "D Sutherland"
                    }
                  ],
                  "kind": "caught"
                }
              ]
            },
            {
              "batter": "SR Taylor",
              "bowler": "J Benjamin",
              "non_striker": "KRP Silva",
              "runs": {
                "batter": 2,
                "extras": 0,
                "total": 2
              }
            },
            {
              "batter": "SR Taylor",
              "bowler": "J Benjamin",
              "non_striker": "KRP Silva",
              "runs": {
                "batter": 0,
                "extras": 0,
                "total": 0
              }
            },
            {
              "batter": "SR Taylor",
              "bowler": "J Benjamin",
              "non_striker": "KRP Silva",
              "runs": {
                "batter": 6,
                "extras": 0,
                "total": 6
              }
            },
            {
              "batter": "SR Taylor",
              "bowler": "J Benjamin",
              "non_striker": "KRP Silva",
              "runs": {
                "batter": 1,
                "extras": 0,
                "total": 1
              }
            },
            {
              "batter": "KRP Silva",
              "bowler": "J Benjamin",
              "non_striker": "SR Taylor",
              "runs": {
                "batter": 1,
                "extras": 0,
                "total": 1
              }
            }
          ]
        },
        {
          "over": 4,
          "deliveries": [
            {
              "batter": "KRP Silva",
              "bowler": "F Sutherland",
              "extras": {
                "legbyes": 1
              },
              "non_striker": "SR Taylor",
              "runs": {
                "batter": 0,
                "extras": 1,
                "total": 1
              }
            },
            {
              "batter": "SR Taylor",
              "bowler": "F Sutherland",
              "non_striker": "KRP Silva",
              "runs": {
                "batter": 1,
                "extras": 0,
                "total": 1
              }
            },
            {
              "batter": "KRP Silva",
              "bowler": "F Sutherland",
              "non_striker": "SR Taylor",
              "runs": {
                "batter": 1,
                "extras": 0,
                "total": 1
              }
            },
            {
              "batter": "SR Taylor",
              "bowler": "F Sutherland",
              "extras": {
                "wides": 1
              },
              "non_striker": "KRP Silva",
              "runs": {
                "batter": 0,
                "extras": 1,
                "total": 1
              }
            },
            {
              "batter": "SR Taylor",
              "bowler": "F Sutherland",
              "non_striker": "KRP Silva",
              "runs": {
                "batter": 0,
                "extras": 0,
                "total": 0
              }
            },
            {
              "batter": "SR Taylor",
              "bowler": "F Sutherland",
              "non_striker": "KRP Silva",
              "runs": {
                "batter": 6,
                "extras": 0,
                "total": 6
              }
            },
            {
              "batter": "SR Taylor",
              "bowler": "F Sutherland",
              "non_striker": "KRP Silva",
              "runs": {
                "batter": 0,
                "extras": 0,
                "total": 0
              }
            }
          ]
        },
        {
          "over": 5,
          "deliveries": [
            {
              "batter": "KRP Silva",
              "bowler": "J Benjamin",
              "non_striker": "SR Taylor",
              "runs": {
                "batter": 0,
                "extras": 0,
                "total": 0
              }
            },
            {
              "batter": "KRP Silva",
              "bowler": "J Benjamin",
              "non_striker": "SR Taylor",
              "runs": {
                "batter": 6,
                "extras": 0,
                "total": 6
              }
            }
          ]
        }
      ],
      "powerplays": [
        {
          "from": 0.1,
          "to": 5.2,
          "type": "mandatory"
        }
      ],
      "target": {
        "overs": 20,
        "runs": 85
      }
    }
  ]
}