{
  "meta": {
    "data_version": "1.0.0",
    "created": "2020-09-10",
    "revision": 1
  },
  "info": {
    "balls_per_over": 6,
    "city": "Morrisville",
    "dates": [
      "2018-09-25"
    ],
    "event": {
      "name": "ICC World Twenty20 Americas Sub Regional Qualifier A",
      "match_number": 10
    },
    "gender": "male",
    "match_type": "IT20",
    "officials": {
      "umpires": [
        "R Dill",
        "H Grewal"
      ]
    },
    "outcome": {
      "winner": "United States of America",
      "by": {
        "wickets": 2
      }
    },
    "overs": 20,
    "player_of_match": [
      "SR Taylor"
    ],
    "players": {
      "Canada": [
        "SA Wijeratne",
        "NS Dhaliwal",
        "NR Kumar",
        "Abraash Khan",
        "Hamza Tariq",
        "Saad Bin Zafar",
        "Rizwan Cheema",
        "N Dutta",
        "D Heyliger",
        "Junaid Siddiqui",
        "C Pervez"
      ],
      "United States of America": [
        "MD Patel",
        "JS Malhotra",
        "SR Taylor",
        "S Sohal",
        "KRP Silva",
        "I Khaleel",
        "EH Hutchinson",
        "TK Patel",
        "SN Netravalkar",
        "Ali Khan",
        "NP Kenjige"
      ]
    },
    "registry": {
      "people": {
        "Abraash Khan": "684dc2da",
        "Ali Khan": "b0eaaac6",
        "C Pervez": "7bf34437",
        "D Heyliger": "f8c72766",
        "EH Hutchinson": "e6ddab51",
        "H Grewal": "1172f36e",
        "Hamza Tariq": "82e81007",
        "I Khaleel": "1aaebfe1",
        "JS Malhotra": "9633359f",
        "Junaid Siddiqui": "9025e58f",
        "KRP Silva": "99ffb3d3",
        "MD Patel": "25d7f1ac",
        "N Dutta": "e258a603",
        "NP Kenjige": "f7d267f7",
        "NR Kumar": "b3bad3f2",
        "NS Dhaliwal": "cbabd6ad",
        "R Dill": "b0f23d14",
        "Rizwan Cheema": "3a026eb4",
        "S Sohal": "3fca55af",
        "SA Wijeratne": "5fbd0632",
        "SN Netravalkar": "c8a3f688",
        "SR Taylor": "a9231c3f",
        "Saad Bin Zafar": "f28a60e0",
        "TK Patel": "95fcbfb7"
      }
    },
    "season": "2018/19",
    "team_type": "international",
    "teams": [
      "Canada",
      "United States of America"
    ],
    "toss": {
      "decision": "bat",
      "winner": "Canada"
    },
    "venue": "Church Street Park"
  },
  "innings": [
    {
      "team": "Canada",
      "overs": [
        {
          "over": 0,
          "deliveries": [
            {
              "batter": "SA Wijeratne",
              "bowler": "Ali Khan",
              "non_striker": "NS Dhaliwal",
              "runs": {
                "batter": 0,
                "extras": 0,
                "total": 0
              }
            },
            {
              "batter": "SA Wijeratne",
              "bowler": "Ali Khan",
              "non_striker": "NS Dhaliwal",
              "runs": {
                "batter": 4,
                "extras": 0,
                "total": 4
              }
            },
            {
              "batter": "SA Wijeratne",
              "bowler": "Ali Khan",
              "non_striker": "NS Dhaliwal",
              "runs": {
                "batter": 1,
                "extras": 0,
                "total": 1
              }
            },
            {
              "batter": "NS Dhaliwal",
              "bowler": "Ali Khan",
              "non_striker": "SA Wijeratne",
              "runs": {
                "batter": 1,
                "extras": 0,
                "total": 1
              }
            },
            {
              "batter": "SA Wijeratne",
              "bowler": "Ali Khan",
              "non_striker": "NS Dhaliwal",
              "runs": {
                "batter": 0,
                "extras": 0,
                "total": 0
              }
            },
            {
              "batter": "SA Wijeratne",
              "bowler": "Ali Khan",
              "non_striker": "NS Dhaliwal",
              "runs": {
                "batter": 0,
                "extras": 0,
                "total": 0
              }
            }
          ]
        },
        {
          "over": 1,
          "deliveries": [
            {
              "batter": "NS Dhaliwal",
              "bowler": "SN Netravalkar",
              "non_striker": "SA Wijeratne",
              "runs": {
                "batter": 0,
                "extras": 0,
                "total": 0
              }
            },
            {
              "batter": "NS Dhaliwal",
              "bowler": "SN Netravalkar",
              "non_striker": "SA Wijeratne",
              "runs": {
                "batter": 1,
                "extras": 0,
                "total": 1
              }
            },
            {
              "batter": "SA Wijeratne",
              "bowler": "SN Netravalkar",
              "non_striker": "NS Dhaliwal",
              "runs": {
                "batter": 0,
                "extras": 0,
                "total": 0
              }
            },
            {
              "batter": "SA Wijeratne",
              "bowler": "SN Netravalkar",
              "non_striker": "NS Dhaliwal",
              "runs": {
                "batter": 0,
                "extras": 0,
                "total": 0
              }
            },
            {
              "batter": "SA Wijeratne",
              "bowler": "SN Netravalkar",
              "non_striker": "NS Dhaliwal",
              "runs": {
                "batter": 0,
                "extras": 0,
                "total": 0
              }
            },
            {
              "batter": "SA Wijeratne",
              "bowler": "SN Netravalkar",
              "non_striker": "NS Dhaliwal",
              "runs": {
                "batter": 1,
                "extras": 0,
                "total": 1
              }
            }
          ]
        },
        {
          "over": 2,
          "deliveries": [
            {
              "batter": "SA Wijeratne",
              "bowler": "Ali Khan",
              "non_striker": "NS Dhaliwal",
              "runs": {
                "batter": 0,
                "extras": 0,
                "total": 0
              }
            },
            {
              "batter": "SA Wijeratne",
              "bowler": "Ali Khan",
              "non_striker": "NS Dhaliwal",
              "runs": {
                "batter": 0,
                "extras": 0,
                "total": 0
              }
            },
            {
              "batter": "SA Wijeratne",
              "bowler": "Ali Khan",
              "non_striker": "NS Dhaliwal",
              "runs": {
                "batter": 0,
                "extras": 0,
                "total": 0
              }
            },
            {
              "batter": "SA Wijeratne",
              "bowler": "Ali Khan",
              "non_striker": "NS Dhaliwal",
              "runs": {
                "batter": 0,
                "extras": 0,
                "total": 0
              }
            },
            {
              "batter": "SA Wijeratne",
              "bowler": "Ali Khan",
              "non_striker": "NS Dhaliwal",
              "runs": {
                "batter": 4,
                "extras": 0,
                "total": 4
              }
            },
            {
              "batter": "SA Wijeratne",
              "bowler": "Ali Khan",
              "non_striker": "NS Dhaliwal",
              "runs": {
                "batter": 4,
                "extras": 0,
                "total": 4
              }
            }
          ]
        },
        {
          "over": 3,
          "deliveries": [
            {
              "batter": "NS Dhaliwal",
              "bowler": "SN Netravalkar",
              "non_striker": "SA Wijeratne",
              "runs": {
                "batter": 0,
                "extras": 0,
                "total": 0
              }
            },
            {
              "batter": "NS Dhaliwal",
              "bowler": "SN Netravalkar",
              "non_striker": "SA Wijeratne",
              "runs": {
                "batter": 6,
                "extras": 0,
                "total": 6
              }
            },
            {
              "batter": "NS Dhaliwal",
              "bowler": "SN Netravalkar",
              "non_striker": "SA Wijeratne",
              "runs": {
                "batter": 6,
                "extras": 0,
                "total": 6
              }
            },
            {
              "batter": "NS Dhaliwal",
              "bowler": "SN Netravalkar",
              "non_striker": "SA Wijeratne",
              "runs": {
                "batter": 1,
                "extras": 0,
                "total": 1
              }
            },
            {
              "batter": "SA Wijeratne",
              "bowler": "SN Netravalkar",
              "non_striker": "NS Dhaliwal",
              "runs": {
                "batter": 4,
                "extras": 0,
                "total": 4
              }
            },
            {
              "batter": "SA Wijeratne",
              "bowler": "SN Netravalkar",
              "non_striker": "NS Dhaliwal",
              "runs": {
                "batter": 1,
                "extras": 0,
                "total": 1
              }
            }
          ]
        },
        {
          "over": 4,
          "deliveries": [
            {
              "batter": "SA Wijeratne",
              "bowler": "EH Hutchinson",
              "non_striker": "NS Dhaliwal",
              "runs": {
                "batter": 0,
                "extras": 0,
                "total": 0
              }
            },
            {
              "batter": "SA Wijeratne",
              "bowler": "EH Hutchinson",
              "non_striker": "NS Dhaliwal",
              "runs": {
                "batter": 0,
                "extras": 0,
                "total": 0
              },
              "wickets": [
                {
                  "player_out": "SA Wijeratne",
                  "fielders": [
                    {
                      "name": "TK Patel"
                    }
                  ],
                  "kind": "caught"
                }
              ]
            },
            {
              "batter": "NS Dhaliwal",
              "bowler": "EH Hutchinson",
              "non_striker": "NR Kumar",
              "runs": {
                "batter": 0,
                "extras": 0,
                "total": 0
              }
            },
            {
              "batter": "NS Dhaliwal",
              "bowler": "EH Hutchinson",
              "non_striker": "NR Kumar",
              "runs": {
                "batter": 2,
                "extras": 0,
                "total": 2
              }
            },
            {
              "batter": "NS Dhaliwal",
              "bowler": "EH Hutchinson",
              "non_striker": "NR Kumar",
              "runs": {
                "batter": 0,
                "extras": 0,
                "total": 0
              },
              "wickets": [
                {
                  "player_out": "NS Dhaliwal",
                  "fielders": [
                    {
                      "name": "KRP Silva"
                    }
                  ],
                  "kind": "caught"
                }
              ]
            },
            {
              "batter": "Abraash Khan",
              "bowler": "EH Hutchinson",
              "non_striker": "NR Kumar",
              "runs": {
                "batter": 0,
                "extras": 0,
                "total": 0
              }
            }
          ]
        },
        {
          "over": 5,
          "deliveries": [
            {
              "batter": "NR Kumar",
              "bowler": "KRP Silva",
              "non_striker": "Abraash Khan",
              "runs": {
                "batter": 0,
                "extras": 0,
                "total": 0
              }
            },
            {
              "batter": "NR Kumar",
              "bowler": "KRP Silva",
              "non_striker": "Abraash Khan",
              "runs": {
                "batter": 1,
                "extras": 0,
                "total": 1
              }
            },
            {
              "batter": "Abraash Khan",
              "bowler": "KRP Silva",
              "non_striker": "NR Kumar",
              "runs": {
                "batter": 0,
                "extras": 0,
                "total": 0
              }
            },
            {
              "batter": "Abraash Khan",
              "bowler": "KRP Silva",
              "non_striker": "NR Kumar",
              "runs": {
                "batter": 0,
                "extras": 0,
                "total": 0
              }
            },
            {
              "batter": "Abraash Khan",
              "bowler": "KRP Silva",
              "non_striker": "NR Kumar",
              "runs": {
                "batter": 1,
                "extras": 0,
                "total": 1
              }
            },
            {
              "batter": "NR Kumar",
              "bowler": "KRP Silva",
              "non_striker": "Abraash Khan",
              "runs": {
                "batter": 1,
                "extras": 0,
                "total": 1
              }
            }
          ]
        },
        {
          "over": 6,
          "deliveries": [
            {
              "batter": "NR Kumar",
              "bowler": "EH Hutchinson",
              "non_striker": "Abraash Khan",
              "runs": {
                "batter": 1,
                "extras": 0,
                "total": 1
              }
            },
            {
              "batter": "Abraash Khan",
              "bowler": "EH Hutchinson",
              "non_striker": "NR Kumar",
              "runs": {
                "batter": 0,
                "extras": 0,
                "total": 0
              }
            },
            {
              "batter": "Abraash Khan",
              "bowler": "EH Hutchinson",
              "non_striker": "NR Kumar",
              "runs": {
                "batter": 4,
                "extras": 0,
                "total": 4
              }
            },
            {
              "batter": "Abraash Khan",
              "bowler": "EH Hutchinson",
              "non_striker": "NR Kumar",
              "runs": {
                "batter": 4,
                "extras": 0,
                "total": 4
              }
            },
            {
              "batter": "Abraash Khan",
              "bowler": "EH Hutchinson",
              "non_striker": "NR Kumar",
              "runs": {
                "batter": 1,
                "extras": 0,
                "total": 1
              }
            },
            {
              "batter": "NR Kumar",
              "bowler": "EH Hutchinson",
              "non_striker": "Abraash Khan",
              "runs": {
                "batter": 2,
                "extras": 0,
                "total": 2
              }
            }
          ]
        },
        {
          "over": 7,
          "deliveries": [
            {
              "batter": "Abraash Khan",
              "bowler": "NP Kenjige",
              "non_striker": "NR Kumar",
              "runs": {
                "batter": 0,
                "extras": 0,
                "total": 0
              }
            },
            {
              "batter": "Abraash Khan",
              "bowler": "NP Kenjige",
              "non_striker": "NR Kumar",
              "runs": {
                "batter": 2,
                "extras": 0,
                "total": 2
              }
            },
            {
              "batter": "Abraash Khan",
              "bowler": "NP Kenjige",
              "non_striker": "NR Kumar",
              "runs": {
                "batter": 0,
                "extras": 0,
                "total": 0
              }
            },
            {
              "batter": "Abraash Khan",
              "bowler": "NP Kenjige",
              "non_striker": "NR Kumar",
              "runs": {
                "batter": 1,
                "extras": 0,
                "total": 1
              }
            },
            {
              "batter": "NR Kumar",
              "bowler": "NP Kenjige",
              "non_striker": "Abraash Khan",
              "runs": {
                "batter": 0,
                "extras": 0,
                "total": 0
              },
              "wickets": [
                {
                  "player_out": "NR Kumar",
                  "kind": "bowled"
                }
              ]
            },
            {
              "batter": "Hamza Tariq",
              "bowler": "NP Kenjige",
              "non_striker": "Abraash Khan",
              "runs": {
                "batter": 2,
                "extras": 0,
                "total": 2
              }
            }
          ]
        },
        {
          "over": 8,
          "deliveries": [
            {
              "batter": "Abraash Khan",
              "bowler": "TK Patel",
              "non_striker": "Hamza Tariq",
              "runs": {
                "batter": 1,
                "extras": 0,
                "total": 1
              }
            },
            {
              "batter": "Hamza Tariq",
              "bowler": "TK Patel",
              "non_striker": "Abraash Khan",
              "runs": {
                "batter": 4,
                "extras": 0,
                "total": 4
              }
            },
            {
              "batter": "Hamza Tariq",
              "bowler": "TK Patel",
              "non_striker": "Abraash Khan",
              "runs": {
                "batter": 1,
                "extras": 0,
                "total": 1
              }
            },
            {
              "batter": "Abraash Khan",
              "bowler": "TK Patel",
              "non_striker": "Hamza Tariq",
              "runs": {
                "batter": 4,
                "extras": 0,
                "total": 4
              }
            },
            {
              "batter": "Abraash Khan",
              "bowler": "TK Patel",
              "non_striker": "Hamza Tariq",
              "runs": {
                "batter": 0,
                "extras": 0,
                "total": 0
              }
            },
            {
              "batter": "Abraash Khan",
              "bowler": "TK Patel",
              "non_striker": "Hamza Tariq",
              "runs": {
                "batter": 1,
                "extras": 0,
                "total": 1
              }
            }
          ]
        },
        {
          "over": 9,
          "deliveries": [
            {
              "batter": "Abraash Khan",
              "bowler": "NP Kenjige",
              "non_striker": "Hamza Tariq",
              "runs": {
                "batter": 0,
                "extras": 0,
                "total": 0
              },
              "wickets": [
                {
                  "player_out": "Abraash Khan",
                  "fielders": [
                    {
                      "name": "EH Hutchinson"
                    }
                  ],
                  "kind": "caught"
                }
              ]
            },
            {
              "batter": "Hamza Tariq",
              "bowler": "NP Kenjige",
              "non_striker": "Saad Bin Zafar",
              "runs": {
                "batter": 0,
                "extras": 0,
                "total": 0
              }
            },
            {
              "batter": "Hamza Tariq",
              "bowler": "NP Kenjige",
              "non_striker": "Saad Bin Zafar",
              "runs": {
                "batter": 6,
                "extras": 0,
                "total": 6
              }
            },
            {
              "batter": "Hamza Tariq",
              "bowler": "NP Kenjige",
              "non_striker": "Saad Bin Zafar",
              "runs": {
                "batter": 0,
                "extras": 0,
                "total": 0
              }
            },
            {
              "batter": "Hamza Tariq",
              "bowler": "NP Kenjige",
              "non_striker": "Saad Bin Zafar",
              "runs": {
                "batter": 0,
                "extras": 0,
                "total": 0
              }
            },
            {
              "batter": "Hamza Tariq",
              "bowler": "NP Kenjige",
              "non_striker": "Saad Bin Zafar",
              "runs": {
                "batter": 6,
                "extras": 0,
                "total": 6
              }
            }
          ]
        },
        {
          "over": 10,
          "deliveries": [
            {
              "batter": "Saad Bin Zafar",
              "bowler": "SR Taylor",
              "non_striker": "Hamza Tariq",
              "runs": {
                "batter": 2,
                "extras": 0,
                "total": 2
              }
            },
            {
              "batter": "Saad Bin Zafar",
              "bowler": "SR Taylor",
              "non_striker": "Hamza Tariq",
              "runs": {
                "batter": 1,
                "extras": 0,
                "total": 1
              }
            },
            {
              "batter": "Hamza Tariq",
              "bowler": "SR Taylor",
              "non_striker": "Saad Bin Zafar",
              "runs": {
                "batter": 1,
                "extras": 0,
                "total": 1
              }
            },
            {
              "batter": "Saad Bin Zafar",
              "bowler": "SR Taylor",
              "non_striker": "Hamza Tariq",
              "runs": {
                "batter": 0,
                "extras": 0,
                "total": 0
              }
            },
            {
              "batter": "Saad Bin Zafar",
              "bowler": "SR Taylor",
              "non_striker": "Hamza Tariq",
              "runs": {
                "batter": 0,
                "extras": 0,
                "total": 0
              }
            },
            {
              "batter": "Saad Bin Zafar",
              "bowler": "SR Taylor",
              "non_striker": "Hamza Tariq",
              "runs": {
                "batter": 1,
                "extras": 0,
                "total": 1
              }
            }
          ]
        },
        {
          "over": 11,
          "deliveries": [
            {
              "batter": "Saad Bin Zafar",
              "bowler": "KRP Silva",
              "non_striker": "Hamza Tariq",
              "runs": {
                "batter": 0,
                "extras": 0,
                "total": 0
              }
            },
            {
              "batter": "Saad Bin Zafar",
              "bowler": "KRP Silva",
              "non_striker": "Hamza Tariq",
              "runs": {
                "batter": 0,
                "extras": 0,
                "total": 0
              }
            },
            {
              "batter": "Saad Bin Zafar",
              "bowler": "KRP Silva",
              "non_striker": "Hamza Tariq",
              "runs": {
                "batter": 0,
                "extras": 0,
                "total": 0
              }
            },
            {
              "batter": "Saad Bin Zafar",
              "bowler": "KRP Silva",
              "non_striker": "Hamza Tariq",
              "runs": {
                "batter": 0,
                "extras": 0,
                "total": 0
              },
              "wickets": [
                {
                  "player_out": "Saad Bin Zafar",
                  "kind": "run out"
                }
              ]
            },
            {
              "batter": "Hamza Tariq",
              "bowler": "KRP Silva",
              "non_striker": "Rizwan Cheema",
              "runs": {
                "batter": 0,
                "extras": 0,
                "total": 0
              }
            },
            {
              "batter": "Hamza Tariq",
              "bowler": "KRP Silva",
              "non_striker": "Rizwan Cheema",
              "runs": {
                "batter": 0,
                "extras": 0,
                "total": 0
              }
            }
          ]
        },
        {
          "over": 12,
          "deliveries": [
            {
              "batter": "Rizwan Cheema",
              "bowler": "NP Kenjige",
              "non_striker": "Hamza Tariq",
              "runs": {
                "batter": 0,
                "extras": 0,
                "total": 0
              }
            },
            {
              "batter": "Rizwan Cheema",
              "bowler": "NP Kenjige",
              "non_striker": "Hamza Tariq",
              "runs": {
                "batter": 0,
                "extras": 0,
                "total": 0
              }
            },
            {
              "batter": "Rizwan Cheema",
              "bowler": "NP Kenjige",
              "non_striker": "Hamza Tariq",
              "runs": {
                "batter": 2,
                "extras": 0,
                "total": 2
              }
            },
            {
              "batter": "Rizwan Cheema",
              "bowler": "NP Kenjige",
              "non_striker": "Hamza Tariq",
              "runs": {
                "batter": 1,
                "extras": 0,
                "total": 1
              }
            },
            {
              "batter": "Hamza Tariq",
              "bowler": "NP Kenjige",
              "non_striker": "Rizwan Cheema",
              "runs": {
                "batter": 6,
                "extras": 0,
                "total": 6
              }
            },
            {
              "batter": "Hamza Tariq",
              "bowler": "NP Kenjige",
              "non_striker": "Rizwan Cheema",
              "runs": {
                "batter": 1,
                "extras": 0,
                "total": 1
              }
            }
          ]
        },
        {
          "over": 13,
          "deliveries": [
            {
              "batter": "Hamza Tariq",
              "bowler": "KRP Silva",
              "non_striker": "Rizwan Cheema",
              "runs": {
                "batter": 4,
                "extras": 0,
                "total": 4
              }
            },
            {
              "batter": "Hamza Tariq",
              "bowler": "KRP Silva",
              "non_striker": "Rizwan Cheema",
              "runs": {
                "batter": 0,
                "extras": 0,
                "total": 0
              }
            },
            {
              "batter": "Hamza Tariq",
              "bowler": "KRP Silva",
              "non_striker": "Rizwan Cheema",
              "runs": {
                "batter": 0,
                "extras": 0,
                "total": 0
              }
            },
            {
              "batter": "Hamza Tariq",
              "bowler": "KRP Silva",
              "non_striker": "Rizwan Cheema",
              "runs": {
                "batter": 0,
                "extras": 0,
                "total": 0
              },
              "wickets": [
                {
                  "player_out": "Hamza Tariq",
                  "fielders": [
                    {
                      "name": "TK Patel"
                    }
                  ],
                  "kind": "caught"
                }
              ]
            },
            {
              "batter": "Rizwan Cheema",
              "bowler": "KRP Silva",
              "non_striker": "N Dutta",
              "runs": {
                "batter": 1,
                "extras": 0,
                "total": 1
              }
            },
            {
              "batter": "N Dutta",
              "bowler": "KRP Silva",
              "non_striker": "Rizwan Cheema",
              "runs": {
                "batter": 1,
                "extras": 0,
                "total": 1
              }
            }
          ]
        },
        {
          "over": 14,
          "deliveries": [
            {
              "batter": "N Dutta",
              "bowler": "Ali Khan",
              "non_striker": "Rizwan Cheema",
              "runs": {
                "batter": 0,
                "extras": 0,
                "total": 0
              }
            },
            {
              "batter": "N Dutta",
              "bowler": "Ali Khan",
              "non_striker": "Rizwan Cheema",
              "runs": {
                "batter": 0,
                "extras": 0,
                "total": 0
              }
            },
            {
              "batter": "N Dutta",
              "bowler": "Ali Khan",
              "non_striker": "Rizwan Cheema",
              "runs": {
                "batter": 0,
                "extras": 0,
                "total": 0
              }
            },
            {
              "batter": "N Dutta",
              "bowler": "Ali Khan",
              "non_striker": "Rizwan Cheema",
              "runs": {
                "batter": 0,
                "extras": 0,
                "total": 0
              }
            },
            {
              "batter": "N Dutta",
              "bowler": "Ali Khan",
              "extras": {
                "wides": 5
              },
              "non_striker": "Rizwan Cheema",
              "runs": {
                "batter": 0,
                "extras": 5,
                "total": 5
              }
            },
            {
              "batter": "N Dutta",
              "bowler": "Ali Khan",
              "non_striker": "Rizwan Cheema",
              "runs": {
                "batter": 1,
                "extras": 0,
                "total": 1
              }
            },
            {
              "batter": "Rizwan Cheema",
              "bowler": "Ali Khan",
              "extras": {
                "wides": 1
              },
              "non_striker": "N Dutta",
              "runs": {
                "batter": 0,
                "extras": 1,
                "total": 1
              }
            },
            {
              "batter": "Rizwan Cheema",
              "bowler": "Ali Khan",
              "extras": {
                "wides": 1
              },
              "non_striker": "N Dutta",
              "runs": {
                "batter": 0,
                "extras": 1,
                "total": 1
              }
            },
            {
              "batter": "Rizwan Cheema",
              "bowler": "Ali Khan",
              "non_striker": "N Dutta",
              "runs": {
                "batter": 2,
                "extras": 0,
                "total": 2
              }
            }
          ]
        },
        {
          "over": 15,
          "deliveries": [
            {
              "batter": "N Dutta",
              "bowler": "KRP Silva",
              "non_striker": "Rizwan Cheema",
              "runs": {
                "batter": 0,
                "extras": 0,
                "total": 0
              }
            },
            {
              "batter": "N Dutta",
              "bowler": "KRP Silva",
              "non_striker": "Rizwan Cheema",
              "runs": {
                "batter": 1,
                "extras": 0,
                "total": 1
              }
            },
            {
              "batter": "Rizwan Cheema",
              "bowler": "KRP Silva",
              "non_striker": "N Dutta",
              "runs": {
                "batter": 6,
                "extras": 0,
                "total": 6
              }
            },
            {
              "batter": "Rizwan Cheema",
              "bowler": "KRP Silva",
              "non_striker": "N Dutta",
              "runs": {
                "batter": 2,
                "extras": 0,
                "total": 2
              }
            },
            {
              "batter": "Rizwan Cheema",
              "bowler": "KRP Silva",
              "non_striker": "N Dutta",
              "runs": {
                "batter": 6,
                "extras": 0,
                "total": 6
              }
            },
            {
              "batter": "Rizwan Cheema",
              "bowler": "KRP Silva",
              "non_striker": "N Dutta",
              "runs": {
                "batter": 1,
                "extras": 0,
                "total": 1
              }
            }
          ]
        },
        {
          "over": 16,
          "deliveries": [
            {
              "batter": "Rizwan Cheema",
              "bowler": "NP Kenjige",
              "non_striker": "N Dutta",
              "runs": {
                "batter": 6,
                "extras": 0,
                "total": 6
              }
            },
            {
              "batter": "Rizwan Cheema",
              "bowler": "NP Kenjige",
              "non_striker": "N Dutta",
              "runs": {
                "batter": 0,
                "extras": 0,
                "total": 0
              },
              "wickets": [
                {
                  "player_out": "Rizwan Cheema",
                  "fielders": [
                    {
                      "name": "S Sohal"
                    }
                  ],
                  "kind": "caught"
                }
              ]
            },
            {
              "batter": "N Dutta",
              "bowler": "NP Kenjige",
              "non_striker": "D Heyliger",
              "runs": {
                "batter": 0,
                "extras": 0,
                "total": 0
              }
            },
            {
              "batter": "N Dutta",
              "bowler": "NP Kenjige",
              "non_striker": "D Heyliger",
              "runs": {
                "batter": 6,
                "extras": 0,
                "total": 6
              }
            },
            {
              "batter": "N Dutta",
              "bowler": "NP Kenjige",
              "non_striker": "D Heyliger",
              "runs": {
                "batter": 4,
                "extras": 0,
                "total": 4
              }
            },
            {
              "batter": "N Dutta",
              "bowler": "NP Kenjige",
              "non_striker": "D Heyliger",
              "runs": {
                "batter": 1,
                "extras": 0,
                "total": 1
              }
            }
          ]
        },
        {
          "over": 17,
          "deliveries": [
            {
              "batter": "N Dutta",
              "bowler": "SN Netravalkar",
              "non_striker": "D Heyliger",
              "runs": {
                "batter": 1,
                "extras": 0,
                "total": 1
              }
            },
            {
              "batter": "D Heyliger",
              "bowler": "SN Netravalkar",
              "non_striker": "N Dutta",
              "runs": {
                "batter": 0,
                "extras": 0,
                "total": 0
              },
              "wickets": [
                {
                  "player_out": "D Heyliger",
                  "kind": "bowled"
                }
              ]
            },
            {
              "batter": "Junaid Siddiqui",
              "bowler": "SN Netravalkar",
              "non_striker": "N Dutta",
              "runs": {
                "batter": 0,
                "extras": 0,
                "total": 0
              }
            },
            {
              "batter": "Junaid Siddiqui",
              "bowler": "SN Netravalkar",
              "non_striker": "N Dutta",
              "runs": {
                "batter": 0,
                "extras": 0,
                "total": 0
              }
            },
            {
              "batter": "Junaid Siddiqui",
              "bowler": "SN Netravalkar",
              "non_striker": "N Dutta",
              "runs": {
                "batter": 2,
                "extras": 0,
                "total": 2
              }
            },
            {
              "batter": "Junaid Siddiqui",
              "bowler": "SN Netravalkar",
              "non_striker": "N Dutta",
              "runs": {
                "batter": 1,
                "extras": 0,
                "total": 1
              }
            }
          ]
        },
        {
          "over": 18,
          "deliveries": [
            {
              "batter": "Junaid Siddiqui",
              "bowler": "EH Hutchinson",
              "non_striker": "N Dutta",
              "runs": {
                "batter": 1,
                "extras": 0,
                "total": 1
              }
            },
            {
              "batter": "N Dutta",
              "bowler": "EH Hutchinson",
              "non_striker": "Junaid Siddiqui",
              "runs": {
                "batter": 2,
                "extras": 0,
                "total": 2
              }
            },
            {
              "batter": "N Dutta",
              "bowler": "EH Hutchinson",
              "extras": {
                "legbyes": 1,
                "noballs": 1
              },
              "non_striker": "Junaid Siddiqui",
              "runs": {
                "batter": 0,
                "extras": 2,
                "total": 2
              }
            },
            {
              "batter": "Junaid Siddiqui",
              "bowler": "EH Hutchinson",
              "non_striker": "N Dutta",
              "runs": {
                "batter": 1,
                "extras": 0,
                "total": 1
              }
            },
            {
              "batter": "N Dutta",
              "bowler": "EH Hutchinson",
              "non_striker": "Junaid Siddiqui",
              "runs": {
                "batter": 1,
                "extras": 0,
                "total": 1
              }
            },
            {
              "batter": "Junaid Siddiqui",
              "bowler": "EH Hutchinson",
              "non_striker": "N Dutta",
              "runs": {
                "batter": 0,
                "extras": 0,
                "total": 0
              }
            },
            {
              "batter": "Junaid Siddiqui",
              "bowler": "EH Hutchinson",
              "non_striker": "N Dutta",
              "runs": {
                "batter": 4,
                "extras": 0,
                "total": 4
              }
            }
          ]
        },
        {
          "over": 19,
          "deliveries": [
            {
              "batter": "N Dutta",
              "bowler": "SN Netravalkar",
              "extras": {
                "wides": 1
              },
              "non_striker": "Junaid Siddiqui",
              "runs": {
                "batter": 0,
                "extras": 1,
                "total": 1
              }
            },
            {
              "batter": "N Dutta",
              "bowler": "SN Netravalkar",
              "non_striker": "Junaid Siddiqui",
              "runs": {
                "batter": 1,
                "extras": 0,
                "total": 1
              }
            },
            {
              "batter": "Junaid Siddiqui",
              "bowler": "SN Netravalkar",
              "extras": {
                "legbyes": 1
              },
              "non_striker": "N Dutta",
              "runs": {
                "batter": 0,
                "extras": 1,
                "total": 1
              }
            },
            {
              "batter": "N Dutta",
              "bowler": "SN Netravalkar",
              "non_striker": "Junaid Siddiqui",
              "runs": {
                "batter": 0,
                "extras": 0,
                "total": 0
              }
            },
            {
              "batter": "N Dutta",
              "bowler": "SN Netravalkar",
              "non_striker": "Junaid Siddiqui",
              "runs": {
                "batter": 2,
                "extras": 0,
                "total": 2
              }
            },
            {
              "batter": "N Dutta",
              "bowler": "SN Netravalkar",
              "non_striker": "Junaid Siddiqui",
              "runs": {
                "batter": 4,
                "extras": 0,
                "total": 4
              }
            },
            {
              "batter": "N Dutta",
              "bowler": "SN Netravalkar",
              "non_striker": "Junaid Siddiqui",
              "runs": {
                "batter": 6,
                "extras": 0,
                "total": 6
              }
            }
          ]
        }
      ],
      "powerplays": [
        {
          "from": 0.1,
          "to": 5.6,
          "type": "mandatory"
        }
      ]
    },
    {
      "team": "United States of America",
      "overs": [
        {
          "over": 0,
          "deliveries": [
            {
              "batter": "MD Patel",
              "bowler": "C Pervez",
              "non_striker": "JS Malhotra",
              "runs": {
                "batter": 0,
                "extras": 0,
                "total": 0
              }
            },
            {
              "batter": "MD Patel",
              "bowler": "C Pervez",
              "non_striker": "JS Malhotra",
              "runs": {
                "batter": 0,
                "extras": 0,
                "total": 0
              }
            },
            {
              "batter": "MD Patel",
              "bowler": "C Pervez",
              "non_striker": "JS Malhotra",
              "runs": {
                "batter": 0,
                "extras": 0,
                "total": 0
              },
              "wickets": [
                {
                  "player_out": "MD Patel",
                  "kind": "bowled"
                }
              ]
            },
            {
              "batter": "SR Taylor",
              "bowler": "C Pervez",
              "non_striker": "JS Malhotra",
              "runs": {
                "batter": 4,
                "extras": 0,
                "total": 4
              }
            },
            {
              "batter": "SR Taylor",
              "bowler": "C Pervez",
              "non_striker": "JS Malhotra",
              "runs": {
                "batter": 0,
                "extras": 0,
                "total": 0
              }
            },
            {
              "batter": "SR Taylor",
              "bowler": "C Pervez",
              "non_striker": "JS Malhotra",
              "runs": {
                "batter": 0,
                "extras": 0,
                "total": 0
              }
            }
          ]
        },
        {
          "over": 1,
          "deliveries": [
            {
              "batter": "JS Malhotra",
              "bowler": "Junaid Siddiqui",
              "non_striker": "SR Taylor",
              "runs": {
                "batter": 0,
                "extras": 0,
                "total": 0
              }
            },
            {
              "batter": "JS Malhotra",
              "bowler": "Junaid Siddiqui",
              "non_striker": "SR Taylor",
              "runs": {
                "batter": 0,
                "extras": 0,
                "total": 0
              }
            },
            {
              "batter": "JS Malhotra",
              "bowler": "Junaid Siddiqui",
              "non_striker": "SR Taylor",
              "runs": {
                "batter": 1,
                "extras": 0,
                "total": 1
              }
            },
            {
              "batter": "SR Taylor",
              "bowler": "Junaid Siddiqui",
              "non_striker": "JS Malhotra",
              "runs": {
                "batter": 1,
                "extras": 0,
                "total": 1
              }
            },
            {
              "batter": "JS Malhotra",
              "bowler": "Junaid Siddiqui",
              "non_striker": "SR Taylor",
              "runs": {
                "batter": 6,
                "extras": 0,
                "total": 6
              }
            },
            {
              "batter": "JS Malhotra",
              "bowler": "Junaid Siddiqui",
              "non_striker": "SR Taylor",
              "runs": {
                "batter": 0,
                "extras": 0,
                "total": 0
              }
            }
          ]
        },
        {
          "over": 2,
          "deliveries": [
            {
              "batter": "SR Taylor",
              "bowler": "C Pervez",
              "non_striker": "JS Malhotra",
              "runs": {
                "batter": 0,
                "extras": 0,
                "total": 0
              }
            },
            {
              "batter": "SR Taylor",
              "bowler": "C Pervez",
              "extras": {
                "wides": 1
              },
              "non_striker": "JS Malhotra",
              "runs": {
                "batter": 0,
                "extras": 1,
                "total": 1
              }
            },
            {
              "batter": "SR Taylor",
              "bowler": "C Pervez",
              "extras": {
                "wides": 1
              },
              "non_striker": "JS Malhotra",
              "runs": {
                "batter": 0,
                "extras": 1,
                "total": 1
              }
            },
            {
              "batter": "SR Taylor",
              "bowler": "C Pervez",
              "non_striker": "JS Malhotra",
              "runs": {
                "batter": 1,
                "extras": 0,
                "total": 1
              }
            },
            {
              "batter": "JS Malhotra",
              "bowler": "C Pervez",
              "non_striker": "SR Taylor",
              "runs": {
                "batter": 0,
                "extras": 0,
                "total": 0
              }
            },
            {
              "batter": "JS Malhotra",
              "bowler": "C Pervez",
              "non_striker": "SR Taylor",
              "runs": {
                "batter": 0,
                "extras": 0,
                "total": 0
              }
            },
            {
              "batter": "JS Malhotra",
              "bowler": "C Pervez",
              "non_striker": "SR Taylor",
              "runs": {
                "batter": 6,
                "extras": 0,
                "total": 6
              }
            },
            {
              "batter": "JS Malhotra",
              "bowler": "C Pervez",
              "non_striker": "SR Taylor",
              "runs": {
                "batter": 1,
                "extras": 0,
                "total": 1
              }
            }
          ]
        },
        {
          "over": 3,
          "deliveries": [
            {
              "batter": "JS Malhotra",
              "bowler": "D Heyliger",
              "non_striker": "SR Taylor",
              "runs": {
                "batter": 0,
                "extras": 0,
                "total": 0
              }
            },
            {
              "batter": "JS Malhotra",
              "bowler": "D Heyliger",
              "non_striker": "SR Taylor",
              "runs": {
                "batter": 6,
                "extras": 0,
                "total": 6
              }
            },
            {
              "batter": "JS Malhotra",
              "bowler": "D Heyliger",
              "non_striker": "SR Taylor",
              "runs": {
                "batter": 0,
                "extras": 0,
                "total": 0
              }
            },
            {
              "batter": "JS Malhotra",
              "bowler": "D Heyliger",
              "non_striker": "SR Taylor",
              "runs": {
                "batter": 6,
                "extras": 0,
                "total": 6
              }
            },
            {
              "batter": "JS Malhotra",
              "bowler": "D Heyliger",
              "non_striker": "SR Taylor",
              "runs": {
                "batter": 0,
                "extras": 0,
                "total": 0
              },
              "wickets": [
                {
                  "player_out": "JS Malhotra",
                  "fielders": [
                    {
                      "name": "Hamza Tariq"
                    }
                  ],
                  "kind": "caught"
                }
              ]
            },
            {
              "batter": "S Sohal",
              "bowler": "D Heyliger",
              "non_striker": "SR Taylor",
              "runs": {
                "batter": 1,
                "extras": 0,
                "total": 1
              }
            }
          ]
        },
        {
          "over": 4,
          "deliveries": [
            {
              "batter": "S Sohal",
              "bowler": "Junaid Siddiqui",
              "non_striker": "SR Taylor",
              "runs": {
                "batter": 1,
                "extras": 0,
                "total": 1
              }
            },
            {
              "batter": "SR Taylor",
              "bowler": "Junaid Siddiqui",
              "non_striker": "S Sohal",
              "runs": {
                "batter": 0,
                "extras": 0,
                "total": 0
              }
            },
            {
              "batter": "SR Taylor",
              "bowler": "Junaid Siddiqui",
              "non_striker": "S Sohal",
              "runs": {
                "batter": 1,
                "extras": 0,
                "total": 1
              }
            },
            {
              "batter": "S Sohal",
              "bowler": "Junaid Siddiqui",
              "non_striker": "SR Taylor",
              "runs": {
                "batter": 0,
                "extras": 0,
                "total": 0
              },
              "wickets": [
                {
                  "player_out": "S Sohal",
                  "kind": "bowled"
                }
              ]
            },
            {
              "batter": "KRP Silva",
              "bowler": "Junaid Siddiqui",
              "non_striker": "SR Taylor",
              "runs": {
                "batter": 1,
                "extras": 0,
                "total": 1
              }
            },
            {
              "batter": "SR Taylor",
              "bowler": "Junaid Siddiqui",
              "non_striker": "KRP Silva",
              "runs": {
                "batter": 0,
                "extras": 0,
                "total": 0
              }
            }
          ]
        },
        {
          "over": 5,
          "deliveries": [
            {
              "batter": "KRP Silva",
              "bowler": "D Heyliger",
              "non_striker": "SR Taylor",
              "runs": {
                "batter": 1,
                "extras": 0,
                "total": 1
              }
            },
            {
              "batter": "SR Taylor",
              "bowler": "D Heyliger",
              "non_striker": "KRP Silva",
              "runs": {
                "batter": 1,
                "extras": 0,
                "total": 1
              }
            },
            {
              "batter": "KRP Silva",
              "bowler": "D Heyliger",
              "non_striker": "SR Taylor",
              "runs": {
                "batter": 0,
                "extras": 0,
                "total": 0
              }
            },
            {
              "batter": "KRP Silva",
              "bowler": "D Heyliger",
              "non_striker": "SR Taylor",
              "runs": {
                "batter": 6,
                "extras": 0,
                "total": 6
              }
            },
            {
              "batter": "KRP Silva",
              "bowler": "D Heyliger",
              "extras": {
                "wides": 1
              },
              "non_striker": "SR Taylor",
              "runs": {
                "batter": 0,
                "extras": 1,
                "total": 1
              }
            },
            {
              "batter": "KRP Silva",
              "bowler": "D Heyliger",
              "non_striker": "SR Taylor",
              "runs": {
                "batter": 1,
                "extras": 0,
                "total": 1
              }
            },
            {
              "batter": "SR Taylor",
              "bowler": "D Heyliger",
              "non_striker": "KRP Silva",
              "runs": {
                "batter": 1,
                "extras": 0,
                "total": 1
              }
            }
          ]
        },
        {
          "over": 6,
          "deliveries": [
            {
              "batter": "SR Taylor",
              "bowler": "NR Kumar",
              "non_striker": "KRP Silva",
              "runs": {
                "batter": 1,
                "extras": 0,
                "total": 1
              }
            },
            {
              "batter": "KRP Silva",
              "bowler": "NR Kumar",
              "non_striker": "SR Taylor",
              "runs": {
                "batter": 0,
                "extras": 0,
                "total": 0
              }
            },
            {
              "batter": "KRP Silva",
              "bowler": "NR Kumar",
              "non_striker": "SR Taylor",
              "runs": {
                "batter": 0,
                "extras": 0,
                "total": 0
              }
            },
            {
              "batter": "KRP Silva",
              "bowler": "NR Kumar",
              "non_striker": "SR Taylor",
              "runs": {
                "batter": 2,
                "extras": 0,
                "total": 2
              }
            },
            {
              "batter": "KRP Silva",
              "bowler": "NR Kumar",
              "non_striker": "SR Taylor",
              "runs": {
                "batter": 2,
                "extras": 0,
                "total": 2
              }
            },
            {
              "batter": "KRP Silva",
              "bowler": "NR Kumar",
              "non_striker": "SR Taylor",
              "runs": {
                "batter": 0,
                "extras": 0,
                "total": 0
              },
              "wickets": [
                {
                  "player_out": "KRP Silva",
                  "kind": "lbw"
                }
              ]
            }
          ]
        },
        {
          "over": 7,
          "deliveries": [
            {
              "batter": "SR Taylor",
              "bowler": "N Dutta",
              "non_striker": "I Khaleel",
              "runs": {
                "batter": 0,
                "extras": 0,
                "total": 0
              }
            },
            {
              "batter": "SR Taylor",
              "bowler": "N Dutta",
              "non_striker": "I Khaleel",
              "runs": {
                "batter": 2,
                "extras": 0,
                "total": 2
              }
            },
            {
              "batter": "SR Taylor",
              "bowler": "N Dutta",
              "non_striker": "I Khaleel",
              "runs": {
                "batter": 0,
                "extras": 0,
                "total": 0
              }
            },
            {
              "batter": "SR Taylor",
              "bowler": "N Dutta",
              "non_striker": "I Khaleel",
              "runs": {
                "batter": 0,
                "extras": 0,
                "total": 0
              }
            },
            {
              "batter": "SR Taylor",
              "bowler": "N Dutta",
              "non_striker": "I Khaleel",
              "runs": {
                "batter": 1,
                "extras": 0,
                "total": 1
              }
            },
            {
              "batter": "I Khaleel",
              "bowler": "N Dutta",
              "non_striker": "SR Taylor",
              "runs": {
                "batter": 0,
                "extras": 0,
                "total": 0
              }
            }
          ]
        },
        {
          "over": 8,
          "deliveries": [
            {
              "batter": "SR Taylor",
              "bowler": "NR Kumar",
              "non_striker": "I Khaleel",
              "runs": {
                "batter": 1,
                "extras": 0,
                "total": 1
              }
            },
            {
              "batter": "I Khaleel",
              "bowler": "NR Kumar",
              "non_striker": "SR Taylor",
              "runs": {
                "batter": 1,
                "extras": 0,
                "total": 1
              }
            },
            {
              "batter": "SR Taylor",
              "bowler": "NR Kumar",
              "non_striker": "I Khaleel",
              "runs": {
                "batter": 0,
                "extras": 0,
                "total": 0
              }
            },
            {
              "batter": "SR Taylor",
              "bowler": "NR Kumar",
              "non_striker": "I Khaleel",
              "runs": {
                "batter": 0,
                "extras": 0,
                "total": 0
              }
            },
            {
              "batter": "SR Taylor",
              "bowler": "NR Kumar",
              "non_striker": "I Khaleel",
              "runs": {
                "batter": 2,
                "extras": 0,
                "total": 2
              }
            },
            {
              "batter": "SR Taylor",
              "bowler": "NR Kumar",
              "non_striker": "I Khaleel",
              "runs": {
                "batter": 4,
                "extras": 0,
                "total": 4
              }
            }
          ]
        },
        {
          "over": 9,
          "deliveries": [
            {
              "batter": "I Khaleel",
              "bowler": "N Dutta",
              "non_striker": "SR Taylor",
              "runs": {
                "batter": 0,
                "extras": 0,
                "total": 0
              }
            },
            {
              "batter": "I Khaleel",
              "bowler": "N Dutta",
              "non_striker": "SR Taylor",
              "runs": {
                "batter": 0,
                "extras": 0,
                "total": 0
              },
              "wickets": [
                {
                  "player_out": "I Khaleel",
                  "fielders": [
                    {
                      "name": "Junaid Siddiqui"
                    }
                  ],
                  "kind": "caught"
                }
              ]
            },
            {
              "batter": "EH Hutchinson",
              "bowler": "N Dutta",
              "non_striker": "SR Taylor",
              "runs": {
                "batter": 0,
                "extras": 0,
                "total": 0
              }
            },
            {
              "batter": "EH Hutchinson",
              "bowler": "N Dutta",
              "non_striker": "SR Taylor",
              "runs": {
                "batter": 0,
                "extras": 0,
                "total": 0
              },
              "wickets": [
                {
                  "player_out": "EH Hutchinson",
                  "fielders": [
                    {
                      "name": "Hamza Tariq"
                    }
                  ],
                  "kind": "caught"
                }
              ]
            },
            {
              "batter": "TK Patel",
              "bowler": "N Dutta",
              "non_striker": "SR Taylor",
              "runs": {
                "batter": 1,
                "extras": 0,
                "total": 1
              }
            },
            {
              "batter": "SR Taylor",
              "bowler": "N Dutta",
              "non_striker": "TK Patel",
              "runs": {
                "batter": 1,
                "extras": 0,
                "total": 1
              }
            }
          ]
        },
        {
          "over": 10,
          "deliveries": [
            {
              "batter": "SR Taylor",
              "bowler": "NR Kumar",
              "non_striker": "TK Patel",
              "runs": {
                "batter": 1,
                "extras": 0,
                "total": 1
              }
            },
            {
              "batter": "TK Patel",
              "bowler": "NR Kumar",
              "extras": {
                "wides": 1
              },
              "non_striker": "SR Taylor",
              "runs": {
                "batter": 0,
                "extras": 1,
                "total": 1
              }
            },
            {
              "batter": "TK Patel",
              "bowler": "NR Kumar",
              "non_striker": "SR Taylor",
              "runs": {
                "batter": 4,
                "extras": 0,
                "total": 4
              }
            },
            {
              "batter": "TK Patel",
              "bowler": "NR Kumar",
              "non_striker": "SR Taylor",
              "runs": {
                "batter": 1,
                "extras": 0,
                "total": 1
              }
            },
            {
              "batter": "SR Taylor",
              "bowler": "NR Kumar",
              "non_striker": "TK Patel",
              "runs": {
                "batter": 1,
                "extras": 0,
                "total": 1
              }
            },
            {
              "batter": "TK Patel",
              "bowler": "NR Kumar",
              "non_striker": "SR Taylor",
              "runs": {
                "batter": 0,
                "extras": 0,
                "total": 0
              }
            },
            {
              "batter": "TK Patel",
              "bowler": "NR Kumar",
              "non_striker": "SR Taylor",
              "runs": {
                "batter": 1,
                "extras": 0,
                "total": 1
              }
            }
          ]
        },
        {
          "over": 11,
          "deliveries": [
            {
              "batter": "TK Patel",
              "bowler": "D Heyliger",
              "non_striker": "SR Taylor",
              "runs": {
                "batter": 0,
                "extras": 0,
                "total": 0
              }
            },
            {
              "batter": "TK Patel",
              "bowler": "D Heyliger",
              "non_striker": "SR Taylor",
              "runs": {
                "batter": 1,
                "extras": 0,
                "total": 1
              }
            },
            {
              "batter": "SR Taylor",
              "bowler": "D Heyliger",
              "non_striker": "TK Patel",
              "runs": {
                "batter": 1,
                "extras": 0,
                "total": 1
              }
            },
            {
              "batter": "TK Patel",
              "bowler": "D Heyliger",
              "non_striker": "SR Taylor",
              "runs": {
                "batter": 0,
                "extras": 0,
                "total": 0
              }
            },
            {
              "batter": "TK Patel",
              "bowler": "D Heyliger",
              "non_striker": "SR Taylor",
              "runs": {
                "batter": 0,
                "extras": 0,
                "total": 0
              }
            },
            {
              "batter": "TK Patel",
              "bowler": "D Heyliger",
              "non_striker": "SR Taylor",
              "runs": {
                "batter": 1,
                "extras": 0,
                "total": 1
              }
            }
          ]
        },
        {
          "over": 12,
          "deliveries": [
            {
              "batter": "TK Patel",
              "bowler": "Saad Bin Zafar",
              "non_striker": "SR Taylor",
              "runs": {
                "batter": 2,
                "extras": 0,
                "total": 2
              }
            },
            {
              "batter": "TK Patel",
              "bowler": "Saad Bin Zafar",
              "non_striker": "SR Taylor",
              "runs": {
                "batter": 1,
                "extras": 0,
                "total": 1
              }
            },
            {
              "batter": "SR Taylor",
              "bowler": "Saad Bin Zafar",
              "non_striker": "TK Patel",
              "runs": {
                "batter": 6,
                "extras": 0,
                "total": 6
              }
            },
            {
              "batter": "SR Taylor",
              "bowler": "Saad Bin Zafar",
              "non_striker": "TK Patel",
              "runs": {
                "batter": 0,
                "extras": 0,
                "total": 0
              }
            },
            {
              "batter": "SR Taylor",
              "bowler": "Saad Bin Zafar",
              "non_striker": "TK Patel",
              "runs": {
                "batter": 1,
                "extras": 0,
                "total": 1
              }
            },
            {
              "batter": "TK Patel",
              "bowler": "Saad Bin Zafar",
              "non_striker": "SR Taylor",
              "runs": {
                "batter": 0,
                "extras": 0,
                "total": 0
              }
            }
          ]
        },
        {
          "over": 13,
          "deliveries": [
            {
              "batter": "SR Taylor",
              "bowler": "N Dutta",
              "non_striker": "TK Patel",
              "runs": {
                "batter": 1,
                "extras": 0,
                "total": 1
              }
            },
            {
              "batter": "TK Patel",
              "bowler": "N Dutta",
              "extras": {
                "wides": 1
              },
              "non_striker": "SR Taylor",
              "runs": {
                "batter": 0,
                "extras": 1,
                "total": 1
              }
            },
            {
              "batter": "TK Patel",
              "bowler": "N Dutta",
              "non_striker": "SR Taylor",
              "runs": {
                "batter": 1,
                "extras": 0,
                "total": 1
              }
            },
            {
              "batter": "SR Taylor",
              "bowler": "N Dutta",
              "non_striker": "TK Patel",
              "runs": {
                "batter": 1,
                "extras": 0,
                "total": 1
              }
            },
            {
              "batter": "TK Patel",
              "bowler": "N Dutta",
              "non_striker": "SR Taylor",
              "runs": {
                "batter": 1,
                "extras": 0,
                "total": 1
              }
            },
            {
              "batter": "SR Taylor",
              "bowler": "N Dutta",
              "non_striker": "TK Patel",
              "runs": {
                "batter": 6,
                "extras": 0,
                "total": 6
              }
            },
            {
              "batter": "SR Taylor",
              "bowler": "N Dutta",
              "extras": {
                "wides": 1
              },
              "non_striker": "TK Patel",
              "runs": {
                "batter": 0,
                "extras": 1,
                "total": 1
              }
            },
            {
              "batter": "SR Taylor",
              "bowler": "N Dutta",
              "non_striker": "TK Patel",
              "runs": {
                "batter": 4,
                "extras": 0,
                "total": 4
              }
            }
          ]
        },
        {
          "over": 14,
          "deliveries": [
            {
              "batter": "TK Patel",
              "bowler": "NR Kumar",
              "non_striker": "SR Taylor",
              "runs": {
                "batter": 1,
                "extras": 0,
                "total": 1
              }
            },
            {
              "batter": "SR Taylor",
              "bowler": "NR Kumar",
              "non_striker": "TK Patel",
              "runs": {
                "batter": 1,
                "extras": 0,
                "total": 1
              }
            },
            {
              "batter": "TK Patel",
              "bowler": "NR Kumar",
              "non_striker": "SR Taylor",
              "runs": {
                "batter": 1,
                "extras": 0,
                "total": 1
              }
            },
            {
              "batter": "SR Taylor",
              "bowler": "NR Kumar",
              "non_striker": "TK Patel",
              "runs": {
                "batter": 1,
                "extras": 0,
                "total": 1
              }
            },
            {
              "batter": "TK Patel",
              "bowler": "NR Kumar",
              "non_striker": "SR Taylor",
              "runs": {
                "batter": 0,
                "extras": 0,
                "total": 0
              }
            },
            {
              "batter": "TK Patel",
              "bowler": "NR Kumar",
              "non_striker": "SR Taylor",
              "runs": {
                "batter": 0,
                "extras": 0,
                "total": 0
              }
            }
          ]
        },
        {
          "over": 15,
          "deliveries": [
            {
              "batter": "SR Taylor",
              "bowler": "C Pervez",
              "extras": {
                "legbyes": 1
              },
              "non_striker": "TK Patel",
              "runs": {
                "batter": 0,
                "extras": 1,
                "total": 1
              }
            },
            {
              "batter": "TK Patel",
              "bowler": "C Pervez",
              "non_striker": "SR Taylor",
              "runs": {
                "batter": 1,
                "extras": 0,
                "total": 1
              }
            },
            {
              "batter": "SR Taylor",
              "bowler": "C Pervez",
              "non_striker": "TK Patel",
              "runs": {
                "batter": 1,
                "extras": 0,
                "total": 1
              }
            },
            {
              "batter": "TK Patel",
              "bowler": "C Pervez",
              "non_striker": "SR Taylor",
              "runs": {
                "batter": 0,
                "extras": 0,
                "total": 0
              }
            },
            {
              "batter": "TK Patel",
              "bowler": "C Pervez",
              "non_striker": "SR Taylor",
              "runs": {
                "batter": 0,
                "extras": 0,
                "total": 0
              },
              "wickets": [
                {
                  "player_out": "TK Patel",
                  "kind": "bowled"
                }
              ]
            },
            {
              "batter": "SN Netravalkar",
              "bowler": "C Pervez",
              "non_striker": "SR Taylor",
              "runs": {
                "batter": 2,
                "extras": 0,
                "total": 2
              }
            }
          ]
        },
        {
          "over": 16,
          "deliveries": [
            {
              "batter": "SR Taylor",
              "bowler": "N Dutta",
              "non_striker": "SN Netravalkar",
              "runs": {
                "batter": 2,
                "extras": 0,
                "total": 2
              }
            },
            {
              "batter": "SR Taylor",
              "bowler": "N Dutta",
              "non_striker": "SN Netravalkar",
              "runs": {
                "batter": 6,
                "extras": 0,
                "total": 6
              }
            },
            {
              "batter": "SR Taylor",
              "bowler": "N Dutta",
              "extras": {
                "wides": 1
              },
              "non_striker": "SN Netravalkar",
              "runs": {
                "batter": 0,
                "extras": 1,
                "total": 1
              }
            },
            {
              "batter": "SR Taylor",
              "bowler": "N Dutta",
              "non_striker": "SN Netravalkar",
              "runs": {
                "batter": 6,
                "extras": 0,
                "total": 6
              }
            },
            {
              "batter": "SR Taylor",
              "bowler": "N Dutta",
              "non_striker": "SN Netravalkar",
              "runs": {
                "batter": 0,
                "extras": 0,
                "total": 0
              }
            },
            {
              "batter": "SR Taylor",
              "bowler": "N Dutta",
              "non_striker": "SN Netravalkar",
              "runs": {
                "batter": 4,
                "extras": 0,
                "total": 4
              }
            },
            {
              "batter": "SR Taylor",
              "bowler": "N Dutta",
              "non_striker": "SN Netravalkar",
              "runs": {
                "batter": 1,
                "extras": 0,
                "total": 1
              }
            }
          ]
        },
        {
          "over": 17,
          "deliveries": [
            {
              "batter": "SR Taylor",
              "bowler": "C Pervez",
              "non_striker": "SN Netravalkar",
              "runs": {
                "batter": 1,
                "extras": 0,
                "total": 1
              }
            },
            {
              "batter": "SN Netravalkar",
              "bowler": "C Pervez",
              "non_striker": "SR Taylor",
              "runs": {
                "batter": 0,
                "extras": 0,
                "total": 0
              },
              "wickets": [
                {
                  "player_out": "SN Netravalkar",
                  "kind": "run out"
                }
              ]
            },
            {
              "batter": "Ali Khan",
              "bowler": "C Pervez",
              "non_striker": "SR Taylor",
              "runs": {
                "batter": 4,
                "extras": 0,
                "total": 4
              }
            },
            {
              "batter": "Ali Khan",
              "bowler": "C Pervez",
              "non_striker": "SR Taylor",
              "runs": {
                "batter": 1,
                "extras": 0,
                "total": 1
              }
            },
            {
              "batter": "SR Taylor",
              "bowler": "C Pervez",
              "extras": {
                "noballs": 1
              },
              "non_striker": "Ali Khan",
              "runs": {
                "batter": 2,
                "extras": 1,
                "total": 3
              }
            },
            {
              "batter": "SR Taylor",
              "bowler": "C Pervez",
              "non_striker": "Ali Khan",
              "runs": {
                "batter": 2,
                "extras": 0,
                "total": 2
              }
            },
            {
              "batter": "SR Taylor",
              "bowler": "C Pervez",
              "non_striker": "Ali Khan",
              "runs": {
                "batter": 0,
                "extras": 0,
                "total": 0
              }
            }
          ]
        },
        {
          "over": 18,
          "deliveries": [
            {
              "batter": "Ali Khan",
              "bowler": "D Heyliger",
              "non_striker": "SR Taylor",
              "runs": {
                "batter": 0,
                "extras": 0,
                "total": 0
              }
            },
            {
              "batter": "Ali Khan",
              "bowler": "D Heyliger",
              "extras": {
                "wides": 1
              },
              "non_striker": "SR Taylor",
              "runs": {
                "batter": 0,
                "extras": 1,
                "total": 1
              }
            },
            {
              "batter": "Ali Khan",
              "bowler": "D Heyliger",
              "non_striker": "SR Taylor",
              "runs": {
                "batter": 0,
                "extras": 0,
                "total": 0
              }
            },
            {
              "batter": "Ali Khan",
              "bowler": "D Heyliger",
              "non_striker": "SR Taylor",
              "runs": {
                "batter": 1,
                "extras": 0,
                "total": 1
              }
            },
            {
              "batter": "SR Taylor",
              "bowler": "D Heyliger",
              "non_striker": "Ali Khan",
              "runs": {
                "batter": 4,
                "extras": 0,
                "total": 4
              }
            },
            {
              "batter": "SR Taylor",
              "bowler": "D Heyliger",
              "extras": {
                "legbyes": 1
              },
              "non_striker": "Ali Khan",
              "runs": {
                "batter": 0,
                "extras": 1,
                "total": 1
              }
            },
            {
              "batter": "Ali Khan",
              "bowler": "D Heyliger",
              "non_striker": "SR Taylor",
              "runs": {
                "batter": 0,
                "extras": 0,
                "total": 0
              }
            }
          ]
        },
        {
          "over": 19,
          "deliveries": [
            {
              "batter": "SR Taylor",
              "bowler": "Junaid Siddiqui",
              "non_striker": "Ali Khan",
              "runs": {
                "batter": 6,
                "extras": 0,
                "total": 6
              }
            },
            {
              "batter": "SR Taylor",
              "bowler": "Junaid Siddiqui",
              "non_striker": "Ali Khan",
              "runs": {
                "batter": 2,
                "extras": 0,
                "total": 2
              }
            },
            {
              "batter": "SR Taylor",
              "bowler": "Junaid Siddiqui",
              "non_striker": "Ali Khan",
              "runs": {
                "batter": 2,
                "extras": 0,
                "total": 2
              }
            },
            {
              "batter": "SR Taylor",
              "bowler": "Junaid Siddiqui",
              "non_striker": "Ali Khan",
              "runs": {
                "batter": 6,
                "extras": 0,
                "total": 6
              }
            },
            {
              "batter": "SR Taylor",
              "bowler": "Junaid Siddiqui",
              "non_striker": "Ali Khan",
              "runs": {
                "batter": 6,
                "extras": 0,
                "total": 6
              }
            }
          ]
        }
      ],
      "powerplays": [
        {
          "from": 0.1,
          "to": 5.7,
          "type": "mandatory"
        }
      ],
      "target": {
        "overs": 20,
        "runs": 174
      }
    }
  ]
}