{
  "meta": {
    "data_version": "1.0.0",
    "created": "2020-09-10",
    "revision": 2
  },
  "info": {
    "balls_per_over": 6,
    "city": "Morrisville",
    "dates": [
      "2018-09-21"
    ],
    "event": {
      "name": "ICC World Twenty20 Americas Sub Regional Qualifier A",
      "match_number": 3
    },
    "gender": "male",
    "match_type": "IT20",
    "officials": {
      "umpires": [
        "H Grewal",
        "AR Maddela"
      ]
    },
    "outcome": {
      "winner": "Canada",
      "by": {
        "wickets": 10
      }
    },
    "overs": 20,
    "player_of_match": [
      "NR Kumar"
    ],
    "players": {
      "Panama": [
        "Imran Bulbulia",
        "Mahmud Jasat",
        "Mitulkumar Patel",
        "V Ahir",
        "Irfan Hafejee",
        "D Ahir",
        "KB Ahir",
        "Ibrahim Vhora",
        "Mahmad Data",
        "Sarfaraj Mulla",
        "Abdullah Jasat"
      ],
      "Canada": [
        "RA Thomas",
        "Hamza Tariq",
        "D Heyliger",
        "NS Dhaliwal",
        "SA Wijeratne",
        "C Pervez",
        "N Dutta",
        "Rizwan Cheema",
        "Saad Bin Zafar",
        "GDR Eranga",
        "NR Kumar"
      ]
    },
    "registry": {
      "people": {
        "AR Maddela": "5c861579",
        "Abdullah Jasat": "5a42db78",
        "C Pervez": "7bf34437",
        "D Ahir": "424a646f",
        "D Heyliger": "f8c72766",
        "GDR Eranga": "95c434f7",
        "H Grewal": "1172f36e",
        "Hamza Tariq": "82e81007",
        "Ibrahim Vhora": "a1588e46",
        "Imran Bulbulia": "6464a804",
        "Irfan Hafejee": "244009ae",
        "KB Ahir": "214cf493",
        "Mahmad Data": "0ee7ede5",
        "Mahmud Jasat": "97e36a0f",
        "Mitulkumar Patel": "cd468a10",
        "N Dutta": "e258a603",
        "NR Kumar": "b3bad3f2",
        "NS Dhaliwal": "cbabd6ad",
        "RA Thomas": "6db7068e",
        "Rizwan Cheema": "3a026eb4",
        "SA Wijeratne": "5fbd0632",
        "Saad Bin Zafar": "f28a60e0",
        "Sarfaraj Mulla": "514db0e2",
        "V Ahir": "9d61f3d2"
      }
    },
    "season": "2018/19",
    "team_type": "international",
    "teams": [
      "Panama",
      "Canada"
    ],
    "toss": {
      "decision": "bat",
      "winner": "Panama"
    },
    "venue": "Church Street Park"
  },
  "innings": [
    {
      "team": "Panama",
      "overs": [
        {
          "over": 0,
          "deliveries": [
            {
              "batter": "Imran Bulbulia",
              "bowler": "C Pervez",
              "non_striker": "Mahmud Jasat",
              "runs": {
                "batter": 0,
                "extras": 0,
                "total": 0
              }
            },
            {
              "batter": "Imran Bulbulia",
              "bowler": "C Pervez",
              "non_striker": "Mahmud Jasat",
              "runs": {
                "batter": 0,
                "extras": 0,
                "total": 0
              }
            },
            {
              "batter": "Imran Bulbulia",
              "bowler": "C Pervez",
              "non_striker": "Mahmud Jasat",
              "runs": {
                "batter": 0,
                "extras": 0,
                "total": 0
              }
            },
            {
              "batter": "Imran Bulbulia",
              "bowler": "C Pervez",
              "non_striker": "Mahmud Jasat",
              "runs": {
                "batter": 1,
                "extras": 0,
                "total": 1
              }
            },
            {
              "batter": "Mahmud Jasat",
              "bowler": "C Pervez",
              "extras": {
                "wides": 1
              },
              "non_striker": "Imran Bulbulia",
              "runs": {
                "batter": 0,
                "extras": 1,
                "total": 1
              }
            },
            {
              "batter": "Mahmud Jasat",
              "bowler": "C Pervez",
              "non_striker": "Imran Bulbulia",
              "runs": {
                "batter": 0,
                "extras": 0,
                "total": 0
              }
            },
            {
              "batter": "Mahmud Jasat",
              "bowler": "C Pervez",
              "non_striker": "Imran Bulbulia",
              "runs": {
                "batter": 0,
                "extras": 0,
                "total": 0
              }
            }
          ]
        },
        {
          "over": 1,
          "deliveries": [
            {
              "batter": "Imran Bulbulia",
              "bowler": "GDR Eranga",
              "non_striker": "Mahmud Jasat",
              "runs": {
                "batter": 0,
                "extras": 0,
                "total": 0
              },
              "wickets": [
                {
                  "player_out": "Imran Bulbulia",
                  "kind": "lbw"
                }
              ]
            },
            {
              "batter": "Mitulkumar Patel",
              "bowler": "GDR Eranga",
              "non_striker": "Mahmud Jasat",
              "runs": {
                "batter": 0,
                "extras": 0,
                "total": 0
              }
            },
            {
              "batter": "Mitulkumar Patel",
              "bowler": "GDR Eranga",
              "non_striker": "Mahmud Jasat",
              "runs": {
                "batter": 1,
                "extras": 0,
                "total": 1
              }
            },
            {
              "batter": "Mahmud Jasat",
              "bowler": "GDR Eranga",
              "non_striker": "Mitulkumar Patel",
              "runs": {
                "batter": 0,
                "extras": 0,
                "total": 0
              }
            },
            {
              "batter": "Mahmud Jasat",
              "bowler": "GDR Eranga",
              "non_striker": "Mitulkumar Patel",
              "runs": {
                "batter": 0,
                "extras": 0,
                "total": 0
              }
            },
            {
              "batter": "Mahmud Jasat",
              "bowler": "GDR Eranga",
              "non_striker": "Mitulkumar Patel",
              "runs": {
                "batter": 0,
                "extras": 0,
                "total": 0
              }
            }
          ]
        },
        {
          "over": 2,
          "deliveries": [
            {
              "batter": "Mitulkumar Patel",
              "bowler": "C Pervez",
              "non_striker": "Mahmud Jasat",
              "runs": {
                "batter": 0,
                "extras": 0,
                "total": 0
              }
            },
            {
              "batter": "Mitulkumar Patel",
              "bowler": "C Pervez",
              "non_striker": "Mahmud Jasat",
              "runs": {
                "batter": 0,
                "extras": 0,
                "total": 0
              }
            },
            {
              "batter": "Mitulkumar Patel",
              "bowler": "C Pervez",
              "non_striker": "Mahmud Jasat",
              "runs": {
                "batter": 0,
                "extras": 0,
                "total": 0
              }
            },
            {
              "batter": "Mitulkumar Patel",
              "bowler": "C Pervez",
              "non_striker": "Mahmud Jasat",
              "runs": {
                "batter": 1,
                "extras": 0,
                "total": 1
              }
            },
            {
              "batter": "Mahmud Jasat",
              "bowler": "C Pervez",
              "non_striker": "Mitulkumar Patel",
              "runs": {
                "batter": 0,
                "extras": 0,
                "total": 0
              }
            },
            {
              "batter": "Mahmud Jasat",
              "bowler": "C Pervez",
              "non_striker": "Mitulkumar Patel",
              "runs": {
                "batter": 0,
                "extras": 0,
                "total": 0
              }
            }
          ]
        },
        {
          "over": 3,
          "deliveries": [
            {
              "batter": "Mitulkumar Patel",
              "bowler": "GDR Eranga",
              "non_striker": "Mahmud Jasat",
              "runs": {
                "batter": 0,
                "extras": 0,
                "total": 0
              }
            },
            {
              "batter": "Mitulkumar Patel",
              "bowler": "GDR Eranga",
              "non_striker": "Mahmud Jasat",
              "runs": {
                "batter": 2,
                "extras": 0,
                "total": 2
              }
            },
            {
              "batter": "Mitulkumar Patel",
              "bowler": "GDR Eranga",
              "non_striker": "Mahmud Jasat",
              "runs": {
                "batter": 0,
                "extras": 0,
                "total": 0
              }
            },
            {
              "batter": "Mitulkumar Patel",
              "bowler": "GDR Eranga",
              "non_striker": "Mahmud Jasat",
              "runs": {
                "batter": 0,
                "extras": 0,
                "total": 0
              }
            },
            {
              "batter": "Mitulkumar Patel",
              "bowler": "GDR Eranga",
              "non_striker": "Mahmud Jasat",
              "runs": {
                "batter": 0,
                "extras": 0,
                "total": 0
              }
            },
            {
              "batter": "Mitulkumar Patel",
              "bowler": "GDR Eranga",
              "non_striker": "Mahmud Jasat",
              "runs": {
                "batter": 0,
                "extras": 0,
                "total": 0
              }
            }
          ]
        },
        {
          "over": 4,
          "deliveries": [
            {
              "batter": "Mahmud Jasat",
              "bowler": "C Pervez",
              "non_striker": "Mitulkumar Patel",
              "runs": {
                "batter": 1,
                "extras": 0,
                "total": 1
              }
            },
            {
              "batter": "Mitulkumar Patel",
              "bowler": "C Pervez",
              "non_striker": "Mahmud Jasat",
              "runs": {
                "batter": 0,
                "extras": 0,
                "total": 0
              },
              "wickets": [
                {
                  "player_out": "Mahmud Jasat",
                  "kind": "run out"
                }
              ]
            },
            {
              "batter": "V Ahir",
              "bowler": "C Pervez",
              "non_striker": "Mitulkumar Patel",
              "runs": {
                "batter": 0,
                "extras": 0,
                "total": 0
              }
            },
            {
              "batter": "V Ahir",
              "bowler": "C Pervez",
              "non_striker": "Mitulkumar Patel",
              "runs": {
                "batter": 0,
                "extras": 0,
                "total": 0
              },
              "wickets": [
                {
                  "player_out": "V Ahir",
                  "kind": "bowled"
                }
              ]
            },
            {
              "batter": "Irfan Hafejee",
              "bowler": "C Pervez",
              "extras": {
                "wides": 1
              },
              "non_striker": "Mitulkumar Patel",
              "runs": {
                "batter": 0,
                "extras": 1,
                "total": 1
              }
            },
            {
              "batter": "Irfan Hafejee",
              "bowler": "C Pervez",
              "non_striker": "Mitulkumar Patel",
              "runs": {
                "batter": 0,
                "extras": 0,
                "total": 0
              }
            },
            {
              "batter": "Irfan Hafejee",
              "bowler": "C Pervez",
              "extras": {
                "wides": 1
              },
              "non_striker": "Mitulkumar Patel",
              "runs": {
                "batter": 0,
                "extras": 1,
                "total": 1
              }
            },
            {
              "batter": "Irfan Hafejee",
              "bowler": "C Pervez",
              "non_striker": "Mitulkumar Patel",
              "runs": {
                "batter": 0,
                "extras": 0,
                "total": 0
              }
            }
          ]
        },
        {
          "over": 5,
          "deliveries": [
            {
              "batter": "Mitulkumar Patel",
              "bowler": "D Heyliger",
              "non_striker": "Irfan Hafejee",
              "runs": {
                "batter": 1,
                "extras": 0,
                "total": 1
              }
            },
            {
              "batter": "Irfan Hafejee",
              "bowler": "D Heyliger",
              "extras": {
                "wides": 1
              },
              "non_striker": "Mitulkumar Patel",
              "runs": {
                "batter": 0,
                "extras": 1,
                "total": 1
              }
            },
            {
              "batter": "Irfan Hafejee",
              "bowler": "D Heyliger",
              "non_striker": "Mitulkumar Patel",
              "runs": {
                "batter": 1,
                "extras": 0,
                "total": 1
              }
            },
            {
              "batter": "Mitulkumar Patel",
              "bowler": "D Heyliger",
              "non_striker": "Irfan Hafejee",
              "runs": {
                "batter": 4,
                "extras": 0,
                "total": 4
              }
            },
            {
              "batter": "Mitulkumar Patel",
              "bowler": "D Heyliger",
              "extras": {
                "wides": 1
              },
              "non_striker": "Irfan Hafejee",
              "runs": {
                "batter": 0,
                "extras": 1,
                "total": 1
              }
            },
            {
              "batter": "Mitulkumar Patel",
              "bowler": "D Heyliger",
              "non_striker": "Irfan Hafejee",
              "runs": {
                "batter": 0,
                "extras": 0,
                "total": 0
              }
            },
            {
              "batter": "Mitulkumar Patel",
              "bowler": "D Heyliger",
              "non_striker": "Irfan Hafejee",
              "runs": {
                "batter": 0,
                "extras": 0,
                "total": 0
              }
            },
            {
              "batter": "Mitulkumar Patel",
              "bowler": "D Heyliger",
              "non_striker": "Irfan Hafejee",
              "runs": {
                "batter": 0,
                "extras": 0,
                "total": 0
              }
            }
          ]
        },
        {
          "over": 6,
          "deliveries": [
            {
              "batter": "Irfan Hafejee",
              "bowler": "N Dutta",
              "non_striker": "Mitulkumar Patel",
              "runs": {
                "batter": 0,
                "extras": 0,
                "total": 0
              }
            },
            {
              "batter": "Irfan Hafejee",
              "bowler": "N Dutta",
              "non_striker": "Mitulkumar Patel",
              "runs": {
                "batter": 0,
                "extras": 0,
                "total": 0
              }
            },
            {
              "batter": "Irfan Hafejee",
              "bowler": "N Dutta",
              "non_striker": "Mitulkumar Patel",
              "runs": {
                "batter": 1,
                "extras": 0,
                "total": 1
              }
            },
            {
              "batter": "Mitulkumar Patel",
              "bowler": "N Dutta",
              "non_striker": "Irfan Hafejee",
              "runs": {
                "batter": 0,
                "extras": 0,
                "total": 0
              }
            },
            {
              "batter": "Mitulkumar Patel",
              "bowler": "N Dutta",
              "non_striker": "Irfan Hafejee",
              "runs": {
                "batter": 0,
                "extras": 0,
                "total": 0
              }
            },
            {
              "batter": "Mitulkumar Patel",
              "bowler": "N Dutta",
              "non_striker": "Irfan Hafejee",
              "runs": {
                "batter": 0,
                "extras": 0,
                "total": 0
              }
            }
          ]
        },
        {
          "over": 7,
          "deliveries": [
            {
              "batter": "Irfan Hafejee",
              "bowler": "D Heyliger",
              "non_striker": "Mitulkumar Patel",
              "runs": {
                "batter": 0,
                "extras": 0,
                "total": 0
              }
            },
            {
              "batter": "Irfan Hafejee",
              "bowler": "D Heyliger",
              "non_striker": "Mitulkumar Patel",
              "runs": {
                "batter": 0,
                "extras": 0,
                "total": 0
              }
            },
            {
              "batter": "Irfan Hafejee",
              "bowler": "D Heyliger",
              "non_striker": "Mitulkumar Patel",
              "runs": {
                "batter": 0,
                "extras": 0,
                "total": 0
              },
              "wickets": [
                {
                  "player_out": "Irfan Hafejee",
                  "kind": "caught and bowled"
                }
              ]
            },
            {
              "batter": "D Ahir",
              "bowler": "D Heyliger",
              "non_striker": "Mitulkumar Patel",
              "runs": {
                "batter": 0,
                "extras": 0,
                "total": 0
              }
            },
            {
              "batter": "D Ahir",
              "bowler": "D Heyliger",
              "non_striker": "Mitulkumar Patel",
              "runs": {
                "batter": 0,
                "extras": 0,
                "total": 0
              }
            },
            {
              "batter": "D Ahir",
              "bowler": "D Heyliger",
              "non_striker": "Mitulkumar Patel",
              "runs": {
                "batter": 0,
                "extras": 0,
                "total": 0
              }
            }
          ]
        },
        {
          "over": 8,
          "deliveries": [
            {
              "batter": "Mitulkumar Patel",
              "bowler": "N Dutta",
              "non_striker": "D Ahir",
              "runs": {
                "batter": 0,
                "extras": 0,
                "total": 0
              }
            },
            {
              "batter": "Mitulkumar Patel",
              "bowler": "N Dutta",
              "non_striker": "D Ahir",
              "runs": {
                "batter": 0,
                "extras": 0,
                "total": 0
              }
            },
            {
              "batter": "Mitulkumar Patel",
              "bowler": "N Dutta",
              "non_striker": "D Ahir",
              "runs": {
                "batter": 1,
                "extras": 0,
                "total": 1
              }
            },
            {
              "batter": "D Ahir",
              "bowler": "N Dutta",
              "non_striker": "Mitulkumar Patel",
              "runs": {
                "batter": 1,
                "extras": 0,
                "total": 1
              }
            },
            {
              "batter": "Mitulkumar Patel",
              "bowler": "N Dutta",
              "non_striker": "D Ahir",
              "runs": {
                "batter": 0,
                "extras": 0,
                "total": 0
              }
            },
            {
              "batter": "Mitulkumar Patel",
              "bowler": "N Dutta",
              "non_striker": "D Ahir",
              "runs": {
                "batter": 0,
                "extras": 0,
                "total": 0
              }
            }
          ]
        },
        {
          "over": 9,
          "deliveries": [
            {
              "batter": "D Ahir",
              "bowler": "NR Kumar",
              "non_striker": "Mitulkumar Patel",
              "runs": {
                "batter": 0,
                "extras": 0,
                "total": 0
              }
            },
            {
              "batter": "D Ahir",
              "bowler": "NR Kumar",
              "non_striker": "Mitulkumar Patel",
              "runs": {
                "batter": 1,
                "extras": 0,
                "total": 1
              }
            },
            {
              "batter": "Mitulkumar Patel",
              "bowler": "NR Kumar",
              "non_striker": "D Ahir",
              "runs": {
                "batter": 0,
                "extras": 0,
                "total": 0
              }
            },
            {
              "batter": "Mitulkumar Patel",
              "bowler": "NR Kumar",
              "non_striker": "D Ahir",
              "runs": {
                "batter": 2,
                "extras": 0,
                "total": 2
              }
            },
            {
              "batter": "Mitulkumar Patel",
              "bowler": "NR Kumar",
              "non_striker": "D Ahir",
              "runs": {
                "batter": 4,
                "extras": 0,
                "total": 4
              }
            },
            {
              "batter": "Mitulkumar Patel",
              "bowler": "NR Kumar",
              "non_striker": "D Ahir",
              "runs": {
                "batter": 0,
                "extras": 0,
                "total": 0
              },
              "wickets": [
                {
                  "player_out": "Mitulkumar Patel",
                  "fielders": [
                    {
                      "name": "Hamza Tariq"
                    }
                  ],
                  "kind": "caught"
                }
              ]
            }
          ]
        },
        {
          "over": 10,
          "deliveries": [
            {
              "batter": "D Ahir",
              "bowler": "Saad Bin Zafar",
              "non_striker": "KB Ahir",
              "runs": {
                "batter": 1,
                "extras": 0,
                "total": 1
              },
              "wickets": [
                {
                  "player_out": "KB Ahir",
                  "kind": "run out"
                }
              ]
            },
            {
              "batter": "D Ahir",
              "bowler": "Saad Bin Zafar",
              "non_striker": "Ibrahim Vhora",
              "runs": {
                "batter": 0,
                "extras": 0,
                "total": 0
              }
            },
            {
              "batter": "D Ahir",
              "bowler": "Saad Bin Zafar",
              "non_striker": "Ibrahim Vhora",
              "runs": {
                "batter": 0,
                "extras": 0,
                "total": 0
              }
            },
            {
              "batter": "D Ahir",
              "bowler": "Saad Bin Zafar",
              "non_striker": "Ibrahim Vhora",
              "runs": {
                "batter": 0,
                "extras": 0,
                "total": 0
              }
            },
            {
              "batter": "D Ahir",
              "bowler": "Saad Bin Zafar",
              "non_striker": "Ibrahim Vhora",
              "runs": {
                "batter": 0,
                "extras": 0,
                "total": 0
              }
            },
            {
              "batter": "D Ahir",
              "bowler": "Saad Bin Zafar",
              "non_striker": "Ibrahim Vhora",
              "runs": {
                "batter": 0,
                "extras": 0,
                "total": 0
              }
            }
          ]
        },
        {
          "over": 11,
          "deliveries": [
            {
              "batter": "Ibrahim Vhora",
              "bowler": "NR Kumar",
              "non_striker": "D Ahir",
              "runs": {
                "batter": 0,
                "extras": 0,
                "total": 0
              }
            },
            {
              "batter": "Ibrahim Vhora",
              "bowler": "NR Kumar",
              "non_striker": "D Ahir",
              "runs": {
                "batter": 0,
                "extras": 0,
                "total": 0
              }
            },
            {
              "batter": "Ibrahim Vhora",
              "bowler": "NR Kumar",
              "non_striker": "D Ahir",
              "runs": {
                "batter": 0,
                "extras": 0,
                "total": 0
              }
            },
            {
              "batter": "Ibrahim Vhora",
              "bowler": "NR Kumar",
              "non_striker": "D Ahir",
              "runs": {
                "batter": 0,
                "extras": 0,
                "total": 0
              }
            },
            {
              "batter": "Ibrahim Vhora",
              "bowler": "NR Kumar",
              "non_striker": "D Ahir",
              "runs": {
                "batter": 0,
                "extras": 0,
                "total": 0
              }
            },
            {
              "batter": "Ibrahim Vhora",
              "bowler": "NR Kumar",
              "non_striker": "D Ahir",
              "runs": {
                "batter": 0,
                "extras": 0,
                "total": 0
              }
            }
          ]
        },
        {
          "over": 12,
          "deliveries": [
            {
              "batter": "D Ahir",
              "bowler": "Saad Bin Zafar",
              "non_striker": "Ibrahim Vhora",
              "runs": {
                "batter": 0,
                "extras": 0,
                "total": 0
              }
            },
            {
              "batter": "D Ahir",
              "bowler": "Saad Bin Zafar",
              "non_striker": "Ibrahim Vhora",
              "runs": {
                "batter": 1,
                "extras": 0,
                "total": 1
              }
            },
            {
              "batter": "Ibrahim Vhora",
              "bowler": "Saad Bin Zafar",
              "non_striker": "D Ahir",
              "runs": {
                "batter": 1,
                "extras": 0,
                "total": 1
              }
            },
            {
              "batter": "D Ahir",
              "bowler": "Saad Bin Zafar",
              "extras": {
                "wides": 1
              },
              "non_striker": "Ibrahim Vhora",
              "runs": {
                "batter": 0,
                "extras": 1,
                "total": 1
              }
            },
            {
              "batter": "D Ahir",
              "bowler": "Saad Bin Zafar",
              "non_striker": "Ibrahim Vhora",
              "runs": {
                "batter": 0,
                "extras": 0,
                "total": 0
              }
            },
            {
              "batter": "D Ahir",
              "bowler": "Saad Bin Zafar",
              "non_striker": "Ibrahim Vhora",
              "runs": {
                "batter": 0,
                "extras": 0,
                "total": 0
              }
            },
            {
              "batter": "D Ahir",
              "bowler": "Saad Bin Zafar",
              "non_striker": "Ibrahim Vhora",
              "runs": {
                "batter": 1,
                "extras": 0,
                "total": 1
              }
            }
          ]
        },
        {
          "over": 13,
          "deliveries": [
            {
              "batter": "D Ahir",
              "bowler": "NS Dhaliwal",
              "non_striker": "Ibrahim Vhora",
              "runs": {
                "batter": 0,
                "extras": 0,
                "total": 0
              }
            },
            {
              "batter": "D Ahir",
              "bowler": "NS Dhaliwal",
              "non_striker": "Ibrahim Vhora",
              "runs": {
                "batter": 0,
                "extras": 0,
                "total": 0
              }
            },
            {
              "batter": "D Ahir",
              "bowler": "NS Dhaliwal",
              "non_striker": "Ibrahim Vhora",
              "runs": {
                "batter": 3,
                "extras": 0,
                "total": 3
              }
            },
            {
              "batter": "Ibrahim Vhora",
              "bowler": "NS Dhaliwal",
              "non_striker": "D Ahir",
              "runs": {
                "batter": 0,
                "extras": 0,
                "total": 0
              }
            },
            {
              "batter": "Ibrahim Vhora",
              "bowler": "NS Dhaliwal",
              "non_striker": "D Ahir",
              "runs": {
                "batter": 1,
                "extras": 0,
                "total": 1
              }
            },
            {
              "batter": "D Ahir",
              "bowler": "NS Dhaliwal",
              "non_striker": "Ibrahim Vhora",
              "runs": {
                "batter": 0,
                "extras": 0,
                "total": 0
              }
            }
          ]
        },
        {
          "over": 14,
          "deliveries": [
            {
              "batter": "Ibrahim Vhora",
              "bowler": "Saad Bin Zafar",
              "non_striker": "D Ahir",
              "runs": {
                "batter": 0,
                "extras": 0,
                "total": 0
              }
            },
            {
              "batter": "Ibrahim Vhora",
              "bowler": "Saad Bin Zafar",
              "non_striker": "D Ahir",
              "runs": {
                "batter": 0,
                "extras": 0,
                "total": 0
              }
            },
            {
              "batter": "Ibrahim Vhora",
              "bowler": "Saad Bin Zafar",
              "non_striker": "D Ahir",
              "runs": {
                "batter": 0,
                "extras": 0,
                "total": 0
              }
            },
            {
              "batter": "Ibrahim Vhora",
              "bowler": "Saad Bin Zafar",
              "non_striker": "D Ahir",
              "runs": {
                "batter": 0,
                "extras": 0,
                "total": 0
              }
            },
            {
              "batter": "Ibrahim Vhora",
              "bowler": "Saad Bin Zafar",
              "non_striker": "D Ahir",
              "runs": {
                "batter": 1,
                "extras": 0,
                "total": 1
              }
            },
            {
              "batter": "D Ahir",
              "bowler": "Saad Bin Zafar",
              "non_striker": "Ibrahim Vhora",
              "runs": {
                "batter": 0,
                "extras": 0,
                "total": 0
              }
            }
          ]
        },
        {
          "over": 15,
          "deliveries": [
            {
              "batter": "Ibrahim Vhora",
              "bowler": "NS Dhaliwal",
              "non_striker": "D Ahir",
              "runs": {
                "batter": 1,
                "extras": 0,
                "total": 1
              }
            },
            {
              "batter": "D Ahir",
              "bowler": "NS Dhaliwal",
              "non_striker": "Ibrahim Vhora",
              "runs": {
                "batter": 0,
                "extras": 0,
                "total": 0
              },
              "wickets": [
                {
                  "player_out": "D Ahir",
                  "kind": "bowled"
                }
              ]
            },
            {
              "batter": "Mahmad Data",
              "bowler": "NS Dhaliwal",
              "non_striker": "Ibrahim Vhora",
              "runs": {
                "batter": 0,
                "extras": 0,
                "total": 0
              }
            },
            {
              "batter": "Mahmad Data",
              "bowler": "NS Dhaliwal",
              "non_striker": "Ibrahim Vhora",
              "runs": {
                "batter": 0,
                "extras": 0,
                "total": 0
              }
            },
            {
              "batter": "Mahmad Data",
              "bowler": "NS Dhaliwal",
              "non_striker": "Ibrahim Vhora",
              "runs": {
                "batter": 1,
                "extras": 0,
                "total": 1
              }
            },
            {
              "batter": "Ibrahim Vhora",
              "bowler": "NS Dhaliwal",
              "non_striker": "Mahmad Data",
              "runs": {
                "batter": 1,
                "extras": 0,
                "total": 1
              }
            }
          ]
        },
        {
          "over": 16,
          "deliveries": [
            {
              "batter": "Ibrahim Vhora",
              "bowler": "Saad Bin Zafar",
              "non_striker": "Mahmad Data",
              "runs": {
                "batter": 0,
                "extras": 0,
                "total": 0
              }
            },
            {
              "batter": "Ibrahim Vhora",
              "bowler": "Saad Bin Zafar",
              "non_striker": "Mahmad Data",
              "runs": {
                "batter": 0,
                "extras": 0,
                "total": 0
              }
            },
            {
              "batter": "Ibrahim Vhora",
              "bowler": "Saad Bin Zafar",
              "non_striker": "Mahmad Data",
              "runs": {
                "batter": 0,
                "extras": 0,
                "total": 0
              },
              "wickets": [
                {
                  "player_out": "Ibrahim Vhora",
                  "kind": "lbw"
                }
              ]
            },
            {
              "batter": "Sarfaraj Mulla",
              "bowler": "Saad Bin Zafar",
              "non_striker": "Mahmad Data",
              "runs": {
                "batter": 0,
                "extras": 0,
                "total": 0
              }
            },
            {
              "batter": "Sarfaraj Mulla",
              "bowler": "Saad Bin Zafar",
              "non_striker": "Mahmad Data",
              "runs": {
                "batter": 0,
                "extras": 0,
                "total": 0
              }
            },
            {
              "batter": "Sarfaraj Mulla",
              "bowler": "Saad Bin Zafar",
              "non_striker": "Mahmad Data",
              "runs": {
                "batter": 0,
                "extras": 0,
                "total": 0
              }
            }
          ]
        },
        {
          "over": 17,
          "deliveries": [
            {
              "batter": "Mahmad Data",
              "bowler": "N Dutta",
              "non_striker": "Sarfaraj Mulla",
              "runs": {
                "batter": 0,
                "extras": 0,
                "total": 0
              }
            },
            {
              "batter": "Mahmad Data",
              "bowler": "N Dutta",
              "non_striker": "Sarfaraj Mulla",
              "runs": {
                "batter": 0,
                "extras": 0,
                "total": 0
              }
            },
            {
              "batter": "Mahmad Data",
              "bowler": "N Dutta",
              "non_striker": "Sarfaraj Mulla",
              "runs": {
                "batter": 1,
                "extras": 0,
                "total": 1
              }
            },
            {
              "batter": "Sarfaraj Mulla",
              "bowler": "N Dutta",
              "non_striker": "Mahmad Data",
              "runs": {
                "batter": 0,
                "extras": 0,
                "total": 0
              }
            },
            {
              "batter": "Sarfaraj Mulla",
              "bowler": "N Dutta",
              "non_striker": "Mahmad Data",
              "runs": {
                "batter": 0,
                "extras": 0,
                "total": 0
              }
            },
            {
              "batter": "Sarfaraj Mulla",
              "bowler": "N Dutta",
              "non_striker": "Mahmad Data",
              "runs": {
                "batter": 0,
                "extras": 0,
                "total": 0
              }
            }
          ]
        },
        {
          "over": 18,
          "deliveries": [
            {
              "batter": "Mahmad Data",
              "bowler": "NR Kumar",
              "non_striker": "Sarfaraj Mulla",
              "runs": {
                "batter": 0,
                "extras": 0,
                "total": 0
              }
            },
            {
              "batter": "Mahmad Data",
              "bowler": "NR Kumar",
              "non_striker": "Sarfaraj Mulla",
              "runs": {
                "batter": 0,
                "extras": 0,
                "total": 0
              },
              "wickets": [
                {
                  "player_out": "Mahmad Data",
                  "kind": "bowled"
                }
              ]
            },
            {
              "batter": "Abdullah Jasat",
              "bowler": "NR Kumar",
              "non_striker": "Sarfaraj Mulla",
              "runs": {
                "batter": 0,
                "extras": 0,
                "total": 0
              }
            },
            {
              "batter": "Abdullah Jasat",
              "bowler": "NR Kumar",
              "non_striker": "Sarfaraj Mulla",
              "runs": {
                "batter": 1,
                "extras": 0,
                "total": 1
              }
            },
            {
              "batter": "Sarfaraj Mulla",
              "bowler": "NR Kumar",
              "non_striker": "Abdullah Jasat",
              "runs": {
                "batter": 0,
                "extras": 0,
                "total": 0
              },
              "wickets": [
                {
                  "player_out": "Sarfaraj Mulla",
                  "kind": "bowled"
                }
              ]
            }
          ]
        }
      ],
      "powerplays": [
        {
          "from": 0.1,
          "to": 5.7,
          "type": "mandatory"
        }
      ]
    },
    {
      "team": "Canada",
      "overs": [
        {
          "over": 0,
          "deliveries": [
            {
              "batter": "RA Thomas",
              "bowler": "Irfan Hafejee",
              "extras": {
                "legbyes": 1
              },
              "non_striker": "Hamza Tariq",
              "runs": {
                "batter": 0,
                "extras": 1,
                "total": 1
              }
            },
            {
              "batter": "Hamza Tariq",
              "bowler": "Irfan Hafejee",
              "non_striker": "RA Thomas",
              "runs": {
                "batter": 0,
                "extras": 0,
                "total": 0
              }
            },
            {
              "batter": "Hamza Tariq",
              "bowler": "Irfan Hafejee",
              "non_striker": "RA Thomas",
              "runs": {
                "batter": 4,
                "extras": 0,
                "total": 4
              }
            },
            {
              "batter": "Hamza Tariq",
              "bowler": "Irfan Hafejee",
              "non_striker": "RA Thomas",
              "runs": {
                "batter": 4,
                "extras": 0,
                "total": 4
              }
            },
            {
              "batter": "Hamza Tariq",
              "bowler": "Irfan Hafejee",
              "non_striker": "RA Thomas",
              "runs": {
                "batter": 0,
                "extras": 0,
                "total": 0
              }
            },
            {
              "batter": "Hamza Tariq",
              "bowler": "Irfan Hafejee",
              "non_striker": "RA Thomas",
              "runs": {
                "batter": 0,
                "extras": 0,
                "total": 0
              }
            }
          ]
        },
        {
          "over": 1,
          "deliveries": [
            {
              "batter": "RA Thomas",
              "bowler": "KB Ahir",
              "non_striker": "Hamza Tariq",
              "runs": {
                "batter": 0,
                "extras": 0,
                "total": 0
              }
            },
            {
              "batter": "RA Thomas",
              "bowler": "KB Ahir",
              "extras": {
                "wides": 1
              },
              "non_striker": "Hamza Tariq",
              "runs": {
                "batter": 0,
                "extras": 1,
                "total": 1
              }
            },
            {
              "batter": "RA Thomas",
              "bowler": "KB Ahir",
              "non_striker": "Hamza Tariq",
              "runs": {
                "batter": 1,
                "extras": 0,
                "total": 1
              }
            },
            {
              "batter": "Hamza Tariq",
              "bowler": "KB Ahir",
              "non_striker": "RA Thomas",
              "runs": {
                "batter": 1,
                "extras": 0,
                "total": 1
              }
            },
            {
              "batter": "RA Thomas",
              "bowler": "KB Ahir",
              "non_striker": "Hamza Tariq",
              "runs": {
                "batter": 6,
                "extras": 0,
                "total": 6
              }
            },
            {
              "batter": "RA Thomas",
              "bowler": "KB Ahir",
              "non_striker": "Hamza Tariq",
              "runs": {
                "batter": 0,
                "extras": 0,
                "total": 0
              }
            },
            {
              "batter": "RA Thomas",
              "bowler": "KB Ahir",
              "extras": {
                "wides": 1
              },
              "non_striker": "Hamza Tariq",
              "runs": {
                "batter": 0,
                "extras": 1,
                "total": 1
              }
            },
            {
              "batter": "RA Thomas",
              "bowler": "KB Ahir",
              "non_striker": "Hamza Tariq",
              "runs": {
                "batter": 4,
                "extras": 0,
                "total": 4
              }
            }
          ]
        },
        {
          "over": 2,
          "deliveries": [
            {
              "batter": "Hamza Tariq",
              "bowler": "Ibrahim Vhora",
              "non_striker": "RA Thomas",
              "runs": {
                "batter": 0,
                "extras": 0,
                "total": 0
              }
            },
            {
              "batter": "Hamza Tariq",
              "bowler": "Ibrahim Vhora",
              "non_striker": "RA Thomas",
              "runs": {
                "batter": 1,
                "extras": 0,
                "total": 1
              }
            },
            {
              "batter": "RA Thomas",
              "bowler": "Ibrahim Vhora",
              "non_striker": "Hamza Tariq",
              "runs": {
                "batter": 1,
                "extras": 0,
                "total": 1
              }
            },
            {
              "batter": "Hamza Tariq",
              "bowler": "Ibrahim Vhora",
              "non_striker": "RA Thomas",
              "runs": {
                "batter": 4,
                "extras": 0,
                "total": 4
              }
            },
            {
              "batter": "Hamza Tariq",
              "bowler": "Ibrahim Vhora",
              "non_striker": "RA Thomas",
              "runs": {
                "batter": 4,
                "extras": 0,
                "total": 4
              }
            },
            {
              "batter": "Hamza Tariq",
              "bowler": "Ibrahim Vhora",
              "non_striker": "RA Thomas",
              "runs": {
                "batter": 4,
                "extras": 0,
                "total": 4
              }
            }
          ]
        },
        {
          "over": 3,
          "deliveries": [
            {
              "batter": "RA Thomas",
              "bowler": "D Ahir",
              "non_striker": "Hamza Tariq",
              "runs": {
                "batter": 2,
                "extras": 0,
                "total": 2
              }
            },
            {
              "batter": "RA Thomas",
              "bowler": "D Ahir",
              "non_striker": "Hamza Tariq",
              "runs": {
                "batter": 0,
                "extras": 0,
                "total": 0
              }
            },
            {
              "batter": "RA Thomas",
              "bowler": "D Ahir",
              "non_striker": "Hamza Tariq",
              "runs": {
                "batter": 1,
                "extras": 0,
                "total": 1
              }
            },
            {
              "batter": "Hamza Tariq",
              "bowler": "D Ahir",
              "non_striker": "RA Thomas",
              "runs": {
                "batter": 1,
                "extras": 0,
                "total": 1
              }
            },
            {
              "batter": "RA Thomas",
              "bowler": "D Ahir",
              "non_striker": "Hamza Tariq",
              "runs": {
                "batter": 1,
                "extras": 0,
                "total": 1
              }
            },
            {
              "batter": "Hamza Tariq",
              "bowler": "D Ahir",
              "non_striker": "RA Thomas",
              "runs": {
                "batter": 4,
                "extras": 0,
                "total": 4
              }
            }
          ]
        }
      ],
      "powerplays": [
        {
          "from": 0.1,
          "to": 3.6,
          "type": "mandatory"
        }
      ],
      "target": {
        "overs": 20,
        "runs": 43
      }
    }
  ]
}