{
  "meta": {
    "data_version": "1.0.0",
    "created": "2020-08-27",
    "revision": 1
  },
  "info": {
    "balls_per_over": 6,
    "dates": [
      "2018-09-14"
    ],
    "event": {
      "name": "East Asia Cup",
      "match_number": 3
    },
    "gender": "male",
    "match_type": "IT20",
    "officials": {
      "reserve_umpires": [
        "Tauseef Bukhari",
        "Niaz Ali"
      ],
      "umpires": [
        "John Prakash",
        "Ramasamy Venkatesh"
      ]
    },
    "outcome": {
      "winner": "Japan",
      "by": {
        "runs": 84
      }
    },
    "overs": 20,
    "player_of_match": [
      "M Taniyama"
    ],
    "players": {
      "Japan": [
        "M Taniyama",
        "N Miyaji",
        "R Kano",
        "M Kobayashi",
        "Souta Wada",
        "J Yamashita",
        "W Miyauchi",
        "T Takada",
        "K Takahashi",
        "K Wakita",
        "MM Siddique"
      ],
      "South Korea": [
        "Kim Daeyeon",
        "Jun Hyunwoo",
        "Lim Jeongwook",
        "Jiwon Choi",
        "Kim Yongtae",
        "Daesik Sung",
        "Park Keunyeol",
        "Taekwan Park",
        "KM Umair",
        "Lee Jungwan",
        "AN Hyobeom"
      ]
    },
    "registry": {
      "people": {
        "AN Hyobeom": "8a00eec1",
        "Daesik Sung": "45e03c04",
        "J Yamashita": "6cb6215d",
        "Jiwon Choi": "766e328e",
        "John Prakash": "b5f3d429",
        "Jun Hyunwoo": "431f2dd4",
        "K Takahashi": "039f8170",
        "K Wakita": "97da4ec9",
        "KM Umair": "e083cffd",
        "Kim Daeyeon": "4a51c045",
        "Kim Yongtae": "64d66205",
        "Lee Jungwan": "07d6ffca",
        "Lim Jeongwook": "bc9425fc",
        "M Kobayashi": "96084621",
        "M Taniyama": "cbd91942",
        "MM Siddique": "48024cf4",
        "N Miyaji": "e1055803",
        "Niaz Ali": "e33a357d",
        "Park Keunyeol": "d17b73f7",
        "R Kano": "cc00a786",
        "Ramasamy Venkatesh": "8ad68ea7",
        "Souta Wada": "1db78f34",
        "T Takada": "bd3c364d",
        "Taekwan Park": "9a5668db",
        "Tauseef Bukhari": "5e745aac",
        "W Miyauchi": "fef40097"
      }
    },
    "season": "2018",
    "team_type": "international",
    "teams": [
      "Japan",
      "South Korea"
    ],
    "toss": {
      "decision": "field",
      "winner": "South Korea"
    },
    "venue": "Hong Kong Cricket Club"
  },
  "innings": [
    {
      "team": "Japan",
      "overs": [
        {
          "over": 0,
          "deliveries": [
            {
              "batter": "M Taniyama",
              "bowler": "Taekwan Park",
              "non_striker": "N Miyaji",
              "runs": {
                "batter": 1,
                "extras": 0,
                "total": 1
              }
            },
            {
              "batter": "N Miyaji",
              "bowler": "Taekwan Park",
              "non_striker": "M Taniyama",
              "runs": {
                "batter": 1,
                "extras": 0,
                "total": 1
              }
            },
            {
              "batter": "M Taniyama",
              "bowler": "Taekwan Park",
              "non_striker": "N Miyaji",
              "runs": {
                "batter": 0,
                "extras": 0,
                "total": 0
              }
            },
            {
              "batter": "M Taniyama",
              "bowler": "Taekwan Park",
              "non_striker": "N Miyaji",
              "runs": {
                "batter": 0,
                "extras": 0,
                "total": 0
              }
            },
            {
              "batter": "M Taniyama",
              "bowler": "Taekwan Park",
              "non_striker": "N Miyaji",
              "runs": {
                "batter": 0,
                "extras": 0,
                "total": 0
              }
            },
            {
              "batter": "M Taniyama",
              "bowler": "Taekwan Park",
              "non_striker": "N Miyaji",
              "runs": {
                "batter": 4,
                "extras": 0,
                "total": 4
              }
            }
          ]
        },
        {
          "over": 1,
          "deliveries": [
            {
              "batter": "N Miyaji",
              "bowler": "Jiwon Choi",
              "non_striker": "M Taniyama",
              "runs": {
                "batter": 0,
                "extras": 0,
                "total": 0
              }
            },
            {
              "batter": "N Miyaji",
              "bowler": "Jiwon Choi",
              "non_striker": "M Taniyama",
              "runs": {
                "batter": 1,
                "extras": 0,
                "total": 1
              }
            },
            {
              "batter": "M Taniyama",
              "bowler": "Jiwon Choi",
              "extras": {
                "wides": 1
              },
              "non_striker": "N Miyaji",
              "runs": {
                "batter": 0,
                "extras": 1,
                "total": 1
              }
            },
            {
              "batter": "M Taniyama",
              "bowler": "Jiwon Choi",
              "non_striker": "N Miyaji",
              "runs": {
                "batter": 4,
                "extras": 0,
                "total": 4
              }
            },
            {
              "batter": "M Taniyama",
              "bowler": "Jiwon Choi",
              "non_striker": "N Miyaji",
              "runs": {
                "batter": 1,
                "extras": 0,
                "total": 1
              }
            },
            {
              "batter": "N Miyaji",
              "bowler": "Jiwon Choi",
              "non_striker": "M Taniyama",
              "runs": {
                "batter": 0,
                "extras": 0,
                "total": 0
              }
            },
            {
              "batter": "N Miyaji",
              "bowler": "Jiwon Choi",
              "non_striker": "M Taniyama",
              "runs": {
                "batter": 1,
                "extras": 0,
                "total": 1
              }
            }
          ]
        },
        {
          "over": 2,
          "deliveries": [
            {
              "batter": "N Miyaji",
              "bowler": "Taekwan Park",
              "non_striker": "M Taniyama",
              "runs": {
                "batter": 0,
                "extras": 0,
                "total": 0
              }
            },
            {
              "batter": "N Miyaji",
              "bowler": "Taekwan Park",
              "non_striker": "M Taniyama",
              "runs": {
                "batter": 0,
                "extras": 0,
                "total": 0
              }
            },
            {
              "batter": "N Miyaji",
              "bowler": "Taekwan Park",
              "non_striker": "M Taniyama",
              "runs": {
                "batter": 0,
                "extras": 0,
                "total": 0
              }
            },
            {
              "batter": "N Miyaji",
              "bowler": "Taekwan Park",
              "non_striker": "M Taniyama",
              "runs": {
                "batter": 4,
                "extras": 0,
                "total": 4
              }
            },
            {
              "batter": "N Miyaji",
              "bowler": "Taekwan Park",
              "non_striker": "M Taniyama",
              "runs": {
                "batter": 1,
                "extras": 0,
                "total": 1
              }
            },
            {
              "batter": "M Taniyama",
              "bowler": "Taekwan Park",
              "extras": {
                "wides": 1
              },
              "non_striker": "N Miyaji",
              "runs": {
                "batter": 0,
                "extras": 1,
                "total": 1
              }
            },
            {
              "batter": "M Taniyama",
              "bowler": "Taekwan Park",
              "extras": {
                "wides": 1
              },
              "non_striker": "N Miyaji",
              "runs": {
                "batter": 0,
                "extras": 1,
                "total": 1
              }
            },
            {
              "batter": "M Taniyama",
              "bowler": "Taekwan Park",
              "non_striker": "N Miyaji",
              "runs": {
                "batter": 0,
                "extras": 0,
                "total": 0
              }
            }
          ]
        },
        {
          "over": 3,
          "deliveries": [
            {
              "batter": "N Miyaji",
              "bowler": "Jiwon Choi",
              "non_striker": "M Taniyama",
              "runs": {
                "batter": 0,
                "extras": 0,
                "total": 0
              },
              "wickets": [
                {
                  "player_out": "N Miyaji",
                  "kind": "bowled"
                }
              ]
            },
            {
              "batter": "R Kano",
              "bowler": "Jiwon Choi",
              "non_striker": "M Taniyama",
              "runs": {
                "batter": 0,
                "extras": 0,
                "total": 0
              }
            },
            {
              "batter": "R Kano",
              "bowler": "Jiwon Choi",
              "non_striker": "M Taniyama",
              "runs": {
                "batter": 0,
                "extras": 0,
                "total": 0
              }
            },
            {
              "batter": "R Kano",
              "bowler": "Jiwon Choi",
              "non_striker": "M Taniyama",
              "runs": {
                "batter": 1,
                "extras": 0,
                "total": 1
              }
            },
            {
              "batter": "M Taniyama",
              "bowler": "Jiwon Choi",
              "non_striker": "R Kano",
              "runs": {
                "batter": 1,
                "extras": 0,
                "total": 1
              }
            },
            {
              "batter": "R Kano",
              "bowler": "Jiwon Choi",
              "non_striker": "M Taniyama",
              "runs": {
                "batter": 4,
                "extras": 0,
                "total": 4
              }
            }
          ]
        },
        {
          "over": 4,
          "deliveries": [
            {
              "batter": "M Taniyama",
              "bowler": "Taekwan Park",
              "non_striker": "R Kano",
              "runs": {
                "batter": 4,
                "extras": 0,
                "total": 4
              }
            },
            {
              "batter": "M Taniyama",
              "bowler": "Taekwan Park",
              "extras": {
                "wides": 1
              },
              "non_striker": "R Kano",
              "runs": {
                "batter": 0,
                "extras": 1,
                "total": 1
              }
            },
            {
              "batter": "M Taniyama",
              "bowler": "Taekwan Park",
              "non_striker": "R Kano",
              "runs": {
                "batter": 0,
                "extras": 0,
                "total": 0
              }
            },
            {
              "batter": "M Taniyama",
              "bowler": "Taekwan Park",
              "non_striker": "R Kano",
              "runs": {
                "batter": 0,
                "extras": 0,
                "total": 0
              }
            },
            {
              "batter": "M Taniyama",
              "bowler": "Taekwan Park",
              "non_striker": "R Kano",
              "runs": {
                "batter": 0,
                "extras": 0,
                "total": 0
              }
            },
            {
              "batter": "M Taniyama",
              "bowler": "Taekwan Park",
              "non_striker": "R Kano",
              "runs": {
                "batter": 1,
                "extras": 0,
                "total": 1
              }
            },
            {
              "batter": "R Kano",
              "bowler": "Taekwan Park",
              "non_striker": "M Taniyama",
              "runs": {
                "batter": 1,
                "extras": 0,
                "total": 1
              }
            }
          ]
        },
        {
          "over": 5,
          "deliveries": [
            {
              "batter": "R Kano",
              "bowler": "Jiwon Choi",
              "non_striker": "M Taniyama",
              "runs": {
                "batter": 0,
                "extras": 0,
                "total": 0
              }
            },
            {
              "batter": "R Kano",
              "bowler": "Jiwon Choi",
              "non_striker": "M Taniyama",
              "runs": {
                "batter": 0,
                "extras": 0,
                "total": 0
              }
            },
            {
              "batter": "R Kano",
              "bowler": "Jiwon Choi",
              "non_striker": "M Taniyama",
              "runs": {
                "batter": 0,
                "extras": 0,
                "total": 0
              }
            },
            {
              "batter": "R Kano",
              "bowler": "Jiwon Choi",
              "non_striker": "M Taniyama",
              "runs": {
                "batter": 0,
                "extras": 0,
                "total": 0
              }
            },
            {
              "batter": "R Kano",
              "bowler": "Jiwon Choi",
              "non_striker": "M Taniyama",
              "runs": {
                "batter": 1,
                "extras": 0,
                "total": 1
              }
            },
            {
              "batter": "M Taniyama",
              "bowler": "Jiwon Choi",
              "non_striker": "R Kano",
              "runs": {
                "batter": 0,
                "extras": 0,
                "total": 0
              }
            }
          ]
        },
        {
          "over": 6,
          "deliveries": [
            {
              "batter": "R Kano",
              "bowler": "Kim Daeyeon",
              "extras": {
                "byes": 1
              },
              "non_striker": "M Taniyama",
              "runs": {
                "batter": 0,
                "extras": 1,
                "total": 1
              }
            },
            {
              "batter": "M Taniyama",
              "bowler": "Kim Daeyeon",
              "non_striker": "R Kano",
              "runs": {
                "batter": 6,
                "extras": 0,
                "total": 6
              }
            },
            {
              "batter": "M Taniyama",
              "bowler": "Kim Daeyeon",
              "non_striker": "R Kano",
              "runs": {
                "batter": 1,
                "extras": 0,
                "total": 1
              }
            },
            {
              "batter": "R Kano",
              "bowler": "Kim Daeyeon",
              "non_striker": "M Taniyama",
              "runs": {
                "batter": 0,
                "extras": 0,
                "total": 0
              }
            },
            {
              "batter": "R Kano",
              "bowler": "Kim Daeyeon",
              "non_striker": "M Taniyama",
              "runs": {
                "batter": 1,
                "extras": 0,
                "total": 1
              }
            },
            {
              "batter": "M Taniyama",
              "bowler": "Kim Daeyeon",
              "non_striker": "R Kano",
              "runs": {
                "batter": 1,
                "extras": 0,
                "total": 1
              }
            }
          ]
        },
        {
          "over": 7,
          "deliveries": [
            {
              "batter": "M Taniyama",
              "bowler": "Lee Jungwan",
              "non_striker": "R Kano",
              "runs": {
                "batter": 0,
                "extras": 0,
                "total": 0
              }
            },
            {
              "batter": "M Taniyama",
              "bowler": "Lee Jungwan",
              "non_striker": "R Kano",
              "runs": {
                "batter": 1,
                "extras": 0,
                "total": 1
              }
            },
            {
              "batter": "R Kano",
              "bowler": "Lee Jungwan",
              "non_striker": "M Taniyama",
              "runs": {
                "batter": 1,
                "extras": 0,
                "total": 1
              }
            },
            {
              "batter": "M Taniyama",
              "bowler": "Lee Jungwan",
              "non_striker": "R Kano",
              "runs": {
                "batter": 0,
                "extras": 0,
                "total": 0
              }
            },
            {
              "batter": "M Taniyama",
              "bowler": "Lee Jungwan",
              "non_striker": "R Kano",
              "runs": {
                "batter": 0,
                "extras": 0,
                "total": 0
              }
            },
            {
              "batter": "M Taniyama",
              "bowler": "Lee Jungwan",
              "non_striker": "R Kano",
              "runs": {
                "batter": 4,
                "extras": 0,
                "total": 4
              }
            }
          ]
        },
        {
          "over": 8,
          "deliveries": [
            {
              "batter": "R Kano",
              "bowler": "Kim Daeyeon",
              "non_striker": "M Taniyama",
              "runs": {
                "batter": 1,
                "extras": 0,
                "total": 1
              }
            },
            {
              "batter": "M Taniyama",
              "bowler": "Kim Daeyeon",
              "non_striker": "R Kano",
              "runs": {
                "batter": 0,
                "extras": 0,
                "total": 0
              }
            },
            {
              "batter": "M Taniyama",
              "bowler": "Kim Daeyeon",
              "non_striker": "R Kano",
              "runs": {
                "batter": 6,
                "extras": 0,
                "total": 6
              }
            },
            {
              "batter": "M Taniyama",
              "bowler": "Kim Daeyeon",
              "non_striker": "R Kano",
              "runs": {
                "batter": 0,
                "extras": 0,
                "total": 0
              }
            },
            {
              "batter": "M Taniyama",
              "bowler": "Kim Daeyeon",
              "non_striker": "R Kano",
              "runs": {
                "batter": 0,
                "extras": 0,
                "total": 0
              }
            },
            {
              "batter": "M Taniyama",
              "bowler": "Kim Daeyeon",
              "non_striker": "R Kano",
              "runs": {
                "batter": 1,
                "extras": 0,
                "total": 1
              }
            }
          ]
        },
        {
          "over": 9,
          "deliveries": [
            {
              "batter": "M Taniyama",
              "bowler": "KM Umair",
              "non_striker": "R Kano",
              "runs": {
                "batter": 0,
                "extras": 0,
                "total": 0
              }
            },
            {
              "batter": "M Taniyama",
              "bowler": "KM Umair",
              "extras": {
                "wides": 2
              },
              "non_striker": "R Kano",
              "runs": {
                "batter": 0,
                "extras": 2,
                "total": 2
              }
            },
            {
              "batter": "R Kano",
              "bowler": "KM Umair",
              "non_striker": "M Taniyama",
              "runs": {
                "batter": 4,
                "extras": 0,
                "total": 4
              }
            },
            {
              "batter": "R Kano",
              "bowler": "KM Umair",
              "non_striker": "M Taniyama",
              "runs": {
                "batter": 0,
                "extras": 0,
                "total": 0
              }
            },
            {
              "batter": "R Kano",
              "bowler": "KM Umair",
              "non_striker": "M Taniyama",
              "runs": {
                "batter": 0,
                "extras": 0,
                "total": 0
              }
            },
            {
              "batter": "R Kano",
              "bowler": "KM Umair",
              "non_striker": "M Taniyama",
              "runs": {
                "batter": 1,
                "extras": 0,
                "total": 1
              }
            },
            {
              "batter": "M Taniyama",
              "bowler": "KM Umair",
              "non_striker": "R Kano",
              "runs": {
                "batter": 0,
                "extras": 0,
                "total": 0
              }
            }
          ]
        },
        {
          "over": 10,
          "deliveries": [
            {
              "batter": "R Kano",
              "bowler": "Kim Daeyeon",
              "non_striker": "M Taniyama",
              "runs": {
                "batter": 0,
                "extras": 0,
                "total": 0
              }
            },
            {
              "batter": "R Kano",
              "bowler": "Kim Daeyeon",
              "non_striker": "M Taniyama",
              "runs": {
                "batter": 0,
                "extras": 0,
                "total": 0
              }
            },
            {
              "batter": "R Kano",
              "bowler": "Kim Daeyeon",
              "extras": {
                "legbyes": 1
              },
              "non_striker": "M Taniyama",
              "runs": {
                "batter": 0,
                "extras": 1,
                "total": 1
              }
            },
            {
              "batter": "M Taniyama",
              "bowler": "Kim Daeyeon",
              "non_striker": "R Kano",
              "runs": {
                "batter": 1,
                "extras": 0,
                "total": 1
              }
            },
            {
              "batter": "R Kano",
              "bowler": "Kim Daeyeon",
              "non_striker": "M Taniyama",
              "runs": {
                "batter": 1,
                "extras": 0,
                "total": 1
              }
            },
            {
              "batter": "M Taniyama",
              "bowler": "Kim Daeyeon",
              "non_striker": "R Kano",
              "runs": {
                "batter": 0,
                "extras": 0,
                "total": 0
              }
            }
          ]
        },
        {
          "over": 11,
          "deliveries": [
            {
              "batter": "R Kano",
              "bowler": "KM Umair",
              "extras": {
                "legbyes": 1
              },
              "non_striker": "M Taniyama",
              "runs": {
                "batter": 0,
                "extras": 1,
                "total": 1
              }
            },
            {
              "batter": "M Taniyama",
              "bowler": "KM Umair",
              "non_striker": "R Kano",
              "runs": {
                "batter": 0,
                "extras": 0,
                "total": 0
              }
            },
            {
              "batter": "M Taniyama",
              "bowler": "KM Umair",
              "non_striker": "R Kano",
              "runs": {
                "batter": 1,
                "extras": 0,
                "total": 1
              }
            },
            {
              "batter": "R Kano",
              "bowler": "KM Umair",
              "extras": {
                "wides": 1
              },
              "non_striker": "M Taniyama",
              "runs": {
                "batter": 0,
                "extras": 1,
                "total": 1
              }
            },
            {
              "batter": "R Kano",
              "bowler": "KM Umair",
              "non_striker": "M Taniyama",
              "runs": {
                "batter": 0,
                "extras": 0,
                "total": 0
              }
            },
            {
              "batter": "R Kano",
              "bowler": "KM Umair",
              "non_striker": "M Taniyama",
              "runs": {
                "batter": 1,
                "extras": 0,
                "total": 1
              }
            },
            {
              "batter": "M Taniyama",
              "bowler": "KM Umair",
              "extras": {
                "wides": 2
              },
              "non_striker": "R Kano",
              "runs": {
                "batter": 0,
                "extras": 2,
                "total": 2
              }
            },
            {
              "batter": "R Kano",
              "bowler": "KM Umair",
              "non_striker": "M Taniyama",
              "runs": {
                "batter": 1,
                "extras": 0,
                "total": 1
              }
            }
          ]
        },
        {
          "over": 12,
          "deliveries": [
            {
              "batter": "R Kano",
              "bowler": "AN Hyobeom",
              "non_striker": "M Taniyama",
              "runs": {
                "batter": 1,
                "extras": 0,
                "total": 1
              }
            },
            {
              "batter": "M Taniyama",
              "bowler": "AN Hyobeom",
              "non_striker": "R Kano",
              "runs": {
                "batter": 4,
                "extras": 0,
                "total": 4
              }
            },
            {
              "batter": "M Taniyama",
              "bowler": "AN Hyobeom",
              "non_striker": "R Kano",
              "runs": {
                "batter": 0,
                "extras": 0,
                "total": 0
              }
            },
            {
              "batter": "M Taniyama",
              "bowler": "AN Hyobeom",
              "non_striker": "R Kano",
              "runs": {
                "batter": 1,
                "extras": 0,
                "total": 1
              }
            },
            {
              "batter": "R Kano",
              "bowler": "AN Hyobeom",
              "non_striker": "M Taniyama",
              "runs": {
                "batter": 4,
                "extras": 0,
                "total": 4
              }
            },
            {
              "batter": "R Kano",
              "bowler": "AN Hyobeom",
              "non_striker": "M Taniyama",
              "runs": {
                "batter": 2,
                "extras": 0,
                "total": 2
              }
            }
          ]
        },
        {
          "over": 13,
          "deliveries": [
            {
              "batter": "M Taniyama",
              "bowler": "Jun Hyunwoo",
              "non_striker": "R Kano",
              "runs": {
                "batter": 2,
                "extras": 0,
                "total": 2
              }
            },
            {
              "batter": "M Taniyama",
              "bowler": "Jun Hyunwoo",
              "non_striker": "R Kano",
              "runs": {
                "batter": 1,
                "extras": 0,
                "total": 1
              }
            },
            {
              "batter": "R Kano",
              "bowler": "Jun Hyunwoo",
              "non_striker": "M Taniyama",
              "runs": {
                "batter": 0,
                "extras": 0,
                "total": 0
              }
            },
            {
              "batter": "R Kano",
              "bowler": "Jun Hyunwoo",
              "non_striker": "M Taniyama",
              "runs": {
                "batter": 1,
                "extras": 0,
                "total": 1
              }
            },
            {
              "batter": "M Taniyama",
              "bowler": "Jun Hyunwoo",
              "non_striker": "R Kano",
              "runs": {
                "batter": 0,
                "extras": 0,
                "total": 0
              }
            },
            {
              "batter": "M Taniyama",
              "bowler": "Jun Hyunwoo",
              "non_striker": "R Kano",
              "runs": {
                "batter": 1,
                "extras": 0,
                "total": 1
              }
            }
          ]
        },
        {
          "over": 14,
          "deliveries": [
            {
              "batter": "M Taniyama",
              "bowler": "AN Hyobeom",
              "non_striker": "R Kano",
              "runs": {
                "batter": 1,
                "extras": 0,
                "total": 1
              }
            },
            {
              "batter": "R Kano",
              "bowler": "AN Hyobeom",
              "non_striker": "M Taniyama",
              "runs": {
                "batter": 6,
                "extras": 0,
                "total": 6
              }
            },
            {
              "batter": "R Kano",
              "bowler": "AN Hyobeom",
              "non_striker": "M Taniyama",
              "runs": {
                "batter": 1,
                "extras": 0,
                "total": 1
              }
            },
            {
              "batter": "M Taniyama",
              "bowler": "AN Hyobeom",
              "non_striker": "R Kano",
              "runs": {
                "batter": 4,
                "extras": 0,
                "total": 4
              }
            },
            {
              "batter": "M Taniyama",
              "bowler": "AN Hyobeom",
              "non_striker": "R Kano",
              "runs": {
                "batter": 0,
                "extras": 0,
                "total": 0
              }
            },
            {
              "batter": "M Taniyama",
              "bowler": "AN Hyobeom",
              "non_striker": "R Kano",
              "runs": {
                "batter": 6,
                "extras": 0,
                "total": 6
              }
            }
          ]
        },
        {
          "over": 15,
          "deliveries": [
            {
              "batter": "R Kano",
              "bowler": "Jun Hyunwoo",
              "non_striker": "M Taniyama",
              "runs": {
                "batter": 1,
                "extras": 0,
                "total": 1
              }
            },
            {
              "batter": "M Taniyama",
              "bowler": "Jun Hyunwoo",
              "non_striker": "R Kano",
              "runs": {
                "batter": 0,
                "extras": 0,
                "total": 0
              },
              "wickets": [
                {
                  "player_out": "M Taniyama",
                  "kind": "bowled"
                }
              ]
            },
            {
              "batter": "M Kobayashi",
              "bowler": "Jun Hyunwoo",
              "non_striker": "R Kano",
              "runs": {
                "batter": 1,
                "extras": 0,
                "total": 1
              }
            },
            {
              "batter": "R Kano",
              "bowler": "Jun Hyunwoo",
              "non_striker": "M Kobayashi",
              "runs": {
                "batter": 0,
                "extras": 0,
                "total": 0
              },
              "wickets": [
                {
                  "player_out": "R Kano",
                  "kind": "bowled"
                }
              ]
            },
            {
              "batter": "Souta Wada",
              "bowler": "Jun Hyunwoo",
              "non_striker": "M Kobayashi",
              "runs": {
                "batter": 1,
                "extras": 0,
                "total": 1
              }
            },
            {
              "batter": "M Kobayashi",
              "bowler": "Jun Hyunwoo",
              "non_striker": "Souta Wada",
              "runs": {
                "batter": 1,
                "extras": 0,
                "total": 1
              }
            }
          ]
        },
        {
          "over": 16,
          "deliveries": [
            {
              "batter": "M Kobayashi",
              "bowler": "Kim Daeyeon",
              "non_striker": "Souta Wada",
              "runs": {
                "batter": 1,
                "extras": 0,
                "total": 1
              }
            },
            {
              "batter": "Souta Wada",
              "bowler": "Kim Daeyeon",
              "non_striker": "M Kobayashi",
              "runs": {
                "batter": 1,
                "extras": 0,
                "total": 1
              }
            },
            {
              "batter": "M Kobayashi",
              "bowler": "Kim Daeyeon",
              "non_striker": "Souta Wada",
              "runs": {
                "batter": 0,
                "extras": 0,
                "total": 0
              },
              "wickets": [
                {
                  "player_out": "M Kobayashi",
                  "fielders": [
                    {
                      "name": "Jun Hyunwoo"
                    }
                  ],
                  "kind": "caught"
                }
              ]
            },
            {
              "batter": "Souta Wada",
              "bowler": "Kim Daeyeon",
              "non_striker": "J Yamashita",
              "runs": {
                "batter": 0,
                "extras": 0,
                "total": 0
              },
              "wickets": [
                {
                  "player_out": "Souta Wada",
                  "kind": "bowled"
                }
              ]
            },
            {
              "batter": "W Miyauchi",
              "bowler": "Kim Daeyeon",
              "non_striker": "J Yamashita",
              "runs": {
                "batter": 0,
                "extras": 0,
                "total": 0
              },
              "wickets": [
                {
                  "player_out": "W Miyauchi",
                  "kind": "bowled"
                }
              ]
            },
            {
              "batter": "T Takada",
              "bowler": "Kim Daeyeon",
              "extras": {
                "wides": 2
              },
              "non_striker": "J Yamashita",
              "runs": {
                "batter": 0,
                "extras": 2,
                "total": 2
              }
            },
            {
              "batter": "J Yamashita",
              "bowler": "Kim Daeyeon",
              "non_striker": "T Takada",
              "runs": {
                "batter": 0,
                "extras": 0,
                "total": 0
              }
            }
          ]
        },
        {
          "over": 17,
          "deliveries": [
            {
              "batter": "T Takada",
              "bowler": "Lee Jungwan",
              "extras": {
                "noballs": 1
              },
              "non_striker": "J Yamashita",
              "runs": {
                "batter": 4,
                "extras": 1,
                "total": 5
              }
            },
            {
              "batter": "T Takada",
              "bowler": "Lee Jungwan",
              "non_striker": "J Yamashita",
              "runs": {
                "batter": 2,
                "extras": 0,
                "total": 2
              }
            },
            {
              "batter": "T Takada",
              "bowler": "Lee Jungwan",
              "non_striker": "J Yamashita",
              "runs": {
                "batter": 2,
                "extras": 0,
                "total": 2
              }
            },
            {
              "batter": "T Takada",
              "bowler": "Lee Jungwan",
              "non_striker": "J Yamashita",
              "runs": {
                "batter": 1,
                "extras": 0,
                "total": 1
              }
            },
            {
              "batter": "J Yamashita",
              "bowler": "Lee Jungwan",
              "non_striker": "T Takada",
              "runs": {
                "batter": 6,
                "extras": 0,
                "total": 6,
                "non_boundary": true
              }
            },
            {
              "batter": "J Yamashita",
              "bowler": "Lee Jungwan",
              "non_striker": "T Takada",
              "runs": {
                "batter": 2,
                "extras": 0,
                "total": 2
              }
            },
            {
              "batter": "J Yamashita",
              "bowler": "Lee Jungwan",
              "non_striker": "T Takada",
              "runs": {
                "batter": 1,
                "extras": 0,
                "total": 1
              }
            }
          ]
        },
        {
          "over": 18,
          "deliveries": [
            {
              "batter": "J Yamashita",
              "bowler": "Taekwan Park",
              "extras": {
                "wides": 1
              },
              "non_striker": "T Takada",
              "runs": {
                "batter": 0,
                "extras": 1,
                "total": 1
              }
            },
            {
              "batter": "J Yamashita",
              "bowler": "Taekwan Park",
              "non_striker": "T Takada",
              "runs": {
                "batter": 2,
                "extras": 0,
                "total": 2
              }
            },
            {
              "batter": "J Yamashita",
              "bowler": "Taekwan Park",
              "non_striker": "T Takada",
              "runs": {
                "batter": 2,
                "extras": 0,
                "total": 2
              }
            },
            {
              "batter": "J Yamashita",
              "bowler": "Taekwan Park",
              "non_striker": "T Takada",
              "runs": {
                "batter": 0,
                "extras": 0,
                "total": 0
              }
            },
            {
              "batter": "J Yamashita",
              "bowler": "Taekwan Park",
              "non_striker": "T Takada",
              "runs": {
                "batter": 0,
                "extras": 0,
                "total": 0
              }
            },
            {
              "batter": "J Yamashita",
              "bowler": "Taekwan Park",
              "non_striker": "T Takada",
              "runs": {
                "batter": 0,
                "extras": 0,
                "total": 0
              }
            },
            {
              "batter": "J Yamashita",
              "bowler": "Taekwan Park",
              "non_striker": "T Takada",
              "runs": {
                "batter": 1,
                "extras": 0,
                "total": 1
              }
            }
          ]
        },
        {
          "over": 19,
          "deliveries": [
            {
              "batter": "J Yamashita",
              "bowler": "Jiwon Choi",
              "non_striker": "T Takada",
              "runs": {
                "batter": 0,
                "extras": 0,
                "total": 0
              }
            },
            {
              "batter": "J Yamashita",
              "bowler": "Jiwon Choi",
              "non_striker": "T Takada",
              "runs": {
                "batter": 4,
                "extras": 0,
                "total": 4
              }
            },
            {
              "batter": "J Yamashita",
              "bowler": "Jiwon Choi",
              "non_striker": "T Takada",
              "runs": {
                "batter": 2,
                "extras": 0,
                "total": 2
              }
            },
            {
              "batter": "J Yamashita",
              "bowler": "Jiwon Choi",
              "non_striker": "T Takada",
              "runs": {
                "batter": 1,
                "extras": 0,
                "total": 1
              }
            },
            {
              "batter": "T Takada",
              "bowler": "Jiwon Choi",
              "non_striker": "J Yamashita",
              "runs": {
                "batter": 4,
                "extras": 0,
                "total": 4
              }
            },
            {
              "batter": "T Takada",
              "bowler": "Jiwon Choi",
              "non_striker": "J Yamashita",
              "runs": {
                "batter": 3,
                "extras": 0,
                "total": 3
              }
            }
          ]
        }
      ],
      "powerplays": [
        {
          "from": 0.1,
          "to": 5.6,
          "type": "mandatory"
        }
      ]
    },
    {
      "team": "South Korea",
      "overs": [
        {
          "over": 0,
          "deliveries": [
            {
              "batter": "Kim Daeyeon",
              "bowler": "J Yamashita",
              "extras": {
                "wides": 5
              },
              "non_striker": "Jun Hyunwoo",
              "runs": {
                "batter": 0,
                "extras": 5,
                "total": 5
              }
            },
            {
              "batter": "Kim Daeyeon",
              "bowler": "J Yamashita",
              "extras": {
                "wides": 5
              },
              "non_striker": "Jun Hyunwoo",
              "runs": {
                "batter": 0,
                "extras": 5,
                "total": 5
              }
            },
            {
              "batter": "Kim Daeyeon",
              "bowler": "J Yamashita",
              "non_striker": "Jun Hyunwoo",
              "runs": {
                "batter": 0,
                "extras": 0,
                "total": 0
              }
            },
            {
              "batter": "Kim Daeyeon",
              "bowler": "J Yamashita",
              "non_striker": "Jun Hyunwoo",
              "runs": {
                "batter": 1,
                "extras": 0,
                "total": 1
              }
            },
            {
              "batter": "Jun Hyunwoo",
              "bowler": "J Yamashita",
              "non_striker": "Kim Daeyeon",
              "runs": {
                "batter": 1,
                "extras": 0,
                "total": 1
              }
            },
            {
              "batter": "Kim Daeyeon",
              "bowler": "J Yamashita",
              "non_striker": "Jun Hyunwoo",
              "runs": {
                "batter": 0,
                "extras": 0,
                "total": 0
              }
            },
            {
              "batter": "Kim Daeyeon",
              "bowler": "J Yamashita",
              "non_striker": "Jun Hyunwoo",
              "runs": {
                "batter": 4,
                "extras": 0,
                "total": 4
              }
            },
            {
              "batter": "Kim Daeyeon",
              "bowler": "J Yamashita",
              "non_striker": "Jun Hyunwoo",
              "runs": {
                "batter": 0,
                "extras": 0,
                "total": 0
              },
              "wickets": [
                {
                  "player_out": "Kim Daeyeon",
                  "fielders": [
                    {
                      "name": "N Miyaji"
                    }
                  ],
                  "kind": "caught"
                }
              ]
            }
          ]
        },
        {
          "over": 1,
          "deliveries": [
            {
              "batter": "Lim Jeongwook",
              "bowler": "MM Siddique",
              "non_striker": "Jun Hyunwoo",
              "runs": {
                "batter": 0,
                "extras": 0,
                "total": 0
              }
            },
            {
              "batter": "Lim Jeongwook",
              "bowler": "MM Siddique",
              "non_striker": "Jun Hyunwoo",
              "runs": {
                "batter": 0,
                "extras": 0,
                "total": 0
              }
            },
            {
              "batter": "Lim Jeongwook",
              "bowler": "MM Siddique",
              "non_striker": "Jun Hyunwoo",
              "runs": {
                "batter": 0,
                "extras": 0,
                "total": 0
              }
            },
            {
              "batter": "Lim Jeongwook",
              "bowler": "MM Siddique",
              "non_striker": "Jun Hyunwoo",
              "runs": {
                "batter": 0,
                "extras": 0,
                "total": 0
              },
              "wickets": [
                {
                  "player_out": "Lim Jeongwook",
                  "fielders": [
                    {
                      "name": "M Kobayashi"
                    }
                  ],
                  "kind": "caught"
                }
              ]
            },
            {
              "batter": "Jiwon Choi",
              "bowler": "MM Siddique",
              "non_striker": "Jun Hyunwoo",
              "runs": {
                "batter": 1,
                "extras": 0,
                "total": 1
              }
            },
            {
              "batter": "Jun Hyunwoo",
              "bowler": "MM Siddique",
              "non_striker": "Jiwon Choi",
              "runs": {
                "batter": 6,
                "extras": 0,
                "total": 6
              }
            }
          ]
        },
        {
          "over": 2,
          "deliveries": [
            {
              "batter": "Jiwon Choi",
              "bowler": "K Takahashi",
              "non_striker": "Jun Hyunwoo",
              "runs": {
                "batter": 1,
                "extras": 0,
                "total": 1
              }
            },
            {
              "batter": "Jun Hyunwoo",
              "bowler": "K Takahashi",
              "non_striker": "Jiwon Choi",
              "runs": {
                "batter": 0,
                "extras": 0,
                "total": 0
              }
            },
            {
              "batter": "Jun Hyunwoo",
              "bowler": "K Takahashi",
              "non_striker": "Jiwon Choi",
              "runs": {
                "batter": 4,
                "extras": 0,
                "total": 4
              }
            },
            {
              "batter": "Jun Hyunwoo",
              "bowler": "K Takahashi",
              "non_striker": "Jiwon Choi",
              "runs": {
                "batter": 0,
                "extras": 0,
                "total": 0
              }
            },
            {
              "batter": "Jun Hyunwoo",
              "bowler": "K Takahashi",
              "non_striker": "Jiwon Choi",
              "runs": {
                "batter": 2,
                "extras": 0,
                "total": 2
              }
            },
            {
              "batter": "Jun Hyunwoo",
              "bowler": "K Takahashi",
              "non_striker": "Jiwon Choi",
              "runs": {
                "batter": 0,
                "extras": 0,
                "total": 0
              }
            }
          ]
        },
        {
          "over": 3,
          "deliveries": [
            {
              "batter": "Jiwon Choi",
              "bowler": "K Wakita",
              "non_striker": "Jun Hyunwoo",
              "runs": {
                "batter": 0,
                "extras": 0,
                "total": 0
              },
              "wickets": [
                {
                  "player_out": "Jun Hyunwoo",
                  "kind": "run out"
                }
              ]
            },
            {
              "batter": "Jiwon Choi",
              "bowler": "K Wakita",
              "non_striker": "Kim Yongtae",
              "runs": {
                "batter": 0,
                "extras": 0,
                "total": 0
              },
              "wickets": [
                {
                  "player_out": "Jiwon Choi",
                  "kind": "bowled"
                }
              ]
            },
            {
              "batter": "Daesik Sung",
              "bowler": "K Wakita",
              "non_striker": "Kim Yongtae",
              "runs": {
                "batter": 0,
                "extras": 0,
                "total": 0
              }
            },
            {
              "batter": "Daesik Sung",
              "bowler": "K Wakita",
              "non_striker": "Kim Yongtae",
              "runs": {
                "batter": 1,
                "extras": 0,
                "total": 1
              }
            },
            {
              "batter": "Kim Yongtae",
              "bowler": "K Wakita",
              "non_striker": "Daesik Sung",
              "runs": {
                "batter": 0,
                "extras": 0,
                "total": 0
              }
            },
            {
              "batter": "Kim Yongtae",
              "bowler": "K Wakita",
              "non_striker": "Daesik Sung",
              "runs": {
                "batter": 4,
                "extras": 0,
                "total": 4
              }
            }
          ]
        },
        {
          "over": 4,
          "deliveries": [
            {
              "batter": "Daesik Sung",
              "bowler": "J Yamashita",
              "non_striker": "Kim Yongtae",
              "runs": {
                "batter": 0,
                "extras": 0,
                "total": 0
              },
              "wickets": [
                {
                  "player_out": "Daesik Sung",
                  "kind": "lbw"
                }
              ]
            },
            {
              "batter": "Park Keunyeol",
              "bowler": "J Yamashita",
              "non_striker": "Kim Yongtae",
              "runs": {
                "batter": 0,
                "extras": 0,
                "total": 0
              }
            },
            {
              "batter": "Park Keunyeol",
              "bowler": "J Yamashita",
              "non_striker": "Kim Yongtae",
              "runs": {
                "batter": 4,
                "extras": 0,
                "total": 4
              }
            },
            {
              "batter": "Park Keunyeol",
              "bowler": "J Yamashita",
              "non_striker": "Kim Yongtae",
              "runs": {
                "batter": 0,
                "extras": 0,
                "total": 0
              }
            },
            {
              "batter": "Park Keunyeol",
              "bowler": "J Yamashita",
              "non_striker": "Kim Yongtae",
              "runs": {
                "batter": 4,
                "extras": 0,
                "total": 4
              }
            },
            {
              "batter": "Park Keunyeol",
              "bowler": "J Yamashita",
              "non_striker": "Kim Yongtae",
              "runs": {
                "batter": 0,
                "extras": 0,
                "total": 0
              }
            }
          ]
        },
        {
          "over": 5,
          "deliveries": [
            {
              "batter": "Kim Yongtae",
              "bowler": "MM Siddique",
              "non_striker": "Park Keunyeol",
              "runs": {
                "batter": 1,
                "extras": 0,
                "total": 1
              }
            },
            {
              "batter": "Park Keunyeol",
              "bowler": "MM Siddique",
              "non_striker": "Kim Yongtae",
              "runs": {
                "batter": 0,
                "extras": 0,
                "total": 0
              }
            },
            {
              "batter": "Park Keunyeol",
              "bowler": "MM Siddique",
              "non_striker": "Kim Yongtae",
              "runs": {
                "batter": 1,
                "extras": 0,
                "total": 1
              }
            },
            {
              "batter": "Kim Yongtae",
              "bowler": "MM Siddique",
              "non_striker": "Park Keunyeol",
              "runs": {
                "batter": 0,
                "extras": 0,
                "total": 0
              },
              "wickets": [
                {
                  "player_out": "Kim Yongtae",
                  "kind": "bowled"
                }
              ]
            },
            {
              "batter": "Taekwan Park",
              "bowler": "MM Siddique",
              "non_striker": "Park Keunyeol",
              "runs": {
                "batter": 1,
                "extras": 0,
                "total": 1
              }
            },
            {
              "batter": "Park Keunyeol",
              "bowler": "MM Siddique",
              "non_striker": "Taekwan Park",
              "runs": {
                "batter": 1,
                "extras": 0,
                "total": 1
              }
            }
          ]
        },
        {
          "over": 6,
          "deliveries": [
            {
              "batter": "Park Keunyeol",
              "bowler": "T Takada",
              "non_striker": "Taekwan Park",
              "runs": {
                "batter": 0,
                "extras": 0,
                "total": 0
              }
            },
            {
              "batter": "Park Keunyeol",
              "bowler": "T Takada",
              "non_striker": "Taekwan Park",
              "runs": {
                "batter": 1,
                "extras": 0,
                "total": 1
              }
            },
            {
              "batter": "Taekwan Park",
              "bowler": "T Takada",
              "non_striker": "Park Keunyeol",
              "runs": {
                "batter": 0,
                "extras": 0,
                "total": 0
              }
            },
            {
              "batter": "Taekwan Park",
              "bowler": "T Takada",
              "non_striker": "Park Keunyeol",
              "runs": {
                "batter": 0,
                "extras": 0,
                "total": 0
              }
            },
            {
              "batter": "Taekwan Park",
              "bowler": "T Takada",
              "non_striker": "Park Keunyeol",
              "runs": {
                "batter": 1,
                "extras": 0,
                "total": 1
              }
            },
            {
              "batter": "Park Keunyeol",
              "bowler": "T Takada",
              "non_striker": "Taekwan Park",
              "runs": {
                "batter": 0,
                "extras": 0,
                "total": 0
              }
            }
          ]
        },
        {
          "over": 7,
          "deliveries": [
            {
              "batter": "Taekwan Park",
              "bowler": "K Takahashi",
              "extras": {
                "wides": 5
              },
              "non_striker": "Park Keunyeol",
              "runs": {
                "batter": 0,
                "extras": 5,
                "total": 5
              }
            },
            {
              "batter": "Taekwan Park",
              "bowler": "K Takahashi",
              "extras": {
                "legbyes": 1
              },
              "non_striker": "Park Keunyeol",
              "runs": {
                "batter": 0,
                "extras": 1,
                "total": 1
              }
            },
            {
              "batter": "Park Keunyeol",
              "bowler": "K Takahashi",
              "non_striker": "Taekwan Park",
              "runs": {
                "batter": 0,
                "extras": 0,
                "total": 0
              }
            },
            {
              "batter": "Park Keunyeol",
              "bowler": "K Takahashi",
              "non_striker": "Taekwan Park",
              "runs": {
                "batter": 1,
                "extras": 0,
                "total": 1
              }
            },
            {
              "batter": "Taekwan Park",
              "bowler": "K Takahashi",
              "non_striker": "Park Keunyeol",
              "runs": {
                "batter": 1,
                "extras": 0,
                "total": 1
              }
            },
            {
              "batter": "Park Keunyeol",
              "bowler": "K Takahashi",
              "non_striker": "Taekwan Park",
              "runs": {
                "batter": 0,
                "extras": 0,
                "total": 0
              }
            },
            {
              "batter": "Park Keunyeol",
              "bowler": "K Takahashi",
              "extras": {
                "legbyes": 1
              },
              "non_striker": "Taekwan Park",
              "runs": {
                "batter": 0,
                "extras": 1,
                "total": 1
              }
            }
          ]
        },
        {
          "over": 8,
          "deliveries": [
            {
              "batter": "Park Keunyeol",
              "bowler": "T Takada",
              "non_striker": "Taekwan Park",
              "runs": {
                "batter": 0,
                "extras": 0,
                "total": 0
              }
            },
            {
              "batter": "Park Keunyeol",
              "bowler": "T Takada",
              "non_striker": "Taekwan Park",
              "runs": {
                "batter": 2,
                "extras": 0,
                "total": 2
              }
            },
            {
              "batter": "Park Keunyeol",
              "bowler": "T Takada",
              "non_striker": "Taekwan Park",
              "runs": {
                "batter": 1,
                "extras": 0,
                "total": 1
              }
            },
            {
              "batter": "Taekwan Park",
              "bowler": "T Takada",
              "non_striker": "Park Keunyeol",
              "runs": {
                "batter": 1,
                "extras": 0,
                "total": 1
              }
            },
            {
              "batter": "Park Keunyeol",
              "bowler": "T Takada",
              "non_striker": "Taekwan Park",
              "runs": {
                "batter": 1,
                "extras": 0,
                "total": 1
              }
            },
            {
              "batter": "Taekwan Park",
              "bowler": "T Takada",
              "non_striker": "Park Keunyeol",
              "runs": {
                "batter": 0,
                "extras": 0,
                "total": 0
              }
            }
          ]
        },
        {
          "over": 9,
          "deliveries": [
            {
              "batter": "Park Keunyeol",
              "bowler": "M Taniyama",
              "non_striker": "Taekwan Park",
              "runs": {
                "batter": 4,
                "extras": 0,
                "total": 4
              }
            },
            {
              "batter": "Park Keunyeol",
              "bowler": "M Taniyama",
              "non_striker": "Taekwan Park",
              "runs": {
                "batter": 0,
                "extras": 0,
                "total": 0
              }
            },
            {
              "batter": "Park Keunyeol",
              "bowler": "M Taniyama",
              "non_striker": "Taekwan Park",
              "runs": {
                "batter": 0,
                "extras": 0,
                "total": 0
              }
            },
            {
              "batter": "Park Keunyeol",
              "bowler": "M Taniyama",
              "non_striker": "Taekwan Park",
              "runs": {
                "batter": 0,
                "extras": 0,
                "total": 0
              }
            },
            {
              "batter": "Park Keunyeol",
              "bowler": "M Taniyama",
              "non_striker": "Taekwan Park",
              "runs": {
                "batter": 0,
                "extras": 0,
                "total": 0
              }
            },
            {
              "batter": "Park Keunyeol",
              "bowler": "M Taniyama",
              "non_striker": "Taekwan Park",
              "runs": {
                "batter": 1,
                "extras": 0,
                "total": 1
              }
            }
          ]
        },
        {
          "over": 10,
          "deliveries": [
            {
              "batter": "Park Keunyeol",
              "bowler": "K Wakita",
              "non_striker": "Taekwan Park",
              "runs": {
                "batter": 0,
                "extras": 0,
                "total": 0
              },
              "wickets": [
                {
                  "player_out": "Park Keunyeol",
                  "kind": "caught and bowled"
                }
              ]
            },
            {
              "batter": "KM Umair",
              "bowler": "K Wakita",
              "non_striker": "Taekwan Park",
              "runs": {
                "batter": 0,
                "extras": 0,
                "total": 0
              }
            },
            {
              "batter": "KM Umair",
              "bowler": "K Wakita",
              "extras": {
                "wides": 1
              },
              "non_striker": "Taekwan Park",
              "runs": {
                "batter": 0,
                "extras": 1,
                "total": 1
              }
            },
            {
              "batter": "KM Umair",
              "bowler": "K Wakita",
              "non_striker": "Taekwan Park",
              "runs": {
                "batter": 1,
                "extras": 0,
                "total": 1
              }
            },
            {
              "batter": "Taekwan Park",
              "bowler": "K Wakita",
              "non_striker": "KM Umair",
              "runs": {
                "batter": 0,
                "extras": 0,
                "total": 0
              }
            },
            {
              "batter": "Taekwan Park",
              "bowler": "K Wakita",
              "non_striker": "KM Umair",
              "runs": {
                "batter": 0,
                "extras": 0,
                "total": 0
              }
            },
            {
              "batter": "Taekwan Park",
              "bowler": "K Wakita",
              "non_striker": "KM Umair",
              "runs": {
                "batter": 1,
                "extras": 0,
                "total": 1
              }
            }
          ]
        },
        {
          "over": 11,
          "deliveries": [
            {
              "batter": "Taekwan Park",
              "bowler": "M Taniyama",
              "non_striker": "KM Umair",
              "runs": {
                "batter": 1,
                "extras": 0,
                "total": 1
              }
            },
            {
              "batter": "KM Umair",
              "bowler": "M Taniyama",
              "non_striker": "Taekwan Park",
              "runs": {
                "batter": 0,
                "extras": 0,
                "total": 0
              }
            },
            {
              "batter": "KM Umair",
              "bowler": "M Taniyama",
              "non_striker": "Taekwan Park",
              "runs": {
                "batter": 1,
                "extras": 0,
                "total": 1
              }
            },
            {
              "batter": "Taekwan Park",
              "bowler": "M Taniyama",
              "non_striker": "KM Umair",
              "runs": {
                "batter": 0,
                "extras": 0,
                "total": 0
              },
              "wickets": [
                {
                  "player_out": "Taekwan Park",
                  "fielders": [
                    {
                      "name": "MM Siddique"
                    }
                  ],
                  "kind": "caught"
                }
              ]
            },
            {
              "batter": "KM Umair",
              "bowler": "M Taniyama",
              "non_striker": "Lee Jungwan",
              "runs": {
                "batter": 1,
                "extras": 0,
                "total": 1
              }
            },
            {
              "batter": "Lee Jungwan",
              "bowler": "M Taniyama",
              "non_striker": "KM Umair",
              "runs": {
                "batter": 0,
                "extras": 0,
                "total": 0
              }
            }
          ]
        },
        {
          "over": 12,
          "deliveries": [
            {
              "batter": "KM Umair",
              "bowler": "T Takada",
              "non_striker": "Lee Jungwan",
              "runs": {
                "batter": 0,
                "extras": 0,
                "total": 0
              }
            },
            {
              "batter": "KM Umair",
              "bowler": "T Takada",
              "non_striker": "Lee Jungwan",
              "runs": {
                "batter": 0,
                "extras": 0,
                "total": 0
              }
            },
            {
              "batter": "KM Umair",
              "bowler": "T Takada",
              "non_striker": "Lee Jungwan",
              "runs": {
                "batter": 0,
                "extras": 0,
                "total": 0
              },
              "wickets": [
                {
                  "player_out": "KM Umair",
                  "kind": "bowled"
                }
              ]
            },
            {
              "batter": "AN Hyobeom",
              "bowler": "T Takada",
              "non_striker": "Lee Jungwan",
              "runs": {
                "batter": 0,
                "extras": 0,
                "total": 0
              }
            },
            {
              "batter": "AN Hyobeom",
              "bowler": "T Takada",
              "non_striker": "Lee Jungwan",
              "runs": {
                "batter": 0,
                "extras": 0,
                "total": 0
              },
              "wickets": [
                {
                  "player_out": "AN Hyobeom",
                  "fielders": [
                    {
                      "name": "K Takahashi"
                    }
                  ],
                  "kind": "caught"
                }
              ]
            }
          ]
        }
      ],
      "powerplays": [
        {
          "from": 0.1,
          "to": 5.6,
          "type": "mandatory"
        }
      ],
      "target": {
        "overs": 20,
        "runs": 159
      }
    }
  ]
}