{
  "meta": {
    "data_version": "1.0.0",
    "created": "2020-09-09",
    "revision": 1
  },
  "info": {
    "balls_per_over": 6,
    "city": "Kuala Lumpur",
    "dates": [
      "2018-10-06"
    ],
    "event": {
      "name": "ICC World Twenty20 Asia Region Qualifier B",
      "match_number": 7
    },
    "gender": "male",
    "match_type": "IT20",
    "officials": {
      "match_referees": [
        "Akhtar Ahmad"
      ],
      "reserve_umpires": [
        "Sarika Prasad"
      ],
      "umpires": [
        "Tabarak Dar",
        "IA Thomson"
      ]
    },
    "outcome": {
      "winner": "Nepal",
      "by": {
        "wickets": 8
      }
    },
    "overs": 20,
    "player_of_match": [
      "S Lamichhane"
    ],
    "players": {
      "Malaysia": [
        "Syed Aziz",
        "Shafiq Sharif",
        "Suhan Alagaratnam",
        "Ahmed Faiz",
        "M Syahadat Ramli",
        "Anwar Arudin",
        "Virandeep Singh",
        "S Muniandy",
        "Syazrul Idrus",
        "Anwar Rahman",
        "Pavandeep Singh"
      ],
      "Nepal": [
        "AK Sah",
        "B Bhandari",
        "P Khadka",
        "G Malla",
        "Karan KC",
        "LN Rajbanshi",
        "DS Airee",
        "S Lamichhane",
        "S Vesawkar",
        "Aarif Sheikh",
        "Sompal Kami"
      ]
    },
    "registry": {
      "people": {
        "AK Sah": "5b1d6583",
        "Aarif Sheikh": "cd4d7695",
        "Ahmed Faiz": "f6b4f746",
        "Akhtar Ahmad": "29859e71",
        "Anwar Arudin": "6d24561a",
        "Anwar Rahman": "28adcce9",
        "B Bhandari": "82342b13",
        "DS Airee": "1747ea18",
        "G Malla": "b2e1d224",
        "IA Thomson": "4b594b43",
        "Karan KC": "f53b3e1d",
        "LN Rajbanshi": "6ad2d5f7",
        "M Syahadat Ramli": "5efa8af3",
        "P Khadka": "12c3ba4d",
        "Pavandeep Singh": "78fcc740",
        "S Lamichhane": "b410bd3d",
        "S Muniandy": "57fcfd3b",
        "S Vesawkar": "3de06845",
        "Sarika Prasad": "8ff397fa",
        "Shafiq Sharif": "033ac24e",
        "Sompal Kami": "1adb8ee8",
        "Suhan Alagaratnam": "4cf59936",
        "Syazrul Idrus": "6dba59e0",
        "Syed Aziz": "6667067e",
        "Tabarak Dar": "2259c12d",
        "Virandeep Singh": "415d30b6"
      }
    },
    "season": "2018/19",
    "team_type": "international",
    "teams": [
      "Malaysia",
      "Nepal"
    ],
    "toss": {
      "decision": "bat",
      "winner": "Malaysia"
    },
    "venue": "Bayuemas Oval"
  },
  "innings": [
    {
      "team": "Malaysia",
      "overs": [
        {
          "over": 0,
          "deliveries": [
            {
              "batter": "Syed Aziz",
              "bowler": "Sompal Kami",
              "non_striker": "Shafiq Sharif",
              "runs": {
                "batter": 1,
                "extras": 0,
                "total": 1
              }
            },
            {
              "batter": "Shafiq Sharif",
              "bowler": "Sompal Kami",
              "non_striker": "Syed Aziz",
              "runs": {
                "batter": 0,
                "extras": 0,
                "total": 0
              }
            },
            {
              "batter": "Shafiq Sharif",
              "bowler": "Sompal Kami",
              "non_striker": "Syed Aziz",
              "runs": {
                "batter": 4,
                "extras": 0,
                "total": 4
              }
            },
            {
              "batter": "Shafiq Sharif",
              "bowler": "Sompal Kami",
              "non_striker": "Syed Aziz",
              "runs": {
                "batter": 0,
                "extras": 0,
                "total": 0
              }
            },
            {
              "batter": "Shafiq Sharif",
              "bowler": "Sompal Kami",
              "non_striker": "Syed Aziz",
              "runs": {
                "batter": 0,
                "extras": 0,
                "total": 0
              }
            },
            {
              "batter": "Shafiq Sharif",
              "bowler": "Sompal Kami",
              "non_striker": "Syed Aziz",
              "runs": {
                "batter": 0,
                "extras": 0,
                "total": 0
              }
            }
          ]
        },
        {
          "over": 1,
          "deliveries": [
            {
              "batter": "Syed Aziz",
              "bowler": "Karan KC",
              "non_striker": "Shafiq Sharif",
              "runs": {
                "batter": 4,
                "extras": 0,
                "total": 4
              }
            },
            {
              "batter": "Syed Aziz",
              "bowler": "Karan KC",
              "non_striker": "Shafiq Sharif",
              "runs": {
                "batter": 0,
                "extras": 0,
                "total": 0
              }
            },
            {
              "batter": "Syed Aziz",
              "bowler": "Karan KC",
              "non_striker": "Shafiq Sharif",
              "runs": {
                "batter": 0,
                "extras": 0,
                "total": 0
              }
            },
            {
              "batter": "Syed Aziz",
              "bowler": "Karan KC",
              "non_striker": "Shafiq Sharif",
              "runs": {
                "batter": 0,
                "extras": 0,
                "total": 0
              }
            },
            {
              "batter": "Syed Aziz",
              "bowler": "Karan KC",
              "non_striker": "Shafiq Sharif",
              "runs": {
                "batter": 1,
                "extras": 0,
                "total": 1
              }
            },
            {
              "batter": "Shafiq Sharif",
              "bowler": "Karan KC",
              "extras": {
                "legbyes": 1
              },
              "non_striker": "Syed Aziz",
              "runs": {
                "batter": 0,
                "extras": 1,
                "total": 1
              }
            }
          ]
        },
        {
          "over": 2,
          "deliveries": [
            {
              "batter": "Shafiq Sharif",
              "bowler": "Sompal Kami",
              "non_striker": "Syed Aziz",
              "runs": {
                "batter": 0,
                "extras": 0,
                "total": 0
              }
            },
            {
              "batter": "Shafiq Sharif",
              "bowler": "Sompal Kami",
              "non_striker": "Syed Aziz",
              "runs": {
                "batter": 4,
                "extras": 0,
                "total": 4
              }
            },
            {
              "batter": "Shafiq Sharif",
              "bowler": "Sompal Kami",
              "non_striker": "Syed Aziz",
              "runs": {
                "batter": 1,
                "extras": 0,
                "total": 1
              }
            },
            {
              "batter": "Syed Aziz",
              "bowler": "Sompal Kami",
              "non_striker": "Shafiq Sharif",
              "runs": {
                "batter": 0,
                "extras": 0,
                "total": 0
              }
            },
            {
              "batter": "Syed Aziz",
              "bowler": "Sompal Kami",
              "non_striker": "Shafiq Sharif",
              "runs": {
                "batter": 1,
                "extras": 0,
                "total": 1
              }
            },
            {
              "batter": "Shafiq Sharif",
              "bowler": "Sompal Kami",
              "non_striker": "Syed Aziz",
              "runs": {
                "batter": 0,
                "extras": 0,
                "total": 0
              }
            }
          ]
        },
        {
          "over": 3,
          "deliveries": [
            {
              "batter": "Syed Aziz",
              "bowler": "Karan KC",
              "non_striker": "Shafiq Sharif",
              "runs": {
                "batter": 0,
                "extras": 0,
                "total": 0
              }
            },
            {
              "batter": "Syed Aziz",
              "bowler": "Karan KC",
              "non_striker": "Shafiq Sharif",
              "runs": {
                "batter": 0,
                "extras": 0,
                "total": 0
              }
            },
            {
              "batter": "Syed Aziz",
              "bowler": "Karan KC",
              "non_striker": "Shafiq Sharif",
              "runs": {
                "batter": 1,
                "extras": 0,
                "total": 1
              }
            },
            {
              "batter": "Shafiq Sharif",
              "bowler": "Karan KC",
              "non_striker": "Syed Aziz",
              "runs": {
                "batter": 4,
                "extras": 0,
                "total": 4
              }
            },
            {
              "batter": "Shafiq Sharif",
              "bowler": "Karan KC",
              "non_striker": "Syed Aziz",
              "runs": {
                "batter": 2,
                "extras": 0,
                "total": 2
              }
            },
            {
              "batter": "Shafiq Sharif",
              "bowler": "Karan KC",
              "non_striker": "Syed Aziz",
              "runs": {
                "batter": 0,
                "extras": 0,
                "total": 0
              }
            }
          ]
        },
        {
          "over": 4,
          "deliveries": [
            {
              "batter": "Syed Aziz",
              "bowler": "S Lamichhane",
              "non_striker": "Shafiq Sharif",
              "runs": {
                "batter": 0,
                "extras": 0,
                "total": 0
              }
            },
            {
              "batter": "Syed Aziz",
              "bowler": "S Lamichhane",
              "non_striker": "Shafiq Sharif",
              "runs": {
                "batter": 1,
                "extras": 0,
                "total": 1
              }
            },
            {
              "batter": "Shafiq Sharif",
              "bowler": "S Lamichhane",
              "non_striker": "Syed Aziz",
              "runs": {
                "batter": 1,
                "extras": 0,
                "total": 1
              }
            },
            {
              "batter": "Syed Aziz",
              "bowler": "S Lamichhane",
              "non_striker": "Shafiq Sharif",
              "runs": {
                "batter": 4,
                "extras": 0,
                "total": 4
              }
            },
            {
              "batter": "Syed Aziz",
              "bowler": "S Lamichhane",
              "non_striker": "Shafiq Sharif",
              "runs": {
                "batter": 0,
                "extras": 0,
                "total": 0
              },
              "wickets": [
                {
                  "player_out": "Syed Aziz",
                  "fielders": [
                    {
                      "name": "B Bhandari"
                    }
                  ],
                  "kind": "caught"
                }
              ]
            },
            {
              "batter": "Suhan Alagaratnam",
              "bowler": "S Lamichhane",
              "non_striker": "Shafiq Sharif",
              "runs": {
                "batter": 1,
                "extras": 0,
                "total": 1
              }
            }
          ]
        },
        {
          "over": 5,
          "deliveries": [
            {
              "batter": "Suhan Alagaratnam",
              "bowler": "LN Rajbanshi",
              "non_striker": "Shafiq Sharif",
              "runs": {
                "batter": 0,
                "extras": 0,
                "total": 0
              }
            },
            {
              "batter": "Suhan Alagaratnam",
              "bowler": "LN Rajbanshi",
              "non_striker": "Shafiq Sharif",
              "runs": {
                "batter": 4,
                "extras": 0,
                "total": 4
              }
            },
            {
              "batter": "Suhan Alagaratnam",
              "bowler": "LN Rajbanshi",
              "non_striker": "Shafiq Sharif",
              "runs": {
                "batter": 0,
                "extras": 0,
                "total": 0
              }
            },
            {
              "batter": "Suhan Alagaratnam",
              "bowler": "LN Rajbanshi",
              "non_striker": "Shafiq Sharif",
              "runs": {
                "batter": 0,
                "extras": 0,
                "total": 0
              }
            },
            {
              "batter": "Suhan Alagaratnam",
              "bowler": "LN Rajbanshi",
              "non_striker": "Shafiq Sharif",
              "runs": {
                "batter": 0,
                "extras": 0,
                "total": 0
              }
            },
            {
              "batter": "Suhan Alagaratnam",
              "bowler": "LN Rajbanshi",
              "non_striker": "Shafiq Sharif",
              "runs": {
                "batter": 0,
                "extras": 0,
                "total": 0
              }
            }
          ]
        },
        {
          "over": 6,
          "deliveries": [
            {
              "batter": "Shafiq Sharif",
              "bowler": "S Lamichhane",
              "non_striker": "Suhan Alagaratnam",
              "runs": {
                "batter": 0,
                "extras": 0,
                "total": 0
              }
            },
            {
              "batter": "Shafiq Sharif",
              "bowler": "S Lamichhane",
              "non_striker": "Suhan Alagaratnam",
              "runs": {
                "batter": 1,
                "extras": 0,
                "total": 1
              }
            },
            {
              "batter": "Suhan Alagaratnam",
              "bowler": "S Lamichhane",
              "non_striker": "Shafiq Sharif",
              "runs": {
                "batter": 0,
                "extras": 0,
                "total": 0
              }
            },
            {
              "batter": "Suhan Alagaratnam",
              "bowler": "S Lamichhane",
              "non_striker": "Shafiq Sharif",
              "runs": {
                "batter": 0,
                "extras": 0,
                "total": 0
              },
              "wickets": [
                {
                  "player_out": "Suhan Alagaratnam",
                  "kind": "bowled"
                }
              ]
            },
            {
              "batter": "Ahmed Faiz",
              "bowler": "S Lamichhane",
              "non_striker": "Shafiq Sharif",
              "runs": {
                "batter": 2,
                "extras": 0,
                "total": 2
              }
            },
            {
              "batter": "Ahmed Faiz",
              "bowler": "S Lamichhane",
              "non_striker": "Shafiq Sharif",
              "runs": {
                "batter": 0,
                "extras": 0,
                "total": 0
              }
            }
          ]
        },
        {
          "over": 7,
          "deliveries": [
            {
              "batter": "Shafiq Sharif",
              "bowler": "LN Rajbanshi",
              "non_striker": "Ahmed Faiz",
              "runs": {
                "batter": 0,
                "extras": 0,
                "total": 0
              }
            },
            {
              "batter": "Shafiq Sharif",
              "bowler": "LN Rajbanshi",
              "non_striker": "Ahmed Faiz",
              "runs": {
                "batter": 0,
                "extras": 0,
                "total": 0
              }
            },
            {
              "batter": "Shafiq Sharif",
              "bowler": "LN Rajbanshi",
              "non_striker": "Ahmed Faiz",
              "runs": {
                "batter": 4,
                "extras": 0,
                "total": 4
              }
            },
            {
              "batter": "Shafiq Sharif",
              "bowler": "LN Rajbanshi",
              "non_striker": "Ahmed Faiz",
              "runs": {
                "batter": 1,
                "extras": 0,
                "total": 1
              }
            },
            {
              "batter": "Ahmed Faiz",
              "bowler": "LN Rajbanshi",
              "non_striker": "Shafiq Sharif",
              "runs": {
                "batter": 1,
                "extras": 0,
                "total": 1
              }
            },
            {
              "batter": "Shafiq Sharif",
              "bowler": "LN Rajbanshi",
              "non_striker": "Ahmed Faiz",
              "runs": {
                "batter": 0,
                "extras": 0,
                "total": 0
              }
            }
          ]
        },
        {
          "over": 8,
          "deliveries": [
            {
              "batter": "Ahmed Faiz",
              "bowler": "DS Airee",
              "non_striker": "Shafiq Sharif",
              "runs": {
                "batter": 1,
                "extras": 0,
                "total": 1
              }
            },
            {
              "batter": "Shafiq Sharif",
              "bowler": "DS Airee",
              "non_striker": "Ahmed Faiz",
              "runs": {
                "batter": 4,
                "extras": 0,
                "total": 4
              }
            },
            {
              "batter": "Shafiq Sharif",
              "bowler": "DS Airee",
              "non_striker": "Ahmed Faiz",
              "runs": {
                "batter": 4,
                "extras": 0,
                "total": 4
              }
            },
            {
              "batter": "Shafiq Sharif",
              "bowler": "DS Airee",
              "non_striker": "Ahmed Faiz",
              "runs": {
                "batter": 0,
                "extras": 0,
                "total": 0
              }
            },
            {
              "batter": "Shafiq Sharif",
              "bowler": "DS Airee",
              "non_striker": "Ahmed Faiz",
              "runs": {
                "batter": 0,
                "extras": 0,
                "total": 0
              }
            },
            {
              "batter": "Shafiq Sharif",
              "bowler": "DS Airee",
              "non_striker": "Ahmed Faiz",
              "runs": {
                "batter": 1,
                "extras": 0,
                "total": 1
              }
            }
          ]
        },
        {
          "over": 9,
          "deliveries": [
            {
              "batter": "Shafiq Sharif",
              "bowler": "LN Rajbanshi",
              "non_striker": "Ahmed Faiz",
              "runs": {
                "batter": 1,
                "extras": 0,
                "total": 1
              }
            },
            {
              "batter": "Ahmed Faiz",
              "bowler": "LN Rajbanshi",
              "non_striker": "Shafiq Sharif",
              "runs": {
                "batter": 0,
                "extras": 0,
                "total": 0
              }
            },
            {
              "batter": "Ahmed Faiz",
              "bowler": "LN Rajbanshi",
              "non_striker": "Shafiq Sharif",
              "runs": {
                "batter": 1,
                "extras": 0,
                "total": 1
              }
            },
            {
              "batter": "Shafiq Sharif",
              "bowler": "LN Rajbanshi",
              "non_striker": "Ahmed Faiz",
              "runs": {
                "batter": 0,
                "extras": 0,
                "total": 0
              }
            },
            {
              "batter": "Shafiq Sharif",
              "bowler": "LN Rajbanshi",
              "non_striker": "Ahmed Faiz",
              "runs": {
                "batter": 6,
                "extras": 0,
                "total": 6
              }
            },
            {
              "batter": "Shafiq Sharif",
              "bowler": "LN Rajbanshi",
              "non_striker": "Ahmed Faiz",
              "runs": {
                "batter": 0,
                "extras": 0,
                "total": 0
              }
            }
          ]
        },
        {
          "over": 10,
          "deliveries": [
            {
              "batter": "Ahmed Faiz",
              "bowler": "P Khadka",
              "non_striker": "Shafiq Sharif",
              "runs": {
                "batter": 1,
                "extras": 0,
                "total": 1
              }
            },
            {
              "batter": "Shafiq Sharif",
              "bowler": "P Khadka",
              "non_striker": "Ahmed Faiz",
              "runs": {
                "batter": 6,
                "extras": 0,
                "total": 6
              }
            },
            {
              "batter": "Shafiq Sharif",
              "bowler": "P Khadka",
              "non_striker": "Ahmed Faiz",
              "runs": {
                "batter": 1,
                "extras": 0,
                "total": 1
              }
            },
            {
              "batter": "Ahmed Faiz",
              "bowler": "P Khadka",
              "non_striker": "Shafiq Sharif",
              "runs": {
                "batter": 1,
                "extras": 0,
                "total": 1
              }
            },
            {
              "batter": "Shafiq Sharif",
              "bowler": "P Khadka",
              "non_striker": "Ahmed Faiz",
              "runs": {
                "batter": 0,
                "extras": 0,
                "total": 0
              }
            },
            {
              "batter": "Shafiq Sharif",
              "bowler": "P Khadka",
              "extras": {
                "byes": 4
              },
              "non_striker": "Ahmed Faiz",
              "runs": {
                "batter": 0,
                "extras": 4,
                "total": 4
              }
            }
          ]
        },
        {
          "over": 11,
          "deliveries": [
            {
              "batter": "Ahmed Faiz",
              "bowler": "Sompal Kami",
              "non_striker": "Shafiq Sharif",
              "runs": {
                "batter": 0,
                "extras": 0,
                "total": 0
              },
              "wickets": [
                {
                  "player_out": "Ahmed Faiz",
                  "kind": "bowled"
                }
              ]
            },
            {
              "batter": "M Syahadat Ramli",
              "bowler": "Sompal Kami",
              "non_striker": "Shafiq Sharif",
              "runs": {
                "batter": 0,
                "extras": 0,
                "total": 0
              },
              "wickets": [
                {
                  "player_out": "M Syahadat Ramli",
                  "kind": "bowled"
                }
              ]
            },
            {
              "batter": "Anwar Arudin",
              "bowler": "Sompal Kami",
              "non_striker": "Shafiq Sharif",
              "runs": {
                "batter": 1,
                "extras": 0,
                "total": 1
              }
            },
            {
              "batter": "Shafiq Sharif",
              "bowler": "Sompal Kami",
              "extras": {
                "wides": 2
              },
              "non_striker": "Anwar Arudin",
              "runs": {
                "batter": 0,
                "extras": 2,
                "total": 2
              }
            },
            {
              "batter": "Anwar Arudin",
              "bowler": "Sompal Kami",
              "non_striker": "Shafiq Sharif",
              "runs": {
                "batter": 0,
                "extras": 0,
                "total": 0
              }
            },
            {
              "batter": "Anwar Arudin",
              "bowler": "Sompal Kami",
              "non_striker": "Shafiq Sharif",
              "runs": {
                "batter": 0,
                "extras": 0,
                "total": 0
              }
            },
            {
              "batter": "Anwar Arudin",
              "bowler": "Sompal Kami",
              "non_striker": "Shafiq Sharif",
              "runs": {
                "batter": 0,
                "extras": 0,
                "total": 0
              }
            }
          ]
        },
        {
          "over": 12,
          "deliveries": [
            {
              "batter": "Shafiq Sharif",
              "bowler": "S Lamichhane",
              "non_striker": "Anwar Arudin",
              "runs": {
                "batter": 0,
                "extras": 0,
                "total": 0
              }
            },
            {
              "batter": "Shafiq Sharif",
              "bowler": "S Lamichhane",
              "non_striker": "Anwar Arudin",
              "runs": {
                "batter": 4,
                "extras": 0,
                "total": 4
              }
            },
            {
              "batter": "Shafiq Sharif",
              "bowler": "S Lamichhane",
              "non_striker": "Anwar Arudin",
              "runs": {
                "batter": 0,
                "extras": 0,
                "total": 0
              },
              "wickets": [
                {
                  "player_out": "Shafiq Sharif",
                  "fielders": [
                    {
                      "name": "Sompal Kami"
                    }
                  ],
                  "kind": "caught"
                }
              ]
            },
            {
              "batter": "Virandeep Singh",
              "bowler": "S Lamichhane",
              "non_striker": "Anwar Arudin",
              "runs": {
                "batter": 0,
                "extras": 0,
                "total": 0
              },
              "wickets": [
                {
                  "player_out": "Virandeep Singh",
                  "fielders": [
                    {
                      "name": "B Bhandari"
                    }
                  ],
                  "kind": "caught"
                }
              ]
            },
            {
              "batter": "S Muniandy",
              "bowler": "S Lamichhane",
              "non_striker": "Anwar Arudin",
              "runs": {
                "batter": 4,
                "extras": 0,
                "total": 4
              }
            },
            {
              "batter": "S Muniandy",
              "bowler": "S Lamichhane",
              "non_striker": "Anwar Arudin",
              "runs": {
                "batter": 0,
                "extras": 0,
                "total": 0
              }
            }
          ]
        },
        {
          "over": 13,
          "deliveries": [
            {
              "batter": "Anwar Arudin",
              "bowler": "P Khadka",
              "non_striker": "S Muniandy",
              "runs": {
                "batter": 0,
                "extras": 0,
                "total": 0
              },
              "wickets": [
                {
                  "player_out": "S Muniandy",
                  "kind": "run out"
                }
              ]
            },
            {
              "batter": "Anwar Arudin",
              "bowler": "P Khadka",
              "non_striker": "Syazrul Idrus",
              "runs": {
                "batter": 0,
                "extras": 0,
                "total": 0
              }
            },
            {
              "batter": "Anwar Arudin",
              "bowler": "P Khadka",
              "non_striker": "Syazrul Idrus",
              "runs": {
                "batter": 0,
                "extras": 0,
                "total": 0
              }
            },
            {
              "batter": "Anwar Arudin",
              "bowler": "P Khadka",
              "non_striker": "Syazrul Idrus",
              "runs": {
                "batter": 0,
                "extras": 0,
                "total": 0
              }
            },
            {
              "batter": "Anwar Arudin",
              "bowler": "P Khadka",
              "non_striker": "Syazrul Idrus",
              "runs": {
                "batter": 0,
                "extras": 0,
                "total": 0
              }
            },
            {
              "batter": "Anwar Arudin",
              "bowler": "P Khadka",
              "non_striker": "Syazrul Idrus",
              "runs": {
                "batter": 0,
                "extras": 0,
                "total": 0
              }
            }
          ]
        },
        {
          "over": 14,
          "deliveries": [
            {
              "batter": "Syazrul Idrus",
              "bowler": "S Lamichhane",
              "non_striker": "Anwar Arudin",
              "runs": {
                "batter": 0,
                "extras": 0,
                "total": 0
              }
            },
            {
              "batter": "Syazrul Idrus",
              "bowler": "S Lamichhane",
              "non_striker": "Anwar Arudin",
              "runs": {
                "batter": 0,
                "extras": 0,
                "total": 0
              },
              "wickets": [
                {
                  "player_out": "Syazrul Idrus",
                  "fielders": [
                    {
                      "name": "B Bhandari"
                    }
                  ],
                  "kind": "caught"
                }
              ]
            },
            {
              "batter": "Anwar Rahman",
              "bowler": "S Lamichhane",
              "non_striker": "Anwar Arudin",
              "runs": {
                "batter": 0,
                "extras": 0,
                "total": 0
              }
            },
            {
              "batter": "Anwar Rahman",
              "bowler": "S Lamichhane",
              "non_striker": "Anwar Arudin",
              "runs": {
                "batter": 1,
                "extras": 0,
                "total": 1
              }
            },
            {
              "batter": "Anwar Arudin",
              "bowler": "S Lamichhane",
              "non_striker": "Anwar Rahman",
              "runs": {
                "batter": 0,
                "extras": 0,
                "total": 0
              }
            },
            {
              "batter": "Anwar Arudin",
              "bowler": "S Lamichhane",
              "non_striker": "Anwar Rahman",
              "runs": {
                "batter": 1,
                "extras": 0,
                "total": 1
              }
            }
          ]
        },
        {
          "over": 15,
          "deliveries": [
            {
              "batter": "Anwar Arudin",
              "bowler": "P Khadka",
              "non_striker": "Anwar Rahman",
              "runs": {
                "batter": 0,
                "extras": 0,
                "total": 0
              }
            },
            {
              "batter": "Anwar Arudin",
              "bowler": "P Khadka",
              "non_striker": "Anwar Rahman",
              "runs": {
                "batter": 0,
                "extras": 0,
                "total": 0
              }
            },
            {
              "batter": "Anwar Arudin",
              "bowler": "P Khadka",
              "non_striker": "Anwar Rahman",
              "runs": {
                "batter": 1,
                "extras": 0,
                "total": 1
              }
            },
            {
              "batter": "Anwar Rahman",
              "bowler": "P Khadka",
              "non_striker": "Anwar Arudin",
              "runs": {
                "batter": 0,
                "extras": 0,
                "total": 0
              }
            },
            {
              "batter": "Anwar Rahman",
              "bowler": "P Khadka",
              "non_striker": "Anwar Arudin",
              "runs": {
                "batter": 0,
                "extras": 0,
                "total": 0
              }
            },
            {
              "batter": "Anwar Rahman",
              "bowler": "P Khadka",
              "non_striker": "Anwar Arudin",
              "runs": {
                "batter": 0,
                "extras": 0,
                "total": 0
              }
            }
          ]
        },
        {
          "over": 16,
          "deliveries": [
            {
              "batter": "Anwar Arudin",
              "bowler": "DS Airee",
              "non_striker": "Anwar Rahman",
              "runs": {
                "batter": 0,
                "extras": 0,
                "total": 0
              }
            },
            {
              "batter": "Anwar Arudin",
              "bowler": "DS Airee",
              "non_striker": "Anwar Rahman",
              "runs": {
                "batter": 1,
                "extras": 0,
                "total": 1
              }
            },
            {
              "batter": "Anwar Rahman",
              "bowler": "DS Airee",
              "non_striker": "Anwar Arudin",
              "runs": {
                "batter": 0,
                "extras": 0,
                "total": 0
              }
            },
            {
              "batter": "Anwar Rahman",
              "bowler": "DS Airee",
              "non_striker": "Anwar Arudin",
              "runs": {
                "batter": 1,
                "extras": 0,
                "total": 1
              }
            },
            {
              "batter": "Anwar Arudin",
              "bowler": "DS Airee",
              "non_striker": "Anwar Rahman",
              "runs": {
                "batter": 0,
                "extras": 0,
                "total": 0
              }
            },
            {
              "batter": "Anwar Arudin",
              "bowler": "DS Airee",
              "extras": {
                "legbyes": 1
              },
              "non_striker": "Anwar Rahman",
              "runs": {
                "batter": 0,
                "extras": 1,
                "total": 1
              }
            }
          ]
        },
        {
          "over": 17,
          "deliveries": [
            {
              "batter": "Anwar Arudin",
              "bowler": "P Khadka",
              "non_striker": "Anwar Rahman",
              "runs": {
                "batter": 1,
                "extras": 0,
                "total": 1
              }
            },
            {
              "batter": "Anwar Rahman",
              "bowler": "P Khadka",
              "non_striker": "Anwar Arudin",
              "runs": {
                "batter": 1,
                "extras": 0,
                "total": 1
              }
            },
            {
              "batter": "Anwar Arudin",
              "bowler": "P Khadka",
              "non_striker": "Anwar Rahman",
              "runs": {
                "batter": 0,
                "extras": 0,
                "total": 0
              },
              "wickets": [
                {
                  "player_out": "Anwar Arudin",
                  "kind": "lbw"
                }
              ]
            },
            {
              "batter": "Pavandeep Singh",
              "bowler": "P Khadka",
              "non_striker": "Anwar Rahman",
              "runs": {
                "batter": 0,
                "extras": 0,
                "total": 0
              }
            },
            {
              "batter": "Pavandeep Singh",
              "bowler": "P Khadka",
              "non_striker": "Anwar Rahman",
              "runs": {
                "batter": 1,
                "extras": 0,
                "total": 1
              }
            },
            {
              "batter": "Anwar Rahman",
              "bowler": "P Khadka",
              "non_striker": "Pavandeep Singh",
              "runs": {
                "batter": 1,
                "extras": 0,
                "total": 1
              }
            }
          ]
        },
        {
          "over": 18,
          "deliveries": [
            {
              "batter": "Anwar Rahman",
              "bowler": "LN Rajbanshi",
              "non_striker": "Pavandeep Singh",
              "runs": {
                "batter": 0,
                "extras": 0,
                "total": 0
              }
            },
            {
              "batter": "Anwar Rahman",
              "bowler": "LN Rajbanshi",
              "non_striker": "Pavandeep Singh",
              "runs": {
                "batter": 1,
                "extras": 0,
                "total": 1
              }
            },
            {
              "batter": "Pavandeep Singh",
              "bowler": "LN Rajbanshi",
              "non_striker": "Anwar Rahman",
              "runs": {
                "batter": 0,
                "extras": 0,
                "total": 0
              }
            },
            {
              "batter": "Pavandeep Singh",
              "bowler": "LN Rajbanshi",
              "non_striker": "Anwar Rahman",
              "runs": {
                "batter": 0,
                "extras": 0,
                "total": 0
              }
            },
            {
              "batter": "Pavandeep Singh",
              "bowler": "LN Rajbanshi",
              "non_striker": "Anwar Rahman",
              "runs": {
                "batter": 0,
                "extras": 0,
                "total": 0
              }
            },
            {
              "batter": "Pavandeep Singh",
              "bowler": "LN Rajbanshi",
              "non_striker": "Anwar Rahman",
              "runs": {
                "batter": 1,
                "extras": 0,
                "total": 1
              }
            }
          ]
        },
        {
          "over": 19,
          "deliveries": [
            {
              "batter": "Pavandeep Singh",
              "bowler": "Sompal Kami",
              "non_striker": "Anwar Rahman",
              "runs": {
                "batter": 1,
                "extras": 0,
                "total": 1
              }
            },
            {
              "batter": "Anwar Rahman",
              "bowler": "Sompal Kami",
              "non_striker": "Pavandeep Singh",
              "runs": {
                "batter": 1,
                "extras": 0,
                "total": 1
              }
            },
            {
              "batter": "Pavandeep Singh",
              "bowler": "Sompal Kami",
              "non_striker": "Anwar Rahman",
              "runs": {
                "batter": 0,
                "extras": 0,
                "total": 0
              },
              "wickets": [
                {
                  "player_out": "Pavandeep Singh",
                  "kind": "bowled"
                }
              ]
            }
          ]
        }
      ],
      "powerplays": [
        {
          "from": 0.1,
          "to": 5.6,
          "type": "mandatory"
        }
      ]
    },
    {
      "team": "Nepal",
      "overs": [
        {
          "over": 0,
          "deliveries": [
            {
              "batter": "AK Sah",
              "bowler": "Syazrul Idrus",
              "non_striker": "B Bhandari",
              "runs": {
                "batter": 0,
                "extras": 0,
                "total": 0
              }
            },
            {
              "batter": "AK Sah",
              "bowler": "Syazrul Idrus",
              "non_striker": "B Bhandari",
              "runs": {
                "batter": 0,
                "extras": 0,
                "total": 0
              }
            },
            {
              "batter": "AK Sah",
              "bowler": "Syazrul Idrus",
              "non_striker": "B Bhandari",
              "runs": {
                "batter": 0,
                "extras": 0,
                "total": 0
              }
            },
            {
              "batter": "AK Sah",
              "bowler": "Syazrul Idrus",
              "non_striker": "B Bhandari",
              "runs": {
                "batter": 1,
                "extras": 0,
                "total": 1
              }
            },
            {
              "batter": "B Bhandari",
              "bowler": "Syazrul Idrus",
              "non_striker": "AK Sah",
              "runs": {
                "batter": 0,
                "extras": 0,
                "total": 0
              }
            },
            {
              "batter": "B Bhandari",
              "bowler": "Syazrul Idrus",
              "non_striker": "AK Sah",
              "runs": {
                "batter": 0,
                "extras": 0,
                "total": 0
              }
            }
          ]
        },
        {
          "over": 1,
          "deliveries": [
            {
              "batter": "AK Sah",
              "bowler": "Syed Aziz",
              "extras": {
                "wides": 1
              },
              "non_striker": "B Bhandari",
              "runs": {
                "batter": 0,
                "extras": 1,
                "total": 1
              }
            },
            {
              "batter": "AK Sah",
              "bowler": "Syed Aziz",
              "non_striker": "B Bhandari",
              "runs": {
                "batter": 0,
                "extras": 0,
                "total": 0
              }
            },
            {
              "batter": "AK Sah",
              "bowler": "Syed Aziz",
              "non_striker": "B Bhandari",
              "runs": {
                "batter": 0,
                "extras": 0,
                "total": 0
              },
              "wickets": [
                {
                  "player_out": "AK Sah",
                  "fielders": [
                    {
                      "name": "Shafiq Sharif"
                    }
                  ],
                  "kind": "caught"
                }
              ]
            },
            {
              "batter": "P Khadka",
              "bowler": "Syed Aziz",
              "non_striker": "B Bhandari",
              "runs": {
                "batter": 0,
                "extras": 0,
                "total": 0
              }
            },
            {
              "batter": "P Khadka",
              "bowler": "Syed Aziz",
              "non_striker": "B Bhandari",
              "runs": {
                "batter": 0,
                "extras": 0,
                "total": 0
              }
            },
            {
              "batter": "P Khadka",
              "bowler": "Syed Aziz",
              "extras": {
                "wides": 1
              },
              "non_striker": "B Bhandari",
              "runs": {
                "batter": 0,
                "extras": 1,
                "total": 1
              }
            },
            {
              "batter": "P Khadka",
              "bowler": "Syed Aziz",
              "non_striker": "B Bhandari",
              "runs": {
                "batter": 1,
                "extras": 0,
                "total": 1
              }
            },
            {
              "batter": "B Bhandari",
              "bowler": "Syed Aziz",
              "non_striker": "P Khadka",
              "runs": {
                "batter": 0,
                "extras": 0,
                "total": 0
              }
            }
          ]
        },
        {
          "over": 2,
          "deliveries": [
            {
              "batter": "P Khadka",
              "bowler": "Syazrul Idrus",
              "non_striker": "B Bhandari",
              "runs": {
                "batter": 0,
                "extras": 0,
                "total": 0
              }
            },
            {
              "batter": "P Khadka",
              "bowler": "Syazrul Idrus",
              "non_striker": "B Bhandari",
              "runs": {
                "batter": 1,
                "extras": 0,
                "total": 1
              }
            },
            {
              "batter": "B Bhandari",
              "bowler": "Syazrul Idrus",
              "non_striker": "P Khadka",
              "runs": {
                "batter": 1,
                "extras": 0,
                "total": 1
              }
            },
            {
              "batter": "P Khadka",
              "bowler": "Syazrul Idrus",
              "non_striker": "B Bhandari",
              "runs": {
                "batter": 0,
                "extras": 0,
                "total": 0
              }
            },
            {
              "batter": "P Khadka",
              "bowler": "Syazrul Idrus",
              "non_striker": "B Bhandari",
              "runs": {
                "batter": 0,
                "extras": 0,
                "total": 0
              }
            },
            {
              "batter": "P Khadka",
              "bowler": "Syazrul Idrus",
              "non_striker": "B Bhandari",
              "runs": {
                "batter": 1,
                "extras": 0,
                "total": 1
              }
            }
          ]
        },
        {
          "over": 3,
          "deliveries": [
            {
              "batter": "P Khadka",
              "bowler": "Syed Aziz",
              "non_striker": "B Bhandari",
              "runs": {
                "batter": 0,
                "extras": 0,
                "total": 0
              }
            },
            {
              "batter": "P Khadka",
              "bowler": "Syed Aziz",
              "non_striker": "B Bhandari",
              "runs": {
                "batter": 1,
                "extras": 0,
                "total": 1
              }
            },
            {
              "batter": "B Bhandari",
              "bowler": "Syed Aziz",
              "non_striker": "P Khadka",
              "runs": {
                "batter": 4,
                "extras": 0,
                "total": 4
              }
            },
            {
              "batter": "B Bhandari",
              "bowler": "Syed Aziz",
              "extras": {
                "wides": 1
              },
              "non_striker": "P Khadka",
              "runs": {
                "batter": 0,
                "extras": 1,
                "total": 1
              }
            },
            {
              "batter": "B Bhandari",
              "bowler": "Syed Aziz",
              "non_striker": "P Khadka",
              "runs": {
                "batter": 0,
                "extras": 0,
                "total": 0
              }
            },
            {
              "batter": "B Bhandari",
              "bowler": "Syed Aziz",
              "extras": {
                "noballs": 1
              },
              "non_striker": "P Khadka",
              "runs": {
                "batter": 4,
                "extras": 1,
                "total": 5
              }
            },
            {
              "batter": "B Bhandari",
              "bowler": "Syed Aziz",
              "non_striker": "P Khadka",
              "runs": {
                "batter": 0,
                "extras": 0,
                "total": 0
              }
            },
            {
              "batter": "B Bhandari",
              "bowler": "Syed Aziz",
              "non_striker": "P Khadka",
              "runs": {
                "batter": 1,
                "extras": 0,
                "total": 1
              }
            }
          ]
        },
        {
          "over": 4,
          "deliveries": [
            {
              "batter": "B Bhandari",
              "bowler": "Syazrul Idrus",
              "non_striker": "P Khadka",
              "runs": {
                "batter": 1,
                "extras": 0,
                "total": 1
              }
            },
            {
              "batter": "P Khadka",
              "bowler": "Syazrul Idrus",
              "non_striker": "B Bhandari",
              "runs": {
                "batter": 1,
                "extras": 0,
                "total": 1
              }
            },
            {
              "batter": "B Bhandari",
              "bowler": "Syazrul Idrus",
              "non_striker": "P Khadka",
              "runs": {
                "batter": 1,
                "extras": 0,
                "total": 1
              }
            },
            {
              "batter": "P Khadka",
              "bowler": "Syazrul Idrus",
              "non_striker": "B Bhandari",
              "runs": {
                "batter": 2,
                "extras": 0,
                "total": 2
              }
            },
            {
              "batter": "P Khadka",
              "bowler": "Syazrul Idrus",
              "non_striker": "B Bhandari",
              "runs": {
                "batter": 0,
                "extras": 0,
                "total": 0
              }
            },
            {
              "batter": "P Khadka",
              "bowler": "Syazrul Idrus",
              "non_striker": "B Bhandari",
              "runs": {
                "batter": 1,
                "extras": 0,
                "total": 1
              }
            }
          ]
        },
        {
          "over": 5,
          "deliveries": [
            {
              "batter": "P Khadka",
              "bowler": "Pavandeep Singh",
              "non_striker": "B Bhandari",
              "runs": {
                "batter": 0,
                "extras": 0,
                "total": 0
              }
            },
            {
              "batter": "P Khadka",
              "bowler": "Pavandeep Singh",
              "non_striker": "B Bhandari",
              "runs": {
                "batter": 6,
                "extras": 0,
                "total": 6
              }
            },
            {
              "batter": "P Khadka",
              "bowler": "Pavandeep Singh",
              "non_striker": "B Bhandari",
              "runs": {
                "batter": 0,
                "extras": 0,
                "total": 0
              }
            },
            {
              "batter": "P Khadka",
              "bowler": "Pavandeep Singh",
              "non_striker": "B Bhandari",
              "runs": {
                "batter": 1,
                "extras": 0,
                "total": 1
              }
            },
            {
              "batter": "B Bhandari",
              "bowler": "Pavandeep Singh",
              "non_striker": "P Khadka",
              "runs": {
                "batter": 0,
                "extras": 0,
                "total": 0
              },
              "wickets": [
                {
                  "player_out": "B Bhandari",
                  "fielders": [
                    {
                      "name": "Syed Aziz"
                    }
                  ],
                  "kind": "caught"
                }
              ]
            },
            {
              "batter": "P Khadka",
              "bowler": "Pavandeep Singh",
              "non_striker": "G Malla",
              "runs": {
                "batter": 4,
                "extras": 0,
                "total": 4
              }
            }
          ]
        },
        {
          "over": 6,
          "deliveries": [
            {
              "batter": "G Malla",
              "bowler": "S Muniandy",
              "non_striker": "P Khadka",
              "runs": {
                "batter": 1,
                "extras": 0,
                "total": 1
              }
            },
            {
              "batter": "P Khadka",
              "bowler": "S Muniandy",
              "non_striker": "G Malla",
              "runs": {
                "batter": 0,
                "extras": 0,
                "total": 0
              }
            },
            {
              "batter": "P Khadka",
              "bowler": "S Muniandy",
              "non_striker": "G Malla",
              "runs": {
                "batter": 1,
                "extras": 0,
                "total": 1
              }
            },
            {
              "batter": "G Malla",
              "bowler": "S Muniandy",
              "non_striker": "P Khadka",
              "runs": {
                "batter": 0,
                "extras": 0,
                "total": 0
              }
            },
            {
              "batter": "G Malla",
              "bowler": "S Muniandy",
              "extras": {
                "wides": 1
              },
              "non_striker": "P Khadka",
              "runs": {
                "batter": 0,
                "extras": 1,
                "total": 1
              }
            },
            {
              "batter": "G Malla",
              "bowler": "S Muniandy",
              "non_striker": "P Khadka",
              "runs": {
                "batter": 1,
                "extras": 0,
                "total": 1
              }
            },
            {
              "batter": "P Khadka",
              "bowler": "S Muniandy",
              "non_striker": "G Malla",
              "runs": {
                "batter": 1,
                "extras": 0,
                "total": 1
              }
            }
          ]
        },
        {
          "over": 7,
          "deliveries": [
            {
              "batter": "P Khadka",
              "bowler": "Pavandeep Singh",
              "non_striker": "G Malla",
              "runs": {
                "batter": 0,
                "extras": 0,
                "total": 0
              }
            },
            {
              "batter": "P Khadka",
              "bowler": "Pavandeep Singh",
              "non_striker": "G Malla",
              "runs": {
                "batter": 1,
                "extras": 0,
                "total": 1
              }
            },
            {
              "batter": "G Malla",
              "bowler": "Pavandeep Singh",
              "non_striker": "P Khadka",
              "runs": {
                "batter": 1,
                "extras": 0,
                "total": 1
              }
            },
            {
              "batter": "P Khadka",
              "bowler": "Pavandeep Singh",
              "non_striker": "G Malla",
              "runs": {
                "batter": 6,
                "extras": 0,
                "total": 6
              }
            },
            {
              "batter": "P Khadka",
              "bowler": "Pavandeep Singh",
              "non_striker": "G Malla",
              "runs": {
                "batter": 4,
                "extras": 0,
                "total": 4
              }
            },
            {
              "batter": "P Khadka",
              "bowler": "Pavandeep Singh",
              "non_striker": "G Malla",
              "runs": {
                "batter": 4,
                "extras": 0,
                "total": 4
              }
            }
          ]
        },
        {
          "over": 8,
          "deliveries": [
            {
              "batter": "G Malla",
              "bowler": "S Muniandy",
              "non_striker": "P Khadka",
              "runs": {
                "batter": 2,
                "extras": 0,
                "total": 2
              }
            },
            {
              "batter": "G Malla",
              "bowler": "S Muniandy",
              "non_striker": "P Khadka",
              "runs": {
                "batter": 4,
                "extras": 0,
                "total": 4
              }
            },
            {
              "batter": "G Malla",
              "bowler": "S Muniandy",
              "non_striker": "P Khadka",
              "runs": {
                "batter": 1,
                "extras": 0,
                "total": 1
              }
            },
            {
              "batter": "P Khadka",
              "bowler": "S Muniandy",
              "extras": {
                "wides": 1
              },
              "non_striker": "G Malla",
              "runs": {
                "batter": 0,
                "extras": 1,
                "total": 1
              }
            },
            {
              "batter": "P Khadka",
              "bowler": "S Muniandy",
              "non_striker": "G Malla",
              "runs": {
                "batter": 1,
                "extras": 0,
                "total": 1
              }
            },
            {
              "batter": "G Malla",
              "bowler": "S Muniandy",
              "non_striker": "P Khadka",
              "runs": {
                "batter": 4,
                "extras": 0,
                "total": 4
              }
            },
            {
              "batter": "G Malla",
              "bowler": "S Muniandy",
              "non_striker": "P Khadka",
              "runs": {
                "batter": 0,
                "extras": 0,
                "total": 0
              }
            }
          ]
        },
        {
          "over": 9,
          "deliveries": [
            {
              "batter": "P Khadka",
              "bowler": "Anwar Rahman",
              "non_striker": "G Malla",
              "runs": {
                "batter": 1,
                "extras": 0,
                "total": 1
              }
            },
            {
              "batter": "G Malla",
              "bowler": "Anwar Rahman",
              "non_striker": "P Khadka",
              "runs": {
                "batter": 1,
                "extras": 0,
                "total": 1
              }
            },
            {
              "batter": "P Khadka",
              "bowler": "Anwar Rahman",
              "non_striker": "G Malla",
              "runs": {
                "batter": 1,
                "extras": 0,
                "total": 1
              }
            },
            {
              "batter": "G Malla",
              "bowler": "Anwar Rahman",
              "non_striker": "P Khadka",
              "runs": {
                "batter": 1,
                "extras": 0,
                "total": 1
              }
            },
            {
              "batter": "P Khadka",
              "bowler": "Anwar Rahman",
              "non_striker": "G Malla",
              "runs": {
                "batter": 1,
                "extras": 0,
                "total": 1
              }
            },
            {
              "batter": "G Malla",
              "bowler": "Anwar Rahman",
              "non_striker": "P Khadka",
              "runs": {
                "batter": 0,
                "extras": 0,
                "total": 0
              }
            }
          ]
        },
        {
          "over": 10,
          "deliveries": [
            {
              "batter": "P Khadka",
              "bowler": "Syed Aziz",
              "non_striker": "G Malla",
              "runs": {
                "batter": 1,
                "extras": 0,
                "total": 1
              }
            },
            {
              "batter": "G Malla",
              "bowler": "Syed Aziz",
              "non_striker": "P Khadka",
              "runs": {
                "batter": 0,
                "extras": 0,
                "total": 0
              }
            },
            {
              "batter": "G Malla",
              "bowler": "Syed Aziz",
              "extras": {
                "noballs": 1
              },
              "non_striker": "P Khadka",
              "runs": {
                "batter": 0,
                "extras": 1,
                "total": 1
              }
            },
            {
              "batter": "G Malla",
              "bowler": "Syed Aziz",
              "extras": {
                "wides": 1
              },
              "non_striker": "P Khadka",
              "runs": {
                "batter": 0,
                "extras": 1,
                "total": 1
              }
            },
            {
              "batter": "G Malla",
              "bowler": "Syed Aziz",
              "non_striker": "P Khadka",
              "runs": {
                "batter": 1,
                "extras": 0,
                "total": 1
              }
            },
            {
              "batter": "P Khadka",
              "bowler": "Syed Aziz",
              "extras": {
                "noballs": 1
              },
              "non_striker": "G Malla",
              "runs": {
                "batter": 4,
                "extras": 1,
                "total": 5
              }
            },
            {
              "batter": "P Khadka",
              "bowler": "Syed Aziz",
              "non_striker": "G Malla",
              "runs": {
                "batter": 1,
                "extras": 0,
                "total": 1
              }
            },
            {
              "batter": "G Malla",
              "bowler": "Syed Aziz",
              "non_striker": "P Khadka",
              "runs": {
                "batter": 1,
                "extras": 0,
                "total": 1
              }
            },
            {
              "batter": "P Khadka",
              "bowler": "Syed Aziz",
              "non_striker": "G Malla",
              "runs": {
                "batter": 4,
                "extras": 0,
                "total": 4
              }
            }
          ]
        },
        {
          "over": 11,
          "deliveries": [
            {
              "batter": "G Malla",
              "bowler": "Anwar Rahman",
              "non_striker": "P Khadka",
              "runs": {
                "batter": 0,
                "extras": 0,
                "total": 0
              }
            },
            {
              "batter": "G Malla",
              "bowler": "Anwar Rahman",
              "non_striker": "P Khadka",
              "runs": {
                "batter": 1,
                "extras": 0,
                "total": 1
              }
            },
            {
              "batter": "P Khadka",
              "bowler": "Anwar Rahman",
              "non_striker": "G Malla",
              "runs": {
                "batter": 1,
                "extras": 0,
                "total": 1
              }
            },
            {
              "batter": "G Malla",
              "bowler": "Anwar Rahman",
              "non_striker": "P Khadka",
              "runs": {
                "batter": 0,
                "extras": 0,
                "total": 0
              }
            },
            {
              "batter": "G Malla",
              "bowler": "Anwar Rahman",
              "non_striker": "P Khadka",
              "runs": {
                "batter": 0,
                "extras": 0,
                "total": 0
              }
            },
            {
              "batter": "G Malla",
              "bowler": "Anwar Rahman",
              "non_striker": "P Khadka",
              "runs": {
                "batter": 1,
                "extras": 0,
                "total": 1
              }
            }
          ]
        },
        {
          "over": 12,
          "deliveries": [
            {
              "batter": "G Malla",
              "bowler": "Syazrul Idrus",
              "non_striker": "P Khadka",
              "runs": {
                "batter": 0,
                "extras": 0,
                "total": 0
              }
            },
            {
              "batter": "G Malla",
              "bowler": "Syazrul Idrus",
              "non_striker": "P Khadka",
              "runs": {
                "batter": 1,
                "extras": 0,
                "total": 1
              }
            },
            {
              "batter": "P Khadka",
              "bowler": "Syazrul Idrus",
              "non_striker": "G Malla",
              "runs": {
                "batter": 1,
                "extras": 0,
                "total": 1
              }
            },
            {
              "batter": "G Malla",
              "bowler": "Syazrul Idrus",
              "non_striker": "P Khadka",
              "runs": {
                "batter": 6,
                "extras": 0,
                "total": 6
              }
            }
          ]
        }
      ],
      "powerplays": [
        {
          "from": 0.1,
          "to": 5.6,
          "type": "mandatory"
        }
      ],
      "target": {
        "overs": 20,
        "runs": 101
      }
    }
  ]
}