{
  "meta": {
    "data_version": "1.0.0",
    "created": "2020-09-09",
    "revision": 1
  },
  "info": {
    "balls_per_over": 6,
    "city": "Kuala Lumpur",
    "dates": [
      "2018-10-09"
    ],
    "event": {
      "name": "ICC World Twenty20 Asia Region Qualifier B",
      "match_number": 15
    },
    "gender": "male",
    "match_type": "IT20",
    "officials": {
      "match_referees": [
        "Akhtar Ahmad"
      ],
      "reserve_umpires": [
        "IA Thomson"
      ],
      "umpires": [
        "DN Subedi",
        "Tabarak Dar"
      ]
    },
    "outcome": {
      "winner": "Malaysia",
      "by": {
        "wickets": 8
      },
      "method": "D/L"
    },
    "overs": 20,
    "player_of_match": [
      "Pavandeep Singh"
    ],
    "players": {
      "Myanmar": [
        "KK Lin Thu",
        "Khin Aye",
        "Y Naing Tun",
        "H Lin Aung",
        "H Lin Oo",
        "Paing Danu",
        "Thuya Aung",
        "YK Ko Aung",
        "Y Naing Kyaw",
        "Aung Ko Ko",
        "S Htet Wai"
      ],
      "Malaysia": [
        "Anwar Arudin",
        "Shafiq Sharif",
        "Suhan Alagaratnam",
        "S Muniandy",
        "Syed Aziz",
        "Ahmed Faiz",
        "Virandeep Singh",
        "SKG Krishnan",
        "Anwar Rahman",
        "Syazrul Idrus",
        "Pavandeep Singh"
      ]
    },
    "registry": {
      "people": {
        "Ahmed Faiz": "f6b4f746",
        "Akhtar Ahmad": "29859e71",
        "Anwar Arudin": "6d24561a",
        "Anwar Rahman": "28adcce9",
        "Aung Ko Ko": "648d060e",
        "DN Subedi": "fb0a571f",
        "H Lin Aung": "c343a8c6",
        "H Lin Oo": "2e005bfd",
        "IA Thomson": "4b594b43",
        "KK Lin Thu": "6cf75582",
        "Khin Aye": "ad2efd29",
        "Paing Danu": "1eb5affb",
        "Pavandeep Singh": "78fcc740",
        "S Htet Wai": "242f5b1f",
        "S Muniandy": "57fcfd3b",
        "SKG Krishnan": "798ce1ad",
        "Shafiq Sharif": "033ac24e",
        "Suhan Alagaratnam": "4cf59936",
        "Syazrul Idrus": "6dba59e0",
        "Syed Aziz": "6667067e",
        "Tabarak Dar": "2259c12d",
        "Thuya Aung": "2e092d2c",
        "Virandeep Singh": "415d30b6",
        "Y Naing Kyaw": "ea28e189",
        "Y Naing Tun": "97b109d2",
        "YK Ko Aung": "b0e34996"
      }
    },
    "season": "2018/19",
    "team_type": "international",
    "teams": [
      "Myanmar",
      "Malaysia"
    ],
    "toss": {
      "decision": "field",
      "winner": "Malaysia"
    },
    "venue": "Bayuemas Oval"
  },
  "innings": [
    {
      "team": "Myanmar",
      "overs": [
        {
          "over": 0,
          "deliveries": [
            {
              "batter": "KK Lin Thu",
              "bowler": "Pavandeep Singh",
              "non_striker": "Khin Aye",
              "runs": {
                "batter": 0,
                "extras": 0,
                "total": 0
              },
              "wickets": [
                {
                  "player_out": "KK Lin Thu",
                  "kind": "lbw"
                }
              ]
            },
            {
              "batter": "Y Naing Tun",
              "bowler": "Pavandeep Singh",
              "non_striker": "Khin Aye",
              "runs": {
                "batter": 0,
                "extras": 0,
                "total": 0
              }
            },
            {
              "batter": "Y Naing Tun",
              "bowler": "Pavandeep Singh",
              "non_striker": "Khin Aye",
              "runs": {
                "batter": 0,
                "extras": 0,
                "total": 0
              },
              "wickets": [
                {
                  "player_out": "Y Naing Tun",
                  "kind": "caught and bowled"
                }
              ]
            },
            {
              "batter": "H Lin Aung",
              "bowler": "Pavandeep Singh",
              "non_striker": "Khin Aye",
              "runs": {
                "batter": 0,
                "extras": 0,
                "total": 0
              }
            },
            {
              "batter": "H Lin Aung",
              "bowler": "Pavandeep Singh",
              "non_striker": "Khin Aye",
              "runs": {
                "batter": 1,
                "extras": 0,
                "total": 1
              }
            },
            {
              "batter": "Khin Aye",
              "bowler": "Pavandeep Singh",
              "non_striker": "H Lin Aung",
              "runs": {
                "batter": 0,
                "extras": 0,
                "total": 0
              }
            }
          ]
        },
        {
          "over": 1,
          "deliveries": [
            {
              "batter": "H Lin Aung",
              "bowler": "Anwar Rahman",
              "non_striker": "Khin Aye",
              "runs": {
                "batter": 0,
                "extras": 0,
                "total": 0
              }
            },
            {
              "batter": "H Lin Aung",
              "bowler": "Anwar Rahman",
              "non_striker": "Khin Aye",
              "runs": {
                "batter": 0,
                "extras": 0,
                "total": 0
              }
            },
            {
              "batter": "H Lin Aung",
              "bowler": "Anwar Rahman",
              "non_striker": "Khin Aye",
              "runs": {
                "batter": 0,
                "extras": 0,
                "total": 0
              }
            },
            {
              "batter": "H Lin Aung",
              "bowler": "Anwar Rahman",
              "non_striker": "Khin Aye",
              "runs": {
                "batter": 0,
                "extras": 0,
                "total": 0
              }
            },
            {
              "batter": "H Lin Aung",
              "bowler": "Anwar Rahman",
              "non_striker": "Khin Aye",
              "runs": {
                "batter": 0,
                "extras": 0,
                "total": 0
              }
            },
            {
              "batter": "H Lin Aung",
              "bowler": "Anwar Rahman",
              "non_striker": "Khin Aye",
              "runs": {
                "batter": 0,
                "extras": 0,
                "total": 0
              }
            }
          ]
        },
        {
          "over": 2,
          "deliveries": [
            {
              "batter": "Khin Aye",
              "bowler": "Pavandeep Singh",
              "non_striker": "H Lin Aung",
              "runs": {
                "batter": 0,
                "extras": 0,
                "total": 0
              }
            },
            {
              "batter": "Khin Aye",
              "bowler": "Pavandeep Singh",
              "non_striker": "H Lin Aung",
              "runs": {
                "batter": 0,
                "extras": 0,
                "total": 0
              }
            },
            {
              "batter": "Khin Aye",
              "bowler": "Pavandeep Singh",
              "non_striker": "H Lin Aung",
              "runs": {
                "batter": 0,
                "extras": 0,
                "total": 0
              }
            },
            {
              "batter": "Khin Aye",
              "bowler": "Pavandeep Singh",
              "non_striker": "H Lin Aung",
              "runs": {
                "batter": 0,
                "extras": 0,
                "total": 0
              }
            },
            {
              "batter": "Khin Aye",
              "bowler": "Pavandeep Singh",
              "non_striker": "H Lin Aung",
              "runs": {
                "batter": 0,
                "extras": 0,
                "total": 0
              }
            },
            {
              "batter": "Khin Aye",
              "bowler": "Pavandeep Singh",
              "non_striker": "H Lin Aung",
              "runs": {
                "batter": 0,
                "extras": 0,
                "total": 0
              }
            }
          ]
        },
        {
          "over": 3,
          "deliveries": [
            {
              "batter": "H Lin Aung",
              "bowler": "Anwar Rahman",
              "non_striker": "Khin Aye",
              "runs": {
                "batter": 0,
                "extras": 0,
                "total": 0
              }
            },
            {
              "batter": "H Lin Aung",
              "bowler": "Anwar Rahman",
              "non_striker": "Khin Aye",
              "runs": {
                "batter": 0,
                "extras": 0,
                "total": 0
              }
            },
            {
              "batter": "H Lin Aung",
              "bowler": "Anwar Rahman",
              "non_striker": "Khin Aye",
              "runs": {
                "batter": 0,
                "extras": 0,
                "total": 0
              }
            },
            {
              "batter": "H Lin Aung",
              "bowler": "Anwar Rahman",
              "non_striker": "Khin Aye",
              "runs": {
                "batter": 0,
                "extras": 0,
                "total": 0
              }
            },
            {
              "batter": "H Lin Aung",
              "bowler": "Anwar Rahman",
              "non_striker": "Khin Aye",
              "runs": {
                "batter": 0,
                "extras": 0,
                "total": 0
              }
            },
            {
              "batter": "H Lin Aung",
              "bowler": "Anwar Rahman",
              "non_striker": "Khin Aye",
              "runs": {
                "batter": 0,
                "extras": 0,
                "total": 0
              }
            }
          ]
        },
        {
          "over": 4,
          "deliveries": [
            {
              "batter": "Khin Aye",
              "bowler": "Pavandeep Singh",
              "non_striker": "H Lin Aung",
              "runs": {
                "batter": 0,
                "extras": 0,
                "total": 0
              }
            },
            {
              "batter": "Khin Aye",
              "bowler": "Pavandeep Singh",
              "non_striker": "H Lin Aung",
              "runs": {
                "batter": 0,
                "extras": 0,
                "total": 0
              }
            },
            {
              "batter": "Khin Aye",
              "bowler": "Pavandeep Singh",
              "non_striker": "H Lin Aung",
              "runs": {
                "batter": 0,
                "extras": 0,
                "total": 0
              }
            },
            {
              "batter": "Khin Aye",
              "bowler": "Pavandeep Singh",
              "non_striker": "H Lin Aung",
              "runs": {
                "batter": 0,
                "extras": 0,
                "total": 0
              },
              "wickets": [
                {
                  "player_out": "Khin Aye",
                  "fielders": [
                    {
                      "name": "Anwar Arudin"
                    }
                  ],
                  "kind": "caught"
                }
              ]
            },
            {
              "batter": "H Lin Oo",
              "bowler": "Pavandeep Singh",
              "non_striker": "H Lin Aung",
              "runs": {
                "batter": 0,
                "extras": 0,
                "total": 0
              }
            },
            {
              "batter": "H Lin Oo",
              "bowler": "Pavandeep Singh",
              "non_striker": "H Lin Aung",
              "runs": {
                "batter": 0,
                "extras": 0,
                "total": 0
              }
            }
          ]
        },
        {
          "over": 5,
          "deliveries": [
            {
              "batter": "H Lin Aung",
              "bowler": "Anwar Rahman",
              "non_striker": "H Lin Oo",
              "runs": {
                "batter": 1,
                "extras": 0,
                "total": 1
              }
            },
            {
              "batter": "H Lin Oo",
              "bowler": "Anwar Rahman",
              "non_striker": "H Lin Aung",
              "runs": {
                "batter": 1,
                "extras": 0,
                "total": 1
              }
            },
            {
              "batter": "H Lin Aung",
              "bowler": "Anwar Rahman",
              "non_striker": "H Lin Oo",
              "runs": {
                "batter": 0,
                "extras": 0,
                "total": 0
              }
            },
            {
              "batter": "H Lin Aung",
              "bowler": "Anwar Rahman",
              "non_striker": "H Lin Oo",
              "runs": {
                "batter": 0,
                "extras": 0,
                "total": 0
              },
              "wickets": [
                {
                  "player_out": "H Lin Aung",
                  "fielders": [
                    {
                      "name": "S Muniandy"
                    }
                  ],
                  "kind": "caught"
                }
              ]
            },
            {
              "batter": "Paing Danu",
              "bowler": "Anwar Rahman",
              "non_striker": "H Lin Oo",
              "runs": {
                "batter": 0,
                "extras": 0,
                "total": 0
              }
            },
            {
              "batter": "Paing Danu",
              "bowler": "Anwar Rahman",
              "non_striker": "H Lin Oo",
              "runs": {
                "batter": 0,
                "extras": 0,
                "total": 0
              }
            }
          ]
        },
        {
          "over": 6,
          "deliveries": [
            {
              "batter": "H Lin Oo",
              "bowler": "Pavandeep Singh",
              "non_striker": "Paing Danu",
              "runs": {
                "batter": 0,
                "extras": 0,
                "total": 0
              }
            },
            {
              "batter": "H Lin Oo",
              "bowler": "Pavandeep Singh",
              "extras": {
                "byes": 3
              },
              "non_striker": "Paing Danu",
              "runs": {
                "batter": 0,
                "extras": 3,
                "total": 3
              }
            },
            {
              "batter": "Paing Danu",
              "bowler": "Pavandeep Singh",
              "non_striker": "H Lin Oo",
              "runs": {
                "batter": 0,
                "extras": 0,
                "total": 0
              },
              "wickets": [
                {
                  "player_out": "Paing Danu",
                  "kind": "bowled"
                }
              ]
            },
            {
              "batter": "Thuya Aung",
              "bowler": "Pavandeep Singh",
              "non_striker": "H Lin Oo",
              "runs": {
                "batter": 0,
                "extras": 0,
                "total": 0
              }
            },
            {
              "batter": "Thuya Aung",
              "bowler": "Pavandeep Singh",
              "non_striker": "H Lin Oo",
              "runs": {
                "batter": 0,
                "extras": 0,
                "total": 0
              },
              "wickets": [
                {
                  "player_out": "Thuya Aung",
                  "kind": "bowled"
                }
              ]
            },
            {
              "batter": "YK Ko Aung",
              "bowler": "Pavandeep Singh",
              "non_striker": "H Lin Oo",
              "runs": {
                "batter": 0,
                "extras": 0,
                "total": 0
              }
            }
          ]
        },
        {
          "over": 7,
          "deliveries": [
            {
              "batter": "H Lin Oo",
              "bowler": "Anwar Rahman",
              "non_striker": "YK Ko Aung",
              "runs": {
                "batter": 0,
                "extras": 0,
                "total": 0
              }
            },
            {
              "batter": "H Lin Oo",
              "bowler": "Anwar Rahman",
              "non_striker": "YK Ko Aung",
              "runs": {
                "batter": 0,
                "extras": 0,
                "total": 0
              },
              "wickets": [
                {
                  "player_out": "H Lin Oo",
                  "kind": "run out"
                }
              ]
            },
            {
              "batter": "YK Ko Aung",
              "bowler": "Anwar Rahman",
              "non_striker": "Y Naing Kyaw",
              "runs": {
                "batter": 0,
                "extras": 0,
                "total": 0
              }
            },
            {
              "batter": "YK Ko Aung",
              "bowler": "Anwar Rahman",
              "non_striker": "Y Naing Kyaw",
              "runs": {
                "batter": 1,
                "extras": 0,
                "total": 1
              }
            },
            {
              "batter": "Y Naing Kyaw",
              "bowler": "Anwar Rahman",
              "non_striker": "YK Ko Aung",
              "runs": {
                "batter": 0,
                "extras": 0,
                "total": 0
              },
              "wickets": [
                {
                  "player_out": "Y Naing Kyaw",
                  "kind": "lbw"
                }
              ]
            },
            {
              "batter": "Aung Ko Ko",
              "bowler": "Anwar Rahman",
              "non_striker": "YK Ko Aung",
              "runs": {
                "batter": 0,
                "extras": 0,
                "total": 0
              }
            }
          ]
        },
        {
          "over": 8,
          "deliveries": [
            {
              "batter": "YK Ko Aung",
              "bowler": "SKG Krishnan",
              "non_striker": "Aung Ko Ko",
              "runs": {
                "batter": 0,
                "extras": 0,
                "total": 0
              }
            },
            {
              "batter": "YK Ko Aung",
              "bowler": "SKG Krishnan",
              "non_striker": "Aung Ko Ko",
              "runs": {
                "batter": 1,
                "extras": 0,
                "total": 1
              }
            },
            {
              "batter": "Aung Ko Ko",
              "bowler": "SKG Krishnan",
              "non_striker": "YK Ko Aung",
              "runs": {
                "batter": 0,
                "extras": 0,
                "total": 0
              }
            },
            {
              "batter": "Aung Ko Ko",
              "bowler": "SKG Krishnan",
              "non_striker": "YK Ko Aung",
              "runs": {
                "batter": 0,
                "extras": 0,
                "total": 0
              }
            },
            {
              "batter": "Aung Ko Ko",
              "bowler": "SKG Krishnan",
              "non_striker": "YK Ko Aung",
              "runs": {
                "batter": 0,
                "extras": 0,
                "total": 0
              }
            },
            {
              "batter": "Aung Ko Ko",
              "bowler": "SKG Krishnan",
              "non_striker": "YK Ko Aung",
              "runs": {
                "batter": 0,
                "extras": 0,
                "total": 0
              }
            }
          ]
        },
        {
          "over": 9,
          "deliveries": [
            {
              "batter": "YK Ko Aung",
              "bowler": "Virandeep Singh",
              "non_striker": "Aung Ko Ko",
              "runs": {
                "batter": 0,
                "extras": 0,
                "total": 0
              }
            },
            {
              "batter": "YK Ko Aung",
              "bowler": "Virandeep Singh",
              "non_striker": "Aung Ko Ko",
              "runs": {
                "batter": 0,
                "extras": 0,
                "total": 0
              }
            },
            {
              "batter": "YK Ko Aung",
              "bowler": "Virandeep Singh",
              "non_striker": "Aung Ko Ko",
              "runs": {
                "batter": 0,
                "extras": 0,
                "total": 0
              }
            },
            {
              "batter": "YK Ko Aung",
              "bowler": "Virandeep Singh",
              "non_striker": "Aung Ko Ko",
              "runs": {
                "batter": 0,
                "extras": 0,
                "total": 0
              }
            },
            {
              "batter": "YK Ko Aung",
              "bowler": "Virandeep Singh",
              "non_striker": "Aung Ko Ko",
              "runs": {
                "batter": 0,
                "extras": 0,
                "total": 0
              }
            },
            {
              "batter": "YK Ko Aung",
              "bowler": "Virandeep Singh",
              "non_striker": "Aung Ko Ko",
              "runs": {
                "batter": 1,
                "extras": 0,
                "total": 1
              }
            }
          ]
        },
        {
          "over": 10,
          "deliveries": [
            {
              "batter": "YK Ko Aung",
              "bowler": "SKG Krishnan",
              "non_striker": "Aung Ko Ko",
              "runs": {
                "batter": 0,
                "extras": 0,
                "total": 0
              }
            }
          ]
        }
      ],
      "powerplays": [
        {
          "from": 0.1,
          "to": 5.6,
          "type": "mandatory"
        }
      ]
    },
    {
      "team": "Malaysia",
      "overs": [
        {
          "over": 0,
          "deliveries": [
            {
              "batter": "Anwar Arudin",
              "bowler": "Paing Danu",
              "non_striker": "Shafiq Sharif",
              "runs": {
                "batter": 0,
                "extras": 0,
                "total": 0
              },
              "wickets": [
                {
                  "player_out": "Anwar Arudin",
                  "kind": "bowled"
                }
              ]
            },
            {
              "batter": "Suhan Alagaratnam",
              "bowler": "Paing Danu",
              "non_striker": "Shafiq Sharif",
              "runs": {
                "batter": 0,
                "extras": 0,
                "total": 0
              }
            },
            {
              "batter": "Suhan Alagaratnam",
              "bowler": "Paing Danu",
              "non_striker": "Shafiq Sharif",
              "runs": {
                "batter": 1,
                "extras": 0,
                "total": 1
              }
            },
            {
              "batter": "Shafiq Sharif",
              "bowler": "Paing Danu",
              "non_striker": "Suhan Alagaratnam",
              "runs": {
                "batter": 0,
                "extras": 0,
                "total": 0
              },
              "wickets": [
                {
                  "player_out": "Shafiq Sharif",
                  "kind": "bowled"
                }
              ]
            },
            {
              "batter": "S Muniandy",
              "bowler": "Paing Danu",
              "non_striker": "Suhan Alagaratnam",
              "runs": {
                "batter": 0,
                "extras": 0,
                "total": 0
              }
            },
            {
              "batter": "S Muniandy",
              "bowler": "Paing Danu",
              "non_striker": "Suhan Alagaratnam",
              "runs": {
                "batter": 1,
                "extras": 0,
                "total": 1
              }
            }
          ]
        },
        {
          "over": 1,
          "deliveries": [
            {
              "batter": "S Muniandy",
              "bowler": "Khin Aye",
              "non_striker": "Suhan Alagaratnam",
              "runs": {
                "batter": 2,
                "extras": 0,
                "total": 2
              }
            },
            {
              "batter": "S Muniandy",
              "bowler": "Khin Aye",
              "non_striker": "Suhan Alagaratnam",
              "runs": {
                "batter": 0,
                "extras": 0,
                "total": 0
              }
            },
            {
              "batter": "S Muniandy",
              "bowler": "Khin Aye",
              "non_striker": "Suhan Alagaratnam",
              "runs": {
                "batter": 1,
                "extras": 0,
                "total": 1
              }
            },
            {
              "batter": "Suhan Alagaratnam",
              "bowler": "Khin Aye",
              "non_striker": "S Muniandy",
              "runs": {
                "batter": 6,
                "extras": 0,
                "total": 6
              }
            }
          ]
        }
      ],
      "powerplays": [
        {
          "from": 0.1,
          "to": 1.4,
          "type": "mandatory"
        }
      ],
      "target": {
        "overs": 8,
        "runs": 6
      }
    }
  ]
}