{
  "meta": {
    "data_version": "1.0.0",
    "created": "2020-08-29",
    "revision": 1
  },
  "info": {
    "balls_per_over": 6,
    "city": "Gaborone",
    "dates": [
      "2018-11-01"
    ],
    "event": {
      "name": "ICC World Twenty20 Africa Region Qualifier C",
      "match_number": 16
    },
    "gender": "male",
    "match_type": "IT20",
    "officials": {
      "reserve_umpires": [
        "BP Jele"
      ],
      "umpires": [
        "R D'Mello",
        "Justine Muzungu"
      ]
    },
    "outcome": {
      "winner": "Malawi",
      "by": {
        "runs": 4
      }
    },
    "overs": 20,
    "player_of_match": [
      "C Tlali"
    ],
    "players": {
      "Malawi": [
        "G Kansonkho",
        "D Kansonkho",
        "Sami Sohail",
        "MIA Patel",
        "GM Ntambalika",
        "HH Patel",
        "M Abdulla",
        "RH Kanyandula",
        "F Nkhoma",
        "C Chete",
        "M Mwamadi"
      ],
      "Lesotho": [
        "C Tlali",
        "Maaz Khan",
        "S Seth",
        "Sameer Patel",
        "Sarfaraj Patel",
        "AAA Patel",
        "T Mohapi",
        "S Ramataboe",
        "C Lenyatsa",
        "TG Thamae",
        "TD Chaoana"
      ]
    },
    "registry": {
      "people": {
        "AAA Patel": "fd3c5c00",
        "BP Jele": "7bb1331e",
        "C Chete": "ef4f539a",
        "C Lenyatsa": "473f4718",
        "C Tlali": "70841eab",
        "D Kansonkho": "45ca12a7",
        "F Nkhoma": "70aac4f8",
        "G Kansonkho": "f3ca5af8",
        "GM Ntambalika": "8c8a3f08",
        "HH Patel": "e88b6660",
        "Justine Muzungu": "b90044b7",
        "M Abdulla": "792805ee",
        "M Mwamadi": "00029c30",
        "MIA Patel": "3c9ff356",
        "Maaz Khan": "6f14ddcb",
        "R D'Mello": "f3c22863",
        "RH Kanyandula": "10b9c720",
        "S Ramataboe": "ab918733",
        "S Seth": "170f4647",
        "Sameer Patel": "2bae86b6",
        "Sami Sohail": "602ebd4c",
        "Sarfaraj Patel": "f15d17c7",
        "T Mohapi": "d8083abf",
        "TD Chaoana": "16ddd36b",
        "TG Thamae": "d08fe309"
      }
    },
    "season": "2018/19",
    "team_type": "international",
    "teams": [
      "Malawi",
      "Lesotho"
    ],
    "toss": {
      "decision": "bat",
      "winner": "Malawi"
    },
    "venue": "Botswana Cricket Association Oval 2"
  },
  "innings": [
    {
      "team": "Malawi",
      "overs": [
        {
          "over": 0,
          "deliveries": [
            {
              "batter": "G Kansonkho",
              "bowler": "TD Chaoana",
              "non_striker": "D Kansonkho",
              "runs": {
                "batter": 0,
                "extras": 0,
                "total": 0
              }
            },
            {
              "batter": "G Kansonkho",
              "bowler": "TD Chaoana",
              "extras": {
                "wides": 1
              },
              "non_striker": "D Kansonkho",
              "runs": {
                "batter": 0,
                "extras": 1,
                "total": 1
              }
            },
            {
              "batter": "G Kansonkho",
              "bowler": "TD Chaoana",
              "non_striker": "D Kansonkho",
              "runs": {
                "batter": 2,
                "extras": 0,
                "total": 2
              }
            },
            {
              "batter": "G Kansonkho",
              "bowler": "TD Chaoana",
              "non_striker": "D Kansonkho",
              "runs": {
                "batter": 0,
                "extras": 0,
                "total": 0
              }
            },
            {
              "batter": "G Kansonkho",
              "bowler": "TD Chaoana",
              "non_striker": "D Kansonkho",
              "runs": {
                "batter": 0,
                "extras": 0,
                "total": 0
              }
            },
            {
              "batter": "G Kansonkho",
              "bowler": "TD Chaoana",
              "non_striker": "D Kansonkho",
              "runs": {
                "batter": 1,
                "extras": 0,
                "total": 1
              }
            },
            {
              "batter": "D Kansonkho",
              "bowler": "TD Chaoana",
              "non_striker": "G Kansonkho",
              "runs": {
                "batter": 1,
                "extras": 0,
                "total": 1
              }
            }
          ]
        },
        {
          "over": 1,
          "deliveries": [
            {
              "batter": "D Kansonkho",
              "bowler": "Sarfaraj Patel",
              "non_striker": "G Kansonkho",
              "runs": {
                "batter": 1,
                "extras": 0,
                "total": 1
              }
            },
            {
              "batter": "G Kansonkho",
              "bowler": "Sarfaraj Patel",
              "non_striker": "D Kansonkho",
              "runs": {
                "batter": 0,
                "extras": 0,
                "total": 0
              },
              "wickets": [
                {
                  "player_out": "G Kansonkho",
                  "fielders": [
                    {
                      "name": "TG Thamae"
                    }
                  ],
                  "kind": "caught"
                }
              ]
            },
            {
              "batter": "Sami Sohail",
              "bowler": "Sarfaraj Patel",
              "extras": {
                "wides": 1
              },
              "non_striker": "D Kansonkho",
              "runs": {
                "batter": 0,
                "extras": 1,
                "total": 1
              }
            },
            {
              "batter": "Sami Sohail",
              "bowler": "Sarfaraj Patel",
              "non_striker": "D Kansonkho",
              "runs": {
                "batter": 1,
                "extras": 0,
                "total": 1
              }
            },
            {
              "batter": "D Kansonkho",
              "bowler": "Sarfaraj Patel",
              "non_striker": "Sami Sohail",
              "runs": {
                "batter": 1,
                "extras": 0,
                "total": 1
              }
            },
            {
              "batter": "Sami Sohail",
              "bowler": "Sarfaraj Patel",
              "non_striker": "D Kansonkho",
              "runs": {
                "batter": 0,
                "extras": 0,
                "total": 0
              }
            },
            {
              "batter": "Sami Sohail",
              "bowler": "Sarfaraj Patel",
              "extras": {
                "wides": 1
              },
              "non_striker": "D Kansonkho",
              "runs": {
                "batter": 0,
                "extras": 1,
                "total": 1
              }
            },
            {
              "batter": "Sami Sohail",
              "bowler": "Sarfaraj Patel",
              "non_striker": "D Kansonkho",
              "runs": {
                "batter": 1,
                "extras": 0,
                "total": 1
              }
            }
          ]
        },
        {
          "over": 2,
          "deliveries": [
            {
              "batter": "Sami Sohail",
              "bowler": "TD Chaoana",
              "extras": {
                "noballs": 1
              },
              "non_striker": "D Kansonkho",
              "runs": {
                "batter": 0,
                "extras": 1,
                "total": 1
              }
            },
            {
              "batter": "Sami Sohail",
              "bowler": "TD Chaoana",
              "non_striker": "D Kansonkho",
              "runs": {
                "batter": 0,
                "extras": 0,
                "total": 0
              }
            },
            {
              "batter": "Sami Sohail",
              "bowler": "TD Chaoana",
              "non_striker": "D Kansonkho",
              "runs": {
                "batter": 0,
                "extras": 0,
                "total": 0
              }
            },
            {
              "batter": "Sami Sohail",
              "bowler": "TD Chaoana",
              "non_striker": "D Kansonkho",
              "runs": {
                "batter": 1,
                "extras": 0,
                "total": 1
              }
            },
            {
              "batter": "D Kansonkho",
              "bowler": "TD Chaoana",
              "non_striker": "Sami Sohail",
              "runs": {
                "batter": 1,
                "extras": 0,
                "total": 1
              }
            },
            {
              "batter": "Sami Sohail",
              "bowler": "TD Chaoana",
              "extras": {
                "wides": 1
              },
              "non_striker": "D Kansonkho",
              "runs": {
                "batter": 0,
                "extras": 1,
                "total": 1
              }
            },
            {
              "batter": "Sami Sohail",
              "bowler": "TD Chaoana",
              "non_striker": "D Kansonkho",
              "runs": {
                "batter": 0,
                "extras": 0,
                "total": 0
              }
            },
            {
              "batter": "Sami Sohail",
              "bowler": "TD Chaoana",
              "non_striker": "D Kansonkho",
              "runs": {
                "batter": 0,
                "extras": 0,
                "total": 0
              }
            }
          ]
        },
        {
          "over": 3,
          "deliveries": [
            {
              "batter": "D Kansonkho",
              "bowler": "Sarfaraj Patel",
              "non_striker": "Sami Sohail",
              "runs": {
                "batter": 4,
                "extras": 0,
                "total": 4
              }
            },
            {
              "batter": "D Kansonkho",
              "bowler": "Sarfaraj Patel",
              "extras": {
                "wides": 1
              },
              "non_striker": "Sami Sohail",
              "runs": {
                "batter": 0,
                "extras": 1,
                "total": 1
              }
            },
            {
              "batter": "D Kansonkho",
              "bowler": "Sarfaraj Patel",
              "non_striker": "Sami Sohail",
              "runs": {
                "batter": 0,
                "extras": 0,
                "total": 0
              }
            },
            {
              "batter": "D Kansonkho",
              "bowler": "Sarfaraj Patel",
              "non_striker": "Sami Sohail",
              "runs": {
                "batter": 0,
                "extras": 0,
                "total": 0
              }
            },
            {
              "batter": "D Kansonkho",
              "bowler": "Sarfaraj Patel",
              "non_striker": "Sami Sohail",
              "runs": {
                "batter": 0,
                "extras": 0,
                "total": 0
              },
              "wickets": [
                {
                  "player_out": "D Kansonkho",
                  "fielders": [
                    {
                      "name": "TD Chaoana"
                    }
                  ],
                  "kind": "caught"
                }
              ]
            },
            {
              "batter": "MIA Patel",
              "bowler": "Sarfaraj Patel",
              "non_striker": "Sami Sohail",
              "runs": {
                "batter": 0,
                "extras": 0,
                "total": 0
              }
            },
            {
              "batter": "MIA Patel",
              "bowler": "Sarfaraj Patel",
              "non_striker": "Sami Sohail",
              "runs": {
                "batter": 0,
                "extras": 0,
                "total": 0
              }
            }
          ]
        },
        {
          "over": 4,
          "deliveries": [
            {
              "batter": "Sami Sohail",
              "bowler": "TD Chaoana",
              "non_striker": "MIA Patel",
              "runs": {
                "batter": 0,
                "extras": 0,
                "total": 0
              }
            },
            {
              "batter": "Sami Sohail",
              "bowler": "TD Chaoana",
              "non_striker": "MIA Patel",
              "runs": {
                "batter": 4,
                "extras": 0,
                "total": 4
              }
            },
            {
              "batter": "Sami Sohail",
              "bowler": "TD Chaoana",
              "non_striker": "MIA Patel",
              "runs": {
                "batter": 0,
                "extras": 0,
                "total": 0
              }
            },
            {
              "batter": "Sami Sohail",
              "bowler": "TD Chaoana",
              "non_striker": "MIA Patel",
              "runs": {
                "batter": 4,
                "extras": 0,
                "total": 4
              }
            },
            {
              "batter": "Sami Sohail",
              "bowler": "TD Chaoana",
              "non_striker": "MIA Patel",
              "runs": {
                "batter": 0,
                "extras": 0,
                "total": 0
              }
            },
            {
              "batter": "Sami Sohail",
              "bowler": "TD Chaoana",
              "non_striker": "MIA Patel",
              "runs": {
                "batter": 0,
                "extras": 0,
                "total": 0
              }
            }
          ]
        },
        {
          "over": 5,
          "deliveries": [
            {
              "batter": "MIA Patel",
              "bowler": "C Lenyatsa",
              "non_striker": "Sami Sohail",
              "runs": {
                "batter": 0,
                "extras": 0,
                "total": 0
              }
            },
            {
              "batter": "MIA Patel",
              "bowler": "C Lenyatsa",
              "non_striker": "Sami Sohail",
              "runs": {
                "batter": 0,
                "extras": 0,
                "total": 0
              }
            },
            {
              "batter": "MIA Patel",
              "bowler": "C Lenyatsa",
              "non_striker": "Sami Sohail",
              "runs": {
                "batter": 1,
                "extras": 0,
                "total": 1
              }
            },
            {
              "batter": "Sami Sohail",
              "bowler": "C Lenyatsa",
              "non_striker": "MIA Patel",
              "runs": {
                "batter": 1,
                "extras": 0,
                "total": 1
              }
            },
            {
              "batter": "MIA Patel",
              "bowler": "C Lenyatsa",
              "non_striker": "Sami Sohail",
              "runs": {
                "batter": 1,
                "extras": 0,
                "total": 1
              }
            },
            {
              "batter": "Sami Sohail",
              "bowler": "C Lenyatsa",
              "non_striker": "MIA Patel",
              "runs": {
                "batter": 4,
                "extras": 0,
                "total": 4
              }
            }
          ]
        },
        {
          "over": 6,
          "deliveries": [
            {
              "batter": "MIA Patel",
              "bowler": "S Seth",
              "non_striker": "Sami Sohail",
              "runs": {
                "batter": 1,
                "extras": 0,
                "total": 1
              }
            },
            {
              "batter": "Sami Sohail",
              "bowler": "S Seth",
              "non_striker": "MIA Patel",
              "runs": {
                "batter": 1,
                "extras": 0,
                "total": 1
              }
            },
            {
              "batter": "MIA Patel",
              "bowler": "S Seth",
              "non_striker": "Sami Sohail",
              "runs": {
                "batter": 0,
                "extras": 0,
                "total": 0
              }
            },
            {
              "batter": "MIA Patel",
              "bowler": "S Seth",
              "non_striker": "Sami Sohail",
              "runs": {
                "batter": 4,
                "extras": 0,
                "total": 4
              }
            },
            {
              "batter": "MIA Patel",
              "bowler": "S Seth",
              "non_striker": "Sami Sohail",
              "runs": {
                "batter": 0,
                "extras": 0,
                "total": 0
              }
            },
            {
              "batter": "MIA Patel",
              "bowler": "S Seth",
              "non_striker": "Sami Sohail",
              "runs": {
                "batter": 0,
                "extras": 0,
                "total": 0
              }
            }
          ]
        },
        {
          "over": 7,
          "deliveries": [
            {
              "batter": "Sami Sohail",
              "bowler": "C Lenyatsa",
              "non_striker": "MIA Patel",
              "runs": {
                "batter": 2,
                "extras": 0,
                "total": 2
              }
            },
            {
              "batter": "Sami Sohail",
              "bowler": "C Lenyatsa",
              "non_striker": "MIA Patel",
              "runs": {
                "batter": 1,
                "extras": 0,
                "total": 1
              }
            },
            {
              "batter": "MIA Patel",
              "bowler": "C Lenyatsa",
              "non_striker": "Sami Sohail",
              "runs": {
                "batter": 0,
                "extras": 0,
                "total": 0
              }
            },
            {
              "batter": "MIA Patel",
              "bowler": "C Lenyatsa",
              "non_striker": "Sami Sohail",
              "runs": {
                "batter": 1,
                "extras": 0,
                "total": 1
              }
            },
            {
              "batter": "Sami Sohail",
              "bowler": "C Lenyatsa",
              "non_striker": "MIA Patel",
              "runs": {
                "batter": 1,
                "extras": 0,
                "total": 1
              }
            },
            {
              "batter": "MIA Patel",
              "bowler": "C Lenyatsa",
              "non_striker": "Sami Sohail",
              "runs": {
                "batter": 1,
                "extras": 0,
                "total": 1
              }
            }
          ]
        },
        {
          "over": 8,
          "deliveries": [
            {
              "batter": "MIA Patel",
              "bowler": "S Seth",
              "non_striker": "Sami Sohail",
              "runs": {
                "batter": 4,
                "extras": 0,
                "total": 4
              }
            },
            {
              "batter": "MIA Patel",
              "bowler": "S Seth",
              "non_striker": "Sami Sohail",
              "runs": {
                "batter": 1,
                "extras": 0,
                "total": 1
              }
            },
            {
              "batter": "Sami Sohail",
              "bowler": "S Seth",
              "non_striker": "MIA Patel",
              "runs": {
                "batter": 1,
                "extras": 0,
                "total": 1
              }
            },
            {
              "batter": "MIA Patel",
              "bowler": "S Seth",
              "non_striker": "Sami Sohail",
              "runs": {
                "batter": 1,
                "extras": 0,
                "total": 1
              }
            },
            {
              "batter": "Sami Sohail",
              "bowler": "S Seth",
              "non_striker": "MIA Patel",
              "runs": {
                "batter": 1,
                "extras": 0,
                "total": 1
              }
            },
            {
              "batter": "MIA Patel",
              "bowler": "S Seth",
              "non_striker": "Sami Sohail",
              "runs": {
                "batter": 0,
                "extras": 0,
                "total": 0
              }
            }
          ]
        },
        {
          "over": 9,
          "deliveries": [
            {
              "batter": "Sami Sohail",
              "bowler": "T Mohapi",
              "non_striker": "MIA Patel",
              "runs": {
                "batter": 1,
                "extras": 0,
                "total": 1
              }
            },
            {
              "batter": "MIA Patel",
              "bowler": "T Mohapi",
              "non_striker": "Sami Sohail",
              "runs": {
                "batter": 1,
                "extras": 0,
                "total": 1
              }
            },
            {
              "batter": "Sami Sohail",
              "bowler": "T Mohapi",
              "non_striker": "MIA Patel",
              "runs": {
                "batter": 1,
                "extras": 0,
                "total": 1
              }
            },
            {
              "batter": "MIA Patel",
              "bowler": "T Mohapi",
              "non_striker": "Sami Sohail",
              "runs": {
                "batter": 1,
                "extras": 0,
                "total": 1
              }
            },
            {
              "batter": "Sami Sohail",
              "bowler": "T Mohapi",
              "non_striker": "MIA Patel",
              "runs": {
                "batter": 1,
                "extras": 0,
                "total": 1
              }
            },
            {
              "batter": "MIA Patel",
              "bowler": "T Mohapi",
              "non_striker": "Sami Sohail",
              "runs": {
                "batter": 1,
                "extras": 0,
                "total": 1
              }
            }
          ]
        },
        {
          "over": 10,
          "deliveries": [
            {
              "batter": "MIA Patel",
              "bowler": "S Seth",
              "non_striker": "Sami Sohail",
              "runs": {
                "batter": 1,
                "extras": 0,
                "total": 1
              }
            },
            {
              "batter": "Sami Sohail",
              "bowler": "S Seth",
              "non_striker": "MIA Patel",
              "runs": {
                "batter": 1,
                "extras": 0,
                "total": 1
              }
            },
            {
              "batter": "MIA Patel",
              "bowler": "S Seth",
              "non_striker": "Sami Sohail",
              "runs": {
                "batter": 1,
                "extras": 0,
                "total": 1
              }
            },
            {
              "batter": "Sami Sohail",
              "bowler": "S Seth",
              "non_striker": "MIA Patel",
              "runs": {
                "batter": 1,
                "extras": 0,
                "total": 1
              }
            },
            {
              "batter": "MIA Patel",
              "bowler": "S Seth",
              "non_striker": "Sami Sohail",
              "runs": {
                "batter": 4,
                "extras": 0,
                "total": 4
              }
            },
            {
              "batter": "MIA Patel",
              "bowler": "S Seth",
              "non_striker": "Sami Sohail",
              "runs": {
                "batter": 1,
                "extras": 0,
                "total": 1
              }
            }
          ]
        },
        {
          "over": 11,
          "deliveries": [
            {
              "batter": "MIA Patel",
              "bowler": "T Mohapi",
              "non_striker": "Sami Sohail",
              "runs": {
                "batter": 0,
                "extras": 0,
                "total": 0
              },
              "wickets": [
                {
                  "player_out": "MIA Patel",
                  "fielders": [
                    {
                      "name": "TG Thamae"
                    }
                  ],
                  "kind": "stumped"
                }
              ]
            },
            {
              "batter": "GM Ntambalika",
              "bowler": "T Mohapi",
              "non_striker": "Sami Sohail",
              "runs": {
                "batter": 1,
                "extras": 0,
                "total": 1
              }
            },
            {
              "batter": "Sami Sohail",
              "bowler": "T Mohapi",
              "non_striker": "GM Ntambalika",
              "runs": {
                "batter": 4,
                "extras": 0,
                "total": 4
              }
            },
            {
              "batter": "Sami Sohail",
              "bowler": "T Mohapi",
              "non_striker": "GM Ntambalika",
              "runs": {
                "batter": 1,
                "extras": 0,
                "total": 1
              }
            },
            {
              "batter": "GM Ntambalika",
              "bowler": "T Mohapi",
              "non_striker": "Sami Sohail",
              "runs": {
                "batter": 1,
                "extras": 0,
                "total": 1
              }
            },
            {
              "batter": "Sami Sohail",
              "bowler": "T Mohapi",
              "non_striker": "GM Ntambalika",
              "runs": {
                "batter": 0,
                "extras": 0,
                "total": 0
              }
            }
          ]
        },
        {
          "over": 12,
          "deliveries": [
            {
              "batter": "GM Ntambalika",
              "bowler": "S Seth",
              "non_striker": "Sami Sohail",
              "runs": {
                "batter": 1,
                "extras": 0,
                "total": 1
              }
            },
            {
              "batter": "Sami Sohail",
              "bowler": "S Seth",
              "non_striker": "GM Ntambalika",
              "runs": {
                "batter": 2,
                "extras": 0,
                "total": 2
              }
            },
            {
              "batter": "Sami Sohail",
              "bowler": "S Seth",
              "non_striker": "GM Ntambalika",
              "runs": {
                "batter": 0,
                "extras": 0,
                "total": 0
              }
            },
            {
              "batter": "Sami Sohail",
              "bowler": "S Seth",
              "non_striker": "GM Ntambalika",
              "runs": {
                "batter": 1,
                "extras": 0,
                "total": 1
              }
            },
            {
              "batter": "GM Ntambalika",
              "bowler": "S Seth",
              "non_striker": "Sami Sohail",
              "runs": {
                "batter": 1,
                "extras": 0,
                "total": 1
              }
            },
            {
              "batter": "Sami Sohail",
              "bowler": "S Seth",
              "non_striker": "GM Ntambalika",
              "runs": {
                "batter": 0,
                "extras": 0,
                "total": 0
              }
            }
          ]
        },
        {
          "over": 13,
          "deliveries": [
            {
              "batter": "GM Ntambalika",
              "bowler": "T Mohapi",
              "non_striker": "Sami Sohail",
              "runs": {
                "batter": 0,
                "extras": 0,
                "total": 0
              },
              "wickets": [
                {
                  "player_out": "GM Ntambalika",
                  "fielders": [
                    {
                      "name": "TG Thamae"
                    }
                  ],
                  "kind": "caught"
                }
              ]
            },
            {
              "batter": "HH Patel",
              "bowler": "T Mohapi",
              "non_striker": "Sami Sohail",
              "runs": {
                "batter": 0,
                "extras": 0,
                "total": 0
              }
            },
            {
              "batter": "HH Patel",
              "bowler": "T Mohapi",
              "non_striker": "Sami Sohail",
              "runs": {
                "batter": 0,
                "extras": 0,
                "total": 0
              }
            },
            {
              "batter": "HH Patel",
              "bowler": "T Mohapi",
              "non_striker": "Sami Sohail",
              "runs": {
                "batter": 4,
                "extras": 0,
                "total": 4
              }
            },
            {
              "batter": "HH Patel",
              "bowler": "T Mohapi",
              "non_striker": "Sami Sohail",
              "runs": {
                "batter": 1,
                "extras": 0,
                "total": 1
              }
            },
            {
              "batter": "Sami Sohail",
              "bowler": "T Mohapi",
              "non_striker": "HH Patel",
              "runs": {
                "batter": 1,
                "extras": 0,
                "total": 1
              }
            }
          ]
        },
        {
          "over": 14,
          "deliveries": [
            {
              "batter": "Sami Sohail",
              "bowler": "S Ramataboe",
              "non_striker": "HH Patel",
              "runs": {
                "batter": 0,
                "extras": 0,
                "total": 0
              }
            },
            {
              "batter": "Sami Sohail",
              "bowler": "S Ramataboe",
              "non_striker": "HH Patel",
              "runs": {
                "batter": 1,
                "extras": 0,
                "total": 1
              }
            },
            {
              "batter": "HH Patel",
              "bowler": "S Ramataboe",
              "non_striker": "Sami Sohail",
              "runs": {
                "batter": 0,
                "extras": 0,
                "total": 0
              },
              "wickets": [
                {
                  "player_out": "HH Patel",
                  "kind": "bowled"
                }
              ]
            },
            {
              "batter": "M Abdulla",
              "bowler": "S Ramataboe",
              "non_striker": "Sami Sohail",
              "runs": {
                "batter": 1,
                "extras": 0,
                "total": 1
              }
            },
            {
              "batter": "Sami Sohail",
              "bowler": "S Ramataboe",
              "non_striker": "M Abdulla",
              "runs": {
                "batter": 1,
                "extras": 0,
                "total": 1
              }
            },
            {
              "batter": "M Abdulla",
              "bowler": "S Ramataboe",
              "non_striker": "Sami Sohail",
              "runs": {
                "batter": 3,
                "extras": 0,
                "total": 3
              }
            }
          ]
        },
        {
          "over": 15,
          "deliveries": [
            {
              "batter": "M Abdulla",
              "bowler": "C Lenyatsa",
              "non_striker": "Sami Sohail",
              "runs": {
                "batter": 1,
                "extras": 0,
                "total": 1
              }
            },
            {
              "batter": "Sami Sohail",
              "bowler": "C Lenyatsa",
              "non_striker": "M Abdulla",
              "runs": {
                "batter": 0,
                "extras": 0,
                "total": 0
              },
              "wickets": [
                {
                  "player_out": "Sami Sohail",
                  "fielders": [
                    {
                      "name": "Sameer Patel"
                    }
                  ],
                  "kind": "caught"
                }
              ]
            },
            {
              "batter": "M Abdulla",
              "bowler": "C Lenyatsa",
              "non_striker": "RH Kanyandula",
              "runs": {
                "batter": 1,
                "extras": 0,
                "total": 1
              }
            },
            {
              "batter": "RH Kanyandula",
              "bowler": "C Lenyatsa",
              "non_striker": "M Abdulla",
              "runs": {
                "batter": 1,
                "extras": 0,
                "total": 1
              }
            },
            {
              "batter": "M Abdulla",
              "bowler": "C Lenyatsa",
              "non_striker": "RH Kanyandula",
              "runs": {
                "batter": 2,
                "extras": 0,
                "total": 2
              }
            },
            {
              "batter": "M Abdulla",
              "bowler": "C Lenyatsa",
              "non_striker": "RH Kanyandula",
              "runs": {
                "batter": 0,
                "extras": 0,
                "total": 0
              }
            }
          ]
        },
        {
          "over": 16,
          "deliveries": [
            {
              "batter": "RH Kanyandula",
              "bowler": "T Mohapi",
              "non_striker": "M Abdulla",
              "runs": {
                "batter": 1,
                "extras": 0,
                "total": 1
              }
            },
            {
              "batter": "M Abdulla",
              "bowler": "T Mohapi",
              "non_striker": "RH Kanyandula",
              "runs": {
                "batter": 1,
                "extras": 0,
                "total": 1
              }
            },
            {
              "batter": "RH Kanyandula",
              "bowler": "T Mohapi",
              "non_striker": "M Abdulla",
              "runs": {
                "batter": 1,
                "extras": 0,
                "total": 1
              }
            },
            {
              "batter": "M Abdulla",
              "bowler": "T Mohapi",
              "non_striker": "RH Kanyandula",
              "runs": {
                "batter": 2,
                "extras": 0,
                "total": 2
              }
            },
            {
              "batter": "M Abdulla",
              "bowler": "T Mohapi",
              "non_striker": "RH Kanyandula",
              "runs": {
                "batter": 1,
                "extras": 0,
                "total": 1
              }
            },
            {
              "batter": "RH Kanyandula",
              "bowler": "T Mohapi",
              "non_striker": "M Abdulla",
              "runs": {
                "batter": 1,
                "extras": 0,
                "total": 1
              }
            }
          ]
        },
        {
          "over": 17,
          "deliveries": [
            {
              "batter": "RH Kanyandula",
              "bowler": "S Ramataboe",
              "non_striker": "M Abdulla",
              "runs": {
                "batter": 2,
                "extras": 0,
                "total": 2
              }
            },
            {
              "batter": "RH Kanyandula",
              "bowler": "S Ramataboe",
              "non_striker": "M Abdulla",
              "runs": {
                "batter": 1,
                "extras": 0,
                "total": 1
              }
            },
            {
              "batter": "M Abdulla",
              "bowler": "S Ramataboe",
              "non_striker": "RH Kanyandula",
              "runs": {
                "batter": 4,
                "extras": 0,
                "total": 4
              }
            },
            {
              "batter": "M Abdulla",
              "bowler": "S Ramataboe",
              "non_striker": "RH Kanyandula",
              "runs": {
                "batter": 4,
                "extras": 0,
                "total": 4
              }
            },
            {
              "batter": "M Abdulla",
              "bowler": "S Ramataboe",
              "non_striker": "RH Kanyandula",
              "runs": {
                "batter": 0,
                "extras": 0,
                "total": 0
              },
              "wickets": [
                {
                  "player_out": "M Abdulla",
                  "fielders": [
                    {
                      "name": "TG Thamae"
                    }
                  ],
                  "kind": "caught"
                }
              ]
            },
            {
              "batter": "F Nkhoma",
              "bowler": "S Ramataboe",
              "non_striker": "RH Kanyandula",
              "runs": {
                "batter": 1,
                "extras": 0,
                "total": 1
              }
            }
          ]
        },
        {
          "over": 18,
          "deliveries": [
            {
              "batter": "F Nkhoma",
              "bowler": "C Lenyatsa",
              "non_striker": "RH Kanyandula",
              "runs": {
                "batter": 2,
                "extras": 0,
                "total": 2
              }
            },
            {
              "batter": "F Nkhoma",
              "bowler": "C Lenyatsa",
              "non_striker": "RH Kanyandula",
              "runs": {
                "batter": 1,
                "extras": 0,
                "total": 1
              }
            },
            {
              "batter": "RH Kanyandula",
              "bowler": "C Lenyatsa",
              "extras": {
                "wides": 1
              },
              "non_striker": "F Nkhoma",
              "runs": {
                "batter": 0,
                "extras": 1,
                "total": 1
              }
            },
            {
              "batter": "RH Kanyandula",
              "bowler": "C Lenyatsa",
              "non_striker": "F Nkhoma",
              "runs": {
                "batter": 0,
                "extras": 0,
                "total": 0
              },
              "wickets": [
                {
                  "player_out": "RH Kanyandula",
                  "fielders": [
                    {
                      "name": "T Mohapi"
                    }
                  ],
                  "kind": "caught"
                }
              ]
            },
            {
              "batter": "F Nkhoma",
              "bowler": "C Lenyatsa",
              "extras": {
                "wides": 1
              },
              "non_striker": "C Chete",
              "runs": {
                "batter": 0,
                "extras": 1,
                "total": 1
              }
            },
            {
              "batter": "F Nkhoma",
              "bowler": "C Lenyatsa",
              "non_striker": "C Chete",
              "runs": {
                "batter": 1,
                "extras": 0,
                "total": 1
              }
            },
            {
              "batter": "C Chete",
              "bowler": "C Lenyatsa",
              "non_striker": "F Nkhoma",
              "runs": {
                "batter": 0,
                "extras": 0,
                "total": 0
              }
            },
            {
              "batter": "C Chete",
              "bowler": "C Lenyatsa",
              "non_striker": "F Nkhoma",
              "runs": {
                "batter": 0,
                "extras": 0,
                "total": 0
              }
            }
          ]
        },
        {
          "over": 19,
          "deliveries": [
            {
              "batter": "F Nkhoma",
              "bowler": "Sarfaraj Patel",
              "non_striker": "C Chete",
              "runs": {
                "batter": 1,
                "extras": 0,
                "total": 1
              }
            },
            {
              "batter": "C Chete",
              "bowler": "Sarfaraj Patel",
              "non_striker": "F Nkhoma",
              "runs": {
                "batter": 1,
                "extras": 0,
                "total": 1
              }
            },
            {
              "batter": "F Nkhoma",
              "bowler": "Sarfaraj Patel",
              "non_striker": "C Chete",
              "runs": {
                "batter": 2,
                "extras": 0,
                "total": 2
              }
            },
            {
              "batter": "F Nkhoma",
              "bowler": "Sarfaraj Patel",
              "non_striker": "C Chete",
              "runs": {
                "batter": 0,
                "extras": 0,
                "total": 0
              }
            },
            {
              "batter": "F Nkhoma",
              "bowler": "Sarfaraj Patel",
              "non_striker": "C Chete",
              "runs": {
                "batter": 0,
                "extras": 0,
                "total": 0
              }
            },
            {
              "batter": "F Nkhoma",
              "bowler": "Sarfaraj Patel",
              "non_striker": "C Chete",
              "runs": {
                "batter": 0,
                "extras": 0,
                "total": 0
              }
            }
          ]
        }
      ],
      "powerplays": [
        {
          "from": 0.1,
          "to": 5.6,
          "type": "mandatory"
        }
      ]
    },
    {
      "team": "Lesotho",
      "overs": [
        {
          "over": 0,
          "deliveries": [
            {
              "batter": "C Tlali",
              "bowler": "MIA Patel",
              "extras": {
                "legbyes": 1
              },
              "non_striker": "Maaz Khan",
              "runs": {
                "batter": 0,
                "extras": 1,
                "total": 1
              }
            },
            {
              "batter": "Maaz Khan",
              "bowler": "MIA Patel",
              "non_striker": "C Tlali",
              "runs": {
                "batter": 0,
                "extras": 0,
                "total": 0
              }
            },
            {
              "batter": "Maaz Khan",
              "bowler": "MIA Patel",
              "non_striker": "C Tlali",
              "runs": {
                "batter": 0,
                "extras": 0,
                "total": 0
              },
              "wickets": [
                {
                  "player_out": "Maaz Khan",
                  "kind": "lbw"
                }
              ]
            },
            {
              "batter": "S Seth",
              "bowler": "MIA Patel",
              "non_striker": "C Tlali",
              "runs": {
                "batter": 0,
                "extras": 0,
                "total": 0
              }
            },
            {
              "batter": "S Seth",
              "bowler": "MIA Patel",
              "non_striker": "C Tlali",
              "runs": {
                "batter": 0,
                "extras": 0,
                "total": 0
              }
            },
            {
              "batter": "S Seth",
              "bowler": "MIA Patel",
              "non_striker": "C Tlali",
              "runs": {
                "batter": 0,
                "extras": 0,
                "total": 0
              }
            }
          ]
        },
        {
          "over": 1,
          "deliveries": [
            {
              "batter": "C Tlali",
              "bowler": "GM Ntambalika",
              "non_striker": "S Seth",
              "runs": {
                "batter": 1,
                "extras": 0,
                "total": 1
              }
            },
            {
              "batter": "S Seth",
              "bowler": "GM Ntambalika",
              "non_striker": "C Tlali",
              "runs": {
                "batter": 1,
                "extras": 0,
                "total": 1
              }
            },
            {
              "batter": "C Tlali",
              "bowler": "GM Ntambalika",
              "extras": {
                "wides": 1
              },
              "non_striker": "S Seth",
              "runs": {
                "batter": 0,
                "extras": 1,
                "total": 1
              }
            },
            {
              "batter": "C Tlali",
              "bowler": "GM Ntambalika",
              "non_striker": "S Seth",
              "runs": {
                "batter": 0,
                "extras": 0,
                "total": 0
              }
            },
            {
              "batter": "C Tlali",
              "bowler": "GM Ntambalika",
              "extras": {
                "wides": 1
              },
              "non_striker": "S Seth",
              "runs": {
                "batter": 0,
                "extras": 1,
                "total": 1
              }
            },
            {
              "batter": "C Tlali",
              "bowler": "GM Ntambalika",
              "non_striker": "S Seth",
              "runs": {
                "batter": 1,
                "extras": 0,
                "total": 1
              }
            },
            {
              "batter": "S Seth",
              "bowler": "GM Ntambalika",
              "non_striker": "C Tlali",
              "runs": {
                "batter": 1,
                "extras": 0,
                "total": 1
              }
            },
            {
              "batter": "C Tlali",
              "bowler": "GM Ntambalika",
              "non_striker": "S Seth",
              "runs": {
                "batter": 0,
                "extras": 0,
                "total": 0
              }
            }
          ]
        },
        {
          "over": 2,
          "deliveries": [
            {
              "batter": "S Seth",
              "bowler": "MIA Patel",
              "non_striker": "C Tlali",
              "runs": {
                "batter": 0,
                "extras": 0,
                "total": 0
              }
            },
            {
              "batter": "S Seth",
              "bowler": "MIA Patel",
              "non_striker": "C Tlali",
              "runs": {
                "batter": 0,
                "extras": 0,
                "total": 0
              }
            },
            {
              "batter": "S Seth",
              "bowler": "MIA Patel",
              "non_striker": "C Tlali",
              "runs": {
                "batter": 1,
                "extras": 0,
                "total": 1
              }
            },
            {
              "batter": "C Tlali",
              "bowler": "MIA Patel",
              "non_striker": "S Seth",
              "runs": {
                "batter": 0,
                "extras": 0,
                "total": 0
              }
            },
            {
              "batter": "C Tlali",
              "bowler": "MIA Patel",
              "non_striker": "S Seth",
              "runs": {
                "batter": 0,
                "extras": 0,
                "total": 0
              }
            },
            {
              "batter": "C Tlali",
              "bowler": "MIA Patel",
              "non_striker": "S Seth",
              "runs": {
                "batter": 0,
                "extras": 0,
                "total": 0
              }
            }
          ]
        },
        {
          "over": 3,
          "deliveries": [
            {
              "batter": "S Seth",
              "bowler": "GM Ntambalika",
              "non_striker": "C Tlali",
              "runs": {
                "batter": 0,
                "extras": 0,
                "total": 0
              }
            },
            {
              "batter": "S Seth",
              "bowler": "GM Ntambalika",
              "non_striker": "C Tlali",
              "runs": {
                "batter": 0,
                "extras": 0,
                "total": 0
              }
            },
            {
              "batter": "S Seth",
              "bowler": "GM Ntambalika",
              "non_striker": "C Tlali",
              "runs": {
                "batter": 1,
                "extras": 0,
                "total": 1
              }
            },
            {
              "batter": "C Tlali",
              "bowler": "GM Ntambalika",
              "non_striker": "S Seth",
              "runs": {
                "batter": 4,
                "extras": 0,
                "total": 4
              }
            },
            {
              "batter": "C Tlali",
              "bowler": "GM Ntambalika",
              "non_striker": "S Seth",
              "runs": {
                "batter": 0,
                "extras": 0,
                "total": 0
              },
              "wickets": [
                {
                  "player_out": "S Seth",
                  "kind": "run out"
                }
              ]
            },
            {
              "batter": "C Tlali",
              "bowler": "GM Ntambalika",
              "non_striker": "Sameer Patel",
              "runs": {
                "batter": 0,
                "extras": 0,
                "total": 0
              }
            }
          ]
        },
        {
          "over": 4,
          "deliveries": [
            {
              "batter": "Sameer Patel",
              "bowler": "M Abdulla",
              "non_striker": "C Tlali",
              "runs": {
                "batter": 0,
                "extras": 0,
                "total": 0
              }
            },
            {
              "batter": "Sameer Patel",
              "bowler": "M Abdulla",
              "non_striker": "C Tlali",
              "runs": {
                "batter": 0,
                "extras": 0,
                "total": 0
              }
            },
            {
              "batter": "Sameer Patel",
              "bowler": "M Abdulla",
              "non_striker": "C Tlali",
              "runs": {
                "batter": 4,
                "extras": 0,
                "total": 4
              }
            },
            {
              "batter": "Sameer Patel",
              "bowler": "M Abdulla",
              "non_striker": "C Tlali",
              "runs": {
                "batter": 0,
                "extras": 0,
                "total": 0
              }
            },
            {
              "batter": "Sameer Patel",
              "bowler": "M Abdulla",
              "non_striker": "C Tlali",
              "runs": {
                "batter": 1,
                "extras": 0,
                "total": 1
              }
            },
            {
              "batter": "C Tlali",
              "bowler": "M Abdulla",
              "non_striker": "Sameer Patel",
              "runs": {
                "batter": 0,
                "extras": 0,
                "total": 0
              }
            }
          ]
        },
        {
          "over": 5,
          "deliveries": [
            {
              "batter": "Sameer Patel",
              "bowler": "Sami Sohail",
              "non_striker": "C Tlali",
              "runs": {
                "batter": 4,
                "extras": 0,
                "total": 4
              }
            },
            {
              "batter": "Sameer Patel",
              "bowler": "Sami Sohail",
              "non_striker": "C Tlali",
              "runs": {
                "batter": 4,
                "extras": 0,
                "total": 4
              }
            },
            {
              "batter": "Sameer Patel",
              "bowler": "Sami Sohail",
              "non_striker": "C Tlali",
              "runs": {
                "batter": 1,
                "extras": 0,
                "total": 1
              }
            },
            {
              "batter": "C Tlali",
              "bowler": "Sami Sohail",
              "non_striker": "Sameer Patel",
              "runs": {
                "batter": 0,
                "extras": 0,
                "total": 0
              }
            },
            {
              "batter": "C Tlali",
              "bowler": "Sami Sohail",
              "non_striker": "Sameer Patel",
              "runs": {
                "batter": 0,
                "extras": 0,
                "total": 0
              }
            },
            {
              "batter": "C Tlali",
              "bowler": "Sami Sohail",
              "non_striker": "Sameer Patel",
              "runs": {
                "batter": 0,
                "extras": 0,
                "total": 0
              }
            }
          ]
        },
        {
          "over": 6,
          "deliveries": [
            {
              "batter": "Sameer Patel",
              "bowler": "M Abdulla",
              "non_striker": "C Tlali",
              "runs": {
                "batter": 0,
                "extras": 0,
                "total": 0
              }
            },
            {
              "batter": "Sameer Patel",
              "bowler": "M Abdulla",
              "non_striker": "C Tlali",
              "runs": {
                "batter": 0,
                "extras": 0,
                "total": 0
              }
            },
            {
              "batter": "Sameer Patel",
              "bowler": "M Abdulla",
              "non_striker": "C Tlali",
              "runs": {
                "batter": 1,
                "extras": 0,
                "total": 1
              }
            },
            {
              "batter": "C Tlali",
              "bowler": "M Abdulla",
              "non_striker": "Sameer Patel",
              "runs": {
                "batter": 0,
                "extras": 0,
                "total": 0
              }
            },
            {
              "batter": "C Tlali",
              "bowler": "M Abdulla",
              "non_striker": "Sameer Patel",
              "runs": {
                "batter": 2,
                "extras": 0,
                "total": 2
              }
            },
            {
              "batter": "C Tlali",
              "bowler": "M Abdulla",
              "extras": {
                "wides": 1
              },
              "non_striker": "Sameer Patel",
              "runs": {
                "batter": 0,
                "extras": 1,
                "total": 1
              }
            },
            {
              "batter": "C Tlali",
              "bowler": "M Abdulla",
              "non_striker": "Sameer Patel",
              "runs": {
                "batter": 1,
                "extras": 0,
                "total": 1
              }
            }
          ]
        },
        {
          "over": 7,
          "deliveries": [
            {
              "batter": "C Tlali",
              "bowler": "Sami Sohail",
              "non_striker": "Sameer Patel",
              "runs": {
                "batter": 1,
                "extras": 0,
                "total": 1
              }
            },
            {
              "batter": "Sameer Patel",
              "bowler": "Sami Sohail",
              "non_striker": "C Tlali",
              "runs": {
                "batter": 0,
                "extras": 0,
                "total": 0
              }
            },
            {
              "batter": "Sameer Patel",
              "bowler": "Sami Sohail",
              "non_striker": "C Tlali",
              "runs": {
                "batter": 1,
                "extras": 0,
                "total": 1
              }
            },
            {
              "batter": "C Tlali",
              "bowler": "Sami Sohail",
              "non_striker": "Sameer Patel",
              "runs": {
                "batter": 1,
                "extras": 0,
                "total": 1
              }
            },
            {
              "batter": "Sameer Patel",
              "bowler": "Sami Sohail",
              "non_striker": "C Tlali",
              "runs": {
                "batter": 1,
                "extras": 0,
                "total": 1
              }
            },
            {
              "batter": "C Tlali",
              "bowler": "Sami Sohail",
              "non_striker": "Sameer Patel",
              "runs": {
                "batter": 0,
                "extras": 0,
                "total": 0
              }
            }
          ]
        },
        {
          "over": 8,
          "deliveries": [
            {
              "batter": "Sameer Patel",
              "bowler": "M Abdulla",
              "non_striker": "C Tlali",
              "runs": {
                "batter": 0,
                "extras": 0,
                "total": 0
              }
            },
            {
              "batter": "Sameer Patel",
              "bowler": "M Abdulla",
              "non_striker": "C Tlali",
              "runs": {
                "batter": 0,
                "extras": 0,
                "total": 0
              },
              "wickets": [
                {
                  "player_out": "Sameer Patel",
                  "fielders": [
                    {
                      "name": "HH Patel"
                    }
                  ],
                  "kind": "caught"
                }
              ]
            },
            {
              "batter": "Sarfaraj Patel",
              "bowler": "M Abdulla",
              "extras": {
                "wides": 1
              },
              "non_striker": "C Tlali",
              "runs": {
                "batter": 0,
                "extras": 1,
                "total": 1
              }
            },
            {
              "batter": "C Tlali",
              "bowler": "M Abdulla",
              "extras": {
                "legbyes": 1
              },
              "non_striker": "Sarfaraj Patel",
              "runs": {
                "batter": 0,
                "extras": 1,
                "total": 1
              }
            },
            {
              "batter": "Sarfaraj Patel",
              "bowler": "M Abdulla",
              "non_striker": "C Tlali",
              "runs": {
                "batter": 1,
                "extras": 0,
                "total": 1
              }
            },
            {
              "batter": "C Tlali",
              "bowler": "M Abdulla",
              "extras": {
                "legbyes": 1
              },
              "non_striker": "Sarfaraj Patel",
              "runs": {
                "batter": 0,
                "extras": 1,
                "total": 1
              }
            },
            {
              "batter": "C Tlali",
              "bowler": "M Abdulla",
              "non_striker": "Sarfaraj Patel",
              "runs": {
                "batter": 0,
                "extras": 0,
                "total": 0
              }
            }
          ]
        },
        {
          "over": 9,
          "deliveries": [
            {
              "batter": "C Tlali",
              "bowler": "Sami Sohail",
              "non_striker": "Sarfaraj Patel",
              "runs": {
                "batter": 1,
                "extras": 0,
                "total": 1
              }
            },
            {
              "batter": "Sarfaraj Patel",
              "bowler": "Sami Sohail",
              "non_striker": "C Tlali",
              "runs": {
                "batter": 0,
                "extras": 0,
                "total": 0
              }
            },
            {
              "batter": "Sarfaraj Patel",
              "bowler": "Sami Sohail",
              "non_striker": "C Tlali",
              "runs": {
                "batter": 0,
                "extras": 0,
                "total": 0
              },
              "wickets": [
                {
                  "player_out": "Sarfaraj Patel",
                  "kind": "bowled"
                }
              ]
            },
            {
              "batter": "AAA Patel",
              "bowler": "Sami Sohail",
              "non_striker": "C Tlali",
              "runs": {
                "batter": 1,
                "extras": 0,
                "total": 1
              }
            },
            {
              "batter": "C Tlali",
              "bowler": "Sami Sohail",
              "non_striker": "AAA Patel",
              "runs": {
                "batter": 1,
                "extras": 0,
                "total": 1
              }
            },
            {
              "batter": "AAA Patel",
              "bowler": "Sami Sohail",
              "non_striker": "C Tlali",
              "runs": {
                "batter": 0,
                "extras": 0,
                "total": 0
              }
            }
          ]
        },
        {
          "over": 10,
          "deliveries": [
            {
              "batter": "C Tlali",
              "bowler": "D Kansonkho",
              "non_striker": "AAA Patel",
              "runs": {
                "batter": 2,
                "extras": 0,
                "total": 2
              }
            },
            {
              "batter": "C Tlali",
              "bowler": "D Kansonkho",
              "non_striker": "AAA Patel",
              "runs": {
                "batter": 0,
                "extras": 0,
                "total": 0
              }
            },
            {
              "batter": "C Tlali",
              "bowler": "D Kansonkho",
              "non_striker": "AAA Patel",
              "runs": {
                "batter": 4,
                "extras": 0,
                "total": 4
              }
            },
            {
              "batter": "C Tlali",
              "bowler": "D Kansonkho",
              "non_striker": "AAA Patel",
              "runs": {
                "batter": 4,
                "extras": 0,
                "total": 4
              }
            },
            {
              "batter": "C Tlali",
              "bowler": "D Kansonkho",
              "non_striker": "AAA Patel",
              "runs": {
                "batter": 2,
                "extras": 0,
                "total": 2
              }
            },
            {
              "batter": "C Tlali",
              "bowler": "D Kansonkho",
              "non_striker": "AAA Patel",
              "runs": {
                "batter": 1,
                "extras": 0,
                "total": 1
              }
            }
          ]
        },
        {
          "over": 11,
          "deliveries": [
            {
              "batter": "C Tlali",
              "bowler": "M Mwamadi",
              "non_striker": "AAA Patel",
              "runs": {
                "batter": 1,
                "extras": 0,
                "total": 1
              }
            },
            {
              "batter": "AAA Patel",
              "bowler": "M Mwamadi",
              "non_striker": "C Tlali",
              "runs": {
                "batter": 3,
                "extras": 0,
                "total": 3
              }
            },
            {
              "batter": "C Tlali",
              "bowler": "M Mwamadi",
              "non_striker": "AAA Patel",
              "runs": {
                "batter": 0,
                "extras": 0,
                "total": 0
              }
            },
            {
              "batter": "C Tlali",
              "bowler": "M Mwamadi",
              "non_striker": "AAA Patel",
              "runs": {
                "batter": 0,
                "extras": 0,
                "total": 0
              }
            },
            {
              "batter": "C Tlali",
              "bowler": "M Mwamadi",
              "non_striker": "AAA Patel",
              "runs": {
                "batter": 1,
                "extras": 0,
                "total": 1
              }
            },
            {
              "batter": "AAA Patel",
              "bowler": "M Mwamadi",
              "non_striker": "C Tlali",
              "runs": {
                "batter": 4,
                "extras": 0,
                "total": 4
              }
            }
          ]
        },
        {
          "over": 12,
          "deliveries": [
            {
              "batter": "C Tlali",
              "bowler": "GM Ntambalika",
              "non_striker": "AAA Patel",
              "runs": {
                "batter": 1,
                "extras": 0,
                "total": 1
              }
            },
            {
              "batter": "AAA Patel",
              "bowler": "GM Ntambalika",
              "extras": {
                "wides": 1
              },
              "non_striker": "C Tlali",
              "runs": {
                "batter": 0,
                "extras": 1,
                "total": 1
              }
            },
            {
              "batter": "AAA Patel",
              "bowler": "GM Ntambalika",
              "non_striker": "C Tlali",
              "runs": {
                "batter": 1,
                "extras": 0,
                "total": 1
              }
            },
            {
              "batter": "C Tlali",
              "bowler": "GM Ntambalika",
              "non_striker": "AAA Patel",
              "runs": {
                "batter": 1,
                "extras": 0,
                "total": 1
              }
            },
            {
              "batter": "AAA Patel",
              "bowler": "GM Ntambalika",
              "non_striker": "C Tlali",
              "runs": {
                "batter": 4,
                "extras": 0,
                "total": 4
              }
            },
            {
              "batter": "AAA Patel",
              "bowler": "GM Ntambalika",
              "non_striker": "C Tlali",
              "runs": {
                "batter": 1,
                "extras": 0,
                "total": 1
              }
            },
            {
              "batter": "C Tlali",
              "bowler": "GM Ntambalika",
              "non_striker": "AAA Patel",
              "runs": {
                "batter": 4,
                "extras": 0,
                "total": 4
              }
            }
          ]
        },
        {
          "over": 13,
          "deliveries": [
            {
              "batter": "AAA Patel",
              "bowler": "HH Patel",
              "non_striker": "C Tlali",
              "runs": {
                "batter": 0,
                "extras": 0,
                "total": 0
              }
            },
            {
              "batter": "AAA Patel",
              "bowler": "HH Patel",
              "non_striker": "C Tlali",
              "runs": {
                "batter": 1,
                "extras": 0,
                "total": 1
              }
            },
            {
              "batter": "C Tlali",
              "bowler": "HH Patel",
              "non_striker": "AAA Patel",
              "runs": {
                "batter": 1,
                "extras": 0,
                "total": 1
              }
            },
            {
              "batter": "AAA Patel",
              "bowler": "HH Patel",
              "non_striker": "C Tlali",
              "runs": {
                "batter": 0,
                "extras": 0,
                "total": 0
              }
            },
            {
              "batter": "AAA Patel",
              "bowler": "HH Patel",
              "non_striker": "C Tlali",
              "runs": {
                "batter": 1,
                "extras": 0,
                "total": 1
              }
            },
            {
              "batter": "C Tlali",
              "bowler": "HH Patel",
              "non_striker": "AAA Patel",
              "runs": {
                "batter": 2,
                "extras": 0,
                "total": 2
              }
            }
          ]
        },
        {
          "over": 14,
          "deliveries": [
            {
              "batter": "AAA Patel",
              "bowler": "Sami Sohail",
              "non_striker": "C Tlali",
              "runs": {
                "batter": 2,
                "extras": 0,
                "total": 2
              }
            },
            {
              "batter": "AAA Patel",
              "bowler": "Sami Sohail",
              "non_striker": "C Tlali",
              "runs": {
                "batter": 0,
                "extras": 0,
                "total": 0
              }
            },
            {
              "batter": "AAA Patel",
              "bowler": "Sami Sohail",
              "non_striker": "C Tlali",
              "runs": {
                "batter": 1,
                "extras": 0,
                "total": 1
              }
            },
            {
              "batter": "C Tlali",
              "bowler": "Sami Sohail",
              "non_striker": "AAA Patel",
              "runs": {
                "batter": 2,
                "extras": 0,
                "total": 2
              }
            },
            {
              "batter": "C Tlali",
              "bowler": "Sami Sohail",
              "non_striker": "AAA Patel",
              "runs": {
                "batter": 2,
                "extras": 0,
                "total": 2
              }
            },
            {
              "batter": "C Tlali",
              "bowler": "Sami Sohail",
              "non_striker": "AAA Patel",
              "runs": {
                "batter": 1,
                "extras": 0,
                "total": 1
              }
            }
          ]
        },
        {
          "over": 15,
          "deliveries": [
            {
              "batter": "C Tlali",
              "bowler": "HH Patel",
              "non_striker": "AAA Patel",
              "runs": {
                "batter": 4,
                "extras": 0,
                "total": 4
              }
            },
            {
              "batter": "C Tlali",
              "bowler": "HH Patel",
              "non_striker": "AAA Patel",
              "runs": {
                "batter": 1,
                "extras": 0,
                "total": 1
              }
            },
            {
              "batter": "AAA Patel",
              "bowler": "HH Patel",
              "non_striker": "C Tlali",
              "runs": {
                "batter": 2,
                "extras": 0,
                "total": 2
              }
            },
            {
              "batter": "AAA Patel",
              "bowler": "HH Patel",
              "non_striker": "C Tlali",
              "runs": {
                "batter": 1,
                "extras": 0,
                "total": 1
              }
            },
            {
              "batter": "C Tlali",
              "bowler": "HH Patel",
              "non_striker": "AAA Patel",
              "runs": {
                "batter": 0,
                "extras": 0,
                "total": 0
              }
            },
            {
              "batter": "C Tlali",
              "bowler": "HH Patel",
              "non_striker": "AAA Patel",
              "runs": {
                "batter": 6,
                "extras": 0,
                "total": 6
              }
            }
          ]
        },
        {
          "over": 16,
          "deliveries": [
            {
              "batter": "AAA Patel",
              "bowler": "MIA Patel",
              "non_striker": "C Tlali",
              "runs": {
                "batter": 1,
                "extras": 0,
                "total": 1
              }
            },
            {
              "batter": "C Tlali",
              "bowler": "MIA Patel",
              "non_striker": "AAA Patel",
              "runs": {
                "batter": 1,
                "extras": 0,
                "total": 1
              }
            },
            {
              "batter": "AAA Patel",
              "bowler": "MIA Patel",
              "non_striker": "C Tlali",
              "runs": {
                "batter": 1,
                "extras": 0,
                "total": 1
              }
            },
            {
              "batter": "C Tlali",
              "bowler": "MIA Patel",
              "extras": {
                "legbyes": 1
              },
              "non_striker": "AAA Patel",
              "runs": {
                "batter": 0,
                "extras": 1,
                "total": 1
              }
            },
            {
              "batter": "AAA Patel",
              "bowler": "MIA Patel",
              "non_striker": "C Tlali",
              "runs": {
                "batter": 0,
                "extras": 0,
                "total": 0
              },
              "wickets": [
                {
                  "player_out": "AAA Patel",
                  "kind": "lbw"
                }
              ]
            },
            {
              "batter": "T Mohapi",
              "bowler": "MIA Patel",
              "non_striker": "C Tlali",
              "runs": {
                "batter": 0,
                "extras": 0,
                "total": 0
              }
            }
          ]
        },
        {
          "over": 17,
          "deliveries": [
            {
              "batter": "C Tlali",
              "bowler": "M Mwamadi",
              "non_striker": "T Mohapi",
              "runs": {
                "batter": 4,
                "extras": 0,
                "total": 4
              }
            },
            {
              "batter": "C Tlali",
              "bowler": "M Mwamadi",
              "extras": {
                "byes": 1
              },
              "non_striker": "T Mohapi",
              "runs": {
                "batter": 0,
                "extras": 1,
                "total": 1
              }
            },
            {
              "batter": "T Mohapi",
              "bowler": "M Mwamadi",
              "non_striker": "C Tlali",
              "runs": {
                "batter": 0,
                "extras": 0,
                "total": 0
              }
            },
            {
              "batter": "T Mohapi",
              "bowler": "M Mwamadi",
              "non_striker": "C Tlali",
              "runs": {
                "batter": 2,
                "extras": 0,
                "total": 2
              }
            },
            {
              "batter": "T Mohapi",
              "bowler": "M Mwamadi",
              "non_striker": "C Tlali",
              "runs": {
                "batter": 0,
                "extras": 0,
                "total": 0
              },
              "wickets": [
                {
                  "player_out": "T Mohapi",
                  "kind": "bowled"
                }
              ]
            },
            {
              "batter": "S Ramataboe",
              "bowler": "M Mwamadi",
              "non_striker": "C Tlali",
              "runs": {
                "batter": 0,
                "extras": 0,
                "total": 0
              },
              "wickets": [
                {
                  "player_out": "C Tlali",
                  "kind": "run out"
                }
              ]
            }
          ]
        },
        {
          "over": 18,
          "deliveries": [
            {
              "batter": "C Lenyatsa",
              "bowler": "M Abdulla",
              "non_striker": "S Ramataboe",
              "runs": {
                "batter": 1,
                "extras": 0,
                "total": 1
              }
            },
            {
              "batter": "S Ramataboe",
              "bowler": "M Abdulla",
              "non_striker": "C Lenyatsa",
              "runs": {
                "batter": 0,
                "extras": 0,
                "total": 0
              }
            },
            {
              "batter": "S Ramataboe",
              "bowler": "M Abdulla",
              "non_striker": "C Lenyatsa",
              "runs": {
                "batter": 2,
                "extras": 0,
                "total": 2
              }
            },
            {
              "batter": "S Ramataboe",
              "bowler": "M Abdulla",
              "non_striker": "C Lenyatsa",
              "runs": {
                "batter": 1,
                "extras": 0,
                "total": 1
              }
            },
            {
              "batter": "C Lenyatsa",
              "bowler": "M Abdulla",
              "non_striker": "S Ramataboe",
              "runs": {
                "batter": 0,
                "extras": 0,
                "total": 0
              }
            },
            {
              "batter": "C Lenyatsa",
              "bowler": "M Abdulla",
              "non_striker": "S Ramataboe",
              "runs": {
                "batter": 2,
                "extras": 0,
                "total": 2
              }
            }
          ]
        },
        {
          "over": 19,
          "deliveries": [
            {
              "batter": "S Ramataboe",
              "bowler": "MIA Patel",
              "non_striker": "C Lenyatsa",
              "runs": {
                "batter": 0,
                "extras": 0,
                "total": 0
              },
              "wickets": [
                {
                  "player_out": "C Lenyatsa",
                  "kind": "run out"
                }
              ]
            },
            {
              "batter": "TG Thamae",
              "bowler": "MIA Patel",
              "non_striker": "S Ramataboe",
              "runs": {
                "batter": 0,
                "extras": 0,
                "total": 0
              }
            },
            {
              "batter": "TG Thamae",
              "bowler": "MIA Patel",
              "non_striker": "S Ramataboe",
              "runs": {
                "batter": 1,
                "extras": 0,
                "total": 1
              }
            },
            {
              "batter": "S Ramataboe",
              "bowler": "MIA Patel",
              "non_striker": "TG Thamae",
              "runs": {
                "batter": 0,
                "extras": 0,
                "total": 0
              }
            },
            {
              "batter": "S Ramataboe",
              "bowler": "MIA Patel",
              "non_striker": "TG Thamae",
              "runs": {
                "batter": 0,
                "extras": 0,
                "total": 0
              },
              "wickets": [
                {
                  "player_out": "S Ramataboe",
                  "kind": "bowled"
                }
              ]
            },
            {
              "batter": "TD Chaoana",
              "bowler": "MIA Patel",
              "extras": {
                "byes": 1
              },
              "non_striker": "TG Thamae",
              "runs": {
                "batter": 0,
                "extras": 1,
                "total": 1
              },
              "wickets": [
                {
                  "player_out": "TD Chaoana",
                  "kind": "run out"
                }
              ]
            }
          ]
        }
      ],
      "powerplays": [
        {
          "from": 0.1,
          "to": 5.6,
          "type": "mandatory"
        }
      ],
      "target": {
        "overs": 20,
        "runs": 129
      }
    }
  ]
}