{
  "meta": {
    "data_version": "1.0.0",
    "created": "2020-04-16",
    "revision": 1
  },
  "info": {
    "balls_per_over": 6,
    "city": "Dasmarinas",
    "dates": [
      "2018-12-07"
    ],
    "event": {
      "name": "ICC World Twenty20 East Asia-Pacific Region Qualifier B",
      "match_number": 12
    },
    "gender": "male",
    "match_type": "IT20",
    "officials": {
      "match_referees": [
        "RW Stratford"
      ],
      "reserve_umpires": [
        "Hitesh Sharma"
      ],
      "umpires": [
        "Bri Olewale",
        "Suresh Subramanian"
      ]
    },
    "outcome": {
      "winner": "Philippines",
      "by": {
        "runs": 28
      }
    },
    "overs": 20,
    "player_of_match": [
      "Karweng NG"
    ],
    "players": {
      "Philippines": [
        "JH Kiani",
        "Muzammil Shahzad",
        "J Hill",
        "Karweng NG",
        "M Singh",
        "MP Biddappa",
        "DC Smith",
        "Vimal Kumar",
        "Surinder Singh",
        "GR Russ",
        "Tariq Ali"
      ],
      "Indonesia": [
        "Arya Pastika",
        "Anjar Tadarus",
        "IK Gamantika",
        "Ahmad Ramdoni",
        "Muhaddis Muhaddis",
        "KC Ramamoorthy",
        "GD Arta",
        "KD Kesuma",
        "DJ Hawoe",
        "IDGP Kisawa",
        "RM Koda"
      ]
    },
    "registry": {
      "people": {
        "Ahmad Ramdoni": "b5f30525",
        "Anjar Tadarus": "72275237",
        "Arya Pastika": "f8b7dfc0",
        "Bri Olewale": "c76cdfd7",
        "DC Smith": "a968d39b",
        "DJ Hawoe": "a62f55ba",
        "GD Arta": "e969e580",
        "GR Russ": "1f28fdfd",
        "Hitesh Sharma": "2085a934",
        "IDGP Kisawa": "1d683ea3",
        "IK Gamantika": "4d7c5b56",
        "J Hill": "5481bd91",
        "JH Kiani": "7370ca3d",
        "KC Ramamoorthy": "a89c270b",
        "KD Kesuma": "4b349dc0",
        "Karweng NG": "6af3f1e6",
        "M Singh": "ac265013",
        "MP Biddappa": "c45701b6",
        "Muhaddis Muhaddis": "32cff598",
        "Muzammil Shahzad": "df49ae91",
        "RM Koda": "f0a45427",
        "RW Stratford": "85489579",
        "Suresh Subramanian": "4e869e23",
        "Surinder Singh": "2dcad6fa",
        "Tariq Ali": "ce677d83",
        "Vimal Kumar": "b6a85ead"
      }
    },
    "season": "2018/19",
    "team_type": "international",
    "teams": [
      "Philippines",
      "Indonesia"
    ],
    "toss": {
      "decision": "field",
      "winner": "Indonesia"
    },
    "venue": "Friendship Oval"
  },
  "innings": [
    {
      "team": "Philippines",
      "overs": [
        {
          "over": 0,
          "deliveries": [
            {
              "batter": "JH Kiani",
              "bowler": "GD Arta",
              "non_striker": "Muzammil Shahzad",
              "runs": {
                "batter": 0,
                "extras": 0,
                "total": 0
              }
            },
            {
              "batter": "JH Kiani",
              "bowler": "GD Arta",
              "non_striker": "Muzammil Shahzad",
              "runs": {
                "batter": 0,
                "extras": 0,
                "total": 0
              }
            },
            {
              "batter": "JH Kiani",
              "bowler": "GD Arta",
              "non_striker": "Muzammil Shahzad",
              "runs": {
                "batter": 0,
                "extras": 0,
                "total": 0
              }
            },
            {
              "batter": "JH Kiani",
              "bowler": "GD Arta",
              "extras": {
                "wides": 1
              },
              "non_striker": "Muzammil Shahzad",
              "runs": {
                "batter": 0,
                "extras": 1,
                "total": 1
              }
            },
            {
              "batter": "JH Kiani",
              "bowler": "GD Arta",
              "extras": {
                "wides": 1
              },
              "non_striker": "Muzammil Shahzad",
              "runs": {
                "batter": 0,
                "extras": 1,
                "total": 1
              }
            },
            {
              "batter": "JH Kiani",
              "bowler": "GD Arta",
              "non_striker": "Muzammil Shahzad",
              "runs": {
                "batter": 0,
                "extras": 0,
                "total": 0
              }
            },
            {
              "batter": "JH Kiani",
              "bowler": "GD Arta",
              "non_striker": "Muzammil Shahzad",
              "runs": {
                "batter": 6,
                "extras": 0,
                "total": 6
              }
            },
            {
              "batter": "JH Kiani",
              "bowler": "GD Arta",
              "non_striker": "Muzammil Shahzad",
              "runs": {
                "batter": 0,
                "extras": 0,
                "total": 0
              }
            }
          ]
        },
        {
          "over": 1,
          "deliveries": [
            {
              "batter": "Muzammil Shahzad",
              "bowler": "RM Koda",
              "non_striker": "JH Kiani",
              "runs": {
                "batter": 0,
                "extras": 0,
                "total": 0
              }
            },
            {
              "batter": "Muzammil Shahzad",
              "bowler": "RM Koda",
              "non_striker": "JH Kiani",
              "runs": {
                "batter": 0,
                "extras": 0,
                "total": 0
              }
            },
            {
              "batter": "Muzammil Shahzad",
              "bowler": "RM Koda",
              "non_striker": "JH Kiani",
              "runs": {
                "batter": 2,
                "extras": 0,
                "total": 2
              }
            },
            {
              "batter": "Muzammil Shahzad",
              "bowler": "RM Koda",
              "non_striker": "JH Kiani",
              "runs": {
                "batter": 0,
                "extras": 0,
                "total": 0
              }
            },
            {
              "batter": "Muzammil Shahzad",
              "bowler": "RM Koda",
              "non_striker": "JH Kiani",
              "runs": {
                "batter": 0,
                "extras": 0,
                "total": 0
              },
              "wickets": [
                {
                  "kind": "caught",
                  "player_out": "Muzammil Shahzad",
                  "fielders": [
                    {
                      "name": "IDGP Kisawa"
                    }
                  ]
                }
              ]
            },
            {
              "batter": "J Hill",
              "bowler": "RM Koda",
              "non_striker": "JH Kiani",
              "runs": {
                "batter": 0,
                "extras": 0,
                "total": 0
              }
            }
          ]
        },
        {
          "over": 2,
          "deliveries": [
            {
              "batter": "JH Kiani",
              "bowler": "GD Arta",
              "non_striker": "J Hill",
              "runs": {
                "batter": 0,
                "extras": 0,
                "total": 0
              }
            },
            {
              "batter": "JH Kiani",
              "bowler": "GD Arta",
              "non_striker": "J Hill",
              "runs": {
                "batter": 1,
                "extras": 0,
                "total": 1
              }
            },
            {
              "batter": "J Hill",
              "bowler": "GD Arta",
              "non_striker": "JH Kiani",
              "runs": {
                "batter": 2,
                "extras": 0,
                "total": 2
              }
            },
            {
              "batter": "J Hill",
              "bowler": "GD Arta",
              "non_striker": "JH Kiani",
              "runs": {
                "batter": 2,
                "extras": 0,
                "total": 2
              }
            },
            {
              "batter": "J Hill",
              "bowler": "GD Arta",
              "non_striker": "JH Kiani",
              "runs": {
                "batter": 0,
                "extras": 0,
                "total": 0
              }
            },
            {
              "batter": "J Hill",
              "bowler": "GD Arta",
              "non_striker": "JH Kiani",
              "runs": {
                "batter": 1,
                "extras": 0,
                "total": 1
              }
            }
          ]
        },
        {
          "over": 3,
          "deliveries": [
            {
              "batter": "J Hill",
              "bowler": "RM Koda",
              "non_striker": "JH Kiani",
              "runs": {
                "batter": 0,
                "extras": 0,
                "total": 0
              }
            },
            {
              "batter": "J Hill",
              "bowler": "RM Koda",
              "non_striker": "JH Kiani",
              "runs": {
                "batter": 4,
                "extras": 0,
                "total": 4
              }
            },
            {
              "batter": "J Hill",
              "bowler": "RM Koda",
              "non_striker": "JH Kiani",
              "runs": {
                "batter": 1,
                "extras": 0,
                "total": 1
              }
            },
            {
              "batter": "JH Kiani",
              "bowler": "RM Koda",
              "non_striker": "J Hill",
              "runs": {
                "batter": 0,
                "extras": 0,
                "total": 0
              }
            },
            {
              "batter": "JH Kiani",
              "bowler": "RM Koda",
              "non_striker": "J Hill",
              "runs": {
                "batter": 4,
                "extras": 0,
                "total": 4
              }
            },
            {
              "batter": "JH Kiani",
              "bowler": "RM Koda",
              "non_striker": "J Hill",
              "runs": {
                "batter": 4,
                "extras": 0,
                "total": 4
              }
            }
          ]
        },
        {
          "over": 4,
          "deliveries": [
            {
              "batter": "J Hill",
              "bowler": "GD Arta",
              "non_striker": "JH Kiani",
              "runs": {
                "batter": 0,
                "extras": 0,
                "total": 0
              }
            },
            {
              "batter": "J Hill",
              "bowler": "GD Arta",
              "non_striker": "JH Kiani",
              "runs": {
                "batter": 2,
                "extras": 0,
                "total": 2
              }
            },
            {
              "batter": "J Hill",
              "bowler": "GD Arta",
              "non_striker": "JH Kiani",
              "runs": {
                "batter": 0,
                "extras": 0,
                "total": 0
              }
            },
            {
              "batter": "J Hill",
              "bowler": "GD Arta",
              "non_striker": "JH Kiani",
              "runs": {
                "batter": 2,
                "extras": 0,
                "total": 2
              }
            },
            {
              "batter": "J Hill",
              "bowler": "GD Arta",
              "non_striker": "JH Kiani",
              "runs": {
                "batter": 1,
                "extras": 0,
                "total": 1
              }
            },
            {
              "batter": "JH Kiani",
              "bowler": "GD Arta",
              "non_striker": "J Hill",
              "runs": {
                "batter": 1,
                "extras": 0,
                "total": 1
              }
            }
          ]
        },
        {
          "over": 5,
          "deliveries": [
            {
              "batter": "JH Kiani",
              "bowler": "IDGP Kisawa",
              "non_striker": "J Hill",
              "runs": {
                "batter": 0,
                "extras": 0,
                "total": 0
              }
            },
            {
              "batter": "JH Kiani",
              "bowler": "IDGP Kisawa",
              "non_striker": "J Hill",
              "runs": {
                "batter": 4,
                "extras": 0,
                "total": 4
              }
            },
            {
              "batter": "JH Kiani",
              "bowler": "IDGP Kisawa",
              "non_striker": "J Hill",
              "runs": {
                "batter": 0,
                "extras": 0,
                "total": 0
              }
            },
            {
              "batter": "JH Kiani",
              "bowler": "IDGP Kisawa",
              "non_striker": "J Hill",
              "runs": {
                "batter": 0,
                "extras": 0,
                "total": 0
              },
              "wickets": [
                {
                  "kind": "caught",
                  "player_out": "JH Kiani",
                  "fielders": [
                    {
                      "name": "Arya Pastika"
                    }
                  ]
                }
              ]
            },
            {
              "batter": "Karweng NG",
              "bowler": "IDGP Kisawa",
              "non_striker": "J Hill",
              "runs": {
                "batter": 1,
                "extras": 0,
                "total": 1
              }
            },
            {
              "batter": "J Hill",
              "bowler": "IDGP Kisawa",
              "non_striker": "Karweng NG",
              "runs": {
                "batter": 0,
                "extras": 0,
                "total": 0
              }
            }
          ]
        },
        {
          "over": 6,
          "deliveries": [
            {
              "batter": "Karweng NG",
              "bowler": "GD Arta",
              "non_striker": "J Hill",
              "runs": {
                "batter": 1,
                "extras": 0,
                "total": 1
              }
            },
            {
              "batter": "J Hill",
              "bowler": "GD Arta",
              "non_striker": "Karweng NG",
              "runs": {
                "batter": 4,
                "extras": 0,
                "total": 4
              }
            },
            {
              "batter": "J Hill",
              "bowler": "GD Arta",
              "non_striker": "Karweng NG",
              "runs": {
                "batter": 2,
                "extras": 0,
                "total": 2
              }
            },
            {
              "batter": "J Hill",
              "bowler": "GD Arta",
              "non_striker": "Karweng NG",
              "runs": {
                "batter": 2,
                "extras": 0,
                "total": 2
              }
            },
            {
              "batter": "J Hill",
              "bowler": "GD Arta",
              "non_striker": "Karweng NG",
              "runs": {
                "batter": 1,
                "extras": 0,
                "total": 1
              }
            },
            {
              "batter": "Karweng NG",
              "bowler": "GD Arta",
              "non_striker": "J Hill",
              "runs": {
                "batter": 1,
                "extras": 0,
                "total": 1
              }
            }
          ]
        },
        {
          "over": 7,
          "deliveries": [
            {
              "batter": "Karweng NG",
              "bowler": "IDGP Kisawa",
              "non_striker": "J Hill",
              "runs": {
                "batter": 0,
                "extras": 0,
                "total": 0
              }
            },
            {
              "batter": "Karweng NG",
              "bowler": "IDGP Kisawa",
              "non_striker": "J Hill",
              "runs": {
                "batter": 1,
                "extras": 0,
                "total": 1
              }
            },
            {
              "batter": "J Hill",
              "bowler": "IDGP Kisawa",
              "non_striker": "Karweng NG",
              "runs": {
                "batter": 1,
                "extras": 0,
                "total": 1
              }
            },
            {
              "batter": "Karweng NG",
              "bowler": "IDGP Kisawa",
              "non_striker": "J Hill",
              "runs": {
                "batter": 1,
                "extras": 0,
                "total": 1
              }
            },
            {
              "batter": "J Hill",
              "bowler": "IDGP Kisawa",
              "non_striker": "Karweng NG",
              "runs": {
                "batter": 1,
                "extras": 0,
                "total": 1
              }
            },
            {
              "batter": "Karweng NG",
              "bowler": "IDGP Kisawa",
              "non_striker": "J Hill",
              "runs": {
                "batter": 1,
                "extras": 0,
                "total": 1
              }
            }
          ]
        },
        {
          "over": 8,
          "deliveries": [
            {
              "batter": "Karweng NG",
              "bowler": "DJ Hawoe",
              "non_striker": "J Hill",
              "runs": {
                "batter": 0,
                "extras": 0,
                "total": 0
              }
            },
            {
              "batter": "Karweng NG",
              "bowler": "DJ Hawoe",
              "non_striker": "J Hill",
              "runs": {
                "batter": 1,
                "extras": 0,
                "total": 1
              }
            },
            {
              "batter": "J Hill",
              "bowler": "DJ Hawoe",
              "non_striker": "Karweng NG",
              "runs": {
                "batter": 0,
                "extras": 0,
                "total": 0
              }
            },
            {
              "batter": "J Hill",
              "bowler": "DJ Hawoe",
              "non_striker": "Karweng NG",
              "runs": {
                "batter": 1,
                "extras": 0,
                "total": 1
              }
            },
            {
              "batter": "Karweng NG",
              "bowler": "DJ Hawoe",
              "non_striker": "J Hill",
              "runs": {
                "batter": 1,
                "extras": 0,
                "total": 1
              }
            },
            {
              "batter": "J Hill",
              "bowler": "DJ Hawoe",
              "extras": {
                "legbyes": 1
              },
              "non_striker": "Karweng NG",
              "runs": {
                "batter": 0,
                "extras": 1,
                "total": 1
              }
            }
          ]
        },
        {
          "over": 9,
          "deliveries": [
            {
              "batter": "J Hill",
              "bowler": "IDGP Kisawa",
              "non_striker": "Karweng NG",
              "runs": {
                "batter": 2,
                "extras": 0,
                "total": 2
              }
            },
            {
              "batter": "J Hill",
              "bowler": "IDGP Kisawa",
              "non_striker": "Karweng NG",
              "runs": {
                "batter": 1,
                "extras": 0,
                "total": 1
              }
            },
            {
              "batter": "Karweng NG",
              "bowler": "IDGP Kisawa",
              "non_striker": "J Hill",
              "runs": {
                "batter": 1,
                "extras": 0,
                "total": 1
              }
            },
            {
              "batter": "J Hill",
              "bowler": "IDGP Kisawa",
              "non_striker": "Karweng NG",
              "runs": {
                "batter": 1,
                "extras": 0,
                "total": 1
              }
            },
            {
              "batter": "Karweng NG",
              "bowler": "IDGP Kisawa",
              "non_striker": "J Hill",
              "runs": {
                "batter": 0,
                "extras": 0,
                "total": 0
              }
            },
            {
              "batter": "Karweng NG",
              "bowler": "IDGP Kisawa",
              "non_striker": "J Hill",
              "runs": {
                "batter": 1,
                "extras": 0,
                "total": 1
              }
            }
          ]
        },
        {
          "over": 10,
          "deliveries": [
            {
              "batter": "Karweng NG",
              "bowler": "DJ Hawoe",
              "non_striker": "J Hill",
              "runs": {
                "batter": 0,
                "extras": 0,
                "total": 0
              }
            },
            {
              "batter": "Karweng NG",
              "bowler": "DJ Hawoe",
              "non_striker": "J Hill",
              "runs": {
                "batter": 0,
                "extras": 0,
                "total": 0
              }
            },
            {
              "batter": "Karweng NG",
              "bowler": "DJ Hawoe",
              "non_striker": "J Hill",
              "runs": {
                "batter": 0,
                "extras": 0,
                "total": 0
              }
            },
            {
              "batter": "Karweng NG",
              "bowler": "DJ Hawoe",
              "non_striker": "J Hill",
              "runs": {
                "batter": 1,
                "extras": 0,
                "total": 1
              }
            },
            {
              "batter": "J Hill",
              "bowler": "DJ Hawoe",
              "non_striker": "Karweng NG",
              "runs": {
                "batter": 1,
                "extras": 0,
                "total": 1
              }
            },
            {
              "batter": "Karweng NG",
              "bowler": "DJ Hawoe",
              "non_striker": "J Hill",
              "runs": {
                "batter": 1,
                "extras": 0,
                "total": 1
              }
            }
          ]
        },
        {
          "over": 11,
          "deliveries": [
            {
              "batter": "Karweng NG",
              "bowler": "KC Ramamoorthy",
              "non_striker": "J Hill",
              "runs": {
                "batter": 0,
                "extras": 0,
                "total": 0
              }
            },
            {
              "batter": "Karweng NG",
              "bowler": "KC Ramamoorthy",
              "non_striker": "J Hill",
              "runs": {
                "batter": 6,
                "extras": 0,
                "total": 6
              }
            },
            {
              "batter": "Karweng NG",
              "bowler": "KC Ramamoorthy",
              "non_striker": "J Hill",
              "runs": {
                "batter": 0,
                "extras": 0,
                "total": 0
              }
            },
            {
              "batter": "Karweng NG",
              "bowler": "KC Ramamoorthy",
              "non_striker": "J Hill",
              "runs": {
                "batter": 6,
                "extras": 0,
                "total": 6
              }
            },
            {
              "batter": "Karweng NG",
              "bowler": "KC Ramamoorthy",
              "non_striker": "J Hill",
              "runs": {
                "batter": 1,
                "extras": 0,
                "total": 1
              }
            },
            {
              "batter": "J Hill",
              "bowler": "KC Ramamoorthy",
              "non_striker": "Karweng NG",
              "runs": {
                "batter": 1,
                "extras": 0,
                "total": 1
              }
            }
          ]
        },
        {
          "over": 12,
          "deliveries": [
            {
              "batter": "J Hill",
              "bowler": "DJ Hawoe",
              "non_striker": "Karweng NG",
              "runs": {
                "batter": 1,
                "extras": 0,
                "total": 1
              }
            },
            {
              "batter": "Karweng NG",
              "bowler": "DJ Hawoe",
              "non_striker": "J Hill",
              "runs": {
                "batter": 0,
                "extras": 0,
                "total": 0
              }
            },
            {
              "batter": "Karweng NG",
              "bowler": "DJ Hawoe",
              "non_striker": "J Hill",
              "runs": {
                "batter": 6,
                "extras": 0,
                "total": 6
              }
            },
            {
              "batter": "Karweng NG",
              "bowler": "DJ Hawoe",
              "non_striker": "J Hill",
              "runs": {
                "batter": 4,
                "extras": 0,
                "total": 4
              }
            },
            {
              "batter": "Karweng NG",
              "bowler": "DJ Hawoe",
              "non_striker": "J Hill",
              "runs": {
                "batter": 0,
                "extras": 0,
                "total": 0
              }
            },
            {
              "batter": "Karweng NG",
              "bowler": "DJ Hawoe",
              "non_striker": "J Hill",
              "runs": {
                "batter": 1,
                "extras": 0,
                "total": 1
              }
            }
          ]
        },
        {
          "over": 13,
          "deliveries": [
            {
              "batter": "Karweng NG",
              "bowler": "IDGP Kisawa",
              "non_striker": "J Hill",
              "runs": {
                "batter": 0,
                "extras": 0,
                "total": 0
              }
            },
            {
              "batter": "Karweng NG",
              "bowler": "IDGP Kisawa",
              "non_striker": "J Hill",
              "runs": {
                "batter": 1,
                "extras": 0,
                "total": 1
              }
            },
            {
              "batter": "J Hill",
              "bowler": "IDGP Kisawa",
              "non_striker": "Karweng NG",
              "runs": {
                "batter": 4,
                "extras": 0,
                "total": 4
              }
            },
            {
              "batter": "J Hill",
              "bowler": "IDGP Kisawa",
              "non_striker": "Karweng NG",
              "runs": {
                "batter": 1,
                "extras": 0,
                "total": 1
              }
            },
            {
              "batter": "Karweng NG",
              "bowler": "IDGP Kisawa",
              "non_striker": "J Hill",
              "runs": {
                "batter": 0,
                "extras": 0,
                "total": 0
              }
            },
            {
              "batter": "Karweng NG",
              "bowler": "IDGP Kisawa",
              "non_striker": "J Hill",
              "runs": {
                "batter": 1,
                "extras": 0,
                "total": 1
              }
            }
          ]
        },
        {
          "over": 14,
          "deliveries": [
            {
              "batter": "Karweng NG",
              "bowler": "IK Gamantika",
              "non_striker": "J Hill",
              "runs": {
                "batter": 6,
                "extras": 0,
                "total": 6
              }
            },
            {
              "batter": "Karweng NG",
              "bowler": "IK Gamantika",
              "non_striker": "J Hill",
              "runs": {
                "batter": 1,
                "extras": 0,
                "total": 1
              }
            },
            {
              "batter": "J Hill",
              "bowler": "IK Gamantika",
              "non_striker": "Karweng NG",
              "runs": {
                "batter": 1,
                "extras": 0,
                "total": 1
              }
            },
            {
              "batter": "Karweng NG",
              "bowler": "IK Gamantika",
              "non_striker": "J Hill",
              "runs": {
                "batter": 4,
                "extras": 0,
                "total": 4
              }
            },
            {
              "batter": "Karweng NG",
              "bowler": "IK Gamantika",
              "non_striker": "J Hill",
              "runs": {
                "batter": 1,
                "extras": 0,
                "total": 1
              }
            },
            {
              "batter": "J Hill",
              "bowler": "IK Gamantika",
              "non_striker": "Karweng NG",
              "runs": {
                "batter": 2,
                "extras": 0,
                "total": 2
              }
            }
          ]
        },
        {
          "over": 15,
          "deliveries": [
            {
              "batter": "Karweng NG",
              "bowler": "Anjar Tadarus",
              "non_striker": "J Hill",
              "runs": {
                "batter": 2,
                "extras": 0,
                "total": 2
              }
            },
            {
              "batter": "Karweng NG",
              "bowler": "Anjar Tadarus",
              "non_striker": "J Hill",
              "runs": {
                "batter": 1,
                "extras": 0,
                "total": 1
              }
            },
            {
              "batter": "J Hill",
              "bowler": "Anjar Tadarus",
              "non_striker": "Karweng NG",
              "runs": {
                "batter": 0,
                "extras": 0,
                "total": 0
              },
              "wickets": [
                {
                  "kind": "caught",
                  "player_out": "J Hill",
                  "fielders": [
                    {
                      "name": "IK Gamantika"
                    }
                  ]
                }
              ]
            },
            {
              "batter": "Karweng NG",
              "bowler": "Anjar Tadarus",
              "non_striker": "M Singh",
              "runs": {
                "batter": 1,
                "extras": 0,
                "total": 1
              }
            },
            {
              "batter": "M Singh",
              "bowler": "Anjar Tadarus",
              "non_striker": "Karweng NG",
              "runs": {
                "batter": 1,
                "extras": 0,
                "total": 1
              }
            },
            {
              "batter": "Karweng NG",
              "bowler": "Anjar Tadarus",
              "non_striker": "M Singh",
              "runs": {
                "batter": 0,
                "extras": 0,
                "total": 0
              },
              "wickets": [
                {
                  "kind": "caught",
                  "player_out": "Karweng NG",
                  "fielders": [
                    {
                      "name": "KC Ramamoorthy"
                    }
                  ]
                }
              ]
            }
          ]
        },
        {
          "over": 16,
          "deliveries": [
            {
              "batter": "MP Biddappa",
              "bowler": "RM Koda",
              "non_striker": "M Singh",
              "runs": {
                "batter": 0,
                "extras": 0,
                "total": 0
              }
            },
            {
              "batter": "MP Biddappa",
              "bowler": "RM Koda",
              "non_striker": "M Singh",
              "runs": {
                "batter": 4,
                "extras": 0,
                "total": 4
              }
            },
            {
              "batter": "MP Biddappa",
              "bowler": "RM Koda",
              "non_striker": "M Singh",
              "runs": {
                "batter": 1,
                "extras": 0,
                "total": 1
              }
            },
            {
              "batter": "M Singh",
              "bowler": "RM Koda",
              "non_striker": "MP Biddappa",
              "runs": {
                "batter": 0,
                "extras": 0,
                "total": 0
              }
            },
            {
              "batter": "M Singh",
              "bowler": "RM Koda",
              "non_striker": "MP Biddappa",
              "runs": {
                "batter": 1,
                "extras": 0,
                "total": 1
              }
            },
            {
              "batter": "MP Biddappa",
              "bowler": "RM Koda",
              "non_striker": "M Singh",
              "runs": {
                "batter": 0,
                "extras": 0,
                "total": 0
              }
            }
          ]
        },
        {
          "over": 17,
          "deliveries": [
            {
              "batter": "M Singh",
              "bowler": "Anjar Tadarus",
              "non_striker": "MP Biddappa",
              "runs": {
                "batter": 0,
                "extras": 0,
                "total": 0
              }
            },
            {
              "batter": "M Singh",
              "bowler": "Anjar Tadarus",
              "non_striker": "MP Biddappa",
              "runs": {
                "batter": 1,
                "extras": 0,
                "total": 1
              }
            },
            {
              "batter": "MP Biddappa",
              "bowler": "Anjar Tadarus",
              "non_striker": "M Singh",
              "runs": {
                "batter": 0,
                "extras": 0,
                "total": 0
              },
              "wickets": [
                {
                  "kind": "lbw",
                  "player_out": "MP Biddappa"
                }
              ]
            },
            {
              "batter": "DC Smith",
              "bowler": "Anjar Tadarus",
              "non_striker": "M Singh",
              "runs": {
                "batter": 4,
                "extras": 0,
                "total": 4
              }
            },
            {
              "batter": "DC Smith",
              "bowler": "Anjar Tadarus",
              "non_striker": "M Singh",
              "runs": {
                "batter": 0,
                "extras": 0,
                "total": 0
              }
            },
            {
              "batter": "DC Smith",
              "bowler": "Anjar Tadarus",
              "non_striker": "M Singh",
              "runs": {
                "batter": 0,
                "extras": 0,
                "total": 0
              }
            }
          ]
        },
        {
          "over": 18,
          "deliveries": [
            {
              "batter": "M Singh",
              "bowler": "RM Koda",
              "non_striker": "DC Smith",
              "runs": {
                "batter": 0,
                "extras": 0,
                "total": 0
              }
            },
            {
              "batter": "M Singh",
              "bowler": "RM Koda",
              "non_striker": "DC Smith",
              "runs": {
                "batter": 1,
                "extras": 0,
                "total": 1
              }
            },
            {
              "batter": "DC Smith",
              "bowler": "RM Koda",
              "non_striker": "M Singh",
              "runs": {
                "batter": 0,
                "extras": 0,
                "total": 0
              }
            },
            {
              "batter": "DC Smith",
              "bowler": "RM Koda",
              "non_striker": "M Singh",
              "runs": {
                "batter": 0,
                "extras": 0,
                "total": 0
              }
            },
            {
              "batter": "DC Smith",
              "bowler": "RM Koda",
              "extras": {
                "legbyes": 1
              },
              "non_striker": "M Singh",
              "runs": {
                "batter": 0,
                "extras": 1,
                "total": 1
              }
            },
            {
              "batter": "M Singh",
              "bowler": "RM Koda",
              "non_striker": "DC Smith",
              "runs": {
                "batter": 0,
                "extras": 0,
                "total": 0
              },
              "wickets": [
                {
                  "kind": "bowled",
                  "player_out": "M Singh"
                }
              ]
            }
          ]
        },
        {
          "over": 19,
          "deliveries": [
            {
              "batter": "DC Smith",
              "bowler": "Anjar Tadarus",
              "extras": {
                "legbyes": 1
              },
              "non_striker": "Vimal Kumar",
              "runs": {
                "batter": 0,
                "extras": 1,
                "total": 1
              }
            },
            {
              "batter": "Vimal Kumar",
              "bowler": "Anjar Tadarus",
              "non_striker": "DC Smith",
              "runs": {
                "batter": 1,
                "extras": 0,
                "total": 1
              }
            },
            {
              "batter": "DC Smith",
              "bowler": "Anjar Tadarus",
              "non_striker": "Vimal Kumar",
              "runs": {
                "batter": 0,
                "extras": 0,
                "total": 0
              }
            },
            {
              "batter": "DC Smith",
              "bowler": "Anjar Tadarus",
              "non_striker": "Vimal Kumar",
              "runs": {
                "batter": 0,
                "extras": 0,
                "total": 0
              }
            },
            {
              "batter": "DC Smith",
              "bowler": "Anjar Tadarus",
              "non_striker": "Vimal Kumar",
              "runs": {
                "batter": 1,
                "extras": 0,
                "total": 1
              }
            },
            {
              "batter": "Vimal Kumar",
              "bowler": "Anjar Tadarus",
              "non_striker": "DC Smith",
              "runs": {
                "batter": 0,
                "extras": 0,
                "total": 0
              }
            }
          ]
        }
      ],
      "powerplays": [
        {
          "from": 0.1,
          "to": 5.6,
          "type": "mandatory"
        }
      ]
    },
    {
      "team": "Indonesia",
      "overs": [
        {
          "over": 0,
          "deliveries": [
            {
              "batter": "Arya Pastika",
              "bowler": "Tariq Ali",
              "non_striker": "Anjar Tadarus",
              "runs": {
                "batter": 2,
                "extras": 0,
                "total": 2
              }
            },
            {
              "batter": "Arya Pastika",
              "bowler": "Tariq Ali",
              "non_striker": "Anjar Tadarus",
              "runs": {
                "batter": 0,
                "extras": 0,
                "total": 0
              }
            },
            {
              "batter": "Arya Pastika",
              "bowler": "Tariq Ali",
              "non_striker": "Anjar Tadarus",
              "runs": {
                "batter": 3,
                "extras": 0,
                "total": 3
              }
            },
            {
              "batter": "Anjar Tadarus",
              "bowler": "Tariq Ali",
              "non_striker": "Arya Pastika",
              "runs": {
                "batter": 0,
                "extras": 0,
                "total": 0
              },
              "wickets": [
                {
                  "kind": "caught",
                  "player_out": "Anjar Tadarus",
                  "fielders": [
                    {
                      "name": "J Hill"
                    }
                  ]
                }
              ]
            },
            {
              "batter": "IK Gamantika",
              "bowler": "Tariq Ali",
              "non_striker": "Arya Pastika",
              "runs": {
                "batter": 1,
                "extras": 0,
                "total": 1
              }
            },
            {
              "batter": "Arya Pastika",
              "bowler": "Tariq Ali",
              "non_striker": "IK Gamantika",
              "runs": {
                "batter": 0,
                "extras": 0,
                "total": 0
              }
            }
          ]
        },
        {
          "over": 1,
          "deliveries": [
            {
              "batter": "IK Gamantika",
              "bowler": "Surinder Singh",
              "extras": {
                "wides": 1
              },
              "non_striker": "Arya Pastika",
              "runs": {
                "batter": 0,
                "extras": 1,
                "total": 1
              }
            },
            {
              "batter": "IK Gamantika",
              "bowler": "Surinder Singh",
              "non_striker": "Arya Pastika",
              "runs": {
                "batter": 1,
                "extras": 0,
                "total": 1
              }
            },
            {
              "batter": "Arya Pastika",
              "bowler": "Surinder Singh",
              "non_striker": "IK Gamantika",
              "runs": {
                "batter": 0,
                "extras": 0,
                "total": 0
              }
            },
            {
              "batter": "Arya Pastika",
              "bowler": "Surinder Singh",
              "non_striker": "IK Gamantika",
              "runs": {
                "batter": 1,
                "extras": 0,
                "total": 1
              }
            },
            {
              "batter": "IK Gamantika",
              "bowler": "Surinder Singh",
              "non_striker": "Arya Pastika",
              "runs": {
                "batter": 3,
                "extras": 0,
                "total": 3
              }
            },
            {
              "batter": "Arya Pastika",
              "bowler": "Surinder Singh",
              "non_striker": "IK Gamantika",
              "runs": {
                "batter": 1,
                "extras": 0,
                "total": 1
              }
            },
            {
              "batter": "IK Gamantika",
              "bowler": "Surinder Singh",
              "non_striker": "Arya Pastika",
              "runs": {
                "batter": 2,
                "extras": 0,
                "total": 2
              }
            }
          ]
        },
        {
          "over": 2,
          "deliveries": [
            {
              "batter": "Arya Pastika",
              "bowler": "Tariq Ali",
              "non_striker": "IK Gamantika",
              "runs": {
                "batter": 0,
                "extras": 0,
                "total": 0
              }
            },
            {
              "batter": "Arya Pastika",
              "bowler": "Tariq Ali",
              "non_striker": "IK Gamantika",
              "runs": {
                "batter": 0,
                "extras": 0,
                "total": 0
              },
              "wickets": [
                {
                  "kind": "caught",
                  "player_out": "Arya Pastika",
                  "fielders": [
                    {
                      "name": "Karweng NG"
                    }
                  ]
                }
              ]
            },
            {
              "batter": "Ahmad Ramdoni",
              "bowler": "Tariq Ali",
              "non_striker": "IK Gamantika",
              "runs": {
                "batter": 0,
                "extras": 0,
                "total": 0
              }
            },
            {
              "batter": "Ahmad Ramdoni",
              "bowler": "Tariq Ali",
              "non_striker": "IK Gamantika",
              "runs": {
                "batter": 0,
                "extras": 0,
                "total": 0
              }
            },
            {
              "batter": "Ahmad Ramdoni",
              "bowler": "Tariq Ali",
              "non_striker": "IK Gamantika",
              "runs": {
                "batter": 1,
                "extras": 0,
                "total": 1
              }
            },
            {
              "batter": "IK Gamantika",
              "bowler": "Tariq Ali",
              "non_striker": "Ahmad Ramdoni",
              "runs": {
                "batter": 0,
                "extras": 0,
                "total": 0
              }
            }
          ]
        },
        {
          "over": 3,
          "deliveries": [
            {
              "batter": "Ahmad Ramdoni",
              "bowler": "Surinder Singh",
              "extras": {
                "legbyes": 1
              },
              "non_striker": "IK Gamantika",
              "runs": {
                "batter": 0,
                "extras": 1,
                "total": 1
              }
            },
            {
              "batter": "IK Gamantika",
              "bowler": "Surinder Singh",
              "non_striker": "Ahmad Ramdoni",
              "runs": {
                "batter": 0,
                "extras": 0,
                "total": 0
              }
            },
            {
              "batter": "IK Gamantika",
              "bowler": "Surinder Singh",
              "non_striker": "Ahmad Ramdoni",
              "runs": {
                "batter": 0,
                "extras": 0,
                "total": 0
              }
            },
            {
              "batter": "IK Gamantika",
              "bowler": "Surinder Singh",
              "non_striker": "Ahmad Ramdoni",
              "runs": {
                "batter": 1,
                "extras": 0,
                "total": 1
              }
            },
            {
              "batter": "Ahmad Ramdoni",
              "bowler": "Surinder Singh",
              "non_striker": "IK Gamantika",
              "runs": {
                "batter": 1,
                "extras": 0,
                "total": 1
              }
            },
            {
              "batter": "IK Gamantika",
              "bowler": "Surinder Singh",
              "non_striker": "Ahmad Ramdoni",
              "runs": {
                "batter": 1,
                "extras": 0,
                "total": 1
              }
            }
          ]
        },
        {
          "over": 4,
          "deliveries": [
            {
              "batter": "IK Gamantika",
              "bowler": "Tariq Ali",
              "non_striker": "Ahmad Ramdoni",
              "runs": {
                "batter": 0,
                "extras": 0,
                "total": 0
              }
            },
            {
              "batter": "IK Gamantika",
              "bowler": "Tariq Ali",
              "non_striker": "Ahmad Ramdoni",
              "runs": {
                "batter": 4,
                "extras": 0,
                "total": 4
              }
            },
            {
              "batter": "IK Gamantika",
              "bowler": "Tariq Ali",
              "non_striker": "Ahmad Ramdoni",
              "runs": {
                "batter": 0,
                "extras": 0,
                "total": 0
              }
            },
            {
              "batter": "IK Gamantika",
              "bowler": "Tariq Ali",
              "non_striker": "Ahmad Ramdoni",
              "runs": {
                "batter": 0,
                "extras": 0,
                "total": 0
              }
            },
            {
              "batter": "IK Gamantika",
              "bowler": "Tariq Ali",
              "non_striker": "Ahmad Ramdoni",
              "runs": {
                "batter": 0,
                "extras": 0,
                "total": 0
              }
            },
            {
              "batter": "IK Gamantika",
              "bowler": "Tariq Ali",
              "non_striker": "Ahmad Ramdoni",
              "runs": {
                "batter": 1,
                "extras": 0,
                "total": 1
              }
            }
          ]
        },
        {
          "over": 5,
          "deliveries": [
            {
              "batter": "IK Gamantika",
              "bowler": "DC Smith",
              "non_striker": "Ahmad Ramdoni",
              "runs": {
                "batter": 0,
                "extras": 0,
                "total": 0
              }
            },
            {
              "batter": "IK Gamantika",
              "bowler": "DC Smith",
              "non_striker": "Ahmad Ramdoni",
              "runs": {
                "batter": 4,
                "extras": 0,
                "total": 4
              }
            },
            {
              "batter": "IK Gamantika",
              "bowler": "DC Smith",
              "extras": {
                "wides": 1
              },
              "non_striker": "Ahmad Ramdoni",
              "runs": {
                "batter": 0,
                "extras": 1,
                "total": 1
              }
            },
            {
              "batter": "IK Gamantika",
              "bowler": "DC Smith",
              "non_striker": "Ahmad Ramdoni",
              "runs": {
                "batter": 1,
                "extras": 0,
                "total": 1
              }
            },
            {
              "batter": "Ahmad Ramdoni",
              "bowler": "DC Smith",
              "non_striker": "IK Gamantika",
              "runs": {
                "batter": 0,
                "extras": 0,
                "total": 0
              }
            },
            {
              "batter": "Ahmad Ramdoni",
              "bowler": "DC Smith",
              "non_striker": "IK Gamantika",
              "runs": {
                "batter": 0,
                "extras": 0,
                "total": 0
              }
            },
            {
              "batter": "Ahmad Ramdoni",
              "bowler": "DC Smith",
              "non_striker": "IK Gamantika",
              "runs": {
                "batter": 0,
                "extras": 0,
                "total": 0
              },
              "wickets": [
                {
                  "kind": "lbw",
                  "player_out": "Ahmad Ramdoni"
                }
              ]
            }
          ]
        },
        {
          "over": 6,
          "deliveries": [
            {
              "batter": "IK Gamantika",
              "bowler": "Tariq Ali",
              "non_striker": "Muhaddis Muhaddis",
              "runs": {
                "batter": 1,
                "extras": 0,
                "total": 1
              }
            },
            {
              "batter": "Muhaddis Muhaddis",
              "bowler": "Tariq Ali",
              "non_striker": "IK Gamantika",
              "runs": {
                "batter": 1,
                "extras": 0,
                "total": 1
              }
            },
            {
              "batter": "IK Gamantika",
              "bowler": "Tariq Ali",
              "non_striker": "Muhaddis Muhaddis",
              "runs": {
                "batter": 1,
                "extras": 0,
                "total": 1
              }
            },
            {
              "batter": "Muhaddis Muhaddis",
              "bowler": "Tariq Ali",
              "non_striker": "IK Gamantika",
              "runs": {
                "batter": 2,
                "extras": 0,
                "total": 2
              }
            },
            {
              "batter": "Muhaddis Muhaddis",
              "bowler": "Tariq Ali",
              "non_striker": "IK Gamantika",
              "runs": {
                "batter": 0,
                "extras": 0,
                "total": 0
              }
            },
            {
              "batter": "Muhaddis Muhaddis",
              "bowler": "Tariq Ali",
              "non_striker": "IK Gamantika",
              "runs": {
                "batter": 0,
                "extras": 0,
                "total": 0
              }
            }
          ]
        },
        {
          "over": 7,
          "deliveries": [
            {
              "batter": "IK Gamantika",
              "bowler": "DC Smith",
              "non_striker": "Muhaddis Muhaddis",
              "runs": {
                "batter": 6,
                "extras": 0,
                "total": 6
              }
            },
            {
              "batter": "IK Gamantika",
              "bowler": "DC Smith",
              "non_striker": "Muhaddis Muhaddis",
              "runs": {
                "batter": 1,
                "extras": 0,
                "total": 1
              }
            },
            {
              "batter": "Muhaddis Muhaddis",
              "bowler": "DC Smith",
              "non_striker": "IK Gamantika",
              "runs": {
                "batter": 0,
                "extras": 0,
                "total": 0
              }
            },
            {
              "batter": "Muhaddis Muhaddis",
              "bowler": "DC Smith",
              "non_striker": "IK Gamantika",
              "runs": {
                "batter": 1,
                "extras": 0,
                "total": 1
              }
            },
            {
              "batter": "IK Gamantika",
              "bowler": "DC Smith",
              "non_striker": "Muhaddis Muhaddis",
              "runs": {
                "batter": 2,
                "extras": 0,
                "total": 2
              }
            },
            {
              "batter": "IK Gamantika",
              "bowler": "DC Smith",
              "non_striker": "Muhaddis Muhaddis",
              "runs": {
                "batter": 1,
                "extras": 0,
                "total": 1
              }
            }
          ]
        },
        {
          "over": 8,
          "deliveries": [
            {
              "batter": "IK Gamantika",
              "bowler": "Vimal Kumar",
              "extras": {
                "wides": 1
              },
              "non_striker": "Muhaddis Muhaddis",
              "runs": {
                "batter": 0,
                "extras": 1,
                "total": 1
              }
            },
            {
              "batter": "IK Gamantika",
              "bowler": "Vimal Kumar",
              "non_striker": "Muhaddis Muhaddis",
              "runs": {
                "batter": 0,
                "extras": 0,
                "total": 0
              }
            },
            {
              "batter": "IK Gamantika",
              "bowler": "Vimal Kumar",
              "non_striker": "Muhaddis Muhaddis",
              "runs": {
                "batter": 0,
                "extras": 0,
                "total": 0
              }
            },
            {
              "batter": "IK Gamantika",
              "bowler": "Vimal Kumar",
              "non_striker": "Muhaddis Muhaddis",
              "runs": {
                "batter": 0,
                "extras": 0,
                "total": 0
              }
            },
            {
              "batter": "IK Gamantika",
              "bowler": "Vimal Kumar",
              "non_striker": "Muhaddis Muhaddis",
              "runs": {
                "batter": 1,
                "extras": 0,
                "total": 1
              }
            },
            {
              "batter": "Muhaddis Muhaddis",
              "bowler": "Vimal Kumar",
              "non_striker": "IK Gamantika",
              "runs": {
                "batter": 0,
                "extras": 0,
                "total": 0
              }
            },
            {
              "batter": "Muhaddis Muhaddis",
              "bowler": "Vimal Kumar",
              "non_striker": "IK Gamantika",
              "runs": {
                "batter": 4,
                "extras": 0,
                "total": 4
              }
            }
          ]
        },
        {
          "over": 9,
          "deliveries": [
            {
              "batter": "IK Gamantika",
              "bowler": "Muzammil Shahzad",
              "non_striker": "Muhaddis Muhaddis",
              "runs": {
                "batter": 1,
                "extras": 0,
                "total": 1
              }
            },
            {
              "batter": "Muhaddis Muhaddis",
              "bowler": "Muzammil Shahzad",
              "non_striker": "IK Gamantika",
              "runs": {
                "batter": 1,
                "extras": 0,
                "total": 1
              }
            },
            {
              "batter": "IK Gamantika",
              "bowler": "Muzammil Shahzad",
              "non_striker": "Muhaddis Muhaddis",
              "runs": {
                "batter": 0,
                "extras": 0,
                "total": 0
              }
            },
            {
              "batter": "IK Gamantika",
              "bowler": "Muzammil Shahzad",
              "non_striker": "Muhaddis Muhaddis",
              "runs": {
                "batter": 1,
                "extras": 0,
                "total": 1
              }
            },
            {
              "batter": "Muhaddis Muhaddis",
              "bowler": "Muzammil Shahzad",
              "non_striker": "IK Gamantika",
              "runs": {
                "batter": 4,
                "extras": 0,
                "total": 4
              }
            },
            {
              "batter": "Muhaddis Muhaddis",
              "bowler": "Muzammil Shahzad",
              "non_striker": "IK Gamantika",
              "runs": {
                "batter": 1,
                "extras": 0,
                "total": 1
              }
            }
          ]
        },
        {
          "over": 10,
          "deliveries": [
            {
              "batter": "Muhaddis Muhaddis",
              "bowler": "Vimal Kumar",
              "non_striker": "IK Gamantika",
              "runs": {
                "batter": 1,
                "extras": 0,
                "total": 1
              }
            },
            {
              "batter": "IK Gamantika",
              "bowler": "Vimal Kumar",
              "extras": {
                "wides": 1
              },
              "non_striker": "Muhaddis Muhaddis",
              "runs": {
                "batter": 0,
                "extras": 1,
                "total": 1
              }
            },
            {
              "batter": "IK Gamantika",
              "bowler": "Vimal Kumar",
              "non_striker": "Muhaddis Muhaddis",
              "runs": {
                "batter": 1,
                "extras": 0,
                "total": 1
              }
            },
            {
              "batter": "Muhaddis Muhaddis",
              "bowler": "Vimal Kumar",
              "non_striker": "IK Gamantika",
              "runs": {
                "batter": 1,
                "extras": 0,
                "total": 1
              }
            },
            {
              "batter": "IK Gamantika",
              "bowler": "Vimal Kumar",
              "non_striker": "Muhaddis Muhaddis",
              "runs": {
                "batter": 2,
                "extras": 0,
                "total": 2
              }
            },
            {
              "batter": "IK Gamantika",
              "bowler": "Vimal Kumar",
              "extras": {
                "wides": 1
              },
              "non_striker": "Muhaddis Muhaddis",
              "runs": {
                "batter": 0,
                "extras": 1,
                "total": 1
              }
            },
            {
              "batter": "IK Gamantika",
              "bowler": "Vimal Kumar",
              "non_striker": "Muhaddis Muhaddis",
              "runs": {
                "batter": 1,
                "extras": 0,
                "total": 1
              }
            },
            {
              "batter": "Muhaddis Muhaddis",
              "bowler": "Vimal Kumar",
              "non_striker": "IK Gamantika",
              "runs": {
                "batter": 0,
                "extras": 0,
                "total": 0
              },
              "wickets": [
                {
                  "kind": "caught",
                  "player_out": "Muhaddis Muhaddis",
                  "fielders": [
                    {
                      "name": "DC Smith"
                    }
                  ]
                }
              ]
            }
          ]
        },
        {
          "over": 11,
          "deliveries": [
            {
              "batter": "KC Ramamoorthy",
              "bowler": "Muzammil Shahzad",
              "non_striker": "IK Gamantika",
              "runs": {
                "batter": 2,
                "extras": 0,
                "total": 2
              }
            },
            {
              "batter": "KC Ramamoorthy",
              "bowler": "Muzammil Shahzad",
              "non_striker": "IK Gamantika",
              "runs": {
                "batter": 0,
                "extras": 0,
                "total": 0
              }
            },
            {
              "batter": "KC Ramamoorthy",
              "bowler": "Muzammil Shahzad",
              "non_striker": "IK Gamantika",
              "runs": {
                "batter": 0,
                "extras": 0,
                "total": 0
              }
            },
            {
              "batter": "KC Ramamoorthy",
              "bowler": "Muzammil Shahzad",
              "non_striker": "IK Gamantika",
              "runs": {
                "batter": 0,
                "extras": 0,
                "total": 0
              },
              "wickets": [
                {
                  "kind": "lbw",
                  "player_out": "KC Ramamoorthy"
                }
              ]
            },
            {
              "batter": "GD Arta",
              "bowler": "Muzammil Shahzad",
              "non_striker": "IK Gamantika",
              "runs": {
                "batter": 0,
                "extras": 0,
                "total": 0
              }
            },
            {
              "batter": "GD Arta",
              "bowler": "Muzammil Shahzad",
              "non_striker": "IK Gamantika",
              "runs": {
                "batter": 1,
                "extras": 0,
                "total": 1
              }
            }
          ]
        },
        {
          "over": 12,
          "deliveries": [
            {
              "batter": "GD Arta",
              "bowler": "Vimal Kumar",
              "non_striker": "IK Gamantika",
              "runs": {
                "batter": 0,
                "extras": 0,
                "total": 0
              }
            },
            {
              "batter": "GD Arta",
              "bowler": "Vimal Kumar",
              "non_striker": "IK Gamantika",
              "runs": {
                "batter": 2,
                "extras": 0,
                "total": 2
              }
            },
            {
              "batter": "GD Arta",
              "bowler": "Vimal Kumar",
              "non_striker": "IK Gamantika",
              "runs": {
                "batter": 0,
                "extras": 0,
                "total": 0
              }
            },
            {
              "batter": "GD Arta",
              "bowler": "Vimal Kumar",
              "extras": {
                "legbyes": 1
              },
              "non_striker": "IK Gamantika",
              "runs": {
                "batter": 0,
                "extras": 1,
                "total": 1
              }
            },
            {
              "batter": "IK Gamantika",
              "bowler": "Vimal Kumar",
              "non_striker": "GD Arta",
              "runs": {
                "batter": 1,
                "extras": 0,
                "total": 1
              }
            },
            {
              "batter": "GD Arta",
              "bowler": "Vimal Kumar",
              "non_striker": "IK Gamantika",
              "runs": {
                "batter": 0,
                "extras": 0,
                "total": 0
              }
            }
          ]
        },
        {
          "over": 13,
          "deliveries": [
            {
              "batter": "IK Gamantika",
              "bowler": "Muzammil Shahzad",
              "non_striker": "GD Arta",
              "runs": {
                "batter": 4,
                "extras": 0,
                "total": 4
              }
            },
            {
              "batter": "IK Gamantika",
              "bowler": "Muzammil Shahzad",
              "non_striker": "GD Arta",
              "runs": {
                "batter": 2,
                "extras": 0,
                "total": 2
              }
            },
            {
              "batter": "IK Gamantika",
              "bowler": "Muzammil Shahzad",
              "non_striker": "GD Arta",
              "runs": {
                "batter": 1,
                "extras": 0,
                "total": 1
              }
            },
            {
              "batter": "GD Arta",
              "bowler": "Muzammil Shahzad",
              "non_striker": "IK Gamantika",
              "runs": {
                "batter": 0,
                "extras": 0,
                "total": 0
              }
            },
            {
              "batter": "GD Arta",
              "bowler": "Muzammil Shahzad",
              "non_striker": "IK Gamantika",
              "runs": {
                "batter": 1,
                "extras": 0,
                "total": 1
              }
            },
            {
              "batter": "IK Gamantika",
              "bowler": "Muzammil Shahzad",
              "non_striker": "GD Arta",
              "runs": {
                "batter": 1,
                "extras": 0,
                "total": 1
              }
            }
          ]
        },
        {
          "over": 14,
          "deliveries": [
            {
              "batter": "IK Gamantika",
              "bowler": "Vimal Kumar",
              "non_striker": "GD Arta",
              "runs": {
                "batter": 1,
                "extras": 0,
                "total": 1
              }
            },
            {
              "batter": "GD Arta",
              "bowler": "Vimal Kumar",
              "non_striker": "IK Gamantika",
              "runs": {
                "batter": 0,
                "extras": 0,
                "total": 0
              }
            },
            {
              "batter": "GD Arta",
              "bowler": "Vimal Kumar",
              "non_striker": "IK Gamantika",
              "runs": {
                "batter": 1,
                "extras": 0,
                "total": 1
              },
              "wickets": [
                {
                  "kind": "run out",
                  "player_out": "IK Gamantika"
                }
              ]
            },
            {
              "batter": "GD Arta",
              "bowler": "Vimal Kumar",
              "non_striker": "KD Kesuma",
              "runs": {
                "batter": 3,
                "extras": 0,
                "total": 3
              }
            },
            {
              "batter": "KD Kesuma",
              "bowler": "Vimal Kumar",
              "non_striker": "GD Arta",
              "runs": {
                "batter": 0,
                "extras": 0,
                "total": 0
              }
            },
            {
              "batter": "KD Kesuma",
              "bowler": "Vimal Kumar",
              "non_striker": "GD Arta",
              "runs": {
                "batter": 0,
                "extras": 0,
                "total": 0
              }
            }
          ]
        },
        {
          "over": 15,
          "deliveries": [
            {
              "batter": "GD Arta",
              "bowler": "Muzammil Shahzad",
              "extras": {
                "byes": 2
              },
              "non_striker": "KD Kesuma",
              "runs": {
                "batter": 0,
                "extras": 2,
                "total": 2
              }
            },
            {
              "batter": "GD Arta",
              "bowler": "Muzammil Shahzad",
              "non_striker": "KD Kesuma",
              "runs": {
                "batter": 0,
                "extras": 0,
                "total": 0
              }
            },
            {
              "batter": "GD Arta",
              "bowler": "Muzammil Shahzad",
              "non_striker": "KD Kesuma",
              "runs": {
                "batter": 4,
                "extras": 0,
                "total": 4
              }
            },
            {
              "batter": "GD Arta",
              "bowler": "Muzammil Shahzad",
              "non_striker": "KD Kesuma",
              "runs": {
                "batter": 0,
                "extras": 0,
                "total": 0
              },
              "wickets": [
                {
                  "kind": "run out",
                  "player_out": "KD Kesuma"
                }
              ]
            },
            {
              "batter": "DJ Hawoe",
              "bowler": "Muzammil Shahzad",
              "non_striker": "GD Arta",
              "runs": {
                "batter": 0,
                "extras": 0,
                "total": 0
              }
            },
            {
              "batter": "DJ Hawoe",
              "bowler": "Muzammil Shahzad",
              "non_striker": "GD Arta",
              "runs": {
                "batter": 0,
                "extras": 0,
                "total": 0
              },
              "wickets": [
                {
                  "kind": "caught",
                  "player_out": "DJ Hawoe",
                  "fielders": [
                    {
                      "name": "GR Russ"
                    }
                  ]
                }
              ]
            }
          ]
        },
        {
          "over": 16,
          "deliveries": [
            {
              "batter": "GD Arta",
              "bowler": "DC Smith",
              "non_striker": "IDGP Kisawa",
              "runs": {
                "batter": 3,
                "extras": 0,
                "total": 3
              }
            },
            {
              "batter": "IDGP Kisawa",
              "bowler": "DC Smith",
              "non_striker": "GD Arta",
              "runs": {
                "batter": 0,
                "extras": 0,
                "total": 0
              }
            },
            {
              "batter": "IDGP Kisawa",
              "bowler": "DC Smith",
              "non_striker": "GD Arta",
              "runs": {
                "batter": 1,
                "extras": 0,
                "total": 1
              }
            },
            {
              "batter": "GD Arta",
              "bowler": "DC Smith",
              "non_striker": "IDGP Kisawa",
              "runs": {
                "batter": 1,
                "extras": 0,
                "total": 1
              }
            },
            {
              "batter": "IDGP Kisawa",
              "bowler": "DC Smith",
              "non_striker": "GD Arta",
              "runs": {
                "batter": 1,
                "extras": 0,
                "total": 1
              }
            },
            {
              "batter": "GD Arta",
              "bowler": "DC Smith",
              "non_striker": "IDGP Kisawa",
              "runs": {
                "batter": 0,
                "extras": 0,
                "total": 0
              }
            }
          ]
        },
        {
          "over": 17,
          "deliveries": [
            {
              "batter": "IDGP Kisawa",
              "bowler": "Surinder Singh",
              "non_striker": "GD Arta",
              "runs": {
                "batter": 0,
                "extras": 0,
                "total": 0
              },
              "wickets": [
                {
                  "kind": "caught",
                  "player_out": "IDGP Kisawa",
                  "fielders": [
                    {
                      "name": "Karweng NG"
                    }
                  ]
                }
              ]
            },
            {
              "batter": "GD Arta",
              "bowler": "Surinder Singh",
              "non_striker": "RM Koda",
              "runs": {
                "batter": 0,
                "extras": 0,
                "total": 0
              }
            },
            {
              "batter": "GD Arta",
              "bowler": "Surinder Singh",
              "non_striker": "RM Koda",
              "runs": {
                "batter": 4,
                "extras": 0,
                "total": 4
              }
            },
            {
              "batter": "GD Arta",
              "bowler": "Surinder Singh",
              "non_striker": "RM Koda",
              "runs": {
                "batter": 1,
                "extras": 0,
                "total": 1
              }
            },
            {
              "batter": "RM Koda",
              "bowler": "Surinder Singh",
              "non_striker": "GD Arta",
              "runs": {
                "batter": 1,
                "extras": 0,
                "total": 1
              }
            },
            {
              "batter": "GD Arta",
              "bowler": "Surinder Singh",
              "non_striker": "RM Koda",
              "runs": {
                "batter": 1,
                "extras": 0,
                "total": 1
              }
            }
          ]
        },
        {
          "over": 18,
          "deliveries": [
            {
              "batter": "GD Arta",
              "bowler": "DC Smith",
              "non_striker": "RM Koda",
              "runs": {
                "batter": 1,
                "extras": 0,
                "total": 1
              }
            },
            {
              "batter": "RM Koda",
              "bowler": "DC Smith",
              "non_striker": "GD Arta",
              "runs": {
                "batter": 0,
                "extras": 0,
                "total": 0
              },
              "wickets": [
                {
                  "kind": "caught",
                  "player_out": "RM Koda",
                  "fielders": [
                    {
                      "name": "GR Russ"
                    }
                  ]
                }
              ]
            }
          ]
        }
      ],
      "powerplays": [
        {
          "from": 0.1,
          "to": 5.7,
          "type": "mandatory"
        }
      ],
      "target": {
        "overs": 20,
        "runs": 139
      }
    }
  ]
}