{
  "meta": {
    "data_version": "1.0.0",
    "created": "2020-11-14",
    "revision": 1
  },
  "info": {
    "balls_per_over": 6,
    "city": "Hamilton",
    "dates": [
      "2010-06-04"
    ],
    "event": {
      "name": "ICC World Cricket League Americas Region Division One Twenty20",
      "group": "A"
    },
    "gender": "male",
    "match_type": "IT20",
    "officials": {
      "match_referees": [
        "AFG Griffith"
      ],
      "reserve_umpires": [
        "H Smythe"
      ],
      "umpires": [
        "K Bayney",
        "C Young"
      ]
    },
    "outcome": {
      "winner": "United States of America",
      "by": {
        "wickets": 2
      }
    },
    "overs": 20,
    "player_of_match": [
      "AG Dugmore"
    ],
    "players": {
      "Argentina": [
        "MJ Paterlini",
        "LM Paterlini",
        "AG Dugmore",
        "T Francis",
        "D Forrester",
        "A Ferguson",
        "RM Siri",
        "A Tissera",
        "GJ Savage",
        "EA MacDermott",
        "P Ferguson"
      ],
      "United States of America": [
        "SS Nadkarni",
        "CD Wright",
        "LJ Cush",
        "SJ Massiah",
        "A Thyagarajan",
        "A Mehdi",
        "RA Marshall",
        "OM Baker",
        "TP Allen",
        "Moazzam Imtiaz",
        "Muhammad Ghous"
      ]
    },
    "registry": {
      "people": {
        "A Ferguson": "4a8d1b14",
        "A Mehdi": "ba19376c",
        "A Thyagarajan": "50717bc4",
        "A Tissera": "e181d2b1",
        "AFG Griffith": "4d46eb96",
        "AG Dugmore": "1d23ed3a",
        "C Young": "169c473b",
        "CD Wright": "1ce9b927",
        "D Forrester": "17bcec2a",
        "EA MacDermott": "924ab6c4",
        "GJ Savage": "2f0fa698",
        "H Smythe": "2efac75d",
        "K Bayney": "a2c35938",
        "LJ Cush": "92173bfb",
        "LM Paterlini": "66c898ab",
        "MJ Paterlini": "75a8844e",
        "Moazzam Imtiaz": "7768506c",
        "Muhammad Ghous": "1676b2d6",
        "OM Baker": "c62368d0",
        "P Ferguson": "c7c386c6",
        "RA Marshall": "c8087fe2",
        "RM Siri": "f1737607",
        "SJ Massiah": "59cc6b79",
        "SS Nadkarni": "354cb360",
        "T Francis": "907ee78d",
        "TP Allen": "30baaf1f"
      }
    },
    "season": "2010",
    "team_type": "international",
    "teams": [
      "Argentina",
      "United States of America"
    ],
    "toss": {
      "decision": "field",
      "winner": "United States of America"
    },
    "venue": "Sea Breeze Oval"
  },
  "innings": [
    {
      "team": "Argentina",
      "overs": [
        {
          "over": 0,
          "deliveries": [
            {
              "batter": "MJ Paterlini",
              "bowler": "TP Allen",
              "non_striker": "LM Paterlini",
              "runs": {
                "batter": 0,
                "extras": 0,
                "total": 0
              }
            },
            {
              "batter": "MJ Paterlini",
              "bowler": "TP Allen",
              "non_striker": "LM Paterlini",
              "runs": {
                "batter": 0,
                "extras": 0,
                "total": 0
              }
            },
            {
              "batter": "MJ Paterlini",
              "bowler": "TP Allen",
              "non_striker": "LM Paterlini",
              "runs": {
                "batter": 1,
                "extras": 0,
                "total": 1
              }
            },
            {
              "batter": "LM Paterlini",
              "bowler": "TP Allen",
              "non_striker": "MJ Paterlini",
              "runs": {
                "batter": 0,
                "extras": 0,
                "total": 0
              }
            },
            {
              "batter": "LM Paterlini",
              "bowler": "TP Allen",
              "non_striker": "MJ Paterlini",
              "runs": {
                "batter": 0,
                "extras": 0,
                "total": 0
              }
            },
            {
              "batter": "LM Paterlini",
              "bowler": "TP Allen",
              "non_striker": "MJ Paterlini",
              "runs": {
                "batter": 0,
                "extras": 0,
                "total": 0
              }
            }
          ]
        },
        {
          "over": 1,
          "deliveries": [
            {
              "batter": "MJ Paterlini",
              "bowler": "Moazzam Imtiaz",
              "non_striker": "LM Paterlini",
              "runs": {
                "batter": 4,
                "extras": 0,
                "total": 4
              }
            },
            {
              "batter": "MJ Paterlini",
              "bowler": "Moazzam Imtiaz",
              "non_striker": "LM Paterlini",
              "runs": {
                "batter": 1,
                "extras": 0,
                "total": 1
              }
            },
            {
              "batter": "LM Paterlini",
              "bowler": "Moazzam Imtiaz",
              "non_striker": "MJ Paterlini",
              "runs": {
                "batter": 1,
                "extras": 0,
                "total": 1
              }
            },
            {
              "batter": "MJ Paterlini",
              "bowler": "Moazzam Imtiaz",
              "non_striker": "LM Paterlini",
              "runs": {
                "batter": 0,
                "extras": 0,
                "total": 0
              }
            },
            {
              "batter": "MJ Paterlini",
              "bowler": "Moazzam Imtiaz",
              "extras": {
                "noballs": 1
              },
              "non_striker": "LM Paterlini",
              "runs": {
                "batter": 1,
                "extras": 1,
                "total": 2
              }
            },
            {
              "batter": "LM Paterlini",
              "bowler": "Moazzam Imtiaz",
              "non_striker": "MJ Paterlini",
              "runs": {
                "batter": 1,
                "extras": 0,
                "total": 1
              }
            },
            {
              "batter": "MJ Paterlini",
              "bowler": "Moazzam Imtiaz",
              "non_striker": "LM Paterlini",
              "runs": {
                "batter": 0,
                "extras": 0,
                "total": 0
              }
            }
          ]
        },
        {
          "over": 2,
          "deliveries": [
            {
              "batter": "LM Paterlini",
              "bowler": "TP Allen",
              "non_striker": "MJ Paterlini",
              "runs": {
                "batter": 0,
                "extras": 0,
                "total": 0
              }
            },
            {
              "batter": "LM Paterlini",
              "bowler": "TP Allen",
              "non_striker": "MJ Paterlini",
              "runs": {
                "batter": 0,
                "extras": 0,
                "total": 0
              }
            },
            {
              "batter": "LM Paterlini",
              "bowler": "TP Allen",
              "non_striker": "MJ Paterlini",
              "runs": {
                "batter": 0,
                "extras": 0,
                "total": 0
              }
            },
            {
              "batter": "LM Paterlini",
              "bowler": "TP Allen",
              "non_striker": "MJ Paterlini",
              "runs": {
                "batter": 0,
                "extras": 0,
                "total": 0
              }
            },
            {
              "batter": "LM Paterlini",
              "bowler": "TP Allen",
              "non_striker": "MJ Paterlini",
              "runs": {
                "batter": 4,
                "extras": 0,
                "total": 4
              }
            },
            {
              "batter": "LM Paterlini",
              "bowler": "TP Allen",
              "non_striker": "MJ Paterlini",
              "runs": {
                "batter": 1,
                "extras": 0,
                "total": 1
              }
            }
          ]
        },
        {
          "over": 3,
          "deliveries": [
            {
              "batter": "LM Paterlini",
              "bowler": "Moazzam Imtiaz",
              "non_striker": "MJ Paterlini",
              "runs": {
                "batter": 0,
                "extras": 0,
                "total": 0
              }
            },
            {
              "batter": "LM Paterlini",
              "bowler": "Moazzam Imtiaz",
              "non_striker": "MJ Paterlini",
              "runs": {
                "batter": 0,
                "extras": 0,
                "total": 0
              }
            },
            {
              "batter": "LM Paterlini",
              "bowler": "Moazzam Imtiaz",
              "non_striker": "MJ Paterlini",
              "runs": {
                "batter": 0,
                "extras": 0,
                "total": 0
              },
              "wickets": [
                {
                  "player_out": "LM Paterlini",
                  "fielders": [
                    {
                      "name": "A Mehdi"
                    }
                  ],
                  "kind": "stumped"
                }
              ]
            },
            {
              "batter": "AG Dugmore",
              "bowler": "Moazzam Imtiaz",
              "non_striker": "MJ Paterlini",
              "runs": {
                "batter": 0,
                "extras": 0,
                "total": 0
              }
            },
            {
              "batter": "AG Dugmore",
              "bowler": "Moazzam Imtiaz",
              "non_striker": "MJ Paterlini",
              "runs": {
                "batter": 4,
                "extras": 0,
                "total": 4
              }
            },
            {
              "batter": "AG Dugmore",
              "bowler": "Moazzam Imtiaz",
              "non_striker": "MJ Paterlini",
              "runs": {
                "batter": 1,
                "extras": 0,
                "total": 1
              }
            }
          ]
        },
        {
          "over": 4,
          "deliveries": [
            {
              "batter": "AG Dugmore",
              "bowler": "TP Allen",
              "non_striker": "MJ Paterlini",
              "runs": {
                "batter": 0,
                "extras": 0,
                "total": 0
              }
            },
            {
              "batter": "AG Dugmore",
              "bowler": "TP Allen",
              "non_striker": "MJ Paterlini",
              "runs": {
                "batter": 4,
                "extras": 0,
                "total": 4
              }
            },
            {
              "batter": "AG Dugmore",
              "bowler": "TP Allen",
              "non_striker": "MJ Paterlini",
              "runs": {
                "batter": 0,
                "extras": 0,
                "total": 0
              }
            },
            {
              "batter": "AG Dugmore",
              "bowler": "TP Allen",
              "non_striker": "MJ Paterlini",
              "runs": {
                "batter": 0,
                "extras": 0,
                "total": 0
              }
            },
            {
              "batter": "AG Dugmore",
              "bowler": "TP Allen",
              "non_striker": "MJ Paterlini",
              "runs": {
                "batter": 4,
                "extras": 0,
                "total": 4
              }
            },
            {
              "batter": "AG Dugmore",
              "bowler": "TP Allen",
              "non_striker": "MJ Paterlini",
              "runs": {
                "batter": 2,
                "extras": 0,
                "total": 2
              }
            }
          ]
        },
        {
          "over": 5,
          "deliveries": [
            {
              "batter": "MJ Paterlini",
              "bowler": "OM Baker",
              "non_striker": "AG Dugmore",
              "runs": {
                "batter": 1,
                "extras": 0,
                "total": 1
              }
            },
            {
              "batter": "AG Dugmore",
              "bowler": "OM Baker",
              "non_striker": "MJ Paterlini",
              "runs": {
                "batter": 1,
                "extras": 0,
                "total": 1
              }
            },
            {
              "batter": "MJ Paterlini",
              "bowler": "OM Baker",
              "non_striker": "AG Dugmore",
              "runs": {
                "batter": 1,
                "extras": 0,
                "total": 1
              }
            },
            {
              "batter": "AG Dugmore",
              "bowler": "OM Baker",
              "non_striker": "MJ Paterlini",
              "runs": {
                "batter": 1,
                "extras": 0,
                "total": 1
              }
            },
            {
              "batter": "MJ Paterlini",
              "bowler": "OM Baker",
              "non_striker": "AG Dugmore",
              "runs": {
                "batter": 1,
                "extras": 0,
                "total": 1
              }
            },
            {
              "batter": "AG Dugmore",
              "bowler": "OM Baker",
              "non_striker": "MJ Paterlini",
              "runs": {
                "batter": 1,
                "extras": 0,
                "total": 1
              }
            }
          ]
        },
        {
          "over": 6,
          "deliveries": [
            {
              "batter": "AG Dugmore",
              "bowler": "Muhammad Ghous",
              "non_striker": "MJ Paterlini",
              "runs": {
                "batter": 0,
                "extras": 0,
                "total": 0
              }
            },
            {
              "batter": "AG Dugmore",
              "bowler": "Muhammad Ghous",
              "non_striker": "MJ Paterlini",
              "runs": {
                "batter": 1,
                "extras": 0,
                "total": 1
              }
            },
            {
              "batter": "MJ Paterlini",
              "bowler": "Muhammad Ghous",
              "non_striker": "AG Dugmore",
              "runs": {
                "batter": 1,
                "extras": 0,
                "total": 1
              }
            },
            {
              "batter": "AG Dugmore",
              "bowler": "Muhammad Ghous",
              "non_striker": "MJ Paterlini",
              "runs": {
                "batter": 0,
                "extras": 0,
                "total": 0
              }
            },
            {
              "batter": "AG Dugmore",
              "bowler": "Muhammad Ghous",
              "non_striker": "MJ Paterlini",
              "runs": {
                "batter": 1,
                "extras": 0,
                "total": 1
              }
            },
            {
              "batter": "MJ Paterlini",
              "bowler": "Muhammad Ghous",
              "non_striker": "AG Dugmore",
              "runs": {
                "batter": 4,
                "extras": 0,
                "total": 4
              }
            }
          ]
        },
        {
          "over": 7,
          "deliveries": [
            {
              "batter": "AG Dugmore",
              "bowler": "OM Baker",
              "non_striker": "MJ Paterlini",
              "runs": {
                "batter": 6,
                "extras": 0,
                "total": 6
              }
            },
            {
              "batter": "AG Dugmore",
              "bowler": "OM Baker",
              "non_striker": "MJ Paterlini",
              "runs": {
                "batter": 1,
                "extras": 0,
                "total": 1
              }
            },
            {
              "batter": "MJ Paterlini",
              "bowler": "OM Baker",
              "non_striker": "AG Dugmore",
              "runs": {
                "batter": 0,
                "extras": 0,
                "total": 0
              }
            },
            {
              "batter": "MJ Paterlini",
              "bowler": "OM Baker",
              "non_striker": "AG Dugmore",
              "runs": {
                "batter": 4,
                "extras": 0,
                "total": 4
              }
            },
            {
              "batter": "MJ Paterlini",
              "bowler": "OM Baker",
              "non_striker": "AG Dugmore",
              "runs": {
                "batter": 1,
                "extras": 0,
                "total": 1
              }
            },
            {
              "batter": "AG Dugmore",
              "bowler": "OM Baker",
              "non_striker": "MJ Paterlini",
              "runs": {
                "batter": 0,
                "extras": 0,
                "total": 0
              }
            }
          ]
        },
        {
          "over": 8,
          "deliveries": [
            {
              "batter": "MJ Paterlini",
              "bowler": "Muhammad Ghous",
              "non_striker": "AG Dugmore",
              "runs": {
                "batter": 0,
                "extras": 0,
                "total": 0
              }
            },
            {
              "batter": "MJ Paterlini",
              "bowler": "Muhammad Ghous",
              "non_striker": "AG Dugmore",
              "runs": {
                "batter": 1,
                "extras": 0,
                "total": 1
              }
            },
            {
              "batter": "AG Dugmore",
              "bowler": "Muhammad Ghous",
              "non_striker": "MJ Paterlini",
              "runs": {
                "batter": 4,
                "extras": 0,
                "total": 4
              }
            },
            {
              "batter": "AG Dugmore",
              "bowler": "Muhammad Ghous",
              "non_striker": "MJ Paterlini",
              "runs": {
                "batter": 1,
                "extras": 0,
                "total": 1
              }
            },
            {
              "batter": "MJ Paterlini",
              "bowler": "Muhammad Ghous",
              "non_striker": "AG Dugmore",
              "runs": {
                "batter": 0,
                "extras": 0,
                "total": 0
              },
              "wickets": [
                {
                  "player_out": "MJ Paterlini",
                  "kind": "bowled"
                }
              ]
            },
            {
              "batter": "T Francis",
              "bowler": "Muhammad Ghous",
              "non_striker": "AG Dugmore",
              "runs": {
                "batter": 0,
                "extras": 0,
                "total": 0
              }
            }
          ]
        },
        {
          "over": 9,
          "deliveries": [
            {
              "batter": "AG Dugmore",
              "bowler": "LJ Cush",
              "non_striker": "T Francis",
              "runs": {
                "batter": 2,
                "extras": 0,
                "total": 2
              }
            },
            {
              "batter": "AG Dugmore",
              "bowler": "LJ Cush",
              "non_striker": "T Francis",
              "runs": {
                "batter": 4,
                "extras": 0,
                "total": 4
              }
            },
            {
              "batter": "AG Dugmore",
              "bowler": "LJ Cush",
              "non_striker": "T Francis",
              "runs": {
                "batter": 0,
                "extras": 0,
                "total": 0
              }
            },
            {
              "batter": "AG Dugmore",
              "bowler": "LJ Cush",
              "non_striker": "T Francis",
              "runs": {
                "batter": 1,
                "extras": 0,
                "total": 1
              }
            },
            {
              "batter": "T Francis",
              "bowler": "LJ Cush",
              "non_striker": "AG Dugmore",
              "runs": {
                "batter": 0,
                "extras": 0,
                "total": 0
              }
            },
            {
              "batter": "T Francis",
              "bowler": "LJ Cush",
              "non_striker": "AG Dugmore",
              "runs": {
                "batter": 0,
                "extras": 0,
                "total": 0
              }
            }
          ]
        },
        {
          "over": 10,
          "deliveries": [
            {
              "batter": "AG Dugmore",
              "bowler": "Muhammad Ghous",
              "non_striker": "T Francis",
              "runs": {
                "batter": 6,
                "extras": 0,
                "total": 6
              }
            },
            {
              "batter": "AG Dugmore",
              "bowler": "Muhammad Ghous",
              "non_striker": "T Francis",
              "runs": {
                "batter": 4,
                "extras": 0,
                "total": 4
              }
            },
            {
              "batter": "AG Dugmore",
              "bowler": "Muhammad Ghous",
              "non_striker": "T Francis",
              "runs": {
                "batter": 0,
                "extras": 0,
                "total": 0
              }
            },
            {
              "batter": "AG Dugmore",
              "bowler": "Muhammad Ghous",
              "non_striker": "T Francis",
              "runs": {
                "batter": 0,
                "extras": 0,
                "total": 0
              }
            },
            {
              "batter": "AG Dugmore",
              "bowler": "Muhammad Ghous",
              "non_striker": "T Francis",
              "runs": {
                "batter": 0,
                "extras": 0,
                "total": 0
              }
            },
            {
              "batter": "AG Dugmore",
              "bowler": "Muhammad Ghous",
              "non_striker": "T Francis",
              "runs": {
                "batter": 1,
                "extras": 0,
                "total": 1
              }
            }
          ]
        },
        {
          "over": 11,
          "deliveries": [
            {
              "batter": "AG Dugmore",
              "bowler": "LJ Cush",
              "non_striker": "T Francis",
              "runs": {
                "batter": 6,
                "extras": 0,
                "total": 6
              }
            },
            {
              "batter": "AG Dugmore",
              "bowler": "LJ Cush",
              "non_striker": "T Francis",
              "runs": {
                "batter": 6,
                "extras": 0,
                "total": 6
              }
            },
            {
              "batter": "AG Dugmore",
              "bowler": "LJ Cush",
              "non_striker": "T Francis",
              "runs": {
                "batter": 6,
                "extras": 0,
                "total": 6
              }
            },
            {
              "batter": "AG Dugmore",
              "bowler": "LJ Cush",
              "non_striker": "T Francis",
              "runs": {
                "batter": 0,
                "extras": 0,
                "total": 0
              },
              "wickets": [
                {
                  "player_out": "AG Dugmore",
                  "fielders": [
                    {
                      "name": "RA Marshall"
                    }
                  ],
                  "kind": "caught"
                }
              ]
            },
            {
              "batter": "T Francis",
              "bowler": "LJ Cush",
              "non_striker": "D Forrester",
              "runs": {
                "batter": 1,
                "extras": 0,
                "total": 1
              }
            },
            {
              "batter": "D Forrester",
              "bowler": "LJ Cush",
              "non_striker": "T Francis",
              "runs": {
                "batter": 1,
                "extras": 0,
                "total": 1
              }
            }
          ]
        },
        {
          "over": 12,
          "deliveries": [
            {
              "batter": "D Forrester",
              "bowler": "SJ Massiah",
              "non_striker": "T Francis",
              "runs": {
                "batter": 0,
                "extras": 0,
                "total": 0
              }
            },
            {
              "batter": "D Forrester",
              "bowler": "SJ Massiah",
              "non_striker": "T Francis",
              "runs": {
                "batter": 1,
                "extras": 0,
                "total": 1
              }
            },
            {
              "batter": "T Francis",
              "bowler": "SJ Massiah",
              "non_striker": "D Forrester",
              "runs": {
                "batter": 1,
                "extras": 0,
                "total": 1
              }
            },
            {
              "batter": "D Forrester",
              "bowler": "SJ Massiah",
              "non_striker": "T Francis",
              "runs": {
                "batter": 4,
                "extras": 0,
                "total": 4
              }
            },
            {
              "batter": "D Forrester",
              "bowler": "SJ Massiah",
              "non_striker": "T Francis",
              "runs": {
                "batter": 0,
                "extras": 0,
                "total": 0
              }
            },
            {
              "batter": "D Forrester",
              "bowler": "SJ Massiah",
              "non_striker": "T Francis",
              "runs": {
                "batter": 4,
                "extras": 0,
                "total": 4
              }
            }
          ]
        },
        {
          "over": 13,
          "deliveries": [
            {
              "batter": "T Francis",
              "bowler": "LJ Cush",
              "non_striker": "D Forrester",
              "runs": {
                "batter": 0,
                "extras": 0,
                "total": 0
              }
            },
            {
              "batter": "T Francis",
              "bowler": "LJ Cush",
              "non_striker": "D Forrester",
              "runs": {
                "batter": 6,
                "extras": 0,
                "total": 6
              }
            },
            {
              "batter": "T Francis",
              "bowler": "LJ Cush",
              "non_striker": "D Forrester",
              "runs": {
                "batter": 1,
                "extras": 0,
                "total": 1
              }
            },
            {
              "batter": "D Forrester",
              "bowler": "LJ Cush",
              "non_striker": "T Francis",
              "runs": {
                "batter": 0,
                "extras": 0,
                "total": 0
              }
            },
            {
              "batter": "D Forrester",
              "bowler": "LJ Cush",
              "non_striker": "T Francis",
              "runs": {
                "batter": 1,
                "extras": 0,
                "total": 1
              }
            },
            {
              "batter": "T Francis",
              "bowler": "LJ Cush",
              "non_striker": "D Forrester",
              "runs": {
                "batter": 1,
                "extras": 0,
                "total": 1
              }
            }
          ]
        },
        {
          "over": 14,
          "deliveries": [
            {
              "batter": "T Francis",
              "bowler": "SJ Massiah",
              "non_striker": "D Forrester",
              "runs": {
                "batter": 4,
                "extras": 0,
                "total": 4
              }
            },
            {
              "batter": "T Francis",
              "bowler": "SJ Massiah",
              "non_striker": "D Forrester",
              "runs": {
                "batter": 1,
                "extras": 0,
                "total": 1
              }
            },
            {
              "batter": "D Forrester",
              "bowler": "SJ Massiah",
              "non_striker": "T Francis",
              "runs": {
                "batter": 6,
                "extras": 0,
                "total": 6
              }
            },
            {
              "batter": "D Forrester",
              "bowler": "SJ Massiah",
              "non_striker": "T Francis",
              "runs": {
                "batter": 1,
                "extras": 0,
                "total": 1
              }
            },
            {
              "batter": "T Francis",
              "bowler": "SJ Massiah",
              "extras": {
                "legbyes": 1
              },
              "non_striker": "D Forrester",
              "runs": {
                "batter": 0,
                "extras": 1,
                "total": 1
              }
            },
            {
              "batter": "D Forrester",
              "bowler": "SJ Massiah",
              "non_striker": "T Francis",
              "runs": {
                "batter": 0,
                "extras": 0,
                "total": 0
              }
            }
          ]
        },
        {
          "over": 15,
          "deliveries": [
            {
              "batter": "T Francis",
              "bowler": "OM Baker",
              "non_striker": "D Forrester",
              "runs": {
                "batter": 1,
                "extras": 0,
                "total": 1
              }
            },
            {
              "batter": "D Forrester",
              "bowler": "OM Baker",
              "non_striker": "T Francis",
              "runs": {
                "batter": 0,
                "extras": 0,
                "total": 0
              }
            },
            {
              "batter": "D Forrester",
              "bowler": "OM Baker",
              "non_striker": "T Francis",
              "runs": {
                "batter": 1,
                "extras": 0,
                "total": 1
              }
            },
            {
              "batter": "T Francis",
              "bowler": "OM Baker",
              "non_striker": "D Forrester",
              "runs": {
                "batter": 2,
                "extras": 0,
                "total": 2
              }
            },
            {
              "batter": "T Francis",
              "bowler": "OM Baker",
              "non_striker": "D Forrester",
              "runs": {
                "batter": 4,
                "extras": 0,
                "total": 4
              }
            },
            {
              "batter": "T Francis",
              "bowler": "OM Baker",
              "non_striker": "D Forrester",
              "runs": {
                "batter": 6,
                "extras": 0,
                "total": 6
              }
            }
          ]
        },
        {
          "over": 16,
          "deliveries": [
            {
              "batter": "D Forrester",
              "bowler": "Muhammad Ghous",
              "extras": {
                "wides": 1
              },
              "non_striker": "T Francis",
              "runs": {
                "batter": 0,
                "extras": 1,
                "total": 1
              }
            },
            {
              "batter": "D Forrester",
              "bowler": "Muhammad Ghous",
              "non_striker": "T Francis",
              "runs": {
                "batter": 6,
                "extras": 0,
                "total": 6
              }
            },
            {
              "batter": "D Forrester",
              "bowler": "Muhammad Ghous",
              "non_striker": "T Francis",
              "runs": {
                "batter": 6,
                "extras": 0,
                "total": 6
              }
            },
            {
              "batter": "D Forrester",
              "bowler": "Muhammad Ghous",
              "non_striker": "T Francis",
              "runs": {
                "batter": 1,
                "extras": 0,
                "total": 1
              }
            },
            {
              "batter": "T Francis",
              "bowler": "Muhammad Ghous",
              "non_striker": "D Forrester",
              "runs": {
                "batter": 0,
                "extras": 0,
                "total": 0
              }
            },
            {
              "batter": "T Francis",
              "bowler": "Muhammad Ghous",
              "non_striker": "D Forrester",
              "runs": {
                "batter": 1,
                "extras": 0,
                "total": 1
              }
            },
            {
              "batter": "D Forrester",
              "bowler": "Muhammad Ghous",
              "non_striker": "T Francis",
              "runs": {
                "batter": 0,
                "extras": 0,
                "total": 0
              },
              "wickets": [
                {
                  "player_out": "D Forrester",
                  "fielders": [
                    {
                      "name": "TP Allen"
                    }
                  ],
                  "kind": "caught"
                }
              ]
            }
          ]
        },
        {
          "over": 17,
          "deliveries": [
            {
              "batter": "A Ferguson",
              "bowler": "SJ Massiah",
              "non_striker": "T Francis",
              "runs": {
                "batter": 0,
                "extras": 0,
                "total": 0
              }
            },
            {
              "batter": "A Ferguson",
              "bowler": "SJ Massiah",
              "non_striker": "T Francis",
              "runs": {
                "batter": 0,
                "extras": 0,
                "total": 0
              },
              "wickets": [
                {
                  "player_out": "A Ferguson",
                  "kind": "bowled"
                }
              ]
            },
            {
              "batter": "RM Siri",
              "bowler": "SJ Massiah",
              "non_striker": "T Francis",
              "runs": {
                "batter": 0,
                "extras": 0,
                "total": 0
              }
            },
            {
              "batter": "RM Siri",
              "bowler": "SJ Massiah",
              "non_striker": "T Francis",
              "runs": {
                "batter": 1,
                "extras": 0,
                "total": 1
              }
            },
            {
              "batter": "T Francis",
              "bowler": "SJ Massiah",
              "extras": {
                "legbyes": 2
              },
              "non_striker": "RM Siri",
              "runs": {
                "batter": 0,
                "extras": 2,
                "total": 2
              }
            },
            {
              "batter": "T Francis",
              "bowler": "SJ Massiah",
              "non_striker": "RM Siri",
              "runs": {
                "batter": 0,
                "extras": 0,
                "total": 0
              }
            }
          ]
        },
        {
          "over": 18,
          "deliveries": [
            {
              "batter": "RM Siri",
              "bowler": "TP Allen",
              "non_striker": "T Francis",
              "runs": {
                "batter": 0,
                "extras": 0,
                "total": 0
              }
            },
            {
              "batter": "RM Siri",
              "bowler": "TP Allen",
              "non_striker": "T Francis",
              "runs": {
                "batter": 1,
                "extras": 0,
                "total": 1
              }
            },
            {
              "batter": "T Francis",
              "bowler": "TP Allen",
              "extras": {
                "legbyes": 1
              },
              "non_striker": "RM Siri",
              "runs": {
                "batter": 0,
                "extras": 1,
                "total": 1
              }
            },
            {
              "batter": "RM Siri",
              "bowler": "TP Allen",
              "non_striker": "T Francis",
              "runs": {
                "batter": 1,
                "extras": 0,
                "total": 1
              }
            },
            {
              "batter": "T Francis",
              "bowler": "TP Allen",
              "non_striker": "RM Siri",
              "runs": {
                "batter": 0,
                "extras": 0,
                "total": 0
              }
            },
            {
              "batter": "T Francis",
              "bowler": "TP Allen",
              "non_striker": "RM Siri",
              "runs": {
                "batter": 6,
                "extras": 0,
                "total": 6
              }
            }
          ]
        },
        {
          "over": 19,
          "deliveries": [
            {
              "batter": "RM Siri",
              "bowler": "SJ Massiah",
              "non_striker": "T Francis",
              "runs": {
                "batter": 2,
                "extras": 0,
                "total": 2
              }
            },
            {
              "batter": "RM Siri",
              "bowler": "SJ Massiah",
              "non_striker": "T Francis",
              "runs": {
                "batter": 1,
                "extras": 0,
                "total": 1
              }
            },
            {
              "batter": "T Francis",
              "bowler": "SJ Massiah",
              "non_striker": "RM Siri",
              "runs": {
                "batter": 0,
                "extras": 0,
                "total": 0
              },
              "wickets": [
                {
                  "player_out": "T Francis",
                  "fielders": [
                    {
                      "name": "SS Nadkarni"
                    }
                  ],
                  "kind": "caught"
                }
              ]
            },
            {
              "batter": "RM Siri",
              "bowler": "SJ Massiah",
              "non_striker": "A Tissera",
              "runs": {
                "batter": 1,
                "extras": 0,
                "total": 1
              }
            },
            {
              "batter": "A Tissera",
              "bowler": "SJ Massiah",
              "non_striker": "RM Siri",
              "runs": {
                "batter": 1,
                "extras": 0,
                "total": 1
              }
            },
            {
              "batter": "RM Siri",
              "bowler": "SJ Massiah",
              "non_striker": "A Tissera",
              "runs": {
                "batter": 6,
                "extras": 0,
                "total": 6
              }
            }
          ]
        }
      ],
      "powerplays": [
        {
          "from": 0.1,
          "to": 5.6,
          "type": "mandatory"
        }
      ]
    },
    {
      "team": "United States of America",
      "overs": [
        {
          "over": 0,
          "deliveries": [
            {
              "batter": "SS Nadkarni",
              "bowler": "GJ Savage",
              "non_striker": "CD Wright",
              "runs": {
                "batter": 1,
                "extras": 0,
                "total": 1
              }
            },
            {
              "batter": "CD Wright",
              "bowler": "GJ Savage",
              "non_striker": "SS Nadkarni",
              "runs": {
                "batter": 2,
                "extras": 0,
                "total": 2
              }
            },
            {
              "batter": "CD Wright",
              "bowler": "GJ Savage",
              "non_striker": "SS Nadkarni",
              "runs": {
                "batter": 4,
                "extras": 0,
                "total": 4
              }
            },
            {
              "batter": "CD Wright",
              "bowler": "GJ Savage",
              "non_striker": "SS Nadkarni",
              "runs": {
                "batter": 0,
                "extras": 0,
                "total": 0
              }
            },
            {
              "batter": "CD Wright",
              "bowler": "GJ Savage",
              "non_striker": "SS Nadkarni",
              "runs": {
                "batter": 6,
                "extras": 0,
                "total": 6
              }
            },
            {
              "batter": "CD Wright",
              "bowler": "GJ Savage",
              "extras": {
                "wides": 1
              },
              "non_striker": "SS Nadkarni",
              "runs": {
                "batter": 0,
                "extras": 1,
                "total": 1
              }
            },
            {
              "batter": "CD Wright",
              "bowler": "GJ Savage",
              "non_striker": "SS Nadkarni",
              "runs": {
                "batter": 4,
                "extras": 0,
                "total": 4
              }
            }
          ]
        },
        {
          "over": 1,
          "deliveries": [
            {
              "batter": "SS Nadkarni",
              "bowler": "LM Paterlini",
              "non_striker": "CD Wright",
              "runs": {
                "batter": 0,
                "extras": 0,
                "total": 0
              }
            },
            {
              "batter": "SS Nadkarni",
              "bowler": "LM Paterlini",
              "non_striker": "CD Wright",
              "runs": {
                "batter": 1,
                "extras": 0,
                "total": 1
              }
            },
            {
              "batter": "CD Wright",
              "bowler": "LM Paterlini",
              "non_striker": "SS Nadkarni",
              "runs": {
                "batter": 0,
                "extras": 0,
                "total": 0
              }
            },
            {
              "batter": "CD Wright",
              "bowler": "LM Paterlini",
              "non_striker": "SS Nadkarni",
              "runs": {
                "batter": 1,
                "extras": 0,
                "total": 1
              }
            },
            {
              "batter": "SS Nadkarni",
              "bowler": "LM Paterlini",
              "non_striker": "CD Wright",
              "runs": {
                "batter": 0,
                "extras": 0,
                "total": 0
              }
            },
            {
              "batter": "SS Nadkarni",
              "bowler": "LM Paterlini",
              "non_striker": "CD Wright",
              "runs": {
                "batter": 4,
                "extras": 0,
                "total": 4
              }
            }
          ]
        },
        {
          "over": 2,
          "deliveries": [
            {
              "batter": "CD Wright",
              "bowler": "GJ Savage",
              "non_striker": "SS Nadkarni",
              "runs": {
                "batter": 0,
                "extras": 0,
                "total": 0
              }
            },
            {
              "batter": "CD Wright",
              "bowler": "GJ Savage",
              "non_striker": "SS Nadkarni",
              "runs": {
                "batter": 0,
                "extras": 0,
                "total": 0
              },
              "wickets": [
                {
                  "player_out": "CD Wright",
                  "kind": "bowled"
                }
              ]
            },
            {
              "batter": "LJ Cush",
              "bowler": "GJ Savage",
              "non_striker": "SS Nadkarni",
              "runs": {
                "batter": 0,
                "extras": 0,
                "total": 0
              }
            },
            {
              "batter": "LJ Cush",
              "bowler": "GJ Savage",
              "non_striker": "SS Nadkarni",
              "runs": {
                "batter": 0,
                "extras": 0,
                "total": 0
              }
            },
            {
              "batter": "LJ Cush",
              "bowler": "GJ Savage",
              "non_striker": "SS Nadkarni",
              "runs": {
                "batter": 1,
                "extras": 0,
                "total": 1
              }
            },
            {
              "batter": "SS Nadkarni",
              "bowler": "GJ Savage",
              "non_striker": "LJ Cush",
              "runs": {
                "batter": 0,
                "extras": 0,
                "total": 0
              }
            }
          ]
        },
        {
          "over": 3,
          "deliveries": [
            {
              "batter": "LJ Cush",
              "bowler": "LM Paterlini",
              "non_striker": "SS Nadkarni",
              "runs": {
                "batter": 1,
                "extras": 0,
                "total": 1
              }
            },
            {
              "batter": "SS Nadkarni",
              "bowler": "LM Paterlini",
              "non_striker": "LJ Cush",
              "runs": {
                "batter": 1,
                "extras": 0,
                "total": 1
              }
            },
            {
              "batter": "LJ Cush",
              "bowler": "LM Paterlini",
              "non_striker": "SS Nadkarni",
              "runs": {
                "batter": 0,
                "extras": 0,
                "total": 0
              }
            },
            {
              "batter": "LJ Cush",
              "bowler": "LM Paterlini",
              "non_striker": "SS Nadkarni",
              "runs": {
                "batter": 0,
                "extras": 0,
                "total": 0
              }
            },
            {
              "batter": "LJ Cush",
              "bowler": "LM Paterlini",
              "non_striker": "SS Nadkarni",
              "runs": {
                "batter": 4,
                "extras": 0,
                "total": 4
              }
            },
            {
              "batter": "LJ Cush",
              "bowler": "LM Paterlini",
              "non_striker": "SS Nadkarni",
              "runs": {
                "batter": 1,
                "extras": 0,
                "total": 1
              }
            }
          ]
        },
        {
          "over": 4,
          "deliveries": [
            {
              "batter": "LJ Cush",
              "bowler": "GJ Savage",
              "non_striker": "SS Nadkarni",
              "runs": {
                "batter": 4,
                "extras": 0,
                "total": 4
              }
            },
            {
              "batter": "LJ Cush",
              "bowler": "GJ Savage",
              "non_striker": "SS Nadkarni",
              "runs": {
                "batter": 0,
                "extras": 0,
                "total": 0
              }
            },
            {
              "batter": "LJ Cush",
              "bowler": "GJ Savage",
              "non_striker": "SS Nadkarni",
              "runs": {
                "batter": 4,
                "extras": 0,
                "total": 4
              }
            },
            {
              "batter": "LJ Cush",
              "bowler": "GJ Savage",
              "non_striker": "SS Nadkarni",
              "runs": {
                "batter": 0,
                "extras": 0,
                "total": 0
              }
            },
            {
              "batter": "LJ Cush",
              "bowler": "GJ Savage",
              "non_striker": "SS Nadkarni",
              "runs": {
                "batter": 0,
                "extras": 0,
                "total": 0
              },
              "wickets": [
                {
                  "player_out": "LJ Cush",
                  "fielders": [
                    {
                      "name": "RM Siri"
                    }
                  ],
                  "kind": "caught"
                }
              ]
            },
            {
              "batter": "SJ Massiah",
              "bowler": "GJ Savage",
              "non_striker": "SS Nadkarni",
              "runs": {
                "batter": 0,
                "extras": 0,
                "total": 0
              }
            }
          ]
        },
        {
          "over": 5,
          "deliveries": [
            {
              "batter": "SS Nadkarni",
              "bowler": "LM Paterlini",
              "non_striker": "SJ Massiah",
              "runs": {
                "batter": 6,
                "extras": 0,
                "total": 6
              }
            },
            {
              "batter": "SS Nadkarni",
              "bowler": "LM Paterlini",
              "non_striker": "SJ Massiah",
              "runs": {
                "batter": 4,
                "extras": 0,
                "total": 4
              }
            },
            {
              "batter": "SS Nadkarni",
              "bowler": "LM Paterlini",
              "non_striker": "SJ Massiah",
              "runs": {
                "batter": 0,
                "extras": 0,
                "total": 0
              }
            },
            {
              "batter": "SS Nadkarni",
              "bowler": "LM Paterlini",
              "non_striker": "SJ Massiah",
              "runs": {
                "batter": 1,
                "extras": 0,
                "total": 1
              }
            },
            {
              "batter": "SJ Massiah",
              "bowler": "LM Paterlini",
              "non_striker": "SS Nadkarni",
              "runs": {
                "batter": 0,
                "extras": 0,
                "total": 0
              },
              "wickets": [
                {
                  "player_out": "SJ Massiah",
                  "fielders": [
                    {
                      "name": "RM Siri"
                    }
                  ],
                  "kind": "caught"
                }
              ]
            },
            {
              "batter": "SS Nadkarni",
              "bowler": "LM Paterlini",
              "non_striker": "A Thyagarajan",
              "runs": {
                "batter": 1,
                "extras": 0,
                "total": 1
              }
            }
          ]
        },
        {
          "over": 6,
          "deliveries": [
            {
              "batter": "SS Nadkarni",
              "bowler": "A Tissera",
              "non_striker": "A Thyagarajan",
              "runs": {
                "batter": 6,
                "extras": 0,
                "total": 6
              }
            },
            {
              "batter": "SS Nadkarni",
              "bowler": "A Tissera",
              "non_striker": "A Thyagarajan",
              "runs": {
                "batter": 0,
                "extras": 0,
                "total": 0
              }
            },
            {
              "batter": "SS Nadkarni",
              "bowler": "A Tissera",
              "extras": {
                "wides": 1
              },
              "non_striker": "A Thyagarajan",
              "runs": {
                "batter": 0,
                "extras": 1,
                "total": 1
              }
            },
            {
              "batter": "SS Nadkarni",
              "bowler": "A Tissera",
              "extras": {
                "legbyes": 1
              },
              "non_striker": "A Thyagarajan",
              "runs": {
                "batter": 0,
                "extras": 1,
                "total": 1
              }
            },
            {
              "batter": "A Thyagarajan",
              "bowler": "A Tissera",
              "non_striker": "SS Nadkarni",
              "runs": {
                "batter": 1,
                "extras": 0,
                "total": 1
              }
            },
            {
              "batter": "SS Nadkarni",
              "bowler": "A Tissera",
              "non_striker": "A Thyagarajan",
              "runs": {
                "batter": 1,
                "extras": 0,
                "total": 1
              }
            },
            {
              "batter": "A Thyagarajan",
              "bowler": "A Tissera",
              "extras": {
                "wides": 2
              },
              "non_striker": "SS Nadkarni",
              "runs": {
                "batter": 0,
                "extras": 2,
                "total": 2
              }
            },
            {
              "batter": "SS Nadkarni",
              "bowler": "A Tissera",
              "non_striker": "A Thyagarajan",
              "runs": {
                "batter": 4,
                "extras": 0,
                "total": 4
              }
            }
          ]
        },
        {
          "over": 7,
          "deliveries": [
            {
              "batter": "A Thyagarajan",
              "bowler": "EA MacDermott",
              "non_striker": "SS Nadkarni",
              "runs": {
                "batter": 1,
                "extras": 0,
                "total": 1
              }
            },
            {
              "batter": "SS Nadkarni",
              "bowler": "EA MacDermott",
              "non_striker": "A Thyagarajan",
              "runs": {
                "batter": 1,
                "extras": 0,
                "total": 1
              }
            },
            {
              "batter": "A Thyagarajan",
              "bowler": "EA MacDermott",
              "non_striker": "SS Nadkarni",
              "runs": {
                "batter": 1,
                "extras": 0,
                "total": 1
              }
            },
            {
              "batter": "SS Nadkarni",
              "bowler": "EA MacDermott",
              "non_striker": "A Thyagarajan",
              "runs": {
                "batter": 0,
                "extras": 0,
                "total": 0
              }
            },
            {
              "batter": "SS Nadkarni",
              "bowler": "EA MacDermott",
              "non_striker": "A Thyagarajan",
              "runs": {
                "batter": 6,
                "extras": 0,
                "total": 6
              }
            },
            {
              "batter": "SS Nadkarni",
              "bowler": "EA MacDermott",
              "non_striker": "A Thyagarajan",
              "runs": {
                "batter": 1,
                "extras": 0,
                "total": 1
              }
            }
          ]
        },
        {
          "over": 8,
          "deliveries": [
            {
              "batter": "SS Nadkarni",
              "bowler": "A Tissera",
              "non_striker": "A Thyagarajan",
              "runs": {
                "batter": 4,
                "extras": 0,
                "total": 4
              }
            },
            {
              "batter": "SS Nadkarni",
              "bowler": "A Tissera",
              "non_striker": "A Thyagarajan",
              "runs": {
                "batter": 0,
                "extras": 0,
                "total": 0
              },
              "wickets": [
                {
                  "player_out": "SS Nadkarni",
                  "fielders": [
                    {
                      "name": "GJ Savage"
                    }
                  ],
                  "kind": "caught"
                }
              ]
            },
            {
              "batter": "A Thyagarajan",
              "bowler": "A Tissera",
              "non_striker": "A Mehdi",
              "runs": {
                "batter": 1,
                "extras": 0,
                "total": 1
              }
            },
            {
              "batter": "A Mehdi",
              "bowler": "A Tissera",
              "extras": {
                "wides": 1
              },
              "non_striker": "A Thyagarajan",
              "runs": {
                "batter": 0,
                "extras": 1,
                "total": 1
              }
            },
            {
              "batter": "A Mehdi",
              "bowler": "A Tissera",
              "extras": {
                "legbyes": 1
              },
              "non_striker": "A Thyagarajan",
              "runs": {
                "batter": 0,
                "extras": 1,
                "total": 1
              }
            },
            {
              "batter": "A Thyagarajan",
              "bowler": "A Tissera",
              "non_striker": "A Mehdi",
              "runs": {
                "batter": 0,
                "extras": 0,
                "total": 0
              }
            },
            {
              "batter": "A Thyagarajan",
              "bowler": "A Tissera",
              "extras": {
                "wides": 2
              },
              "non_striker": "A Mehdi",
              "runs": {
                "batter": 0,
                "extras": 2,
                "total": 2
              }
            },
            {
              "batter": "A Mehdi",
              "bowler": "A Tissera",
              "non_striker": "A Thyagarajan",
              "runs": {
                "batter": 1,
                "extras": 0,
                "total": 1
              }
            }
          ]
        },
        {
          "over": 9,
          "deliveries": [
            {
              "batter": "A Mehdi",
              "bowler": "EA MacDermott",
              "non_striker": "A Thyagarajan",
              "runs": {
                "batter": 0,
                "extras": 0,
                "total": 0
              }
            },
            {
              "batter": "A Mehdi",
              "bowler": "EA MacDermott",
              "non_striker": "A Thyagarajan",
              "runs": {
                "batter": 4,
                "extras": 0,
                "total": 4
              }
            },
            {
              "batter": "A Mehdi",
              "bowler": "EA MacDermott",
              "extras": {
                "wides": 1
              },
              "non_striker": "A Thyagarajan",
              "runs": {
                "batter": 0,
                "extras": 1,
                "total": 1
              }
            },
            {
              "batter": "A Mehdi",
              "bowler": "EA MacDermott",
              "non_striker": "A Thyagarajan",
              "runs": {
                "batter": 1,
                "extras": 0,
                "total": 1
              }
            },
            {
              "batter": "A Thyagarajan",
              "bowler": "EA MacDermott",
              "non_striker": "A Mehdi",
              "runs": {
                "batter": 1,
                "extras": 0,
                "total": 1
              }
            },
            {
              "batter": "A Mehdi",
              "bowler": "EA MacDermott",
              "non_striker": "A Thyagarajan",
              "runs": {
                "batter": 0,
                "extras": 0,
                "total": 0
              }
            },
            {
              "batter": "A Mehdi",
              "bowler": "EA MacDermott",
              "non_striker": "A Thyagarajan",
              "runs": {
                "batter": 4,
                "extras": 0,
                "total": 4
              }
            }
          ]
        },
        {
          "over": 10,
          "deliveries": [
            {
              "batter": "A Thyagarajan",
              "bowler": "A Tissera",
              "non_striker": "A Mehdi",
              "runs": {
                "batter": 1,
                "extras": 0,
                "total": 1
              }
            },
            {
              "batter": "A Mehdi",
              "bowler": "A Tissera",
              "non_striker": "A Thyagarajan",
              "runs": {
                "batter": 0,
                "extras": 0,
                "total": 0
              },
              "wickets": [
                {
                  "player_out": "A Mehdi",
                  "fielders": [
                    {
                      "name": "RM Siri"
                    }
                  ],
                  "kind": "caught"
                }
              ]
            },
            {
              "batter": "A Thyagarajan",
              "bowler": "A Tissera",
              "extras": {
                "wides": 1
              },
              "non_striker": "RA Marshall",
              "runs": {
                "batter": 0,
                "extras": 1,
                "total": 1
              },
              "wickets": [
                {
                  "player_out": "A Thyagarajan",
                  "fielders": [
                    {
                      "name": "A Ferguson"
                    }
                  ],
                  "kind": "stumped"
                }
              ]
            },
            {
              "batter": "OM Baker",
              "bowler": "A Tissera",
              "extras": {
                "legbyes": 1
              },
              "non_striker": "RA Marshall",
              "runs": {
                "batter": 0,
                "extras": 1,
                "total": 1
              }
            },
            {
              "batter": "RA Marshall",
              "bowler": "A Tissera",
              "non_striker": "OM Baker",
              "runs": {
                "batter": 1,
                "extras": 0,
                "total": 1
              }
            },
            {
              "batter": "OM Baker",
              "bowler": "A Tissera",
              "extras": {
                "wides": 1
              },
              "non_striker": "RA Marshall",
              "runs": {
                "batter": 0,
                "extras": 1,
                "total": 1
              }
            },
            {
              "batter": "OM Baker",
              "bowler": "A Tissera",
              "non_striker": "RA Marshall",
              "runs": {
                "batter": 1,
                "extras": 0,
                "total": 1
              }
            },
            {
              "batter": "RA Marshall",
              "bowler": "A Tissera",
              "non_striker": "OM Baker",
              "runs": {
                "batter": 0,
                "extras": 0,
                "total": 0
              },
              "wickets": [
                {
                  "player_out": "RA Marshall",
                  "fielders": [
                    {
                      "name": "EA MacDermott"
                    }
                  ],
                  "kind": "caught"
                }
              ]
            }
          ]
        },
        {
          "over": 11,
          "deliveries": [
            {
              "batter": "TP Allen",
              "bowler": "EA MacDermott",
              "non_striker": "OM Baker",
              "runs": {
                "batter": 1,
                "extras": 0,
                "total": 1
              }
            },
            {
              "batter": "OM Baker",
              "bowler": "EA MacDermott",
              "non_striker": "TP Allen",
              "runs": {
                "batter": 2,
                "extras": 0,
                "total": 2
              }
            },
            {
              "batter": "OM Baker",
              "bowler": "EA MacDermott",
              "non_striker": "TP Allen",
              "runs": {
                "batter": 1,
                "extras": 0,
                "total": 1
              }
            },
            {
              "batter": "TP Allen",
              "bowler": "EA MacDermott",
              "non_striker": "OM Baker",
              "runs": {
                "batter": 1,
                "extras": 0,
                "total": 1
              }
            },
            {
              "batter": "OM Baker",
              "bowler": "EA MacDermott",
              "non_striker": "TP Allen",
              "runs": {
                "batter": 1,
                "extras": 0,
                "total": 1
              }
            },
            {
              "batter": "TP Allen",
              "bowler": "EA MacDermott",
              "non_striker": "OM Baker",
              "runs": {
                "batter": 1,
                "extras": 0,
                "total": 1
              }
            }
          ]
        },
        {
          "over": 12,
          "deliveries": [
            {
              "batter": "TP Allen",
              "bowler": "A Tissera",
              "extras": {
                "noballs": 2
              },
              "non_striker": "OM Baker",
              "runs": {
                "batter": 0,
                "extras": 2,
                "total": 2
              }
            },
            {
              "batter": "OM Baker",
              "bowler": "A Tissera",
              "non_striker": "TP Allen",
              "runs": {
                "batter": 6,
                "extras": 0,
                "total": 6
              }
            },
            {
              "batter": "OM Baker",
              "bowler": "A Tissera",
              "non_striker": "TP Allen",
              "runs": {
                "batter": 4,
                "extras": 0,
                "total": 4
              }
            },
            {
              "batter": "OM Baker",
              "bowler": "A Tissera",
              "extras": {
                "wides": 1
              },
              "non_striker": "TP Allen",
              "runs": {
                "batter": 0,
                "extras": 1,
                "total": 1
              }
            },
            {
              "batter": "OM Baker",
              "bowler": "A Tissera",
              "non_striker": "TP Allen",
              "runs": {
                "batter": 1,
                "extras": 0,
                "total": 1
              }
            },
            {
              "batter": "TP Allen",
              "bowler": "A Tissera",
              "non_striker": "OM Baker",
              "runs": {
                "batter": 6,
                "extras": 0,
                "total": 6
              }
            },
            {
              "batter": "TP Allen",
              "bowler": "A Tissera",
              "extras": {
                "wides": 3
              },
              "non_striker": "OM Baker",
              "runs": {
                "batter": 0,
                "extras": 3,
                "total": 3
              }
            },
            {
              "batter": "TP Allen",
              "bowler": "A Tissera",
              "non_striker": "OM Baker",
              "runs": {
                "batter": 1,
                "extras": 0,
                "total": 1
              }
            },
            {
              "batter": "OM Baker",
              "bowler": "A Tissera",
              "non_striker": "TP Allen",
              "runs": {
                "batter": 1,
                "extras": 0,
                "total": 1
              }
            }
          ]
        },
        {
          "over": 13,
          "deliveries": [
            {
              "batter": "OM Baker",
              "bowler": "EA MacDermott",
              "extras": {
                "wides": 1
              },
              "non_striker": "TP Allen",
              "runs": {
                "batter": 0,
                "extras": 1,
                "total": 1
              }
            },
            {
              "batter": "OM Baker",
              "bowler": "EA MacDermott",
              "non_striker": "TP Allen",
              "runs": {
                "batter": 1,
                "extras": 0,
                "total": 1
              }
            },
            {
              "batter": "TP Allen",
              "bowler": "EA MacDermott",
              "extras": {
                "wides": 1
              },
              "non_striker": "OM Baker",
              "runs": {
                "batter": 0,
                "extras": 1,
                "total": 1
              }
            },
            {
              "batter": "TP Allen",
              "bowler": "EA MacDermott",
              "non_striker": "OM Baker",
              "runs": {
                "batter": 0,
                "extras": 0,
                "total": 0
              }
            },
            {
              "batter": "TP Allen",
              "bowler": "EA MacDermott",
              "non_striker": "OM Baker",
              "runs": {
                "batter": 0,
                "extras": 0,
                "total": 0
              }
            },
            {
              "batter": "TP Allen",
              "bowler": "EA MacDermott",
              "non_striker": "OM Baker",
              "runs": {
                "batter": 1,
                "extras": 0,
                "total": 1
              }
            },
            {
              "batter": "OM Baker",
              "bowler": "EA MacDermott",
              "non_striker": "TP Allen",
              "runs": {
                "batter": 0,
                "extras": 0,
                "total": 0
              }
            },
            {
              "batter": "OM Baker",
              "bowler": "EA MacDermott",
              "non_striker": "TP Allen",
              "runs": {
                "batter": 0,
                "extras": 0,
                "total": 0
              }
            }
          ]
        },
        {
          "over": 14,
          "deliveries": [
            {
              "batter": "TP Allen",
              "bowler": "AG Dugmore",
              "extras": {
                "noballs": 1
              },
              "non_striker": "OM Baker",
              "runs": {
                "batter": 2,
                "extras": 1,
                "total": 3
              }
            },
            {
              "batter": "TP Allen",
              "bowler": "AG Dugmore",
              "non_striker": "OM Baker",
              "runs": {
                "batter": 1,
                "extras": 0,
                "total": 1
              }
            },
            {
              "batter": "OM Baker",
              "bowler": "AG Dugmore",
              "non_striker": "TP Allen",
              "runs": {
                "batter": 1,
                "extras": 0,
                "total": 1
              }
            },
            {
              "batter": "TP Allen",
              "bowler": "AG Dugmore",
              "non_striker": "OM Baker",
              "runs": {
                "batter": 1,
                "extras": 0,
                "total": 1
              }
            },
            {
              "batter": "OM Baker",
              "bowler": "AG Dugmore",
              "non_striker": "TP Allen",
              "runs": {
                "batter": 1,
                "extras": 0,
                "total": 1
              }
            },
            {
              "batter": "TP Allen",
              "bowler": "AG Dugmore",
              "non_striker": "OM Baker",
              "runs": {
                "batter": 1,
                "extras": 0,
                "total": 1
              }
            },
            {
              "batter": "OM Baker",
              "bowler": "AG Dugmore",
              "non_striker": "TP Allen",
              "runs": {
                "batter": 0,
                "extras": 0,
                "total": 0
              }
            }
          ]
        },
        {
          "over": 15,
          "deliveries": [
            {
              "batter": "TP Allen",
              "bowler": "D Forrester",
              "non_striker": "OM Baker",
              "runs": {
                "batter": 1,
                "extras": 0,
                "total": 1
              }
            },
            {
              "batter": "OM Baker",
              "bowler": "D Forrester",
              "non_striker": "TP Allen",
              "runs": {
                "batter": 0,
                "extras": 0,
                "total": 0
              }
            },
            {
              "batter": "OM Baker",
              "bowler": "D Forrester",
              "non_striker": "TP Allen",
              "runs": {
                "batter": 1,
                "extras": 0,
                "total": 1
              }
            },
            {
              "batter": "TP Allen",
              "bowler": "D Forrester",
              "non_striker": "OM Baker",
              "runs": {
                "batter": 4,
                "extras": 0,
                "total": 4
              }
            },
            {
              "batter": "TP Allen",
              "bowler": "D Forrester",
              "non_striker": "OM Baker",
              "runs": {
                "batter": 6,
                "extras": 0,
                "total": 6
              }
            },
            {
              "batter": "TP Allen",
              "bowler": "D Forrester",
              "non_striker": "OM Baker",
              "runs": {
                "batter": 1,
                "extras": 0,
                "total": 1
              }
            }
          ]
        },
        {
          "over": 16,
          "deliveries": [
            {
              "batter": "TP Allen",
              "bowler": "GJ Savage",
              "non_striker": "OM Baker",
              "runs": {
                "batter": 2,
                "extras": 0,
                "total": 2
              }
            },
            {
              "batter": "TP Allen",
              "bowler": "GJ Savage",
              "non_striker": "OM Baker",
              "runs": {
                "batter": 1,
                "extras": 0,
                "total": 1
              }
            },
            {
              "batter": "OM Baker",
              "bowler": "GJ Savage",
              "non_striker": "TP Allen",
              "runs": {
                "batter": 2,
                "extras": 0,
                "total": 2
              }
            },
            {
              "batter": "OM Baker",
              "bowler": "GJ Savage",
              "extras": {
                "legbyes": 2
              },
              "non_striker": "TP Allen",
              "runs": {
                "batter": 0,
                "extras": 2,
                "total": 2
              }
            },
            {
              "batter": "OM Baker",
              "bowler": "GJ Savage",
              "non_striker": "TP Allen",
              "runs": {
                "batter": 1,
                "extras": 0,
                "total": 1
              }
            },
            {
              "batter": "TP Allen",
              "bowler": "GJ Savage",
              "non_striker": "OM Baker",
              "runs": {
                "batter": 1,
                "extras": 0,
                "total": 1
              }
            }
          ]
        },
        {
          "over": 17,
          "deliveries": [
            {
              "batter": "TP Allen",
              "bowler": "LM Paterlini",
              "extras": {
                "wides": 1
              },
              "non_striker": "OM Baker",
              "runs": {
                "batter": 0,
                "extras": 1,
                "total": 1
              }
            },
            {
              "batter": "TP Allen",
              "bowler": "LM Paterlini",
              "non_striker": "OM Baker",
              "runs": {
                "batter": 0,
                "extras": 0,
                "total": 0
              },
              "wickets": [
                {
                  "player_out": "TP Allen",
                  "kind": "lbw"
                }
              ]
            },
            {
              "batter": "Moazzam Imtiaz",
              "bowler": "LM Paterlini",
              "non_striker": "OM Baker",
              "runs": {
                "batter": 0,
                "extras": 0,
                "total": 0
              }
            },
            {
              "batter": "Moazzam Imtiaz",
              "bowler": "LM Paterlini",
              "non_striker": "OM Baker",
              "runs": {
                "batter": 4,
                "extras": 0,
                "total": 4
              }
            },
            {
              "batter": "Moazzam Imtiaz",
              "bowler": "LM Paterlini",
              "non_striker": "OM Baker",
              "runs": {
                "batter": 0,
                "extras": 0,
                "total": 0
              }
            },
            {
              "batter": "Moazzam Imtiaz",
              "bowler": "LM Paterlini",
              "non_striker": "OM Baker",
              "runs": {
                "batter": 4,
                "extras": 0,
                "total": 4
              }
            },
            {
              "batter": "Moazzam Imtiaz",
              "bowler": "LM Paterlini",
              "non_striker": "OM Baker",
              "runs": {
                "batter": 0,
                "extras": 0,
                "total": 0
              }
            }
          ]
        },
        {
          "over": 18,
          "deliveries": [
            {
              "batter": "OM Baker",
              "bowler": "AG Dugmore",
              "non_striker": "Moazzam Imtiaz",
              "runs": {
                "batter": 4,
                "extras": 0,
                "total": 4
              }
            }
          ]
        }
      ],
      "powerplays": [
        {
          "from": 0.1,
          "to": 5.6,
          "type": "mandatory"
        }
      ],
      "target": {
        "overs": 20,
        "runs": 184
      }
    }
  ]
}