{
  "meta": {
    "data_version": "1.0.0",
    "created": "2020-11-14",
    "revision": 1
  },
  "info": {
    "balls_per_over": 6,
    "city": "Hamilton",
    "dates": [
      "2010-06-06"
    ],
    "event": {
      "name": "ICC World Cricket League Americas Region Division One Twenty20",
      "stage": "Semi Final"
    },
    "gender": "male",
    "match_type": "IT20",
    "officials": {
      "match_referees": [
        "AFG Griffith"
      ],
      "tv_umpires": [
        "R Austin"
      ],
      "umpires": [
        "S Douglas",
        "C Young"
      ]
    },
    "outcome": {
      "winner": "United States of America",
      "by": {
        "wickets": 2
      }
    },
    "overs": 20,
    "player_of_match": [
      "LJ Cush"
    ],
    "players": {
      "Bermuda": [
        "CR Foggo",
        "S Rayner",
        "SD Outerbridge",
        "DL Hemp",
        "JJ Tucker",
        "IH Romaine",
        "RJ Trott",
        "J Gilbert",
        "K Tucker",
        "J West",
        "S Dill"
      ],
      "United States of America": [
        "SS Nadkarni",
        "LJ Cush",
        "SJ Massiah",
        "OM Baker",
        "CH Williams",
        "A Thyagarajan",
        "CD Wright",
        "RA Marshall",
        "TP Allen",
        "Muhammad Ghous",
        "A Gordon"
      ]
    },
    "registry": {
      "people": {
        "A Gordon": "898b09e8",
        "A Thyagarajan": "50717bc4",
        "AFG Griffith": "4d46eb96",
        "C Young": "169c473b",
        "CD Wright": "1ce9b927",
        "CH Williams": "7c4a1e76",
        "CR Foggo": "3e722460",
        "DL Hemp": "cb263798",
        "IH Romaine": "54725e8b",
        "J Gilbert": "db3f0650",
        "J West": "d46933ed",
        "JJ Tucker": "bceb1b07",
        "K Tucker": "dd0ecb8b",
        "LJ Cush": "92173bfb",
        "Muhammad Ghous": "1676b2d6",
        "OM Baker": "c62368d0",
        "R Austin": "b6af4f1b",
        "RA Marshall": "c8087fe2",
        "RJ Trott": "52f96571",
        "S Dill": "f416b534",
        "S Douglas": "c744446d",
        "S Rayner": "50b8bb30",
        "SD Outerbridge": "9295145b",
        "SJ Massiah": "59cc6b79",
        "SS Nadkarni": "354cb360",
        "TP Allen": "30baaf1f"
      }
    },
    "season": "2010",
    "team_type": "international",
    "teams": [
      "Bermuda",
      "United States of America"
    ],
    "toss": {
      "decision": "field",
      "winner": "United States of America"
    },
    "venue": "National Stadium"
  },
  "innings": [
    {
      "team": "Bermuda",
      "overs": [
        {
          "over": 0,
          "deliveries": [
            {
              "batter": "CR Foggo",
              "bowler": "TP Allen",
              "non_striker": "S Rayner",
              "runs": {
                "batter": 0,
                "extras": 0,
                "total": 0
              }
            },
            {
              "batter": "CR Foggo",
              "bowler": "TP Allen",
              "non_striker": "S Rayner",
              "runs": {
                "batter": 0,
                "extras": 0,
                "total": 0
              }
            },
            {
              "batter": "CR Foggo",
              "bowler": "TP Allen",
              "non_striker": "S Rayner",
              "runs": {
                "batter": 0,
                "extras": 0,
                "total": 0
              }
            },
            {
              "batter": "CR Foggo",
              "bowler": "TP Allen",
              "non_striker": "S Rayner",
              "runs": {
                "batter": 0,
                "extras": 0,
                "total": 0
              }
            },
            {
              "batter": "CR Foggo",
              "bowler": "TP Allen",
              "non_striker": "S Rayner",
              "runs": {
                "batter": 1,
                "extras": 0,
                "total": 1
              }
            },
            {
              "batter": "S Rayner",
              "bowler": "TP Allen",
              "non_striker": "CR Foggo",
              "runs": {
                "batter": 0,
                "extras": 0,
                "total": 0
              }
            }
          ]
        },
        {
          "over": 1,
          "deliveries": [
            {
              "batter": "CR Foggo",
              "bowler": "A Gordon",
              "non_striker": "S Rayner",
              "runs": {
                "batter": 2,
                "extras": 0,
                "total": 2
              }
            },
            {
              "batter": "CR Foggo",
              "bowler": "A Gordon",
              "non_striker": "S Rayner",
              "runs": {
                "batter": 0,
                "extras": 0,
                "total": 0
              }
            },
            {
              "batter": "CR Foggo",
              "bowler": "A Gordon",
              "extras": {
                "legbyes": 1
              },
              "non_striker": "S Rayner",
              "runs": {
                "batter": 0,
                "extras": 1,
                "total": 1
              }
            },
            {
              "batter": "S Rayner",
              "bowler": "A Gordon",
              "non_striker": "CR Foggo",
              "runs": {
                "batter": 0,
                "extras": 0,
                "total": 0
              }
            },
            {
              "batter": "S Rayner",
              "bowler": "A Gordon",
              "non_striker": "CR Foggo",
              "runs": {
                "batter": 0,
                "extras": 0,
                "total": 0
              }
            },
            {
              "batter": "S Rayner",
              "bowler": "A Gordon",
              "non_striker": "CR Foggo",
              "runs": {
                "batter": 4,
                "extras": 0,
                "total": 4
              }
            }
          ]
        },
        {
          "over": 2,
          "deliveries": [
            {
              "batter": "CR Foggo",
              "bowler": "TP Allen",
              "extras": {
                "wides": 1
              },
              "non_striker": "S Rayner",
              "runs": {
                "batter": 0,
                "extras": 1,
                "total": 1
              }
            },
            {
              "batter": "CR Foggo",
              "bowler": "TP Allen",
              "non_striker": "S Rayner",
              "runs": {
                "batter": 1,
                "extras": 0,
                "total": 1
              }
            },
            {
              "batter": "S Rayner",
              "bowler": "TP Allen",
              "non_striker": "CR Foggo",
              "runs": {
                "batter": 0,
                "extras": 0,
                "total": 0
              }
            },
            {
              "batter": "S Rayner",
              "bowler": "TP Allen",
              "non_striker": "CR Foggo",
              "runs": {
                "batter": 0,
                "extras": 0,
                "total": 0
              }
            },
            {
              "batter": "S Rayner",
              "bowler": "TP Allen",
              "non_striker": "CR Foggo",
              "runs": {
                "batter": 0,
                "extras": 0,
                "total": 0
              }
            },
            {
              "batter": "S Rayner",
              "bowler": "TP Allen",
              "non_striker": "CR Foggo",
              "runs": {
                "batter": 2,
                "extras": 0,
                "total": 2
              }
            },
            {
              "batter": "S Rayner",
              "bowler": "TP Allen",
              "non_striker": "CR Foggo",
              "runs": {
                "batter": 0,
                "extras": 0,
                "total": 0
              }
            }
          ]
        },
        {
          "over": 3,
          "deliveries": [
            {
              "batter": "CR Foggo",
              "bowler": "A Gordon",
              "non_striker": "S Rayner",
              "runs": {
                "batter": 0,
                "extras": 0,
                "total": 0
              }
            },
            {
              "batter": "CR Foggo",
              "bowler": "A Gordon",
              "non_striker": "S Rayner",
              "runs": {
                "batter": 0,
                "extras": 0,
                "total": 0
              }
            },
            {
              "batter": "CR Foggo",
              "bowler": "A Gordon",
              "extras": {
                "noballs": 1
              },
              "non_striker": "S Rayner",
              "runs": {
                "batter": 0,
                "extras": 1,
                "total": 1
              }
            },
            {
              "batter": "CR Foggo",
              "bowler": "A Gordon",
              "non_striker": "S Rayner",
              "runs": {
                "batter": 1,
                "extras": 0,
                "total": 1
              }
            },
            {
              "batter": "S Rayner",
              "bowler": "A Gordon",
              "non_striker": "CR Foggo",
              "runs": {
                "batter": 1,
                "extras": 0,
                "total": 1
              }
            },
            {
              "batter": "CR Foggo",
              "bowler": "A Gordon",
              "non_striker": "S Rayner",
              "runs": {
                "batter": 0,
                "extras": 0,
                "total": 0
              }
            },
            {
              "batter": "CR Foggo",
              "bowler": "A Gordon",
              "non_striker": "S Rayner",
              "runs": {
                "batter": 1,
                "extras": 0,
                "total": 1
              }
            }
          ]
        },
        {
          "over": 4,
          "deliveries": [
            {
              "batter": "CR Foggo",
              "bowler": "TP Allen",
              "extras": {
                "legbyes": 1
              },
              "non_striker": "S Rayner",
              "runs": {
                "batter": 0,
                "extras": 1,
                "total": 1
              }
            },
            {
              "batter": "S Rayner",
              "bowler": "TP Allen",
              "extras": {
                "wides": 1
              },
              "non_striker": "CR Foggo",
              "runs": {
                "batter": 0,
                "extras": 1,
                "total": 1
              }
            },
            {
              "batter": "S Rayner",
              "bowler": "TP Allen",
              "non_striker": "CR Foggo",
              "runs": {
                "batter": 0,
                "extras": 0,
                "total": 0
              }
            },
            {
              "batter": "S Rayner",
              "bowler": "TP Allen",
              "non_striker": "CR Foggo",
              "runs": {
                "batter": 2,
                "extras": 0,
                "total": 2
              }
            },
            {
              "batter": "S Rayner",
              "bowler": "TP Allen",
              "non_striker": "CR Foggo",
              "runs": {
                "batter": 0,
                "extras": 0,
                "total": 0
              }
            },
            {
              "batter": "S Rayner",
              "bowler": "TP Allen",
              "non_striker": "CR Foggo",
              "runs": {
                "batter": 1,
                "extras": 0,
                "total": 1
              }
            },
            {
              "batter": "CR Foggo",
              "bowler": "TP Allen",
              "non_striker": "S Rayner",
              "runs": {
                "batter": 1,
                "extras": 0,
                "total": 1
              }
            }
          ]
        },
        {
          "over": 5,
          "deliveries": [
            {
              "batter": "CR Foggo",
              "bowler": "A Gordon",
              "extras": {
                "legbyes": 1
              },
              "non_striker": "S Rayner",
              "runs": {
                "batter": 0,
                "extras": 1,
                "total": 1
              }
            },
            {
              "batter": "S Rayner",
              "bowler": "A Gordon",
              "non_striker": "CR Foggo",
              "runs": {
                "batter": 0,
                "extras": 0,
                "total": 0
              }
            },
            {
              "batter": "S Rayner",
              "bowler": "A Gordon",
              "non_striker": "CR Foggo",
              "runs": {
                "batter": 0,
                "extras": 0,
                "total": 0
              }
            },
            {
              "batter": "S Rayner",
              "bowler": "A Gordon",
              "non_striker": "CR Foggo",
              "runs": {
                "batter": 0,
                "extras": 0,
                "total": 0
              },
              "wickets": [
                {
                  "player_out": "S Rayner",
                  "fielders": [
                    {
                      "name": "CD Wright"
                    }
                  ],
                  "kind": "caught"
                }
              ]
            },
            {
              "batter": "SD Outerbridge",
              "bowler": "A Gordon",
              "extras": {
                "wides": 1
              },
              "non_striker": "CR Foggo",
              "runs": {
                "batter": 0,
                "extras": 1,
                "total": 1
              }
            },
            {
              "batter": "SD Outerbridge",
              "bowler": "A Gordon",
              "non_striker": "CR Foggo",
              "runs": {
                "batter": 1,
                "extras": 0,
                "total": 1
              }
            },
            {
              "batter": "CR Foggo",
              "bowler": "A Gordon",
              "non_striker": "SD Outerbridge",
              "runs": {
                "batter": 1,
                "extras": 0,
                "total": 1
              }
            }
          ]
        },
        {
          "over": 6,
          "deliveries": [
            {
              "batter": "CR Foggo",
              "bowler": "Muhammad Ghous",
              "non_striker": "SD Outerbridge",
              "runs": {
                "batter": 0,
                "extras": 0,
                "total": 0
              }
            },
            {
              "batter": "CR Foggo",
              "bowler": "Muhammad Ghous",
              "non_striker": "SD Outerbridge",
              "runs": {
                "batter": 1,
                "extras": 0,
                "total": 1
              }
            },
            {
              "batter": "SD Outerbridge",
              "bowler": "Muhammad Ghous",
              "non_striker": "CR Foggo",
              "runs": {
                "batter": 0,
                "extras": 0,
                "total": 0
              }
            },
            {
              "batter": "SD Outerbridge",
              "bowler": "Muhammad Ghous",
              "non_striker": "CR Foggo",
              "runs": {
                "batter": 1,
                "extras": 0,
                "total": 1
              }
            },
            {
              "batter": "CR Foggo",
              "bowler": "Muhammad Ghous",
              "non_striker": "SD Outerbridge",
              "runs": {
                "batter": 1,
                "extras": 0,
                "total": 1
              }
            },
            {
              "batter": "SD Outerbridge",
              "bowler": "Muhammad Ghous",
              "non_striker": "CR Foggo",
              "runs": {
                "batter": 1,
                "extras": 0,
                "total": 1
              }
            }
          ]
        },
        {
          "over": 7,
          "deliveries": [
            {
              "batter": "SD Outerbridge",
              "bowler": "A Gordon",
              "extras": {
                "wides": 2
              },
              "non_striker": "CR Foggo",
              "runs": {
                "batter": 0,
                "extras": 2,
                "total": 2
              }
            },
            {
              "batter": "CR Foggo",
              "bowler": "A Gordon",
              "extras": {
                "legbyes": 1
              },
              "non_striker": "SD Outerbridge",
              "runs": {
                "batter": 0,
                "extras": 1,
                "total": 1
              }
            },
            {
              "batter": "SD Outerbridge",
              "bowler": "A Gordon",
              "non_striker": "CR Foggo",
              "runs": {
                "batter": 0,
                "extras": 0,
                "total": 0
              }
            },
            {
              "batter": "SD Outerbridge",
              "bowler": "A Gordon",
              "non_striker": "CR Foggo",
              "runs": {
                "batter": 1,
                "extras": 0,
                "total": 1
              }
            },
            {
              "batter": "CR Foggo",
              "bowler": "A Gordon",
              "non_striker": "SD Outerbridge",
              "runs": {
                "batter": 2,
                "extras": 0,
                "total": 2
              }
            },
            {
              "batter": "CR Foggo",
              "bowler": "A Gordon",
              "non_striker": "SD Outerbridge",
              "runs": {
                "batter": 2,
                "extras": 0,
                "total": 2
              }
            },
            {
              "batter": "CR Foggo",
              "bowler": "A Gordon",
              "non_striker": "SD Outerbridge",
              "runs": {
                "batter": 1,
                "extras": 0,
                "total": 1
              }
            }
          ]
        },
        {
          "over": 8,
          "deliveries": [
            {
              "batter": "CR Foggo",
              "bowler": "Muhammad Ghous",
              "non_striker": "SD Outerbridge",
              "runs": {
                "batter": 0,
                "extras": 0,
                "total": 0
              }
            },
            {
              "batter": "CR Foggo",
              "bowler": "Muhammad Ghous",
              "non_striker": "SD Outerbridge",
              "runs": {
                "batter": 1,
                "extras": 0,
                "total": 1
              }
            },
            {
              "batter": "SD Outerbridge",
              "bowler": "Muhammad Ghous",
              "non_striker": "CR Foggo",
              "runs": {
                "batter": 1,
                "extras": 0,
                "total": 1
              }
            },
            {
              "batter": "CR Foggo",
              "bowler": "Muhammad Ghous",
              "non_striker": "SD Outerbridge",
              "runs": {
                "batter": 1,
                "extras": 0,
                "total": 1
              }
            },
            {
              "batter": "SD Outerbridge",
              "bowler": "Muhammad Ghous",
              "non_striker": "CR Foggo",
              "runs": {
                "batter": 1,
                "extras": 0,
                "total": 1
              }
            },
            {
              "batter": "CR Foggo",
              "bowler": "Muhammad Ghous",
              "non_striker": "SD Outerbridge",
              "runs": {
                "batter": 1,
                "extras": 0,
                "total": 1
              }
            }
          ]
        },
        {
          "over": 9,
          "deliveries": [
            {
              "batter": "CR Foggo",
              "bowler": "OM Baker",
              "non_striker": "SD Outerbridge",
              "runs": {
                "batter": 2,
                "extras": 0,
                "total": 2
              }
            },
            {
              "batter": "CR Foggo",
              "bowler": "OM Baker",
              "non_striker": "SD Outerbridge",
              "runs": {
                "batter": 1,
                "extras": 0,
                "total": 1
              }
            },
            {
              "batter": "SD Outerbridge",
              "bowler": "OM Baker",
              "non_striker": "CR Foggo",
              "runs": {
                "batter": 1,
                "extras": 0,
                "total": 1
              }
            },
            {
              "batter": "CR Foggo",
              "bowler": "OM Baker",
              "non_striker": "SD Outerbridge",
              "runs": {
                "batter": 1,
                "extras": 0,
                "total": 1
              }
            },
            {
              "batter": "SD Outerbridge",
              "bowler": "OM Baker",
              "extras": {
                "wides": 1
              },
              "non_striker": "CR Foggo",
              "runs": {
                "batter": 0,
                "extras": 1,
                "total": 1
              }
            },
            {
              "batter": "SD Outerbridge",
              "bowler": "OM Baker",
              "non_striker": "CR Foggo",
              "runs": {
                "batter": 1,
                "extras": 0,
                "total": 1
              }
            },
            {
              "batter": "CR Foggo",
              "bowler": "OM Baker",
              "non_striker": "SD Outerbridge",
              "runs": {
                "batter": 1,
                "extras": 0,
                "total": 1
              }
            }
          ]
        },
        {
          "over": 10,
          "deliveries": [
            {
              "batter": "CR Foggo",
              "bowler": "Muhammad Ghous",
              "non_striker": "SD Outerbridge",
              "runs": {
                "batter": 0,
                "extras": 0,
                "total": 0
              }
            },
            {
              "batter": "CR Foggo",
              "bowler": "Muhammad Ghous",
              "non_striker": "SD Outerbridge",
              "runs": {
                "batter": 0,
                "extras": 0,
                "total": 0
              }
            },
            {
              "batter": "CR Foggo",
              "bowler": "Muhammad Ghous",
              "non_striker": "SD Outerbridge",
              "runs": {
                "batter": 1,
                "extras": 0,
                "total": 1
              }
            },
            {
              "batter": "SD Outerbridge",
              "bowler": "Muhammad Ghous",
              "non_striker": "CR Foggo",
              "runs": {
                "batter": 0,
                "extras": 0,
                "total": 0
              }
            },
            {
              "batter": "SD Outerbridge",
              "bowler": "Muhammad Ghous",
              "non_striker": "CR Foggo",
              "runs": {
                "batter": 1,
                "extras": 0,
                "total": 1
              }
            },
            {
              "batter": "CR Foggo",
              "bowler": "Muhammad Ghous",
              "non_striker": "SD Outerbridge",
              "runs": {
                "batter": 0,
                "extras": 0,
                "total": 0
              },
              "wickets": [
                {
                  "player_out": "CR Foggo",
                  "fielders": [
                    {
                      "name": "CD Wright"
                    }
                  ],
                  "kind": "caught"
                }
              ]
            }
          ]
        },
        {
          "over": 11,
          "deliveries": [
            {
              "batter": "DL Hemp",
              "bowler": "OM Baker",
              "non_striker": "SD Outerbridge",
              "runs": {
                "batter": 1,
                "extras": 0,
                "total": 1
              }
            },
            {
              "batter": "SD Outerbridge",
              "bowler": "OM Baker",
              "non_striker": "DL Hemp",
              "runs": {
                "batter": 4,
                "extras": 0,
                "total": 4
              }
            },
            {
              "batter": "SD Outerbridge",
              "bowler": "OM Baker",
              "non_striker": "DL Hemp",
              "runs": {
                "batter": 1,
                "extras": 0,
                "total": 1
              }
            },
            {
              "batter": "DL Hemp",
              "bowler": "OM Baker",
              "non_striker": "SD Outerbridge",
              "runs": {
                "batter": 1,
                "extras": 0,
                "total": 1
              }
            },
            {
              "batter": "SD Outerbridge",
              "bowler": "OM Baker",
              "extras": {
                "byes": 1
              },
              "non_striker": "DL Hemp",
              "runs": {
                "batter": 0,
                "extras": 1,
                "total": 1
              }
            },
            {
              "batter": "DL Hemp",
              "bowler": "OM Baker",
              "non_striker": "SD Outerbridge",
              "runs": {
                "batter": 1,
                "extras": 0,
                "total": 1
              }
            }
          ]
        },
        {
          "over": 12,
          "deliveries": [
            {
              "batter": "DL Hemp",
              "bowler": "Muhammad Ghous",
              "extras": {
                "legbyes": 1
              },
              "non_striker": "SD Outerbridge",
              "runs": {
                "batter": 0,
                "extras": 1,
                "total": 1
              }
            },
            {
              "batter": "SD Outerbridge",
              "bowler": "Muhammad Ghous",
              "non_striker": "DL Hemp",
              "runs": {
                "batter": 0,
                "extras": 0,
                "total": 0
              }
            },
            {
              "batter": "SD Outerbridge",
              "bowler": "Muhammad Ghous",
              "non_striker": "DL Hemp",
              "runs": {
                "batter": 1,
                "extras": 0,
                "total": 1
              }
            },
            {
              "batter": "DL Hemp",
              "bowler": "Muhammad Ghous",
              "extras": {
                "legbyes": 1
              },
              "non_striker": "SD Outerbridge",
              "runs": {
                "batter": 0,
                "extras": 1,
                "total": 1
              }
            },
            {
              "batter": "SD Outerbridge",
              "bowler": "Muhammad Ghous",
              "non_striker": "DL Hemp",
              "runs": {
                "batter": 1,
                "extras": 0,
                "total": 1
              }
            },
            {
              "batter": "DL Hemp",
              "bowler": "Muhammad Ghous",
              "non_striker": "SD Outerbridge",
              "runs": {
                "batter": 1,
                "extras": 0,
                "total": 1
              }
            }
          ]
        },
        {
          "over": 13,
          "deliveries": [
            {
              "batter": "DL Hemp",
              "bowler": "LJ Cush",
              "non_striker": "SD Outerbridge",
              "runs": {
                "batter": 2,
                "extras": 0,
                "total": 2
              }
            },
            {
              "batter": "DL Hemp",
              "bowler": "LJ Cush",
              "non_striker": "SD Outerbridge",
              "runs": {
                "batter": 1,
                "extras": 0,
                "total": 1
              }
            },
            {
              "batter": "SD Outerbridge",
              "bowler": "LJ Cush",
              "non_striker": "DL Hemp",
              "runs": {
                "batter": 1,
                "extras": 0,
                "total": 1
              }
            },
            {
              "batter": "DL Hemp",
              "bowler": "LJ Cush",
              "non_striker": "SD Outerbridge",
              "runs": {
                "batter": 6,
                "extras": 0,
                "total": 6
              }
            },
            {
              "batter": "DL Hemp",
              "bowler": "LJ Cush",
              "non_striker": "SD Outerbridge",
              "runs": {
                "batter": 4,
                "extras": 0,
                "total": 4
              }
            },
            {
              "batter": "DL Hemp",
              "bowler": "LJ Cush",
              "non_striker": "SD Outerbridge",
              "runs": {
                "batter": 0,
                "extras": 0,
                "total": 0
              }
            }
          ]
        },
        {
          "over": 14,
          "deliveries": [
            {
              "batter": "SD Outerbridge",
              "bowler": "SJ Massiah",
              "non_striker": "DL Hemp",
              "runs": {
                "batter": 1,
                "extras": 0,
                "total": 1
              }
            },
            {
              "batter": "DL Hemp",
              "bowler": "SJ Massiah",
              "extras": {
                "wides": 1
              },
              "non_striker": "SD Outerbridge",
              "runs": {
                "batter": 0,
                "extras": 1,
                "total": 1
              }
            },
            {
              "batter": "DL Hemp",
              "bowler": "SJ Massiah",
              "non_striker": "SD Outerbridge",
              "runs": {
                "batter": 4,
                "extras": 0,
                "total": 4
              }
            },
            {
              "batter": "DL Hemp",
              "bowler": "SJ Massiah",
              "non_striker": "SD Outerbridge",
              "runs": {
                "batter": 2,
                "extras": 0,
                "total": 2
              }
            },
            {
              "batter": "DL Hemp",
              "bowler": "SJ Massiah",
              "extras": {
                "legbyes": 1
              },
              "non_striker": "SD Outerbridge",
              "runs": {
                "batter": 0,
                "extras": 1,
                "total": 1
              }
            },
            {
              "batter": "SD Outerbridge",
              "bowler": "SJ Massiah",
              "non_striker": "DL Hemp",
              "runs": {
                "batter": 0,
                "extras": 0,
                "total": 0
              }
            },
            {
              "batter": "SD Outerbridge",
              "bowler": "SJ Massiah",
              "non_striker": "DL Hemp",
              "runs": {
                "batter": 0,
                "extras": 0,
                "total": 0
              }
            }
          ]
        },
        {
          "over": 15,
          "deliveries": [
            {
              "batter": "DL Hemp",
              "bowler": "LJ Cush",
              "non_striker": "SD Outerbridge",
              "runs": {
                "batter": 0,
                "extras": 0,
                "total": 0
              }
            },
            {
              "batter": "DL Hemp",
              "bowler": "LJ Cush",
              "non_striker": "SD Outerbridge",
              "runs": {
                "batter": 6,
                "extras": 0,
                "total": 6
              }
            },
            {
              "batter": "DL Hemp",
              "bowler": "LJ Cush",
              "non_striker": "SD Outerbridge",
              "runs": {
                "batter": 1,
                "extras": 0,
                "total": 1
              }
            },
            {
              "batter": "SD Outerbridge",
              "bowler": "LJ Cush",
              "non_striker": "DL Hemp",
              "runs": {
                "batter": 0,
                "extras": 0,
                "total": 0
              }
            },
            {
              "batter": "SD Outerbridge",
              "bowler": "LJ Cush",
              "non_striker": "DL Hemp",
              "runs": {
                "batter": 0,
                "extras": 0,
                "total": 0
              },
              "wickets": [
                {
                  "player_out": "SD Outerbridge",
                  "fielders": [
                    {
                      "name": "CD Wright"
                    }
                  ],
                  "kind": "stumped"
                }
              ]
            },
            {
              "batter": "JJ Tucker",
              "bowler": "LJ Cush",
              "non_striker": "DL Hemp",
              "runs": {
                "batter": 1,
                "extras": 0,
                "total": 1
              }
            }
          ]
        },
        {
          "over": 16,
          "deliveries": [
            {
              "batter": "JJ Tucker",
              "bowler": "SJ Massiah",
              "non_striker": "DL Hemp",
              "runs": {
                "batter": 1,
                "extras": 0,
                "total": 1
              }
            },
            {
              "batter": "DL Hemp",
              "bowler": "SJ Massiah",
              "extras": {
                "byes": 2
              },
              "non_striker": "JJ Tucker",
              "runs": {
                "batter": 0,
                "extras": 2,
                "total": 2
              }
            },
            {
              "batter": "DL Hemp",
              "bowler": "SJ Massiah",
              "non_striker": "JJ Tucker",
              "runs": {
                "batter": 0,
                "extras": 0,
                "total": 0
              }
            },
            {
              "batter": "DL Hemp",
              "bowler": "SJ Massiah",
              "non_striker": "JJ Tucker",
              "runs": {
                "batter": 4,
                "extras": 0,
                "total": 4
              }
            },
            {
              "batter": "DL Hemp",
              "bowler": "SJ Massiah",
              "non_striker": "JJ Tucker",
              "runs": {
                "batter": 0,
                "extras": 0,
                "total": 0
              }
            },
            {
              "batter": "DL Hemp",
              "bowler": "SJ Massiah",
              "non_striker": "JJ Tucker",
              "runs": {
                "batter": 4,
                "extras": 0,
                "total": 4
              }
            }
          ]
        },
        {
          "over": 17,
          "deliveries": [
            {
              "batter": "JJ Tucker",
              "bowler": "LJ Cush",
              "non_striker": "DL Hemp",
              "runs": {
                "batter": 1,
                "extras": 0,
                "total": 1
              }
            },
            {
              "batter": "DL Hemp",
              "bowler": "LJ Cush",
              "non_striker": "JJ Tucker",
              "runs": {
                "batter": 2,
                "extras": 0,
                "total": 2
              }
            },
            {
              "batter": "DL Hemp",
              "bowler": "LJ Cush",
              "non_striker": "JJ Tucker",
              "runs": {
                "batter": 6,
                "extras": 0,
                "total": 6
              }
            },
            {
              "batter": "DL Hemp",
              "bowler": "LJ Cush",
              "non_striker": "JJ Tucker",
              "runs": {
                "batter": 1,
                "extras": 0,
                "total": 1
              }
            },
            {
              "batter": "JJ Tucker",
              "bowler": "LJ Cush",
              "non_striker": "DL Hemp",
              "runs": {
                "batter": 1,
                "extras": 0,
                "total": 1
              }
            },
            {
              "batter": "DL Hemp",
              "bowler": "LJ Cush",
              "extras": {
                "wides": 1
              },
              "non_striker": "JJ Tucker",
              "runs": {
                "batter": 0,
                "extras": 1,
                "total": 1
              }
            },
            {
              "batter": "DL Hemp",
              "bowler": "LJ Cush",
              "non_striker": "JJ Tucker",
              "runs": {
                "batter": 0,
                "extras": 0,
                "total": 0
              }
            }
          ]
        },
        {
          "over": 18,
          "deliveries": [
            {
              "batter": "JJ Tucker",
              "bowler": "TP Allen",
              "non_striker": "DL Hemp",
              "runs": {
                "batter": 1,
                "extras": 0,
                "total": 1
              }
            },
            {
              "batter": "DL Hemp",
              "bowler": "TP Allen",
              "non_striker": "JJ Tucker",
              "runs": {
                "batter": 0,
                "extras": 0,
                "total": 0
              },
              "wickets": [
                {
                  "player_out": "DL Hemp",
                  "kind": "bowled"
                }
              ]
            },
            {
              "batter": "IH Romaine",
              "bowler": "TP Allen",
              "non_striker": "JJ Tucker",
              "runs": {
                "batter": 0,
                "extras": 0,
                "total": 0
              }
            },
            {
              "batter": "IH Romaine",
              "bowler": "TP Allen",
              "non_striker": "JJ Tucker",
              "runs": {
                "batter": 1,
                "extras": 0,
                "total": 1
              }
            },
            {
              "batter": "JJ Tucker",
              "bowler": "TP Allen",
              "non_striker": "IH Romaine",
              "runs": {
                "batter": 0,
                "extras": 0,
                "total": 0
              },
              "wickets": [
                {
                  "player_out": "JJ Tucker",
                  "fielders": [
                    {
                      "name": "Muhammad Ghous"
                    }
                  ],
                  "kind": "caught"
                }
              ]
            },
            {
              "batter": "IH Romaine",
              "bowler": "TP Allen",
              "non_striker": "RJ Trott",
              "runs": {
                "batter": 2,
                "extras": 0,
                "total": 2
              }
            }
          ]
        },
        {
          "over": 19,
          "deliveries": [
            {
              "batter": "RJ Trott",
              "bowler": "OM Baker",
              "non_striker": "IH Romaine",
              "runs": {
                "batter": 0,
                "extras": 0,
                "total": 0
              }
            },
            {
              "batter": "RJ Trott",
              "bowler": "OM Baker",
              "non_striker": "IH Romaine",
              "runs": {
                "batter": 6,
                "extras": 0,
                "total": 6
              }
            },
            {
              "batter": "RJ Trott",
              "bowler": "OM Baker",
              "non_striker": "IH Romaine",
              "runs": {
                "batter": 1,
                "extras": 0,
                "total": 1
              }
            },
            {
              "batter": "IH Romaine",
              "bowler": "OM Baker",
              "non_striker": "RJ Trott",
              "runs": {
                "batter": 1,
                "extras": 0,
                "total": 1
              }
            },
            {
              "batter": "RJ Trott",
              "bowler": "OM Baker",
              "non_striker": "IH Romaine",
              "runs": {
                "batter": 2,
                "extras": 0,
                "total": 2
              }
            },
            {
              "batter": "RJ Trott",
              "bowler": "OM Baker",
              "non_striker": "IH Romaine",
              "runs": {
                "batter": 1,
                "extras": 0,
                "total": 1
              }
            }
          ]
        }
      ],
      "powerplays": [
        {
          "from": 0.1,
          "to": 5.7,
          "type": "mandatory"
        }
      ]
    },
    {
      "team": "United States of America",
      "overs": [
        {
          "over": 0,
          "deliveries": [
            {
              "batter": "SS Nadkarni",
              "bowler": "K Tucker",
              "non_striker": "LJ Cush",
              "runs": {
                "batter": 0,
                "extras": 0,
                "total": 0
              }
            },
            {
              "batter": "SS Nadkarni",
              "bowler": "K Tucker",
              "non_striker": "LJ Cush",
              "runs": {
                "batter": 1,
                "extras": 0,
                "total": 1
              }
            },
            {
              "batter": "LJ Cush",
              "bowler": "K Tucker",
              "non_striker": "SS Nadkarni",
              "runs": {
                "batter": 1,
                "extras": 0,
                "total": 1
              }
            },
            {
              "batter": "SS Nadkarni",
              "bowler": "K Tucker",
              "non_striker": "LJ Cush",
              "runs": {
                "batter": 0,
                "extras": 0,
                "total": 0
              },
              "wickets": [
                {
                  "player_out": "SS Nadkarni",
                  "fielders": [
                    {
                      "name": "DL Hemp"
                    }
                  ],
                  "kind": "caught"
                }
              ]
            },
            {
              "batter": "SJ Massiah",
              "bowler": "K Tucker",
              "non_striker": "LJ Cush",
              "runs": {
                "batter": 0,
                "extras": 0,
                "total": 0
              }
            },
            {
              "batter": "SJ Massiah",
              "bowler": "K Tucker",
              "non_striker": "LJ Cush",
              "runs": {
                "batter": 0,
                "extras": 0,
                "total": 0
              }
            }
          ]
        },
        {
          "over": 1,
          "deliveries": [
            {
              "batter": "LJ Cush",
              "bowler": "S Dill",
              "non_striker": "SJ Massiah",
              "runs": {
                "batter": 0,
                "extras": 0,
                "total": 0
              }
            },
            {
              "batter": "LJ Cush",
              "bowler": "S Dill",
              "non_striker": "SJ Massiah",
              "runs": {
                "batter": 1,
                "extras": 0,
                "total": 1
              }
            },
            {
              "batter": "SJ Massiah",
              "bowler": "S Dill",
              "non_striker": "LJ Cush",
              "runs": {
                "batter": 0,
                "extras": 0,
                "total": 0
              }
            },
            {
              "batter": "SJ Massiah",
              "bowler": "S Dill",
              "extras": {
                "legbyes": 1
              },
              "non_striker": "LJ Cush",
              "runs": {
                "batter": 0,
                "extras": 1,
                "total": 1
              }
            },
            {
              "batter": "LJ Cush",
              "bowler": "S Dill",
              "non_striker": "SJ Massiah",
              "runs": {
                "batter": 0,
                "extras": 0,
                "total": 0
              }
            },
            {
              "batter": "LJ Cush",
              "bowler": "S Dill",
              "non_striker": "SJ Massiah",
              "runs": {
                "batter": 0,
                "extras": 0,
                "total": 0
              }
            }
          ]
        },
        {
          "over": 2,
          "deliveries": [
            {
              "batter": "SJ Massiah",
              "bowler": "K Tucker",
              "non_striker": "LJ Cush",
              "runs": {
                "batter": 1,
                "extras": 0,
                "total": 1
              }
            },
            {
              "batter": "LJ Cush",
              "bowler": "K Tucker",
              "non_striker": "SJ Massiah",
              "runs": {
                "batter": 1,
                "extras": 0,
                "total": 1
              }
            },
            {
              "batter": "SJ Massiah",
              "bowler": "K Tucker",
              "non_striker": "LJ Cush",
              "runs": {
                "batter": 0,
                "extras": 0,
                "total": 0
              }
            },
            {
              "batter": "SJ Massiah",
              "bowler": "K Tucker",
              "non_striker": "LJ Cush",
              "runs": {
                "batter": 0,
                "extras": 0,
                "total": 0
              }
            },
            {
              "batter": "SJ Massiah",
              "bowler": "K Tucker",
              "non_striker": "LJ Cush",
              "runs": {
                "batter": 0,
                "extras": 0,
                "total": 0
              },
              "wickets": [
                {
                  "player_out": "SJ Massiah",
                  "fielders": [
                    {
                      "name": "IH Romaine"
                    }
                  ],
                  "kind": "caught"
                }
              ]
            },
            {
              "batter": "OM Baker",
              "bowler": "K Tucker",
              "non_striker": "LJ Cush",
              "runs": {
                "batter": 0,
                "extras": 0,
                "total": 0
              }
            }
          ]
        },
        {
          "over": 3,
          "deliveries": [
            {
              "batter": "LJ Cush",
              "bowler": "S Dill",
              "non_striker": "OM Baker",
              "runs": {
                "batter": 4,
                "extras": 0,
                "total": 4
              }
            },
            {
              "batter": "LJ Cush",
              "bowler": "S Dill",
              "extras": {
                "wides": 1
              },
              "non_striker": "OM Baker",
              "runs": {
                "batter": 0,
                "extras": 1,
                "total": 1
              }
            },
            {
              "batter": "LJ Cush",
              "bowler": "S Dill",
              "non_striker": "OM Baker",
              "runs": {
                "batter": 0,
                "extras": 0,
                "total": 0
              }
            },
            {
              "batter": "LJ Cush",
              "bowler": "S Dill",
              "extras": {
                "wides": 1
              },
              "non_striker": "OM Baker",
              "runs": {
                "batter": 0,
                "extras": 1,
                "total": 1
              }
            },
            {
              "batter": "LJ Cush",
              "bowler": "S Dill",
              "non_striker": "OM Baker",
              "runs": {
                "batter": 0,
                "extras": 0,
                "total": 0
              }
            },
            {
              "batter": "LJ Cush",
              "bowler": "S Dill",
              "non_striker": "OM Baker",
              "runs": {
                "batter": 0,
                "extras": 0,
                "total": 0
              }
            },
            {
              "batter": "LJ Cush",
              "bowler": "S Dill",
              "non_striker": "OM Baker",
              "runs": {
                "batter": 2,
                "extras": 0,
                "total": 2
              }
            },
            {
              "batter": "LJ Cush",
              "bowler": "S Dill",
              "non_striker": "OM Baker",
              "runs": {
                "batter": 1,
                "extras": 0,
                "total": 1
              }
            }
          ]
        },
        {
          "over": 4,
          "deliveries": [
            {
              "batter": "LJ Cush",
              "bowler": "K Tucker",
              "non_striker": "OM Baker",
              "runs": {
                "batter": 0,
                "extras": 0,
                "total": 0
              }
            },
            {
              "batter": "LJ Cush",
              "bowler": "K Tucker",
              "non_striker": "OM Baker",
              "runs": {
                "batter": 0,
                "extras": 0,
                "total": 0
              }
            },
            {
              "batter": "LJ Cush",
              "bowler": "K Tucker",
              "extras": {
                "noballs": 3
              },
              "non_striker": "OM Baker",
              "runs": {
                "batter": 0,
                "extras": 3,
                "total": 3
              },
              "wickets": [
                {
                  "player_out": "OM Baker",
                  "kind": "run out"
                }
              ]
            },
            {
              "batter": "CH Williams",
              "bowler": "K Tucker",
              "non_striker": "LJ Cush",
              "runs": {
                "batter": 4,
                "extras": 0,
                "total": 4
              }
            },
            {
              "batter": "CH Williams",
              "bowler": "K Tucker",
              "non_striker": "LJ Cush",
              "runs": {
                "batter": 0,
                "extras": 0,
                "total": 0
              }
            },
            {
              "batter": "CH Williams",
              "bowler": "K Tucker",
              "extras": {
                "wides": 1
              },
              "non_striker": "LJ Cush",
              "runs": {
                "batter": 0,
                "extras": 1,
                "total": 1
              }
            },
            {
              "batter": "CH Williams",
              "bowler": "K Tucker",
              "non_striker": "LJ Cush",
              "runs": {
                "batter": 0,
                "extras": 0,
                "total": 0
              }
            }
          ]
        },
        {
          "over": 5,
          "deliveries": [
            {
              "batter": "LJ Cush",
              "bowler": "S Dill",
              "non_striker": "CH Williams",
              "runs": {
                "batter": 0,
                "extras": 0,
                "total": 0
              }
            },
            {
              "batter": "LJ Cush",
              "bowler": "S Dill",
              "extras": {
                "legbyes": 1
              },
              "non_striker": "CH Williams",
              "runs": {
                "batter": 0,
                "extras": 1,
                "total": 1
              }
            },
            {
              "batter": "CH Williams",
              "bowler": "S Dill",
              "non_striker": "LJ Cush",
              "runs": {
                "batter": 1,
                "extras": 0,
                "total": 1
              }
            },
            {
              "batter": "LJ Cush",
              "bowler": "S Dill",
              "non_striker": "CH Williams",
              "runs": {
                "batter": 6,
                "extras": 0,
                "total": 6
              }
            },
            {
              "batter": "LJ Cush",
              "bowler": "S Dill",
              "non_striker": "CH Williams",
              "runs": {
                "batter": 4,
                "extras": 0,
                "total": 4
              }
            },
            {
              "batter": "LJ Cush",
              "bowler": "S Dill",
              "non_striker": "CH Williams",
              "runs": {
                "batter": 1,
                "extras": 0,
                "total": 1
              }
            }
          ]
        },
        {
          "over": 6,
          "deliveries": [
            {
              "batter": "LJ Cush",
              "bowler": "RJ Trott",
              "extras": {
                "wides": 1
              },
              "non_striker": "CH Williams",
              "runs": {
                "batter": 0,
                "extras": 1,
                "total": 1
              }
            },
            {
              "batter": "LJ Cush",
              "bowler": "RJ Trott",
              "non_striker": "CH Williams",
              "runs": {
                "batter": 6,
                "extras": 0,
                "total": 6
              }
            },
            {
              "batter": "LJ Cush",
              "bowler": "RJ Trott",
              "non_striker": "CH Williams",
              "runs": {
                "batter": 1,
                "extras": 0,
                "total": 1
              }
            },
            {
              "batter": "CH Williams",
              "bowler": "RJ Trott",
              "non_striker": "LJ Cush",
              "runs": {
                "batter": 0,
                "extras": 0,
                "total": 0
              },
              "wickets": [
                {
                  "player_out": "CH Williams",
                  "fielders": [
                    {
                      "name": "DL Hemp"
                    }
                  ],
                  "kind": "caught"
                }
              ]
            },
            {
              "batter": "A Thyagarajan",
              "bowler": "RJ Trott",
              "non_striker": "LJ Cush",
              "runs": {
                "batter": 0,
                "extras": 0,
                "total": 0
              }
            },
            {
              "batter": "A Thyagarajan",
              "bowler": "RJ Trott",
              "non_striker": "LJ Cush",
              "runs": {
                "batter": 1,
                "extras": 0,
                "total": 1
              }
            },
            {
              "batter": "LJ Cush",
              "bowler": "RJ Trott",
              "non_striker": "A Thyagarajan",
              "runs": {
                "batter": 0,
                "extras": 0,
                "total": 0
              }
            }
          ]
        },
        {
          "over": 7,
          "deliveries": [
            {
              "batter": "A Thyagarajan",
              "bowler": "J Gilbert",
              "non_striker": "LJ Cush",
              "runs": {
                "batter": 1,
                "extras": 0,
                "total": 1
              }
            },
            {
              "batter": "LJ Cush",
              "bowler": "J Gilbert",
              "non_striker": "A Thyagarajan",
              "runs": {
                "batter": 1,
                "extras": 0,
                "total": 1
              }
            },
            {
              "batter": "A Thyagarajan",
              "bowler": "J Gilbert",
              "non_striker": "LJ Cush",
              "runs": {
                "batter": 1,
                "extras": 0,
                "total": 1
              }
            },
            {
              "batter": "LJ Cush",
              "bowler": "J Gilbert",
              "non_striker": "A Thyagarajan",
              "runs": {
                "batter": 1,
                "extras": 0,
                "total": 1
              }
            },
            {
              "batter": "A Thyagarajan",
              "bowler": "J Gilbert",
              "non_striker": "LJ Cush",
              "runs": {
                "batter": 2,
                "extras": 0,
                "total": 2
              }
            },
            {
              "batter": "A Thyagarajan",
              "bowler": "J Gilbert",
              "non_striker": "LJ Cush",
              "runs": {
                "batter": 1,
                "extras": 0,
                "total": 1
              }
            }
          ]
        },
        {
          "over": 8,
          "deliveries": [
            {
              "batter": "A Thyagarajan",
              "bowler": "RJ Trott",
              "extras": {
                "wides": 1
              },
              "non_striker": "LJ Cush",
              "runs": {
                "batter": 0,
                "extras": 1,
                "total": 1
              }
            },
            {
              "batter": "A Thyagarajan",
              "bowler": "RJ Trott",
              "non_striker": "LJ Cush",
              "runs": {
                "batter": 0,
                "extras": 0,
                "total": 0
              }
            },
            {
              "batter": "A Thyagarajan",
              "bowler": "RJ Trott",
              "non_striker": "LJ Cush",
              "runs": {
                "batter": 1,
                "extras": 0,
                "total": 1
              }
            },
            {
              "batter": "LJ Cush",
              "bowler": "RJ Trott",
              "non_striker": "A Thyagarajan",
              "runs": {
                "batter": 0,
                "extras": 0,
                "total": 0
              }
            },
            {
              "batter": "LJ Cush",
              "bowler": "RJ Trott",
              "non_striker": "A Thyagarajan",
              "runs": {
                "batter": 1,
                "extras": 0,
                "total": 1
              }
            },
            {
              "batter": "A Thyagarajan",
              "bowler": "RJ Trott",
              "non_striker": "LJ Cush",
              "runs": {
                "batter": 4,
                "extras": 0,
                "total": 4
              }
            },
            {
              "batter": "A Thyagarajan",
              "bowler": "RJ Trott",
              "non_striker": "LJ Cush",
              "runs": {
                "batter": 1,
                "extras": 0,
                "total": 1
              }
            }
          ]
        },
        {
          "over": 9,
          "deliveries": [
            {
              "batter": "A Thyagarajan",
              "bowler": "J Gilbert",
              "non_striker": "LJ Cush",
              "runs": {
                "batter": 0,
                "extras": 0,
                "total": 0
              },
              "wickets": [
                {
                  "player_out": "A Thyagarajan",
                  "fielders": [
                    {
                      "name": "IH Romaine"
                    }
                  ],
                  "kind": "caught"
                }
              ]
            },
            {
              "batter": "CD Wright",
              "bowler": "J Gilbert",
              "non_striker": "LJ Cush",
              "runs": {
                "batter": 0,
                "extras": 0,
                "total": 0
              }
            },
            {
              "batter": "CD Wright",
              "bowler": "J Gilbert",
              "non_striker": "LJ Cush",
              "runs": {
                "batter": 0,
                "extras": 0,
                "total": 0
              }
            },
            {
              "batter": "CD Wright",
              "bowler": "J Gilbert",
              "non_striker": "LJ Cush",
              "runs": {
                "batter": 0,
                "extras": 0,
                "total": 0
              }
            },
            {
              "batter": "CD Wright",
              "bowler": "J Gilbert",
              "non_striker": "LJ Cush",
              "runs": {
                "batter": 4,
                "extras": 0,
                "total": 4
              }
            },
            {
              "batter": "CD Wright",
              "bowler": "J Gilbert",
              "non_striker": "LJ Cush",
              "runs": {
                "batter": 0,
                "extras": 0,
                "total": 0
              }
            }
          ]
        },
        {
          "over": 10,
          "deliveries": [
            {
              "batter": "LJ Cush",
              "bowler": "RJ Trott",
              "non_striker": "CD Wright",
              "runs": {
                "batter": 0,
                "extras": 0,
                "total": 0
              }
            },
            {
              "batter": "LJ Cush",
              "bowler": "RJ Trott",
              "non_striker": "CD Wright",
              "runs": {
                "batter": 0,
                "extras": 0,
                "total": 0
              }
            },
            {
              "batter": "LJ Cush",
              "bowler": "RJ Trott",
              "non_striker": "CD Wright",
              "runs": {
                "batter": 1,
                "extras": 0,
                "total": 1
              }
            },
            {
              "batter": "CD Wright",
              "bowler": "RJ Trott",
              "non_striker": "LJ Cush",
              "runs": {
                "batter": 0,
                "extras": 0,
                "total": 0
              },
              "wickets": [
                {
                  "player_out": "CD Wright",
                  "fielders": [
                    {
                      "name": "JJ Tucker"
                    }
                  ],
                  "kind": "caught"
                }
              ]
            },
            {
              "batter": "RA Marshall",
              "bowler": "RJ Trott",
              "non_striker": "LJ Cush",
              "runs": {
                "batter": 2,
                "extras": 0,
                "total": 2
              }
            },
            {
              "batter": "RA Marshall",
              "bowler": "RJ Trott",
              "extras": {
                "wides": 1
              },
              "non_striker": "LJ Cush",
              "runs": {
                "batter": 0,
                "extras": 1,
                "total": 1
              }
            },
            {
              "batter": "RA Marshall",
              "bowler": "RJ Trott",
              "non_striker": "LJ Cush",
              "runs": {
                "batter": 0,
                "extras": 0,
                "total": 0
              }
            }
          ]
        },
        {
          "over": 11,
          "deliveries": [
            {
              "batter": "LJ Cush",
              "bowler": "J Gilbert",
              "non_striker": "RA Marshall",
              "runs": {
                "batter": 0,
                "extras": 0,
                "total": 0
              }
            },
            {
              "batter": "LJ Cush",
              "bowler": "J Gilbert",
              "non_striker": "RA Marshall",
              "runs": {
                "batter": 6,
                "extras": 0,
                "total": 6
              }
            },
            {
              "batter": "LJ Cush",
              "bowler": "J Gilbert",
              "non_striker": "RA Marshall",
              "runs": {
                "batter": 0,
                "extras": 0,
                "total": 0
              }
            },
            {
              "batter": "LJ Cush",
              "bowler": "J Gilbert",
              "non_striker": "RA Marshall",
              "runs": {
                "batter": 1,
                "extras": 0,
                "total": 1
              }
            },
            {
              "batter": "RA Marshall",
              "bowler": "J Gilbert",
              "non_striker": "LJ Cush",
              "runs": {
                "batter": 0,
                "extras": 0,
                "total": 0
              }
            },
            {
              "batter": "RA Marshall",
              "bowler": "J Gilbert",
              "non_striker": "LJ Cush",
              "runs": {
                "batter": 0,
                "extras": 0,
                "total": 0
              }
            }
          ]
        },
        {
          "over": 12,
          "deliveries": [
            {
              "batter": "LJ Cush",
              "bowler": "RJ Trott",
              "non_striker": "RA Marshall",
              "runs": {
                "batter": 0,
                "extras": 0,
                "total": 0
              }
            },
            {
              "batter": "LJ Cush",
              "bowler": "RJ Trott",
              "extras": {
                "wides": 1
              },
              "non_striker": "RA Marshall",
              "runs": {
                "batter": 0,
                "extras": 1,
                "total": 1
              }
            },
            {
              "batter": "LJ Cush",
              "bowler": "RJ Trott",
              "extras": {
                "wides": 1
              },
              "non_striker": "RA Marshall",
              "runs": {
                "batter": 0,
                "extras": 1,
                "total": 1
              }
            },
            {
              "batter": "LJ Cush",
              "bowler": "RJ Trott",
              "extras": {
                "wides": 3
              },
              "non_striker": "RA Marshall",
              "runs": {
                "batter": 0,
                "extras": 3,
                "total": 3
              }
            },
            {
              "batter": "LJ Cush",
              "bowler": "RJ Trott",
              "non_striker": "RA Marshall",
              "runs": {
                "batter": 1,
                "extras": 0,
                "total": 1
              }
            },
            {
              "batter": "RA Marshall",
              "bowler": "RJ Trott",
              "non_striker": "LJ Cush",
              "runs": {
                "batter": 0,
                "extras": 0,
                "total": 0
              }
            },
            {
              "batter": "RA Marshall",
              "bowler": "RJ Trott",
              "non_striker": "LJ Cush",
              "runs": {
                "batter": 0,
                "extras": 0,
                "total": 0
              }
            },
            {
              "batter": "RA Marshall",
              "bowler": "RJ Trott",
              "non_striker": "LJ Cush",
              "runs": {
                "batter": 1,
                "extras": 0,
                "total": 1
              }
            },
            {
              "batter": "LJ Cush",
              "bowler": "RJ Trott",
              "non_striker": "RA Marshall",
              "runs": {
                "batter": 0,
                "extras": 0,
                "total": 0
              }
            }
          ]
        },
        {
          "over": 13,
          "deliveries": [
            {
              "batter": "RA Marshall",
              "bowler": "J Gilbert",
              "non_striker": "LJ Cush",
              "runs": {
                "batter": 0,
                "extras": 0,
                "total": 0
              }
            },
            {
              "batter": "RA Marshall",
              "bowler": "J Gilbert",
              "non_striker": "LJ Cush",
              "runs": {
                "batter": 0,
                "extras": 0,
                "total": 0
              }
            },
            {
              "batter": "RA Marshall",
              "bowler": "J Gilbert",
              "non_striker": "LJ Cush",
              "runs": {
                "batter": 1,
                "extras": 0,
                "total": 1
              }
            },
            {
              "batter": "LJ Cush",
              "bowler": "J Gilbert",
              "non_striker": "RA Marshall",
              "runs": {
                "batter": 1,
                "extras": 0,
                "total": 1
              }
            },
            {
              "batter": "RA Marshall",
              "bowler": "J Gilbert",
              "non_striker": "LJ Cush",
              "runs": {
                "batter": 1,
                "extras": 0,
                "total": 1
              }
            },
            {
              "batter": "LJ Cush",
              "bowler": "J Gilbert",
              "non_striker": "RA Marshall",
              "runs": {
                "batter": 4,
                "extras": 0,
                "total": 4
              }
            }
          ]
        },
        {
          "over": 14,
          "deliveries": [
            {
              "batter": "RA Marshall",
              "bowler": "JJ Tucker",
              "extras": {
                "wides": 1
              },
              "non_striker": "LJ Cush",
              "runs": {
                "batter": 0,
                "extras": 1,
                "total": 1
              }
            },
            {
              "batter": "RA Marshall",
              "bowler": "JJ Tucker",
              "non_striker": "LJ Cush",
              "runs": {
                "batter": 0,
                "extras": 0,
                "total": 0
              }
            },
            {
              "batter": "RA Marshall",
              "bowler": "JJ Tucker",
              "non_striker": "LJ Cush",
              "runs": {
                "batter": 0,
                "extras": 0,
                "total": 0
              }
            },
            {
              "batter": "RA Marshall",
              "bowler": "JJ Tucker",
              "non_striker": "LJ Cush",
              "runs": {
                "batter": 1,
                "extras": 0,
                "total": 1
              }
            },
            {
              "batter": "LJ Cush",
              "bowler": "JJ Tucker",
              "non_striker": "RA Marshall",
              "runs": {
                "batter": 0,
                "extras": 0,
                "total": 0
              }
            },
            {
              "batter": "LJ Cush",
              "bowler": "JJ Tucker",
              "non_striker": "RA Marshall",
              "runs": {
                "batter": 0,
                "extras": 0,
                "total": 0
              }
            },
            {
              "batter": "LJ Cush",
              "bowler": "JJ Tucker",
              "non_striker": "RA Marshall",
              "runs": {
                "batter": 1,
                "extras": 0,
                "total": 1
              }
            }
          ]
        },
        {
          "over": 15,
          "deliveries": [
            {
              "batter": "LJ Cush",
              "bowler": "K Tucker",
              "non_striker": "RA Marshall",
              "runs": {
                "batter": 4,
                "extras": 0,
                "total": 4
              }
            },
            {
              "batter": "LJ Cush",
              "bowler": "K Tucker",
              "non_striker": "RA Marshall",
              "runs": {
                "batter": 1,
                "extras": 0,
                "total": 1
              }
            },
            {
              "batter": "RA Marshall",
              "bowler": "K Tucker",
              "non_striker": "LJ Cush",
              "runs": {
                "batter": 0,
                "extras": 0,
                "total": 0
              }
            },
            {
              "batter": "RA Marshall",
              "bowler": "K Tucker",
              "non_striker": "LJ Cush",
              "runs": {
                "batter": 1,
                "extras": 0,
                "total": 1
              }
            },
            {
              "batter": "LJ Cush",
              "bowler": "K Tucker",
              "non_striker": "RA Marshall",
              "runs": {
                "batter": 0,
                "extras": 0,
                "total": 0
              }
            },
            {
              "batter": "LJ Cush",
              "bowler": "K Tucker",
              "non_striker": "RA Marshall",
              "runs": {
                "batter": 1,
                "extras": 0,
                "total": 1
              }
            }
          ]
        },
        {
          "over": 16,
          "deliveries": [
            {
              "batter": "LJ Cush",
              "bowler": "JJ Tucker",
              "non_striker": "RA Marshall",
              "runs": {
                "batter": 1,
                "extras": 0,
                "total": 1
              }
            },
            {
              "batter": "RA Marshall",
              "bowler": "JJ Tucker",
              "non_striker": "LJ Cush",
              "runs": {
                "batter": 1,
                "extras": 0,
                "total": 1
              }
            },
            {
              "batter": "LJ Cush",
              "bowler": "JJ Tucker",
              "non_striker": "RA Marshall",
              "runs": {
                "batter": 6,
                "extras": 0,
                "total": 6
              }
            },
            {
              "batter": "LJ Cush",
              "bowler": "JJ Tucker",
              "non_striker": "RA Marshall",
              "runs": {
                "batter": 4,
                "extras": 0,
                "total": 4
              }
            },
            {
              "batter": "LJ Cush",
              "bowler": "JJ Tucker",
              "non_striker": "RA Marshall",
              "runs": {
                "batter": 1,
                "extras": 0,
                "total": 1
              }
            },
            {
              "batter": "RA Marshall",
              "bowler": "JJ Tucker",
              "extras": {
                "wides": 3
              },
              "non_striker": "LJ Cush",
              "runs": {
                "batter": 0,
                "extras": 3,
                "total": 3
              }
            },
            {
              "batter": "RA Marshall",
              "bowler": "JJ Tucker",
              "non_striker": "LJ Cush",
              "runs": {
                "batter": 1,
                "extras": 0,
                "total": 1
              }
            }
          ]
        },
        {
          "over": 17,
          "deliveries": [
            {
              "batter": "RA Marshall",
              "bowler": "J West",
              "non_striker": "LJ Cush",
              "runs": {
                "batter": 0,
                "extras": 0,
                "total": 0
              }
            },
            {
              "batter": "RA Marshall",
              "bowler": "J West",
              "non_striker": "LJ Cush",
              "runs": {
                "batter": 1,
                "extras": 0,
                "total": 1
              }
            },
            {
              "batter": "LJ Cush",
              "bowler": "J West",
              "non_striker": "RA Marshall",
              "runs": {
                "batter": 0,
                "extras": 0,
                "total": 0
              }
            },
            {
              "batter": "LJ Cush",
              "bowler": "J West",
              "non_striker": "RA Marshall",
              "runs": {
                "batter": 1,
                "extras": 0,
                "total": 1
              }
            },
            {
              "batter": "RA Marshall",
              "bowler": "J West",
              "non_striker": "LJ Cush",
              "runs": {
                "batter": 1,
                "extras": 0,
                "total": 1
              }
            },
            {
              "batter": "LJ Cush",
              "bowler": "J West",
              "non_striker": "RA Marshall",
              "runs": {
                "batter": 0,
                "extras": 0,
                "total": 0
              }
            }
          ]
        },
        {
          "over": 18,
          "deliveries": [
            {
              "batter": "RA Marshall",
              "bowler": "S Dill",
              "non_striker": "LJ Cush",
              "runs": {
                "batter": 2,
                "extras": 0,
                "total": 2
              }
            },
            {
              "batter": "RA Marshall",
              "bowler": "S Dill",
              "non_striker": "LJ Cush",
              "runs": {
                "batter": 0,
                "extras": 0,
                "total": 0
              }
            },
            {
              "batter": "RA Marshall",
              "bowler": "S Dill",
              "non_striker": "LJ Cush",
              "runs": {
                "batter": 0,
                "extras": 0,
                "total": 0
              },
              "wickets": [
                {
                  "player_out": "LJ Cush",
                  "kind": "run out"
                }
              ]
            },
            {
              "batter": "RA Marshall",
              "bowler": "S Dill",
              "non_striker": "TP Allen",
              "runs": {
                "batter": 1,
                "extras": 0,
                "total": 1
              }
            },
            {
              "batter": "TP Allen",
              "bowler": "S Dill",
              "non_striker": "RA Marshall",
              "runs": {
                "batter": 0,
                "extras": 0,
                "total": 0
              },
              "wickets": [
                {
                  "player_out": "TP Allen",
                  "fielders": [
                    {
                      "name": "S Rayner"
                    }
                  ],
                  "kind": "caught"
                }
              ]
            },
            {
              "batter": "RA Marshall",
              "bowler": "S Dill",
              "non_striker": "Muhammad Ghous",
              "runs": {
                "batter": 2,
                "extras": 0,
                "total": 2
              }
            }
          ]
        },
        {
          "over": 19,
          "deliveries": [
            {
              "batter": "Muhammad Ghous",
              "bowler": "J West",
              "non_striker": "RA Marshall",
              "runs": {
                "batter": 2,
                "extras": 0,
                "total": 2
              }
            },
            {
              "batter": "Muhammad Ghous",
              "bowler": "J West",
              "non_striker": "RA Marshall",
              "runs": {
                "batter": 1,
                "extras": 0,
                "total": 1
              }
            },
            {
              "batter": "RA Marshall",
              "bowler": "J West",
              "non_striker": "Muhammad Ghous",
              "runs": {
                "batter": 6,
                "extras": 0,
                "total": 6
              }
            },
            {
              "batter": "RA Marshall",
              "bowler": "J West",
              "non_striker": "Muhammad Ghous",
              "runs": {
                "batter": 2,
                "extras": 0,
                "total": 2
              }
            },
            {
              "batter": "RA Marshall",
              "bowler": "J West",
              "extras": {
                "noballs": 1
              },
              "non_striker": "Muhammad Ghous",
              "runs": {
                "batter": 0,
                "extras": 1,
                "total": 1
              }
            },
            {
              "batter": "RA Marshall",
              "bowler": "J West",
              "non_striker": "Muhammad Ghous",
              "runs": {
                "batter": 1,
                "extras": 0,
                "total": 1
              }
            },
            {
              "batter": "Muhammad Ghous",
              "bowler": "J West",
              "non_striker": "RA Marshall",
              "runs": {
                "batter": 1,
                "extras": 0,
                "total": 1
              }
            }
          ]
        }
      ],
      "powerplays": [
        {
          "from": 0.1,
          "to": 5.6,
          "type": "mandatory"
        }
      ],
      "target": {
        "overs": 20,
        "runs": 138
      },
      "miscounted_overs": {
        "4": {
          "balls": "5"
        }
      }
    }
  ]
}