{
  "meta": {
    "data_version": "1.0.0",
    "created": "2020-11-14",
    "revision": 1
  },
  "info": {
    "balls_per_over": 6,
    "city": "Hamilton",
    "dates": [
      "2010-06-05"
    ],
    "event": {
      "name": "ICC World Cricket League Americas Region Division One Twenty20",
      "group": "B"
    },
    "gender": "male",
    "match_type": "IT20",
    "officials": {
      "match_referees": [
        "AFG Griffith"
      ],
      "tv_umpires": [
        "K Bayney"
      ],
      "umpires": [
        "AKL Brijcoomar",
        "C Young"
      ]
    },
    "outcome": {
      "winner": "Bermuda",
      "by": {
        "runs": 11
      }
    },
    "overs": 20,
    "player_of_match": [
      "JJ Tucker"
    ],
    "players": {
      "Bermuda": [
        "CR Foggo",
        "FS Crockwell",
        "SD Outerbridge",
        "DL Hemp",
        "JJ Tucker",
        "IH Romaine",
        "S Rayner",
        "JA DeSilva",
        "RJ Trott",
        "J Gilbert",
        "S Dill"
      ],
      "Bahamas": [
        "M Taylor",
        "DG Weakley",
        "R Parkes",
        "ML Ford",
        "NH Ekanayake",
        "GT Taylor",
        "A Peters",
        "J Adderley",
        "JR Barry",
        "G Irvin",
        "D Gittens"
      ]
    },
    "registry": {
      "people": {
        "A Peters": "9e5225be",
        "AFG Griffith": "4d46eb96",
        "AKL Brijcoomar": "602fd1aa",
        "C Young": "169c473b",
        "CR Foggo": "3e722460",
        "D Gittens": "af08e794",
        "DG Weakley": "224a9f5e",
        "DL Hemp": "cb263798",
        "FS Crockwell": "e932483d",
        "G Irvin": "17530fd9",
        "GT Taylor": "c674f722",
        "IH Romaine": "54725e8b",
        "J Adderley": "33c4f881",
        "J Gilbert": "db3f0650",
        "J West": "d46933ed",
        "JA DeSilva": "01d5f279",
        "JJ Tucker": "bceb1b07",
        "JR Barry": "9bc324b5",
        "K Bayney": "a2c35938",
        "M Taylor": "92075cdc",
        "ML Ford": "3dd31834",
        "NH Ekanayake": "00c98c78",
        "R Parkes": "26815eee",
        "RJ Trott": "52f96571",
        "S Dill": "f416b534",
        "S Rayner": "50b8bb30",
        "SD Outerbridge": "9295145b"
      }
    },
    "season": "2010",
    "team_type": "international",
    "teams": [
      "Bermuda",
      "Bahamas"
    ],
    "toss": {
      "decision": "field",
      "winner": "Bahamas"
    },
    "venue": "National Stadium"
  },
  "innings": [
    {
      "team": "Bermuda",
      "overs": [
        {
          "over": 0,
          "deliveries": [
            {
              "batter": "CR Foggo",
              "bowler": "J Adderley",
              "extras": {
                "wides": 1
              },
              "non_striker": "FS Crockwell",
              "runs": {
                "batter": 0,
                "extras": 1,
                "total": 1
              }
            },
            {
              "batter": "CR Foggo",
              "bowler": "J Adderley",
              "non_striker": "FS Crockwell",
              "runs": {
                "batter": 0,
                "extras": 0,
                "total": 0
              }
            },
            {
              "batter": "CR Foggo",
              "bowler": "J Adderley",
              "non_striker": "FS Crockwell",
              "runs": {
                "batter": 0,
                "extras": 0,
                "total": 0
              }
            },
            {
              "batter": "CR Foggo",
              "bowler": "J Adderley",
              "non_striker": "FS Crockwell",
              "runs": {
                "batter": 0,
                "extras": 0,
                "total": 0
              }
            },
            {
              "batter": "CR Foggo",
              "bowler": "J Adderley",
              "non_striker": "FS Crockwell",
              "runs": {
                "batter": 0,
                "extras": 0,
                "total": 0
              }
            },
            {
              "batter": "CR Foggo",
              "bowler": "J Adderley",
              "non_striker": "FS Crockwell",
              "runs": {
                "batter": 1,
                "extras": 0,
                "total": 1
              }
            },
            {
              "batter": "FS Crockwell",
              "bowler": "J Adderley",
              "extras": {
                "byes": 1
              },
              "non_striker": "CR Foggo",
              "runs": {
                "batter": 0,
                "extras": 1,
                "total": 1
              }
            }
          ]
        },
        {
          "over": 1,
          "deliveries": [
            {
              "batter": "FS Crockwell",
              "bowler": "G Irvin",
              "non_striker": "CR Foggo",
              "runs": {
                "batter": 2,
                "extras": 0,
                "total": 2
              }
            },
            {
              "batter": "FS Crockwell",
              "bowler": "G Irvin",
              "non_striker": "CR Foggo",
              "runs": {
                "batter": 0,
                "extras": 0,
                "total": 0
              }
            },
            {
              "batter": "FS Crockwell",
              "bowler": "G Irvin",
              "non_striker": "CR Foggo",
              "runs": {
                "batter": 1,
                "extras": 0,
                "total": 1
              }
            },
            {
              "batter": "CR Foggo",
              "bowler": "G Irvin",
              "non_striker": "FS Crockwell",
              "runs": {
                "batter": 3,
                "extras": 0,
                "total": 3
              }
            },
            {
              "batter": "FS Crockwell",
              "bowler": "G Irvin",
              "non_striker": "CR Foggo",
              "runs": {
                "batter": 0,
                "extras": 0,
                "total": 0
              }
            },
            {
              "batter": "FS Crockwell",
              "bowler": "G Irvin",
              "non_striker": "CR Foggo",
              "runs": {
                "batter": 0,
                "extras": 0,
                "total": 0
              }
            }
          ]
        },
        {
          "over": 2,
          "deliveries": [
            {
              "batter": "CR Foggo",
              "bowler": "J Adderley",
              "non_striker": "FS Crockwell",
              "runs": {
                "batter": 1,
                "extras": 0,
                "total": 1
              }
            },
            {
              "batter": "FS Crockwell",
              "bowler": "J Adderley",
              "non_striker": "CR Foggo",
              "runs": {
                "batter": 1,
                "extras": 0,
                "total": 1
              }
            },
            {
              "batter": "CR Foggo",
              "bowler": "J Adderley",
              "non_striker": "FS Crockwell",
              "runs": {
                "batter": 0,
                "extras": 0,
                "total": 0
              }
            },
            {
              "batter": "CR Foggo",
              "bowler": "J Adderley",
              "non_striker": "FS Crockwell",
              "runs": {
                "batter": 0,
                "extras": 0,
                "total": 0
              }
            },
            {
              "batter": "CR Foggo",
              "bowler": "J Adderley",
              "non_striker": "FS Crockwell",
              "runs": {
                "batter": 0,
                "extras": 0,
                "total": 0
              }
            },
            {
              "batter": "CR Foggo",
              "bowler": "J Adderley",
              "non_striker": "FS Crockwell",
              "runs": {
                "batter": 1,
                "extras": 0,
                "total": 1
              }
            }
          ]
        },
        {
          "over": 3,
          "deliveries": [
            {
              "batter": "CR Foggo",
              "bowler": "G Irvin",
              "non_striker": "FS Crockwell",
              "runs": {
                "batter": 2,
                "extras": 0,
                "total": 2
              }
            },
            {
              "batter": "CR Foggo",
              "bowler": "G Irvin",
              "non_striker": "FS Crockwell",
              "runs": {
                "batter": 0,
                "extras": 0,
                "total": 0
              }
            },
            {
              "batter": "CR Foggo",
              "bowler": "G Irvin",
              "extras": {
                "noballs": 1
              },
              "non_striker": "FS Crockwell",
              "runs": {
                "batter": 4,
                "extras": 1,
                "total": 5
              }
            },
            {
              "batter": "CR Foggo",
              "bowler": "G Irvin",
              "extras": {
                "byes": 1
              },
              "non_striker": "FS Crockwell",
              "runs": {
                "batter": 0,
                "extras": 1,
                "total": 1
              }
            },
            {
              "batter": "FS Crockwell",
              "bowler": "G Irvin",
              "non_striker": "CR Foggo",
              "runs": {
                "batter": 1,
                "extras": 0,
                "total": 1
              }
            },
            {
              "batter": "CR Foggo",
              "bowler": "G Irvin",
              "non_striker": "FS Crockwell",
              "runs": {
                "batter": 4,
                "extras": 0,
                "total": 4
              }
            },
            {
              "batter": "CR Foggo",
              "bowler": "G Irvin",
              "extras": {
                "wides": 1
              },
              "non_striker": "FS Crockwell",
              "runs": {
                "batter": 0,
                "extras": 1,
                "total": 1
              }
            },
            {
              "batter": "CR Foggo",
              "bowler": "G Irvin",
              "extras": {
                "wides": 1
              },
              "non_striker": "FS Crockwell",
              "runs": {
                "batter": 0,
                "extras": 1,
                "total": 1
              }
            },
            {
              "batter": "CR Foggo",
              "bowler": "G Irvin",
              "non_striker": "FS Crockwell",
              "runs": {
                "batter": 1,
                "extras": 0,
                "total": 1
              }
            }
          ]
        },
        {
          "over": 4,
          "deliveries": [
            {
              "batter": "CR Foggo",
              "bowler": "J Adderley",
              "extras": {
                "wides": 1
              },
              "non_striker": "FS Crockwell",
              "runs": {
                "batter": 0,
                "extras": 1,
                "total": 1
              }
            },
            {
              "batter": "CR Foggo",
              "bowler": "J Adderley",
              "non_striker": "FS Crockwell",
              "runs": {
                "batter": 1,
                "extras": 0,
                "total": 1
              }
            },
            {
              "batter": "FS Crockwell",
              "bowler": "J Adderley",
              "non_striker": "CR Foggo",
              "runs": {
                "batter": 4,
                "extras": 0,
                "total": 4
              }
            },
            {
              "batter": "FS Crockwell",
              "bowler": "J Adderley",
              "non_striker": "CR Foggo",
              "runs": {
                "batter": 1,
                "extras": 0,
                "total": 1
              }
            },
            {
              "batter": "CR Foggo",
              "bowler": "J Adderley",
              "non_striker": "FS Crockwell",
              "runs": {
                "batter": 0,
                "extras": 0,
                "total": 0
              }
            },
            {
              "batter": "CR Foggo",
              "bowler": "J Adderley",
              "non_striker": "FS Crockwell",
              "runs": {
                "batter": 1,
                "extras": 0,
                "total": 1
              }
            },
            {
              "batter": "FS Crockwell",
              "bowler": "J Adderley",
              "non_striker": "CR Foggo",
              "runs": {
                "batter": 0,
                "extras": 0,
                "total": 0
              }
            }
          ]
        },
        {
          "over": 5,
          "deliveries": [
            {
              "batter": "CR Foggo",
              "bowler": "A Peters",
              "non_striker": "FS Crockwell",
              "runs": {
                "batter": 0,
                "extras": 0,
                "total": 0
              }
            },
            {
              "batter": "CR Foggo",
              "bowler": "A Peters",
              "non_striker": "FS Crockwell",
              "runs": {
                "batter": 0,
                "extras": 0,
                "total": 0
              }
            },
            {
              "batter": "CR Foggo",
              "bowler": "A Peters",
              "non_striker": "FS Crockwell",
              "runs": {
                "batter": 1,
                "extras": 0,
                "total": 1
              }
            },
            {
              "batter": "FS Crockwell",
              "bowler": "A Peters",
              "non_striker": "CR Foggo",
              "runs": {
                "batter": 0,
                "extras": 0,
                "total": 0
              }
            },
            {
              "batter": "FS Crockwell",
              "bowler": "A Peters",
              "non_striker": "CR Foggo",
              "runs": {
                "batter": 0,
                "extras": 0,
                "total": 0
              }
            },
            {
              "batter": "FS Crockwell",
              "bowler": "A Peters",
              "non_striker": "CR Foggo",
              "runs": {
                "batter": 4,
                "extras": 0,
                "total": 4
              }
            }
          ]
        },
        {
          "over": 6,
          "deliveries": [
            {
              "batter": "CR Foggo",
              "bowler": "M Taylor",
              "non_striker": "FS Crockwell",
              "runs": {
                "batter": 1,
                "extras": 0,
                "total": 1
              }
            },
            {
              "batter": "FS Crockwell",
              "bowler": "M Taylor",
              "non_striker": "CR Foggo",
              "runs": {
                "batter": 0,
                "extras": 0,
                "total": 0
              }
            },
            {
              "batter": "FS Crockwell",
              "bowler": "M Taylor",
              "non_striker": "CR Foggo",
              "runs": {
                "batter": 0,
                "extras": 0,
                "total": 0
              }
            },
            {
              "batter": "FS Crockwell",
              "bowler": "M Taylor",
              "non_striker": "CR Foggo",
              "runs": {
                "batter": 0,
                "extras": 0,
                "total": 0
              },
              "wickets": [
                {
                  "player_out": "FS Crockwell",
                  "fielders": [
                    {
                      "name": "G Irvin"
                    }
                  ],
                  "kind": "caught"
                }
              ]
            },
            {
              "batter": "SD Outerbridge",
              "bowler": "M Taylor",
              "non_striker": "CR Foggo",
              "runs": {
                "batter": 0,
                "extras": 0,
                "total": 0
              }
            },
            {
              "batter": "SD Outerbridge",
              "bowler": "M Taylor",
              "non_striker": "CR Foggo",
              "runs": {
                "batter": 0,
                "extras": 0,
                "total": 0
              },
              "wickets": [
                {
                  "player_out": "SD Outerbridge",
                  "fielders": [
                    {
                      "name": "GT Taylor"
                    }
                  ],
                  "kind": "stumped"
                }
              ]
            }
          ]
        },
        {
          "over": 7,
          "deliveries": [
            {
              "batter": "CR Foggo",
              "bowler": "A Peters",
              "non_striker": "DL Hemp",
              "runs": {
                "batter": 0,
                "extras": 0,
                "total": 0
              }
            },
            {
              "batter": "CR Foggo",
              "bowler": "A Peters",
              "non_striker": "DL Hemp",
              "runs": {
                "batter": 1,
                "extras": 0,
                "total": 1
              }
            },
            {
              "batter": "DL Hemp",
              "bowler": "A Peters",
              "non_striker": "CR Foggo",
              "runs": {
                "batter": 1,
                "extras": 0,
                "total": 1
              }
            },
            {
              "batter": "CR Foggo",
              "bowler": "A Peters",
              "non_striker": "DL Hemp",
              "runs": {
                "batter": 2,
                "extras": 0,
                "total": 2
              }
            },
            {
              "batter": "CR Foggo",
              "bowler": "A Peters",
              "extras": {
                "wides": 1
              },
              "non_striker": "DL Hemp",
              "runs": {
                "batter": 0,
                "extras": 1,
                "total": 1
              }
            },
            {
              "batter": "CR Foggo",
              "bowler": "A Peters",
              "non_striker": "DL Hemp",
              "runs": {
                "batter": 0,
                "extras": 0,
                "total": 0
              }
            },
            {
              "batter": "CR Foggo",
              "bowler": "A Peters",
              "extras": {
                "wides": 1
              },
              "non_striker": "DL Hemp",
              "runs": {
                "batter": 0,
                "extras": 1,
                "total": 1
              }
            },
            {
              "batter": "CR Foggo",
              "bowler": "A Peters",
              "non_striker": "DL Hemp",
              "runs": {
                "batter": 1,
                "extras": 0,
                "total": 1
              }
            }
          ]
        },
        {
          "over": 8,
          "deliveries": [
            {
              "batter": "CR Foggo",
              "bowler": "M Taylor",
              "non_striker": "DL Hemp",
              "runs": {
                "batter": 1,
                "extras": 0,
                "total": 1
              }
            },
            {
              "batter": "DL Hemp",
              "bowler": "M Taylor",
              "non_striker": "CR Foggo",
              "runs": {
                "batter": 0,
                "extras": 0,
                "total": 0
              }
            },
            {
              "batter": "DL Hemp",
              "bowler": "M Taylor",
              "non_striker": "CR Foggo",
              "runs": {
                "batter": 0,
                "extras": 0,
                "total": 0
              }
            },
            {
              "batter": "DL Hemp",
              "bowler": "M Taylor",
              "non_striker": "CR Foggo",
              "runs": {
                "batter": 1,
                "extras": 0,
                "total": 1
              }
            },
            {
              "batter": "CR Foggo",
              "bowler": "M Taylor",
              "non_striker": "DL Hemp",
              "runs": {
                "batter": 1,
                "extras": 0,
                "total": 1
              }
            },
            {
              "batter": "DL Hemp",
              "bowler": "M Taylor",
              "non_striker": "CR Foggo",
              "runs": {
                "batter": 1,
                "extras": 0,
                "total": 1
              }
            }
          ]
        },
        {
          "over": 9,
          "deliveries": [
            {
              "batter": "DL Hemp",
              "bowler": "A Peters",
              "non_striker": "CR Foggo",
              "runs": {
                "batter": 0,
                "extras": 0,
                "total": 0
              }
            },
            {
              "batter": "DL Hemp",
              "bowler": "A Peters",
              "non_striker": "CR Foggo",
              "runs": {
                "batter": 2,
                "extras": 0,
                "total": 2
              }
            },
            {
              "batter": "DL Hemp",
              "bowler": "A Peters",
              "non_striker": "CR Foggo",
              "runs": {
                "batter": 0,
                "extras": 0,
                "total": 0
              }
            },
            {
              "batter": "DL Hemp",
              "bowler": "A Peters",
              "non_striker": "CR Foggo",
              "runs": {
                "batter": 0,
                "extras": 0,
                "total": 0
              },
              "wickets": [
                {
                  "player_out": "DL Hemp",
                  "fielders": [
                    {
                      "name": "GT Taylor"
                    }
                  ],
                  "kind": "caught"
                }
              ]
            },
            {
              "batter": "JJ Tucker",
              "bowler": "A Peters",
              "non_striker": "CR Foggo",
              "runs": {
                "batter": 0,
                "extras": 0,
                "total": 0
              }
            },
            {
              "batter": "JJ Tucker",
              "bowler": "A Peters",
              "non_striker": "CR Foggo",
              "runs": {
                "batter": 1,
                "extras": 0,
                "total": 1
              }
            }
          ]
        },
        {
          "over": 10,
          "deliveries": [
            {
              "batter": "JJ Tucker",
              "bowler": "M Taylor",
              "non_striker": "CR Foggo",
              "runs": {
                "batter": 2,
                "extras": 0,
                "total": 2
              }
            },
            {
              "batter": "JJ Tucker",
              "bowler": "M Taylor",
              "non_striker": "CR Foggo",
              "runs": {
                "batter": 1,
                "extras": 0,
                "total": 1
              }
            },
            {
              "batter": "CR Foggo",
              "bowler": "M Taylor",
              "non_striker": "JJ Tucker",
              "runs": {
                "batter": 1,
                "extras": 0,
                "total": 1
              }
            },
            {
              "batter": "JJ Tucker",
              "bowler": "M Taylor",
              "non_striker": "CR Foggo",
              "runs": {
                "batter": 0,
                "extras": 0,
                "total": 0
              }
            },
            {
              "batter": "JJ Tucker",
              "bowler": "M Taylor",
              "extras": {
                "byes": 2
              },
              "non_striker": "CR Foggo",
              "runs": {
                "batter": 0,
                "extras": 2,
                "total": 2
              }
            },
            {
              "batter": "JJ Tucker",
              "bowler": "M Taylor",
              "non_striker": "CR Foggo",
              "runs": {
                "batter": 3,
                "extras": 0,
                "total": 3
              }
            }
          ]
        },
        {
          "over": 11,
          "deliveries": [
            {
              "batter": "JJ Tucker",
              "bowler": "A Peters",
              "non_striker": "CR Foggo",
              "runs": {
                "batter": 4,
                "extras": 0,
                "total": 4
              }
            },
            {
              "batter": "JJ Tucker",
              "bowler": "A Peters",
              "non_striker": "CR Foggo",
              "runs": {
                "batter": 1,
                "extras": 0,
                "total": 1
              }
            },
            {
              "batter": "CR Foggo",
              "bowler": "A Peters",
              "non_striker": "JJ Tucker",
              "runs": {
                "batter": 0,
                "extras": 0,
                "total": 0
              }
            },
            {
              "batter": "CR Foggo",
              "bowler": "A Peters",
              "non_striker": "JJ Tucker",
              "runs": {
                "batter": 0,
                "extras": 0,
                "total": 0
              }
            },
            {
              "batter": "CR Foggo",
              "bowler": "A Peters",
              "non_striker": "JJ Tucker",
              "runs": {
                "batter": 2,
                "extras": 0,
                "total": 2
              }
            },
            {
              "batter": "CR Foggo",
              "bowler": "A Peters",
              "non_striker": "JJ Tucker",
              "runs": {
                "batter": 1,
                "extras": 0,
                "total": 1
              }
            }
          ]
        },
        {
          "over": 12,
          "deliveries": [
            {
              "batter": "CR Foggo",
              "bowler": "M Taylor",
              "non_striker": "JJ Tucker",
              "runs": {
                "batter": 0,
                "extras": 0,
                "total": 0
              }
            },
            {
              "batter": "CR Foggo",
              "bowler": "M Taylor",
              "non_striker": "JJ Tucker",
              "runs": {
                "batter": 1,
                "extras": 0,
                "total": 1
              }
            },
            {
              "batter": "JJ Tucker",
              "bowler": "M Taylor",
              "non_striker": "CR Foggo",
              "runs": {
                "batter": 0,
                "extras": 0,
                "total": 0
              }
            },
            {
              "batter": "JJ Tucker",
              "bowler": "M Taylor",
              "non_striker": "CR Foggo",
              "runs": {
                "batter": 0,
                "extras": 0,
                "total": 0
              }
            },
            {
              "batter": "JJ Tucker",
              "bowler": "M Taylor",
              "non_striker": "CR Foggo",
              "runs": {
                "batter": 2,
                "extras": 0,
                "total": 2
              }
            },
            {
              "batter": "JJ Tucker",
              "bowler": "M Taylor",
              "non_striker": "CR Foggo",
              "runs": {
                "batter": 6,
                "extras": 0,
                "total": 6
              }
            }
          ]
        },
        {
          "over": 13,
          "deliveries": [
            {
              "batter": "CR Foggo",
              "bowler": "DG Weakley",
              "non_striker": "JJ Tucker",
              "runs": {
                "batter": 1,
                "extras": 0,
                "total": 1
              }
            },
            {
              "batter": "JJ Tucker",
              "bowler": "DG Weakley",
              "extras": {
                "wides": 1
              },
              "non_striker": "CR Foggo",
              "runs": {
                "batter": 0,
                "extras": 1,
                "total": 1
              }
            },
            {
              "batter": "JJ Tucker",
              "bowler": "DG Weakley",
              "non_striker": "CR Foggo",
              "runs": {
                "batter": 0,
                "extras": 0,
                "total": 0
              }
            },
            {
              "batter": "JJ Tucker",
              "bowler": "DG Weakley",
              "non_striker": "CR Foggo",
              "runs": {
                "batter": 0,
                "extras": 0,
                "total": 0
              }
            },
            {
              "batter": "JJ Tucker",
              "bowler": "DG Weakley",
              "non_striker": "CR Foggo",
              "runs": {
                "batter": 1,
                "extras": 0,
                "total": 1
              }
            },
            {
              "batter": "CR Foggo",
              "bowler": "DG Weakley",
              "non_striker": "JJ Tucker",
              "runs": {
                "batter": 1,
                "extras": 0,
                "total": 1
              }
            },
            {
              "batter": "JJ Tucker",
              "bowler": "DG Weakley",
              "non_striker": "CR Foggo",
              "runs": {
                "batter": 1,
                "extras": 0,
                "total": 1
              }
            }
          ]
        },
        {
          "over": 14,
          "deliveries": [
            {
              "batter": "JJ Tucker",
              "bowler": "NH Ekanayake",
              "non_striker": "CR Foggo",
              "runs": {
                "batter": 0,
                "extras": 0,
                "total": 0
              }
            },
            {
              "batter": "JJ Tucker",
              "bowler": "NH Ekanayake",
              "non_striker": "CR Foggo",
              "runs": {
                "batter": 1,
                "extras": 0,
                "total": 1
              }
            },
            {
              "batter": "CR Foggo",
              "bowler": "NH Ekanayake",
              "non_striker": "JJ Tucker",
              "runs": {
                "batter": 1,
                "extras": 0,
                "total": 1
              }
            },
            {
              "batter": "JJ Tucker",
              "bowler": "NH Ekanayake",
              "non_striker": "CR Foggo",
              "runs": {
                "batter": 0,
                "extras": 0,
                "total": 0
              }
            },
            {
              "batter": "JJ Tucker",
              "bowler": "NH Ekanayake",
              "non_striker": "CR Foggo",
              "runs": {
                "batter": 1,
                "extras": 0,
                "total": 1
              }
            },
            {
              "batter": "CR Foggo",
              "bowler": "NH Ekanayake",
              "non_striker": "JJ Tucker",
              "runs": {
                "batter": 0,
                "extras": 0,
                "total": 0
              }
            }
          ]
        },
        {
          "over": 15,
          "deliveries": [
            {
              "batter": "JJ Tucker",
              "bowler": "DG Weakley",
              "non_striker": "CR Foggo",
              "runs": {
                "batter": 1,
                "extras": 0,
                "total": 1
              }
            },
            {
              "batter": "CR Foggo",
              "bowler": "DG Weakley",
              "non_striker": "JJ Tucker",
              "runs": {
                "batter": 6,
                "extras": 0,
                "total": 6
              }
            },
            {
              "batter": "CR Foggo",
              "bowler": "DG Weakley",
              "non_striker": "JJ Tucker",
              "runs": {
                "batter": 0,
                "extras": 0,
                "total": 0
              },
              "wickets": [
                {
                  "player_out": "CR Foggo",
                  "fielders": [
                    {
                      "name": "ML Ford"
                    }
                  ],
                  "kind": "caught"
                }
              ]
            },
            {
              "batter": "JJ Tucker",
              "bowler": "DG Weakley",
              "non_striker": "IH Romaine",
              "runs": {
                "batter": 4,
                "extras": 0,
                "total": 4
              }
            },
            {
              "batter": "JJ Tucker",
              "bowler": "DG Weakley",
              "non_striker": "IH Romaine",
              "runs": {
                "batter": 6,
                "extras": 0,
                "total": 6
              }
            },
            {
              "batter": "JJ Tucker",
              "bowler": "DG Weakley",
              "non_striker": "IH Romaine",
              "runs": {
                "batter": 6,
                "extras": 0,
                "total": 6
              }
            }
          ]
        },
        {
          "over": 16,
          "deliveries": [
            {
              "batter": "IH Romaine",
              "bowler": "NH Ekanayake",
              "non_striker": "JJ Tucker",
              "runs": {
                "batter": 0,
                "extras": 0,
                "total": 0
              }
            },
            {
              "batter": "IH Romaine",
              "bowler": "NH Ekanayake",
              "non_striker": "JJ Tucker",
              "runs": {
                "batter": 1,
                "extras": 0,
                "total": 1
              }
            },
            {
              "batter": "JJ Tucker",
              "bowler": "NH Ekanayake",
              "non_striker": "IH Romaine",
              "runs": {
                "batter": 2,
                "extras": 0,
                "total": 2
              }
            },
            {
              "batter": "JJ Tucker",
              "bowler": "NH Ekanayake",
              "non_striker": "IH Romaine",
              "runs": {
                "batter": 2,
                "extras": 0,
                "total": 2
              }
            },
            {
              "batter": "JJ Tucker",
              "bowler": "NH Ekanayake",
              "non_striker": "IH Romaine",
              "runs": {
                "batter": 1,
                "extras": 0,
                "total": 1
              }
            },
            {
              "batter": "IH Romaine",
              "bowler": "NH Ekanayake",
              "non_striker": "JJ Tucker",
              "runs": {
                "batter": 2,
                "extras": 0,
                "total": 2
              }
            }
          ]
        },
        {
          "over": 17,
          "deliveries": [
            {
              "batter": "JJ Tucker",
              "bowler": "DG Weakley",
              "non_striker": "IH Romaine",
              "runs": {
                "batter": 0,
                "extras": 0,
                "total": 0
              },
              "wickets": [
                {
                  "player_out": "JJ Tucker",
                  "fielders": [
                    {
                      "name": "M Taylor"
                    }
                  ],
                  "kind": "caught"
                }
              ]
            },
            {
              "batter": "S Rayner",
              "bowler": "DG Weakley",
              "non_striker": "IH Romaine",
              "runs": {
                "batter": 1,
                "extras": 0,
                "total": 1
              }
            },
            {
              "batter": "IH Romaine",
              "bowler": "DG Weakley",
              "non_striker": "S Rayner",
              "runs": {
                "batter": 0,
                "extras": 0,
                "total": 0
              }
            },
            {
              "batter": "IH Romaine",
              "bowler": "DG Weakley",
              "non_striker": "S Rayner",
              "runs": {
                "batter": 4,
                "extras": 0,
                "total": 4
              }
            },
            {
              "batter": "IH Romaine",
              "bowler": "DG Weakley",
              "non_striker": "S Rayner",
              "runs": {
                "batter": 0,
                "extras": 0,
                "total": 0
              }
            },
            {
              "batter": "IH Romaine",
              "bowler": "DG Weakley",
              "non_striker": "S Rayner",
              "runs": {
                "batter": 1,
                "extras": 0,
                "total": 1
              }
            }
          ]
        },
        {
          "over": 18,
          "deliveries": [
            {
              "batter": "IH Romaine",
              "bowler": "NH Ekanayake",
              "non_striker": "S Rayner",
              "runs": {
                "batter": 0,
                "extras": 0,
                "total": 0
              }
            },
            {
              "batter": "IH Romaine",
              "bowler": "NH Ekanayake",
              "non_striker": "S Rayner",
              "runs": {
                "batter": 0,
                "extras": 0,
                "total": 0
              }
            },
            {
              "batter": "IH Romaine",
              "bowler": "NH Ekanayake",
              "non_striker": "S Rayner",
              "runs": {
                "batter": 1,
                "extras": 0,
                "total": 1
              }
            },
            {
              "batter": "S Rayner",
              "bowler": "NH Ekanayake",
              "non_striker": "IH Romaine",
              "runs": {
                "batter": 0,
                "extras": 0,
                "total": 0
              },
              "wickets": [
                {
                  "player_out": "S Rayner",
                  "fielders": [
                    {
                      "name": "DG Weakley"
                    }
                  ],
                  "kind": "caught"
                }
              ]
            },
            {
              "batter": "IH Romaine",
              "bowler": "NH Ekanayake",
              "non_striker": "JA DeSilva",
              "runs": {
                "batter": 1,
                "extras": 0,
                "total": 1
              }
            },
            {
              "batter": "JA DeSilva",
              "bowler": "NH Ekanayake",
              "non_striker": "IH Romaine",
              "runs": {
                "batter": 1,
                "extras": 0,
                "total": 1
              }
            }
          ]
        },
        {
          "over": 19,
          "deliveries": [
            {
              "batter": "JA DeSilva",
              "bowler": "DG Weakley",
              "non_striker": "IH Romaine",
              "runs": {
                "batter": 0,
                "extras": 0,
                "total": 0
              },
              "wickets": [
                {
                  "player_out": "JA DeSilva",
                  "fielders": [
                    {
                      "name": "JR Barry"
                    }
                  ],
                  "kind": "caught"
                }
              ]
            },
            {
              "batter": "IH Romaine",
              "bowler": "DG Weakley",
              "non_striker": "RJ Trott",
              "runs": {
                "batter": 6,
                "extras": 0,
                "total": 6
              }
            },
            {
              "batter": "IH Romaine",
              "bowler": "DG Weakley",
              "non_striker": "RJ Trott",
              "runs": {
                "batter": 6,
                "extras": 0,
                "total": 6
              }
            },
            {
              "batter": "IH Romaine",
              "bowler": "DG Weakley",
              "non_striker": "RJ Trott",
              "runs": {
                "batter": 2,
                "extras": 0,
                "total": 2
              }
            },
            {
              "batter": "IH Romaine",
              "bowler": "DG Weakley",
              "non_striker": "RJ Trott",
              "runs": {
                "batter": 4,
                "extras": 0,
                "total": 4
              }
            },
            {
              "batter": "IH Romaine",
              "bowler": "DG Weakley",
              "non_striker": "RJ Trott",
              "runs": {
                "batter": 0,
                "extras": 0,
                "total": 0
              }
            }
          ]
        }
      ],
      "powerplays": [
        {
          "from": 0.1,
          "to": 5.6,
          "type": "mandatory"
        }
      ]
    },
    {
      "team": "Bahamas",
      "overs": [
        {
          "over": 0,
          "deliveries": [
            {
              "batter": "M Taylor",
              "bowler": "JA DeSilva",
              "non_striker": "DG Weakley",
              "runs": {
                "batter": 2,
                "extras": 0,
                "total": 2
              }
            },
            {
              "batter": "M Taylor",
              "bowler": "JA DeSilva",
              "extras": {
                "wides": 1
              },
              "non_striker": "DG Weakley",
              "runs": {
                "batter": 0,
                "extras": 1,
                "total": 1
              }
            },
            {
              "batter": "M Taylor",
              "bowler": "JA DeSilva",
              "non_striker": "DG Weakley",
              "runs": {
                "batter": 2,
                "extras": 0,
                "total": 2
              }
            },
            {
              "batter": "M Taylor",
              "bowler": "JA DeSilva",
              "extras": {
                "wides": 1
              },
              "non_striker": "DG Weakley",
              "runs": {
                "batter": 0,
                "extras": 1,
                "total": 1
              }
            },
            {
              "batter": "M Taylor",
              "bowler": "JA DeSilva",
              "extras": {
                "wides": 1
              },
              "non_striker": "DG Weakley",
              "runs": {
                "batter": 0,
                "extras": 1,
                "total": 1
              }
            },
            {
              "batter": "M Taylor",
              "bowler": "JA DeSilva",
              "non_striker": "DG Weakley",
              "runs": {
                "batter": 0,
                "extras": 0,
                "total": 0
              }
            },
            {
              "batter": "M Taylor",
              "bowler": "JA DeSilva",
              "non_striker": "DG Weakley",
              "runs": {
                "batter": 0,
                "extras": 0,
                "total": 0
              }
            },
            {
              "batter": "M Taylor",
              "bowler": "JA DeSilva",
              "non_striker": "DG Weakley",
              "runs": {
                "batter": 4,
                "extras": 0,
                "total": 4
              }
            },
            {
              "batter": "M Taylor",
              "bowler": "JA DeSilva",
              "non_striker": "DG Weakley",
              "runs": {
                "batter": 0,
                "extras": 0,
                "total": 0
              }
            }
          ]
        },
        {
          "over": 1,
          "deliveries": [
            {
              "batter": "DG Weakley",
              "bowler": "S Dill",
              "non_striker": "M Taylor",
              "runs": {
                "batter": 0,
                "extras": 0,
                "total": 0
              }
            },
            {
              "batter": "DG Weakley",
              "bowler": "S Dill",
              "non_striker": "M Taylor",
              "runs": {
                "batter": 0,
                "extras": 0,
                "total": 0
              }
            },
            {
              "batter": "DG Weakley",
              "bowler": "S Dill",
              "non_striker": "M Taylor",
              "runs": {
                "batter": 1,
                "extras": 0,
                "total": 1
              }
            },
            {
              "batter": "M Taylor",
              "bowler": "S Dill",
              "non_striker": "DG Weakley",
              "runs": {
                "batter": 0,
                "extras": 0,
                "total": 0
              }
            },
            {
              "batter": "M Taylor",
              "bowler": "S Dill",
              "non_striker": "DG Weakley",
              "runs": {
                "batter": 0,
                "extras": 0,
                "total": 0
              }
            },
            {
              "batter": "M Taylor",
              "bowler": "S Dill",
              "non_striker": "DG Weakley",
              "runs": {
                "batter": 1,
                "extras": 0,
                "total": 1
              }
            }
          ]
        },
        {
          "over": 2,
          "deliveries": [
            {
              "batter": "M Taylor",
              "bowler": "JA DeSilva",
              "non_striker": "DG Weakley",
              "runs": {
                "batter": 0,
                "extras": 0,
                "total": 0
              }
            },
            {
              "batter": "M Taylor",
              "bowler": "JA DeSilva",
              "non_striker": "DG Weakley",
              "runs": {
                "batter": 1,
                "extras": 0,
                "total": 1
              }
            },
            {
              "batter": "DG Weakley",
              "bowler": "JA DeSilva",
              "non_striker": "M Taylor",
              "runs": {
                "batter": 1,
                "extras": 0,
                "total": 1
              }
            },
            {
              "batter": "M Taylor",
              "bowler": "JA DeSilva",
              "extras": {
                "wides": 1
              },
              "non_striker": "DG Weakley",
              "runs": {
                "batter": 0,
                "extras": 1,
                "total": 1
              }
            },
            {
              "batter": "M Taylor",
              "bowler": "JA DeSilva",
              "non_striker": "DG Weakley",
              "runs": {
                "batter": 0,
                "extras": 0,
                "total": 0
              }
            },
            {
              "batter": "M Taylor",
              "bowler": "JA DeSilva",
              "non_striker": "DG Weakley",
              "runs": {
                "batter": 0,
                "extras": 0,
                "total": 0
              }
            },
            {
              "batter": "M Taylor",
              "bowler": "JA DeSilva",
              "non_striker": "DG Weakley",
              "runs": {
                "batter": 1,
                "extras": 0,
                "total": 1
              }
            }
          ]
        },
        {
          "over": 3,
          "deliveries": [
            {
              "batter": "M Taylor",
              "bowler": "S Dill",
              "extras": {
                "wides": 1
              },
              "non_striker": "DG Weakley",
              "runs": {
                "batter": 0,
                "extras": 1,
                "total": 1
              }
            },
            {
              "batter": "M Taylor",
              "bowler": "S Dill",
              "non_striker": "DG Weakley",
              "runs": {
                "batter": 4,
                "extras": 0,
                "total": 4
              }
            },
            {
              "batter": "M Taylor",
              "bowler": "S Dill",
              "extras": {
                "legbyes": 1
              },
              "non_striker": "DG Weakley",
              "runs": {
                "batter": 0,
                "extras": 1,
                "total": 1
              }
            },
            {
              "batter": "DG Weakley",
              "bowler": "S Dill",
              "non_striker": "M Taylor",
              "runs": {
                "batter": 1,
                "extras": 0,
                "total": 1
              }
            },
            {
              "batter": "M Taylor",
              "bowler": "S Dill",
              "non_striker": "DG Weakley",
              "runs": {
                "batter": 1,
                "extras": 0,
                "total": 1
              }
            },
            {
              "batter": "DG Weakley",
              "bowler": "S Dill",
              "non_striker": "M Taylor",
              "runs": {
                "batter": 0,
                "extras": 0,
                "total": 0
              }
            },
            {
              "batter": "DG Weakley",
              "bowler": "S Dill",
              "non_striker": "M Taylor",
              "runs": {
                "batter": 0,
                "extras": 0,
                "total": 0
              }
            }
          ]
        },
        {
          "over": 4,
          "deliveries": [
            {
              "batter": "M Taylor",
              "bowler": "JA DeSilva",
              "extras": {
                "wides": 1
              },
              "non_striker": "DG Weakley",
              "runs": {
                "batter": 0,
                "extras": 1,
                "total": 1
              }
            },
            {
              "batter": "M Taylor",
              "bowler": "JA DeSilva",
              "non_striker": "DG Weakley",
              "runs": {
                "batter": 0,
                "extras": 0,
                "total": 0
              }
            },
            {
              "batter": "M Taylor",
              "bowler": "JA DeSilva",
              "non_striker": "DG Weakley",
              "runs": {
                "batter": 1,
                "extras": 0,
                "total": 1
              }
            },
            {
              "batter": "DG Weakley",
              "bowler": "JA DeSilva",
              "non_striker": "M Taylor",
              "runs": {
                "batter": 0,
                "extras": 0,
                "total": 0
              },
              "wickets": [
                {
                  "player_out": "DG Weakley",
                  "fielders": [
                    {
                      "name": "DL Hemp"
                    }
                  ],
                  "kind": "caught"
                }
              ]
            },
            {
              "batter": "M Taylor",
              "bowler": "JA DeSilva",
              "non_striker": "R Parkes",
              "runs": {
                "batter": 4,
                "extras": 0,
                "total": 4
              }
            },
            {
              "batter": "M Taylor",
              "bowler": "JA DeSilva",
              "non_striker": "R Parkes",
              "runs": {
                "batter": 4,
                "extras": 0,
                "total": 4
              }
            },
            {
              "batter": "M Taylor",
              "bowler": "JA DeSilva",
              "non_striker": "R Parkes",
              "runs": {
                "batter": 0,
                "extras": 0,
                "total": 0
              }
            }
          ]
        },
        {
          "over": 5,
          "deliveries": [
            {
              "batter": "R Parkes",
              "bowler": "S Dill",
              "extras": {
                "wides": 1
              },
              "non_striker": "M Taylor",
              "runs": {
                "batter": 0,
                "extras": 1,
                "total": 1
              }
            },
            {
              "batter": "R Parkes",
              "bowler": "S Dill",
              "non_striker": "M Taylor",
              "runs": {
                "batter": 4,
                "extras": 0,
                "total": 4
              }
            },
            {
              "batter": "R Parkes",
              "bowler": "S Dill",
              "non_striker": "M Taylor",
              "runs": {
                "batter": 4,
                "extras": 0,
                "total": 4
              }
            },
            {
              "batter": "R Parkes",
              "bowler": "S Dill",
              "non_striker": "M Taylor",
              "runs": {
                "batter": 0,
                "extras": 0,
                "total": 0
              }
            },
            {
              "batter": "R Parkes",
              "bowler": "S Dill",
              "non_striker": "M Taylor",
              "runs": {
                "batter": 4,
                "extras": 0,
                "total": 4
              }
            },
            {
              "batter": "R Parkes",
              "bowler": "S Dill",
              "non_striker": "M Taylor",
              "runs": {
                "batter": 0,
                "extras": 0,
                "total": 0
              }
            },
            {
              "batter": "R Parkes",
              "bowler": "S Dill",
              "extras": {
                "wides": 1
              },
              "non_striker": "M Taylor",
              "runs": {
                "batter": 0,
                "extras": 1,
                "total": 1
              }
            },
            {
              "batter": "R Parkes",
              "bowler": "S Dill",
              "non_striker": "M Taylor",
              "runs": {
                "batter": 6,
                "extras": 0,
                "total": 6
              }
            }
          ]
        },
        {
          "over": 6,
          "deliveries": [
            {
              "batter": "M Taylor",
              "bowler": "RJ Trott",
              "non_striker": "R Parkes",
              "runs": {
                "batter": 0,
                "extras": 0,
                "total": 0
              }
            },
            {
              "batter": "M Taylor",
              "bowler": "RJ Trott",
              "non_striker": "R Parkes",
              "runs": {
                "batter": 0,
                "extras": 0,
                "total": 0
              }
            },
            {
              "batter": "M Taylor",
              "bowler": "RJ Trott",
              "non_striker": "R Parkes",
              "runs": {
                "batter": 0,
                "extras": 0,
                "total": 0
              }
            },
            {
              "batter": "M Taylor",
              "bowler": "RJ Trott",
              "non_striker": "R Parkes",
              "runs": {
                "batter": 0,
                "extras": 0,
                "total": 0
              }
            },
            {
              "batter": "M Taylor",
              "bowler": "RJ Trott",
              "non_striker": "R Parkes",
              "runs": {
                "batter": 1,
                "extras": 0,
                "total": 1
              }
            },
            {
              "batter": "R Parkes",
              "bowler": "RJ Trott",
              "non_striker": "M Taylor",
              "runs": {
                "batter": 0,
                "extras": 0,
                "total": 0
              }
            }
          ]
        },
        {
          "over": 7,
          "deliveries": [
            {
              "batter": "M Taylor",
              "bowler": "J Gilbert",
              "non_striker": "R Parkes",
              "runs": {
                "batter": 1,
                "extras": 0,
                "total": 1
              }
            },
            {
              "batter": "R Parkes",
              "bowler": "J Gilbert",
              "non_striker": "M Taylor",
              "runs": {
                "batter": 0,
                "extras": 0,
                "total": 0
              }
            },
            {
              "batter": "R Parkes",
              "bowler": "J Gilbert",
              "non_striker": "M Taylor",
              "runs": {
                "batter": 1,
                "extras": 0,
                "total": 1
              }
            },
            {
              "batter": "M Taylor",
              "bowler": "J Gilbert",
              "non_striker": "R Parkes",
              "runs": {
                "batter": 1,
                "extras": 0,
                "total": 1
              }
            },
            {
              "batter": "R Parkes",
              "bowler": "J Gilbert",
              "non_striker": "M Taylor",
              "runs": {
                "batter": 6,
                "extras": 0,
                "total": 6
              }
            },
            {
              "batter": "R Parkes",
              "bowler": "J Gilbert",
              "non_striker": "M Taylor",
              "runs": {
                "batter": 1,
                "extras": 0,
                "total": 1
              }
            }
          ]
        },
        {
          "over": 8,
          "deliveries": [
            {
              "batter": "R Parkes",
              "bowler": "RJ Trott",
              "non_striker": "M Taylor",
              "runs": {
                "batter": 1,
                "extras": 0,
                "total": 1
              }
            },
            {
              "batter": "M Taylor",
              "bowler": "RJ Trott",
              "extras": {
                "wides": 1
              },
              "non_striker": "R Parkes",
              "runs": {
                "batter": 0,
                "extras": 1,
                "total": 1
              }
            },
            {
              "batter": "M Taylor",
              "bowler": "RJ Trott",
              "non_striker": "R Parkes",
              "runs": {
                "batter": 0,
                "extras": 0,
                "total": 0
              }
            },
            {
              "batter": "M Taylor",
              "bowler": "RJ Trott",
              "non_striker": "R Parkes",
              "runs": {
                "batter": 1,
                "extras": 0,
                "total": 1
              }
            },
            {
              "batter": "R Parkes",
              "bowler": "RJ Trott",
              "non_striker": "M Taylor",
              "runs": {
                "batter": 0,
                "extras": 0,
                "total": 0
              }
            },
            {
              "batter": "R Parkes",
              "bowler": "RJ Trott",
              "non_striker": "M Taylor",
              "runs": {
                "batter": 0,
                "extras": 0,
                "total": 0
              }
            },
            {
              "batter": "R Parkes",
              "bowler": "RJ Trott",
              "non_striker": "M Taylor",
              "runs": {
                "batter": 1,
                "extras": 0,
                "total": 1
              }
            }
          ]
        },
        {
          "over": 9,
          "deliveries": [
            {
              "batter": "R Parkes",
              "bowler": "J Gilbert",
              "non_striker": "M Taylor",
              "runs": {
                "batter": 1,
                "extras": 0,
                "total": 1
              }
            },
            {
              "batter": "M Taylor",
              "bowler": "J Gilbert",
              "non_striker": "R Parkes",
              "runs": {
                "batter": 1,
                "extras": 0,
                "total": 1
              }
            },
            {
              "batter": "R Parkes",
              "bowler": "J Gilbert",
              "non_striker": "M Taylor",
              "runs": {
                "batter": 1,
                "extras": 0,
                "total": 1
              }
            },
            {
              "batter": "M Taylor",
              "bowler": "J Gilbert",
              "non_striker": "R Parkes",
              "runs": {
                "batter": 0,
                "extras": 0,
                "total": 0
              }
            },
            {
              "batter": "M Taylor",
              "bowler": "J Gilbert",
              "non_striker": "R Parkes",
              "runs": {
                "batter": 1,
                "extras": 0,
                "total": 1
              }
            },
            {
              "batter": "R Parkes",
              "bowler": "J Gilbert",
              "non_striker": "M Taylor",
              "runs": {
                "batter": 6,
                "extras": 0,
                "total": 6
              }
            }
          ]
        },
        {
          "over": 10,
          "deliveries": [
            {
              "batter": "M Taylor",
              "bowler": "RJ Trott",
              "non_striker": "R Parkes",
              "runs": {
                "batter": 0,
                "extras": 0,
                "total": 0
              }
            },
            {
              "batter": "M Taylor",
              "bowler": "RJ Trott",
              "non_striker": "R Parkes",
              "runs": {
                "batter": 0,
                "extras": 0,
                "total": 0
              }
            },
            {
              "batter": "M Taylor",
              "bowler": "RJ Trott",
              "non_striker": "R Parkes",
              "runs": {
                "batter": 1,
                "extras": 0,
                "total": 1
              }
            },
            {
              "batter": "R Parkes",
              "bowler": "RJ Trott",
              "extras": {
                "legbyes": 1
              },
              "non_striker": "M Taylor",
              "runs": {
                "batter": 0,
                "extras": 1,
                "total": 1
              }
            },
            {
              "batter": "M Taylor",
              "bowler": "RJ Trott",
              "non_striker": "R Parkes",
              "runs": {
                "batter": 1,
                "extras": 0,
                "total": 1
              }
            },
            {
              "batter": "R Parkes",
              "bowler": "RJ Trott",
              "non_striker": "M Taylor",
              "runs": {
                "batter": 1,
                "extras": 0,
                "total": 1
              }
            }
          ]
        },
        {
          "over": 11,
          "deliveries": [
            {
              "batter": "R Parkes",
              "bowler": "JJ Tucker",
              "non_striker": "M Taylor",
              "runs": {
                "batter": 1,
                "extras": 0,
                "total": 1
              }
            },
            {
              "batter": "M Taylor",
              "bowler": "JJ Tucker",
              "non_striker": "R Parkes",
              "runs": {
                "batter": 0,
                "extras": 0,
                "total": 0
              }
            },
            {
              "batter": "M Taylor",
              "bowler": "JJ Tucker",
              "non_striker": "R Parkes",
              "runs": {
                "batter": 0,
                "extras": 0,
                "total": 0
              }
            },
            {
              "batter": "M Taylor",
              "bowler": "JJ Tucker",
              "non_striker": "R Parkes",
              "runs": {
                "batter": 1,
                "extras": 0,
                "total": 1
              }
            },
            {
              "batter": "R Parkes",
              "bowler": "JJ Tucker",
              "non_striker": "M Taylor",
              "runs": {
                "batter": 0,
                "extras": 0,
                "total": 0
              }
            },
            {
              "batter": "R Parkes",
              "bowler": "JJ Tucker",
              "non_striker": "M Taylor",
              "runs": {
                "batter": 2,
                "extras": 0,
                "total": 2
              }
            }
          ]
        },
        {
          "over": 12,
          "deliveries": [
            {
              "batter": "M Taylor",
              "bowler": "RJ Trott",
              "non_striker": "R Parkes",
              "runs": {
                "batter": 0,
                "extras": 0,
                "total": 0
              }
            },
            {
              "batter": "M Taylor",
              "bowler": "RJ Trott",
              "non_striker": "R Parkes",
              "runs": {
                "batter": 0,
                "extras": 0,
                "total": 0
              },
              "wickets": [
                {
                  "player_out": "M Taylor",
                  "kind": "bowled"
                }
              ]
            },
            {
              "batter": "ML Ford",
              "bowler": "RJ Trott",
              "non_striker": "R Parkes",
              "runs": {
                "batter": 0,
                "extras": 0,
                "total": 0
              }
            },
            {
              "batter": "ML Ford",
              "bowler": "RJ Trott",
              "non_striker": "R Parkes",
              "runs": {
                "batter": 0,
                "extras": 0,
                "total": 0
              }
            },
            {
              "batter": "ML Ford",
              "bowler": "RJ Trott",
              "non_striker": "R Parkes",
              "runs": {
                "batter": 1,
                "extras": 0,
                "total": 1
              }
            },
            {
              "batter": "R Parkes",
              "bowler": "RJ Trott",
              "non_striker": "ML Ford",
              "runs": {
                "batter": 0,
                "extras": 0,
                "total": 0
              },
              "wickets": [
                {
                  "player_out": "ML Ford",
                  "kind": "handled the ball"
                }
              ]
            }
          ]
        },
        {
          "over": 13,
          "deliveries": [
            {
              "batter": "NH Ekanayake",
              "bowler": "JJ Tucker",
              "non_striker": "R Parkes",
              "runs": {
                "batter": 0,
                "extras": 0,
                "total": 0
              }
            },
            {
              "batter": "NH Ekanayake",
              "bowler": "JJ Tucker",
              "non_striker": "R Parkes",
              "runs": {
                "batter": 0,
                "extras": 0,
                "total": 0
              }
            },
            {
              "batter": "NH Ekanayake",
              "bowler": "JJ Tucker",
              "non_striker": "R Parkes",
              "runs": {
                "batter": 4,
                "extras": 0,
                "total": 4
              }
            },
            {
              "batter": "NH Ekanayake",
              "bowler": "JJ Tucker",
              "non_striker": "R Parkes",
              "runs": {
                "batter": 1,
                "extras": 0,
                "total": 1
              }
            },
            {
              "batter": "R Parkes",
              "bowler": "JJ Tucker",
              "non_striker": "NH Ekanayake",
              "runs": {
                "batter": 1,
                "extras": 0,
                "total": 1
              }
            },
            {
              "batter": "NH Ekanayake",
              "bowler": "JJ Tucker",
              "extras": {
                "wides": 1
              },
              "non_striker": "R Parkes",
              "runs": {
                "batter": 0,
                "extras": 1,
                "total": 1
              }
            },
            {
              "batter": "NH Ekanayake",
              "bowler": "JJ Tucker",
              "non_striker": "R Parkes",
              "runs": {
                "batter": 0,
                "extras": 0,
                "total": 0
              }
            }
          ]
        },
        {
          "over": 14,
          "deliveries": [
            {
              "batter": "R Parkes",
              "bowler": "JA DeSilva",
              "non_striker": "NH Ekanayake",
              "runs": {
                "batter": 0,
                "extras": 0,
                "total": 0
              }
            },
            {
              "batter": "R Parkes",
              "bowler": "JA DeSilva",
              "non_striker": "NH Ekanayake",
              "runs": {
                "batter": 2,
                "extras": 0,
                "total": 2
              }
            },
            {
              "batter": "R Parkes",
              "bowler": "JA DeSilva",
              "non_striker": "NH Ekanayake",
              "runs": {
                "batter": 0,
                "extras": 0,
                "total": 0
              }
            },
            {
              "batter": "R Parkes",
              "bowler": "JA DeSilva",
              "non_striker": "NH Ekanayake",
              "runs": {
                "batter": 0,
                "extras": 0,
                "total": 0
              }
            },
            {
              "batter": "R Parkes",
              "bowler": "JA DeSilva",
              "non_striker": "NH Ekanayake",
              "runs": {
                "batter": 2,
                "extras": 0,
                "total": 2
              }
            },
            {
              "batter": "R Parkes",
              "bowler": "JA DeSilva",
              "extras": {
                "wides": 1
              },
              "non_striker": "NH Ekanayake",
              "runs": {
                "batter": 0,
                "extras": 1,
                "total": 1
              }
            },
            {
              "batter": "R Parkes",
              "bowler": "JA DeSilva",
              "extras": {
                "legbyes": 1
              },
              "non_striker": "NH Ekanayake",
              "runs": {
                "batter": 0,
                "extras": 1,
                "total": 1
              }
            }
          ]
        },
        {
          "over": 15,
          "deliveries": [
            {
              "batter": "R Parkes",
              "bowler": "JJ Tucker",
              "non_striker": "NH Ekanayake",
              "runs": {
                "batter": 0,
                "extras": 0,
                "total": 0
              }
            },
            {
              "batter": "R Parkes",
              "bowler": "JJ Tucker",
              "non_striker": "NH Ekanayake",
              "runs": {
                "batter": 0,
                "extras": 0,
                "total": 0
              },
              "wickets": [
                {
                  "player_out": "R Parkes",
                  "fielders": [
                    {
                      "name": "J West",
                      "substitute": true
                    }
                  ],
                  "kind": "caught"
                }
              ]
            },
            {
              "batter": "NH Ekanayake",
              "bowler": "JJ Tucker",
              "non_striker": "GT Taylor",
              "runs": {
                "batter": 1,
                "extras": 0,
                "total": 1
              }
            },
            {
              "batter": "GT Taylor",
              "bowler": "JJ Tucker",
              "non_striker": "NH Ekanayake",
              "runs": {
                "batter": 0,
                "extras": 0,
                "total": 0
              }
            },
            {
              "batter": "GT Taylor",
              "bowler": "JJ Tucker",
              "non_striker": "NH Ekanayake",
              "runs": {
                "batter": 0,
                "extras": 0,
                "total": 0
              }
            },
            {
              "batter": "GT Taylor",
              "bowler": "JJ Tucker",
              "non_striker": "NH Ekanayake",
              "runs": {
                "batter": 0,
                "extras": 0,
                "total": 0
              }
            }
          ]
        },
        {
          "over": 16,
          "deliveries": [
            {
              "batter": "NH Ekanayake",
              "bowler": "J Gilbert",
              "non_striker": "GT Taylor",
              "runs": {
                "batter": 0,
                "extras": 0,
                "total": 0
              }
            },
            {
              "batter": "NH Ekanayake",
              "bowler": "J Gilbert",
              "non_striker": "GT Taylor",
              "runs": {
                "batter": 1,
                "extras": 0,
                "total": 1
              }
            },
            {
              "batter": "GT Taylor",
              "bowler": "J Gilbert",
              "extras": {
                "byes": 1
              },
              "non_striker": "NH Ekanayake",
              "runs": {
                "batter": 0,
                "extras": 1,
                "total": 1
              }
            },
            {
              "batter": "NH Ekanayake",
              "bowler": "J Gilbert",
              "non_striker": "GT Taylor",
              "runs": {
                "batter": 0,
                "extras": 0,
                "total": 0
              }
            },
            {
              "batter": "NH Ekanayake",
              "bowler": "J Gilbert",
              "non_striker": "GT Taylor",
              "runs": {
                "batter": 6,
                "extras": 0,
                "total": 6
              }
            },
            {
              "batter": "NH Ekanayake",
              "bowler": "J Gilbert",
              "non_striker": "GT Taylor",
              "runs": {
                "batter": 0,
                "extras": 0,
                "total": 0
              },
              "wickets": [
                {
                  "player_out": "NH Ekanayake",
                  "kind": "bowled"
                }
              ]
            }
          ]
        },
        {
          "over": 17,
          "deliveries": [
            {
              "batter": "GT Taylor",
              "bowler": "JJ Tucker",
              "non_striker": "A Peters",
              "runs": {
                "batter": 4,
                "extras": 0,
                "total": 4
              }
            },
            {
              "batter": "GT Taylor",
              "bowler": "JJ Tucker",
              "non_striker": "A Peters",
              "runs": {
                "batter": 1,
                "extras": 0,
                "total": 1
              }
            },
            {
              "batter": "A Peters",
              "bowler": "JJ Tucker",
              "non_striker": "GT Taylor",
              "runs": {
                "batter": 1,
                "extras": 0,
                "total": 1
              }
            },
            {
              "batter": "GT Taylor",
              "bowler": "JJ Tucker",
              "non_striker": "A Peters",
              "runs": {
                "batter": 1,
                "extras": 0,
                "total": 1
              }
            },
            {
              "batter": "A Peters",
              "bowler": "JJ Tucker",
              "non_striker": "GT Taylor",
              "runs": {
                "batter": 1,
                "extras": 0,
                "total": 1
              }
            },
            {
              "batter": "GT Taylor",
              "bowler": "JJ Tucker",
              "non_striker": "A Peters",
              "runs": {
                "batter": 0,
                "extras": 0,
                "total": 0
              },
              "wickets": [
                {
                  "player_out": "GT Taylor",
                  "kind": "bowled"
                }
              ]
            }
          ]
        },
        {
          "over": 18,
          "deliveries": [
            {
              "batter": "A Peters",
              "bowler": "J Gilbert",
              "extras": {
                "wides": 1
              },
              "non_striker": "J Adderley",
              "runs": {
                "batter": 0,
                "extras": 1,
                "total": 1
              }
            },
            {
              "batter": "A Peters",
              "bowler": "J Gilbert",
              "non_striker": "J Adderley",
              "runs": {
                "batter": 2,
                "extras": 0,
                "total": 2
              }
            },
            {
              "batter": "A Peters",
              "bowler": "J Gilbert",
              "non_striker": "J Adderley",
              "runs": {
                "batter": 2,
                "extras": 0,
                "total": 2
              }
            },
            {
              "batter": "A Peters",
              "bowler": "J Gilbert",
              "non_striker": "J Adderley",
              "runs": {
                "batter": 1,
                "extras": 0,
                "total": 1
              }
            },
            {
              "batter": "J Adderley",
              "bowler": "J Gilbert",
              "non_striker": "A Peters",
              "runs": {
                "batter": 0,
                "extras": 0,
                "total": 0
              }
            },
            {
              "batter": "J Adderley",
              "bowler": "J Gilbert",
              "extras": {
                "wides": 3
              },
              "non_striker": "A Peters",
              "runs": {
                "batter": 0,
                "extras": 3,
                "total": 3
              }
            },
            {
              "batter": "J Adderley",
              "bowler": "J Gilbert",
              "extras": {
                "wides": 1
              },
              "non_striker": "A Peters",
              "runs": {
                "batter": 0,
                "extras": 1,
                "total": 1
              }
            },
            {
              "batter": "J Adderley",
              "bowler": "J Gilbert",
              "non_striker": "A Peters",
              "runs": {
                "batter": 2,
                "extras": 0,
                "total": 2
              }
            },
            {
              "batter": "J Adderley",
              "bowler": "J Gilbert",
              "non_striker": "A Peters",
              "runs": {
                "batter": 4,
                "extras": 0,
                "total": 4
              }
            }
          ]
        },
        {
          "over": 19,
          "deliveries": [
            {
              "batter": "A Peters",
              "bowler": "S Dill",
              "non_striker": "J Adderley",
              "runs": {
                "batter": 0,
                "extras": 0,
                "total": 0
              }
            },
            {
              "batter": "A Peters",
              "bowler": "S Dill",
              "non_striker": "J Adderley",
              "runs": {
                "batter": 0,
                "extras": 0,
                "total": 0
              },
              "wickets": [
                {
                  "player_out": "A Peters",
                  "fielders": [
                    {
                      "name": "JA DeSilva"
                    }
                  ],
                  "kind": "caught"
                }
              ]
            },
            {
              "batter": "JR Barry",
              "bowler": "S Dill",
              "non_striker": "J Adderley",
              "runs": {
                "batter": 0,
                "extras": 0,
                "total": 0
              },
              "wickets": [
                {
                  "player_out": "JR Barry",
                  "fielders": [
                    {
                      "name": "J West",
                      "substitute": true
                    }
                  ],
                  "kind": "caught"
                }
              ]
            },
            {
              "batter": "J Adderley",
              "bowler": "S Dill",
              "non_striker": "G Irvin",
              "runs": {
                "batter": 0,
                "extras": 0,
                "total": 0
              }
            },
            {
              "batter": "J Adderley",
              "bowler": "S Dill",
              "non_striker": "G Irvin",
              "runs": {
                "batter": 2,
                "extras": 0,
                "total": 2
              }
            },
            {
              "batter": "J Adderley",
              "bowler": "S Dill",
              "non_striker": "G Irvin",
              "runs": {
                "batter": 0,
                "extras": 0,
                "total": 0
              }
            }
          ]
        }
      ],
      "powerplays": [
        {
          "from": 0.1,
          "to": 5.8,
          "type": "mandatory"
        }
      ],
      "target": {
        "overs": 20,
        "runs": 149
      }
    }
  ]
}