{
  "meta": {
    "data_version": "1.0.0",
    "created": "2014-05-21",
    "revision": 3
  },
  "info": {
    "balls_per_over": 6,
    "city": "Dublin",
    "dates": [
      "2013-07-27"
    ],
    "event": {
      "group": "B",
      "match_number": 11,
      "name": "ICC Women's World Twenty20 Qualifier"
    },
    "gender": "female",
    "match_type": "IT20",
    "officials": {
      "match_referees": [
        "D Govindjee"
      ],
      "reserve_umpires": [
        "N Duguid"
      ],
      "umpires": [
        "Sharfuddoula",
        "RP Smith"
      ]
    },
    "outcome": {
      "by": {
        "wickets": 5
      },
      "winner": "Canada"
    },
    "overs": 20,
    "player_of_match": [
      "D Shabbir"
    ],
    "players": {
      "Canada": [
        "M Patel",
        "K Coulter",
        "S Sivanantham",
        "MJ Turik",
        "J Bartholemew",
        "D Shabbir",
        "S Tittlemier",
        "KN Mirchandani",
        "Saniyah Zia",
        "C Blackadder",
        "L Kenton"
      ],
      "Japan": [
        "M Yamamoto",
        "C Sakamoto",
        "S Miyaji",
        "K Ota",
        "S Kubota",
        "A Nakayama",
        "E Kobayashi",
        "E Yamaguchi",
        "M Yanagida",
        "M Kanno",
        "M Takada"
      ]
    },
    "registry": {
      "people": {
        "A Nakayama": "e28089ac",
        "C Blackadder": "8ebdd5e8",
        "C Sakamoto": "c81996f4",
        "D Govindjee": "8b4c4069",
        "D Shabbir": "88ea829f",
        "E Kobayashi": "535e58f3",
        "E Yamaguchi": "48d34066",
        "J Bartholemew": "af9f39c8",
        "K Coulter": "4129fd4f",
        "K Ota": "211f48fe",
        "KN Mirchandani": "ce057756",
        "L Kenton": "3a076265",
        "M Kanno": "97fc39fd",
        "M Patel": "2967df25",
        "M Takada": "04ea0c3c",
        "M Yamamoto": "48e74d1c",
        "M Yanagida": "f20e7e23",
        "MJ Turik": "9dbc6f42",
        "N Duguid": "64495506",
        "RP Smith": "d24a1509",
        "S Kubota": "af202c76",
        "S Miyaji": "3aca2ed5",
        "S Sivanantham": "db25dff1",
        "S Tittlemier": "e9c44d0c",
        "Saniyah Zia": "ffae3d12",
        "Sharfuddoula": "63896abb"
      }
    },
    "season": 2013,
    "team_type": "international",
    "teams": [
      "Canada",
      "Japan"
    ],
    "toss": {
      "decision": "field",
      "winner": "Canada"
    },
    "venue": "The Vineyard"
  },
  "innings": [
    {
      "team": "Japan",
      "overs": [
        {
          "over": 0,
          "deliveries": [
            {
              "batter": "M Yamamoto",
              "bowler": "Saniyah Zia",
              "extras": {
                "wides": 3
              },
              "non_striker": "C Sakamoto",
              "runs": {
                "batter": 0,
                "extras": 3,
                "total": 3
              }
            },
            {
              "batter": "M Yamamoto",
              "bowler": "Saniyah Zia",
              "extras": {
                "wides": 1
              },
              "non_striker": "C Sakamoto",
              "runs": {
                "batter": 0,
                "extras": 1,
                "total": 1
              }
            },
            {
              "batter": "M Yamamoto",
              "bowler": "Saniyah Zia",
              "extras": {
                "wides": 1
              },
              "non_striker": "C Sakamoto",
              "runs": {
                "batter": 0,
                "extras": 1,
                "total": 1
              }
            },
            {
              "batter": "M Yamamoto",
              "bowler": "Saniyah Zia",
              "extras": {
                "wides": 1
              },
              "non_striker": "C Sakamoto",
              "runs": {
                "batter": 0,
                "extras": 1,
                "total": 1
              }
            },
            {
              "batter": "M Yamamoto",
              "bowler": "Saniyah Zia",
              "non_striker": "C Sakamoto",
              "runs": {
                "batter": 0,
                "extras": 0,
                "total": 0
              }
            },
            {
              "batter": "M Yamamoto",
              "bowler": "Saniyah Zia",
              "non_striker": "C Sakamoto",
              "runs": {
                "batter": 0,
                "extras": 0,
                "total": 0
              }
            },
            {
              "batter": "M Yamamoto",
              "bowler": "Saniyah Zia",
              "non_striker": "C Sakamoto",
              "runs": {
                "batter": 0,
                "extras": 0,
                "total": 0
              }
            },
            {
              "batter": "M Yamamoto",
              "bowler": "Saniyah Zia",
              "non_striker": "C Sakamoto",
              "runs": {
                "batter": 1,
                "extras": 0,
                "total": 1
              }
            },
            {
              "batter": "C Sakamoto",
              "bowler": "Saniyah Zia",
              "non_striker": "M Yamamoto",
              "runs": {
                "batter": 0,
                "extras": 0,
                "total": 0
              }
            },
            {
              "batter": "C Sakamoto",
              "bowler": "Saniyah Zia",
              "non_striker": "M Yamamoto",
              "runs": {
                "batter": 0,
                "extras": 0,
                "total": 0
              }
            }
          ]
        },
        {
          "over": 1,
          "deliveries": [
            {
              "batter": "M Yamamoto",
              "bowler": "L Kenton",
              "non_striker": "C Sakamoto",
              "runs": {
                "batter": 2,
                "extras": 0,
                "total": 2
              }
            },
            {
              "batter": "M Yamamoto",
              "bowler": "L Kenton",
              "non_striker": "C Sakamoto",
              "runs": {
                "batter": 0,
                "extras": 0,
                "total": 0
              },
              "wickets": [
                {
                  "kind": "bowled",
                  "player_out": "M Yamamoto"
                }
              ]
            },
            {
              "batter": "S Miyaji",
              "bowler": "L Kenton",
              "non_striker": "C Sakamoto",
              "runs": {
                "batter": 0,
                "extras": 0,
                "total": 0
              },
              "wickets": [
                {
                  "kind": "caught",
                  "player_out": "S Miyaji",
                  "fielders": [
                    {
                      "name": "KN Mirchandani"
                    }
                  ]
                }
              ]
            },
            {
              "batter": "K Ota",
              "bowler": "L Kenton",
              "non_striker": "C Sakamoto",
              "runs": {
                "batter": 0,
                "extras": 0,
                "total": 0
              }
            },
            {
              "batter": "K Ota",
              "bowler": "L Kenton",
              "extras": {
                "byes": 1
              },
              "non_striker": "C Sakamoto",
              "runs": {
                "batter": 0,
                "extras": 1,
                "total": 1
              }
            },
            {
              "batter": "C Sakamoto",
              "bowler": "L Kenton",
              "non_striker": "K Ota",
              "runs": {
                "batter": 0,
                "extras": 0,
                "total": 0
              }
            }
          ]
        },
        {
          "over": 2,
          "deliveries": [
            {
              "batter": "K Ota",
              "bowler": "MJ Turik",
              "extras": {
                "wides": 1
              },
              "non_striker": "C Sakamoto",
              "runs": {
                "batter": 0,
                "extras": 1,
                "total": 1
              }
            },
            {
              "batter": "K Ota",
              "bowler": "MJ Turik",
              "extras": {
                "wides": 1
              },
              "non_striker": "C Sakamoto",
              "runs": {
                "batter": 0,
                "extras": 1,
                "total": 1
              }
            },
            {
              "batter": "K Ota",
              "bowler": "MJ Turik",
              "non_striker": "C Sakamoto",
              "runs": {
                "batter": 0,
                "extras": 0,
                "total": 0
              }
            },
            {
              "batter": "K Ota",
              "bowler": "MJ Turik",
              "non_striker": "C Sakamoto",
              "runs": {
                "batter": 0,
                "extras": 0,
                "total": 0
              }
            },
            {
              "batter": "K Ota",
              "bowler": "MJ Turik",
              "non_striker": "C Sakamoto",
              "runs": {
                "batter": 0,
                "extras": 0,
                "total": 0
              }
            },
            {
              "batter": "K Ota",
              "bowler": "MJ Turik",
              "extras": {
                "wides": 1
              },
              "non_striker": "C Sakamoto",
              "runs": {
                "batter": 0,
                "extras": 1,
                "total": 1
              }
            },
            {
              "batter": "K Ota",
              "bowler": "MJ Turik",
              "non_striker": "C Sakamoto",
              "runs": {
                "batter": 0,
                "extras": 0,
                "total": 0
              }
            },
            {
              "batter": "K Ota",
              "bowler": "MJ Turik",
              "non_striker": "C Sakamoto",
              "runs": {
                "batter": 1,
                "extras": 0,
                "total": 1
              }
            },
            {
              "batter": "C Sakamoto",
              "bowler": "MJ Turik",
              "non_striker": "K Ota",
              "runs": {
                "batter": 0,
                "extras": 0,
                "total": 0
              }
            }
          ]
        },
        {
          "over": 3,
          "deliveries": [
            {
              "batter": "K Ota",
              "bowler": "L Kenton",
              "non_striker": "C Sakamoto",
              "runs": {
                "batter": 0,
                "extras": 0,
                "total": 0
              }
            },
            {
              "batter": "K Ota",
              "bowler": "L Kenton",
              "non_striker": "C Sakamoto",
              "runs": {
                "batter": 0,
                "extras": 0,
                "total": 0
              }
            },
            {
              "batter": "K Ota",
              "bowler": "L Kenton",
              "non_striker": "C Sakamoto",
              "runs": {
                "batter": 1,
                "extras": 0,
                "total": 1
              }
            },
            {
              "batter": "C Sakamoto",
              "bowler": "L Kenton",
              "non_striker": "K Ota",
              "runs": {
                "batter": 4,
                "extras": 0,
                "total": 4
              }
            },
            {
              "batter": "C Sakamoto",
              "bowler": "L Kenton",
              "non_striker": "K Ota",
              "runs": {
                "batter": 0,
                "extras": 0,
                "total": 0
              }
            },
            {
              "batter": "C Sakamoto",
              "bowler": "L Kenton",
              "non_striker": "K Ota",
              "runs": {
                "batter": 0,
                "extras": 0,
                "total": 0
              }
            }
          ]
        },
        {
          "over": 4,
          "deliveries": [
            {
              "batter": "K Ota",
              "bowler": "MJ Turik",
              "non_striker": "C Sakamoto",
              "runs": {
                "batter": 1,
                "extras": 0,
                "total": 1
              }
            },
            {
              "batter": "C Sakamoto",
              "bowler": "MJ Turik",
              "non_striker": "K Ota",
              "runs": {
                "batter": 4,
                "extras": 0,
                "total": 4
              }
            },
            {
              "batter": "C Sakamoto",
              "bowler": "MJ Turik",
              "extras": {
                "wides": 1
              },
              "non_striker": "K Ota",
              "runs": {
                "batter": 0,
                "extras": 1,
                "total": 1
              }
            },
            {
              "batter": "C Sakamoto",
              "bowler": "MJ Turik",
              "non_striker": "K Ota",
              "runs": {
                "batter": 0,
                "extras": 0,
                "total": 0
              }
            },
            {
              "batter": "C Sakamoto",
              "bowler": "MJ Turik",
              "non_striker": "K Ota",
              "runs": {
                "batter": 4,
                "extras": 0,
                "total": 4
              }
            },
            {
              "batter": "C Sakamoto",
              "bowler": "MJ Turik",
              "non_striker": "K Ota",
              "runs": {
                "batter": 0,
                "extras": 0,
                "total": 0
              }
            },
            {
              "batter": "C Sakamoto",
              "bowler": "MJ Turik",
              "non_striker": "K Ota",
              "runs": {
                "batter": 0,
                "extras": 0,
                "total": 0
              }
            }
          ]
        },
        {
          "over": 5,
          "deliveries": [
            {
              "batter": "K Ota",
              "bowler": "L Kenton",
              "non_striker": "C Sakamoto",
              "runs": {
                "batter": 0,
                "extras": 0,
                "total": 0
              }
            },
            {
              "batter": "K Ota",
              "bowler": "L Kenton",
              "non_striker": "C Sakamoto",
              "runs": {
                "batter": 0,
                "extras": 0,
                "total": 0
              }
            },
            {
              "batter": "K Ota",
              "bowler": "L Kenton",
              "non_striker": "C Sakamoto",
              "runs": {
                "batter": 1,
                "extras": 0,
                "total": 1
              }
            },
            {
              "batter": "C Sakamoto",
              "bowler": "L Kenton",
              "non_striker": "K Ota",
              "runs": {
                "batter": 0,
                "extras": 0,
                "total": 0
              }
            },
            {
              "batter": "C Sakamoto",
              "bowler": "L Kenton",
              "non_striker": "K Ota",
              "runs": {
                "batter": 0,
                "extras": 0,
                "total": 0
              }
            },
            {
              "batter": "C Sakamoto",
              "bowler": "L Kenton",
              "non_striker": "K Ota",
              "runs": {
                "batter": 1,
                "extras": 0,
                "total": 1
              }
            }
          ]
        },
        {
          "over": 6,
          "deliveries": [
            {
              "batter": "C Sakamoto",
              "bowler": "J Bartholemew",
              "non_striker": "K Ota",
              "runs": {
                "batter": 0,
                "extras": 0,
                "total": 0
              }
            },
            {
              "batter": "C Sakamoto",
              "bowler": "J Bartholemew",
              "extras": {
                "wides": 3
              },
              "non_striker": "K Ota",
              "runs": {
                "batter": 0,
                "extras": 3,
                "total": 3
              }
            },
            {
              "batter": "C Sakamoto",
              "bowler": "J Bartholemew",
              "non_striker": "K Ota",
              "runs": {
                "batter": 0,
                "extras": 0,
                "total": 0
              }
            },
            {
              "batter": "C Sakamoto",
              "bowler": "J Bartholemew",
              "non_striker": "K Ota",
              "runs": {
                "batter": 1,
                "extras": 0,
                "total": 1
              }
            },
            {
              "batter": "K Ota",
              "bowler": "J Bartholemew",
              "non_striker": "C Sakamoto",
              "runs": {
                "batter": 0,
                "extras": 0,
                "total": 0
              }
            },
            {
              "batter": "K Ota",
              "bowler": "J Bartholemew",
              "non_striker": "C Sakamoto",
              "runs": {
                "batter": 2,
                "extras": 0,
                "total": 2
              }
            },
            {
              "batter": "K Ota",
              "bowler": "J Bartholemew",
              "non_striker": "C Sakamoto",
              "runs": {
                "batter": 1,
                "extras": 0,
                "total": 1
              }
            }
          ]
        },
        {
          "over": 7,
          "deliveries": [
            {
              "batter": "K Ota",
              "bowler": "M Patel",
              "non_striker": "C Sakamoto",
              "runs": {
                "batter": 1,
                "extras": 0,
                "total": 1
              }
            },
            {
              "batter": "C Sakamoto",
              "bowler": "M Patel",
              "non_striker": "K Ota",
              "runs": {
                "batter": 1,
                "extras": 0,
                "total": 1
              }
            },
            {
              "batter": "K Ota",
              "bowler": "M Patel",
              "non_striker": "C Sakamoto",
              "runs": {
                "batter": 1,
                "extras": 0,
                "total": 1
              }
            },
            {
              "batter": "C Sakamoto",
              "bowler": "M Patel",
              "extras": {
                "wides": 1
              },
              "non_striker": "K Ota",
              "runs": {
                "batter": 0,
                "extras": 1,
                "total": 1
              }
            },
            {
              "batter": "C Sakamoto",
              "bowler": "M Patel",
              "non_striker": "K Ota",
              "runs": {
                "batter": 1,
                "extras": 0,
                "total": 1
              }
            },
            {
              "batter": "K Ota",
              "bowler": "M Patel",
              "extras": {
                "wides": 1
              },
              "non_striker": "C Sakamoto",
              "runs": {
                "batter": 0,
                "extras": 1,
                "total": 1
              }
            },
            {
              "batter": "K Ota",
              "bowler": "M Patel",
              "non_striker": "C Sakamoto",
              "runs": {
                "batter": 0,
                "extras": 0,
                "total": 0
              }
            },
            {
              "batter": "K Ota",
              "bowler": "M Patel",
              "non_striker": "C Sakamoto",
              "runs": {
                "batter": 0,
                "extras": 0,
                "total": 0
              }
            }
          ]
        },
        {
          "over": 8,
          "deliveries": [
            {
              "batter": "C Sakamoto",
              "bowler": "J Bartholemew",
              "non_striker": "K Ota",
              "runs": {
                "batter": 0,
                "extras": 0,
                "total": 0
              }
            },
            {
              "batter": "C Sakamoto",
              "bowler": "J Bartholemew",
              "non_striker": "K Ota",
              "runs": {
                "batter": 0,
                "extras": 0,
                "total": 0
              },
              "wickets": [
                {
                  "kind": "bowled",
                  "player_out": "C Sakamoto"
                }
              ]
            },
            {
              "batter": "S Kubota",
              "bowler": "J Bartholemew",
              "non_striker": "K Ota",
              "runs": {
                "batter": 0,
                "extras": 0,
                "total": 0
              }
            },
            {
              "batter": "S Kubota",
              "bowler": "J Bartholemew",
              "non_striker": "K Ota",
              "runs": {
                "batter": 1,
                "extras": 0,
                "total": 1
              }
            },
            {
              "batter": "K Ota",
              "bowler": "J Bartholemew",
              "extras": {
                "wides": 1
              },
              "non_striker": "S Kubota",
              "runs": {
                "batter": 0,
                "extras": 1,
                "total": 1
              }
            },
            {
              "batter": "K Ota",
              "bowler": "J Bartholemew",
              "extras": {
                "wides": 1
              },
              "non_striker": "S Kubota",
              "runs": {
                "batter": 0,
                "extras": 1,
                "total": 1
              }
            },
            {
              "batter": "K Ota",
              "bowler": "J Bartholemew",
              "extras": {
                "wides": 1
              },
              "non_striker": "S Kubota",
              "runs": {
                "batter": 0,
                "extras": 1,
                "total": 1
              }
            },
            {
              "batter": "K Ota",
              "bowler": "J Bartholemew",
              "extras": {
                "wides": 1
              },
              "non_striker": "S Kubota",
              "runs": {
                "batter": 0,
                "extras": 1,
                "total": 1
              }
            },
            {
              "batter": "K Ota",
              "bowler": "J Bartholemew",
              "non_striker": "S Kubota",
              "runs": {
                "batter": 0,
                "extras": 0,
                "total": 0
              }
            },
            {
              "batter": "K Ota",
              "bowler": "J Bartholemew",
              "non_striker": "S Kubota",
              "runs": {
                "batter": 0,
                "extras": 0,
                "total": 0
              }
            }
          ]
        },
        {
          "over": 9,
          "deliveries": [
            {
              "batter": "S Kubota",
              "bowler": "M Patel",
              "non_striker": "K Ota",
              "runs": {
                "batter": 0,
                "extras": 0,
                "total": 0
              }
            },
            {
              "batter": "S Kubota",
              "bowler": "M Patel",
              "non_striker": "K Ota",
              "runs": {
                "batter": 2,
                "extras": 0,
                "total": 2
              }
            },
            {
              "batter": "S Kubota",
              "bowler": "M Patel",
              "non_striker": "K Ota",
              "runs": {
                "batter": 0,
                "extras": 0,
                "total": 0
              }
            },
            {
              "batter": "S Kubota",
              "bowler": "M Patel",
              "non_striker": "K Ota",
              "runs": {
                "batter": 1,
                "extras": 0,
                "total": 1
              }
            },
            {
              "batter": "K Ota",
              "bowler": "M Patel",
              "extras": {
                "wides": 1
              },
              "non_striker": "S Kubota",
              "runs": {
                "batter": 0,
                "extras": 1,
                "total": 1
              }
            },
            {
              "batter": "K Ota",
              "bowler": "M Patel",
              "non_striker": "S Kubota",
              "runs": {
                "batter": 0,
                "extras": 0,
                "total": 0
              }
            },
            {
              "batter": "K Ota",
              "bowler": "M Patel",
              "non_striker": "S Kubota",
              "runs": {
                "batter": 0,
                "extras": 0,
                "total": 0
              }
            }
          ]
        },
        {
          "over": 10,
          "deliveries": [
            {
              "batter": "S Kubota",
              "bowler": "KN Mirchandani",
              "extras": {
                "wides": 1
              },
              "non_striker": "K Ota",
              "runs": {
                "batter": 0,
                "extras": 1,
                "total": 1
              }
            },
            {
              "batter": "S Kubota",
              "bowler": "KN Mirchandani",
              "non_striker": "K Ota",
              "runs": {
                "batter": 0,
                "extras": 0,
                "total": 0
              }
            },
            {
              "batter": "S Kubota",
              "bowler": "KN Mirchandani",
              "non_striker": "K Ota",
              "runs": {
                "batter": 1,
                "extras": 0,
                "total": 1
              }
            },
            {
              "batter": "K Ota",
              "bowler": "KN Mirchandani",
              "non_striker": "S Kubota",
              "runs": {
                "batter": 4,
                "extras": 0,
                "total": 4
              }
            },
            {
              "batter": "K Ota",
              "bowler": "KN Mirchandani",
              "non_striker": "S Kubota",
              "runs": {
                "batter": 1,
                "extras": 0,
                "total": 1
              }
            },
            {
              "batter": "S Kubota",
              "bowler": "KN Mirchandani",
              "non_striker": "K Ota",
              "runs": {
                "batter": 1,
                "extras": 0,
                "total": 1
              }
            },
            {
              "batter": "K Ota",
              "bowler": "KN Mirchandani",
              "extras": {
                "wides": 1
              },
              "non_striker": "S Kubota",
              "runs": {
                "batter": 0,
                "extras": 1,
                "total": 1
              }
            },
            {
              "batter": "K Ota",
              "bowler": "KN Mirchandani",
              "non_striker": "S Kubota",
              "runs": {
                "batter": 0,
                "extras": 0,
                "total": 0
              }
            }
          ]
        },
        {
          "over": 11,
          "deliveries": [
            {
              "batter": "S Kubota",
              "bowler": "M Patel",
              "non_striker": "K Ota",
              "runs": {
                "batter": 1,
                "extras": 0,
                "total": 1
              }
            },
            {
              "batter": "K Ota",
              "bowler": "M Patel",
              "non_striker": "S Kubota",
              "runs": {
                "batter": 0,
                "extras": 0,
                "total": 0
              }
            },
            {
              "batter": "K Ota",
              "bowler": "M Patel",
              "non_striker": "S Kubota",
              "runs": {
                "batter": 0,
                "extras": 0,
                "total": 0
              },
              "wickets": [
                {
                  "kind": "bowled",
                  "player_out": "K Ota"
                }
              ]
            },
            {
              "batter": "A Nakayama",
              "bowler": "M Patel",
              "non_striker": "S Kubota",
              "runs": {
                "batter": 0,
                "extras": 0,
                "total": 0
              }
            },
            {
              "batter": "A Nakayama",
              "bowler": "M Patel",
              "extras": {
                "wides": 1
              },
              "non_striker": "S Kubota",
              "runs": {
                "batter": 0,
                "extras": 1,
                "total": 1
              }
            },
            {
              "batter": "A Nakayama",
              "bowler": "M Patel",
              "non_striker": "S Kubota",
              "runs": {
                "batter": 0,
                "extras": 0,
                "total": 0
              }
            },
            {
              "batter": "A Nakayama",
              "bowler": "M Patel",
              "non_striker": "S Kubota",
              "runs": {
                "batter": 0,
                "extras": 0,
                "total": 0
              }
            }
          ]
        },
        {
          "over": 12,
          "deliveries": [
            {
              "batter": "S Kubota",
              "bowler": "D Shabbir",
              "non_striker": "A Nakayama",
              "runs": {
                "batter": 0,
                "extras": 0,
                "total": 0
              }
            },
            {
              "batter": "S Kubota",
              "bowler": "D Shabbir",
              "non_striker": "A Nakayama",
              "runs": {
                "batter": 0,
                "extras": 0,
                "total": 0
              }
            },
            {
              "batter": "S Kubota",
              "bowler": "D Shabbir",
              "non_striker": "A Nakayama",
              "runs": {
                "batter": 0,
                "extras": 0,
                "total": 0
              }
            },
            {
              "batter": "S Kubota",
              "bowler": "D Shabbir",
              "non_striker": "A Nakayama",
              "runs": {
                "batter": 0,
                "extras": 0,
                "total": 0
              },
              "wickets": [
                {
                  "kind": "lbw",
                  "player_out": "S Kubota"
                }
              ]
            },
            {
              "batter": "E Kobayashi",
              "bowler": "D Shabbir",
              "non_striker": "A Nakayama",
              "runs": {
                "batter": 0,
                "extras": 0,
                "total": 0
              }
            },
            {
              "batter": "E Kobayashi",
              "bowler": "D Shabbir",
              "non_striker": "A Nakayama",
              "runs": {
                "batter": 0,
                "extras": 0,
                "total": 0
              }
            }
          ]
        },
        {
          "over": 13,
          "deliveries": [
            {
              "batter": "A Nakayama",
              "bowler": "M Patel",
              "non_striker": "E Kobayashi",
              "runs": {
                "batter": 0,
                "extras": 0,
                "total": 0
              }
            },
            {
              "batter": "A Nakayama",
              "bowler": "M Patel",
              "non_striker": "E Kobayashi",
              "runs": {
                "batter": 0,
                "extras": 0,
                "total": 0
              }
            },
            {
              "batter": "A Nakayama",
              "bowler": "M Patel",
              "non_striker": "E Kobayashi",
              "runs": {
                "batter": 0,
                "extras": 0,
                "total": 0
              }
            },
            {
              "batter": "A Nakayama",
              "bowler": "M Patel",
              "non_striker": "E Kobayashi",
              "runs": {
                "batter": 2,
                "extras": 0,
                "total": 2
              }
            },
            {
              "batter": "A Nakayama",
              "bowler": "M Patel",
              "non_striker": "E Kobayashi",
              "runs": {
                "batter": 0,
                "extras": 0,
                "total": 0
              }
            },
            {
              "batter": "A Nakayama",
              "bowler": "M Patel",
              "non_striker": "E Kobayashi",
              "runs": {
                "batter": 2,
                "extras": 0,
                "total": 2
              }
            }
          ]
        },
        {
          "over": 14,
          "deliveries": [
            {
              "batter": "E Kobayashi",
              "bowler": "D Shabbir",
              "non_striker": "A Nakayama",
              "runs": {
                "batter": 0,
                "extras": 0,
                "total": 0
              }
            },
            {
              "batter": "E Kobayashi",
              "bowler": "D Shabbir",
              "non_striker": "A Nakayama",
              "runs": {
                "batter": 0,
                "extras": 0,
                "total": 0
              }
            },
            {
              "batter": "E Kobayashi",
              "bowler": "D Shabbir",
              "non_striker": "A Nakayama",
              "runs": {
                "batter": 0,
                "extras": 0,
                "total": 0
              }
            },
            {
              "batter": "E Kobayashi",
              "bowler": "D Shabbir",
              "non_striker": "A Nakayama",
              "runs": {
                "batter": 0,
                "extras": 0,
                "total": 0
              }
            },
            {
              "batter": "E Kobayashi",
              "bowler": "D Shabbir",
              "non_striker": "A Nakayama",
              "runs": {
                "batter": 0,
                "extras": 0,
                "total": 0
              }
            },
            {
              "batter": "E Kobayashi",
              "bowler": "D Shabbir",
              "non_striker": "A Nakayama",
              "runs": {
                "batter": 3,
                "extras": 0,
                "total": 3
              }
            }
          ]
        },
        {
          "over": 15,
          "deliveries": [
            {
              "batter": "E Kobayashi",
              "bowler": "L Kenton",
              "non_striker": "A Nakayama",
              "runs": {
                "batter": 0,
                "extras": 0,
                "total": 0
              }
            },
            {
              "batter": "E Kobayashi",
              "bowler": "L Kenton",
              "non_striker": "A Nakayama",
              "runs": {
                "batter": 0,
                "extras": 0,
                "total": 0
              }
            },
            {
              "batter": "E Kobayashi",
              "bowler": "L Kenton",
              "non_striker": "A Nakayama",
              "runs": {
                "batter": 0,
                "extras": 0,
                "total": 0
              }
            },
            {
              "batter": "E Kobayashi",
              "bowler": "L Kenton",
              "non_striker": "A Nakayama",
              "runs": {
                "batter": 0,
                "extras": 0,
                "total": 0
              }
            },
            {
              "batter": "E Kobayashi",
              "bowler": "L Kenton",
              "non_striker": "A Nakayama",
              "runs": {
                "batter": 1,
                "extras": 0,
                "total": 1
              }
            },
            {
              "batter": "A Nakayama",
              "bowler": "L Kenton",
              "non_striker": "E Kobayashi",
              "runs": {
                "batter": 3,
                "extras": 0,
                "total": 3
              }
            }
          ]
        },
        {
          "over": 16,
          "deliveries": [
            {
              "batter": "A Nakayama",
              "bowler": "D Shabbir",
              "extras": {
                "wides": 1
              },
              "non_striker": "E Kobayashi",
              "runs": {
                "batter": 0,
                "extras": 1,
                "total": 1
              }
            },
            {
              "batter": "A Nakayama",
              "bowler": "D Shabbir",
              "non_striker": "E Kobayashi",
              "runs": {
                "batter": 0,
                "extras": 0,
                "total": 0
              }
            },
            {
              "batter": "A Nakayama",
              "bowler": "D Shabbir",
              "non_striker": "E Kobayashi",
              "runs": {
                "batter": 0,
                "extras": 0,
                "total": 0
              }
            },
            {
              "batter": "A Nakayama",
              "bowler": "D Shabbir",
              "non_striker": "E Kobayashi",
              "runs": {
                "batter": 0,
                "extras": 0,
                "total": 0
              }
            },
            {
              "batter": "A Nakayama",
              "bowler": "D Shabbir",
              "non_striker": "E Kobayashi",
              "runs": {
                "batter": 1,
                "extras": 0,
                "total": 1
              }
            },
            {
              "batter": "E Kobayashi",
              "bowler": "D Shabbir",
              "non_striker": "A Nakayama",
              "runs": {
                "batter": 4,
                "extras": 0,
                "total": 4
              }
            },
            {
              "batter": "E Kobayashi",
              "bowler": "D Shabbir",
              "non_striker": "A Nakayama",
              "runs": {
                "batter": 0,
                "extras": 0,
                "total": 0
              }
            }
          ]
        },
        {
          "over": 17,
          "deliveries": [
            {
              "batter": "A Nakayama",
              "bowler": "MJ Turik",
              "non_striker": "E Kobayashi",
              "runs": {
                "batter": 1,
                "extras": 0,
                "total": 1
              }
            },
            {
              "batter": "E Kobayashi",
              "bowler": "MJ Turik",
              "extras": {
                "wides": 1
              },
              "non_striker": "A Nakayama",
              "runs": {
                "batter": 0,
                "extras": 1,
                "total": 1
              }
            },
            {
              "batter": "E Kobayashi",
              "bowler": "MJ Turik",
              "non_striker": "A Nakayama",
              "runs": {
                "batter": 0,
                "extras": 0,
                "total": 0
              }
            },
            {
              "batter": "E Kobayashi",
              "bowler": "MJ Turik",
              "non_striker": "A Nakayama",
              "runs": {
                "batter": 0,
                "extras": 0,
                "total": 0
              }
            },
            {
              "batter": "E Kobayashi",
              "bowler": "MJ Turik",
              "non_striker": "A Nakayama",
              "runs": {
                "batter": 1,
                "extras": 0,
                "total": 1
              }
            },
            {
              "batter": "A Nakayama",
              "bowler": "MJ Turik",
              "extras": {
                "wides": 1
              },
              "non_striker": "E Kobayashi",
              "runs": {
                "batter": 0,
                "extras": 1,
                "total": 1
              }
            },
            {
              "batter": "A Nakayama",
              "bowler": "MJ Turik",
              "non_striker": "E Kobayashi",
              "runs": {
                "batter": 0,
                "extras": 0,
                "total": 0
              }
            },
            {
              "batter": "A Nakayama",
              "bowler": "MJ Turik",
              "non_striker": "E Kobayashi",
              "runs": {
                "batter": 2,
                "extras": 0,
                "total": 2
              }
            }
          ]
        },
        {
          "over": 18,
          "deliveries": [
            {
              "batter": "E Kobayashi",
              "bowler": "D Shabbir",
              "non_striker": "A Nakayama",
              "runs": {
                "batter": 1,
                "extras": 0,
                "total": 1
              }
            },
            {
              "batter": "A Nakayama",
              "bowler": "D Shabbir",
              "non_striker": "E Kobayashi",
              "runs": {
                "batter": 0,
                "extras": 0,
                "total": 0
              }
            },
            {
              "batter": "A Nakayama",
              "bowler": "D Shabbir",
              "non_striker": "E Kobayashi",
              "runs": {
                "batter": 0,
                "extras": 0,
                "total": 0
              }
            },
            {
              "batter": "A Nakayama",
              "bowler": "D Shabbir",
              "non_striker": "E Kobayashi",
              "runs": {
                "batter": 0,
                "extras": 0,
                "total": 0
              }
            },
            {
              "batter": "A Nakayama",
              "bowler": "D Shabbir",
              "non_striker": "E Kobayashi",
              "runs": {
                "batter": 0,
                "extras": 0,
                "total": 0
              }
            },
            {
              "batter": "A Nakayama",
              "bowler": "D Shabbir",
              "non_striker": "E Kobayashi",
              "runs": {
                "batter": 1,
                "extras": 0,
                "total": 1
              }
            }
          ]
        },
        {
          "over": 19,
          "deliveries": [
            {
              "batter": "A Nakayama",
              "bowler": "Saniyah Zia",
              "extras": {
                "wides": 1
              },
              "non_striker": "E Kobayashi",
              "runs": {
                "batter": 0,
                "extras": 1,
                "total": 1
              }
            },
            {
              "batter": "A Nakayama",
              "bowler": "Saniyah Zia",
              "non_striker": "E Kobayashi",
              "runs": {
                "batter": 1,
                "extras": 0,
                "total": 1
              }
            },
            {
              "batter": "E Kobayashi",
              "bowler": "Saniyah Zia",
              "non_striker": "A Nakayama",
              "runs": {
                "batter": 1,
                "extras": 0,
                "total": 1
              }
            },
            {
              "batter": "A Nakayama",
              "bowler": "Saniyah Zia",
              "non_striker": "E Kobayashi",
              "runs": {
                "batter": 1,
                "extras": 0,
                "total": 1
              }
            },
            {
              "batter": "E Kobayashi",
              "bowler": "Saniyah Zia",
              "non_striker": "A Nakayama",
              "runs": {
                "batter": 1,
                "extras": 0,
                "total": 1
              }
            },
            {
              "batter": "A Nakayama",
              "bowler": "Saniyah Zia",
              "non_striker": "E Kobayashi",
              "runs": {
                "batter": 2,
                "extras": 0,
                "total": 2
              }
            },
            {
              "batter": "A Nakayama",
              "bowler": "Saniyah Zia",
              "non_striker": "E Kobayashi",
              "runs": {
                "batter": 1,
                "extras": 0,
                "total": 1
              }
            }
          ]
        }
      ],
      "powerplays": [
        {
          "from": 0.1,
          "to": 5.6,
          "type": "mandatory"
        }
      ]
    },
    {
      "team": "Canada",
      "overs": [
        {
          "over": 0,
          "deliveries": [
            {
              "batter": "M Patel",
              "bowler": "K Ota",
              "non_striker": "K Coulter",
              "runs": {
                "batter": 0,
                "extras": 0,
                "total": 0
              }
            },
            {
              "batter": "M Patel",
              "bowler": "K Ota",
              "non_striker": "K Coulter",
              "runs": {
                "batter": 0,
                "extras": 0,
                "total": 0
              }
            },
            {
              "batter": "M Patel",
              "bowler": "K Ota",
              "non_striker": "K Coulter",
              "runs": {
                "batter": 0,
                "extras": 0,
                "total": 0
              }
            },
            {
              "batter": "M Patel",
              "bowler": "K Ota",
              "non_striker": "K Coulter",
              "runs": {
                "batter": 1,
                "extras": 0,
                "total": 1
              }
            },
            {
              "batter": "K Coulter",
              "bowler": "K Ota",
              "non_striker": "M Patel",
              "runs": {
                "batter": 0,
                "extras": 0,
                "total": 0
              }
            },
            {
              "batter": "K Coulter",
              "bowler": "K Ota",
              "non_striker": "M Patel",
              "runs": {
                "batter": 0,
                "extras": 0,
                "total": 0
              }
            }
          ]
        },
        {
          "over": 1,
          "deliveries": [
            {
              "batter": "M Patel",
              "bowler": "A Nakayama",
              "non_striker": "K Coulter",
              "runs": {
                "batter": 0,
                "extras": 0,
                "total": 0
              },
              "wickets": [
                {
                  "kind": "lbw",
                  "player_out": "M Patel"
                }
              ]
            },
            {
              "batter": "S Sivanantham",
              "bowler": "A Nakayama",
              "non_striker": "K Coulter",
              "runs": {
                "batter": 0,
                "extras": 0,
                "total": 0
              }
            },
            {
              "batter": "S Sivanantham",
              "bowler": "A Nakayama",
              "non_striker": "K Coulter",
              "runs": {
                "batter": 0,
                "extras": 0,
                "total": 0
              }
            },
            {
              "batter": "S Sivanantham",
              "bowler": "A Nakayama",
              "extras": {
                "wides": 1
              },
              "non_striker": "K Coulter",
              "runs": {
                "batter": 0,
                "extras": 1,
                "total": 1
              }
            },
            {
              "batter": "S Sivanantham",
              "bowler": "A Nakayama",
              "non_striker": "K Coulter",
              "runs": {
                "batter": 0,
                "extras": 0,
                "total": 0
              }
            },
            {
              "batter": "S Sivanantham",
              "bowler": "A Nakayama",
              "non_striker": "K Coulter",
              "runs": {
                "batter": 0,
                "extras": 0,
                "total": 0
              }
            },
            {
              "batter": "S Sivanantham",
              "bowler": "A Nakayama",
              "non_striker": "K Coulter",
              "runs": {
                "batter": 0,
                "extras": 0,
                "total": 0
              }
            }
          ]
        },
        {
          "over": 2,
          "deliveries": [
            {
              "batter": "K Coulter",
              "bowler": "K Ota",
              "non_striker": "S Sivanantham",
              "runs": {
                "batter": 0,
                "extras": 0,
                "total": 0
              }
            },
            {
              "batter": "K Coulter",
              "bowler": "K Ota",
              "extras": {
                "legbyes": 1
              },
              "non_striker": "S Sivanantham",
              "runs": {
                "batter": 0,
                "extras": 1,
                "total": 1
              }
            },
            {
              "batter": "S Sivanantham",
              "bowler": "K Ota",
              "non_striker": "K Coulter",
              "runs": {
                "batter": 4,
                "extras": 0,
                "total": 4
              }
            },
            {
              "batter": "S Sivanantham",
              "bowler": "K Ota",
              "non_striker": "K Coulter",
              "runs": {
                "batter": 1,
                "extras": 0,
                "total": 1
              }
            },
            {
              "batter": "K Coulter",
              "bowler": "K Ota",
              "non_striker": "S Sivanantham",
              "runs": {
                "batter": 0,
                "extras": 0,
                "total": 0
              }
            },
            {
              "batter": "K Coulter",
              "bowler": "K Ota",
              "non_striker": "S Sivanantham",
              "runs": {
                "batter": 1,
                "extras": 0,
                "total": 1
              }
            }
          ]
        },
        {
          "over": 3,
          "deliveries": [
            {
              "batter": "K Coulter",
              "bowler": "A Nakayama",
              "non_striker": "S Sivanantham",
              "runs": {
                "batter": 1,
                "extras": 0,
                "total": 1
              }
            },
            {
              "batter": "S Sivanantham",
              "bowler": "A Nakayama",
              "non_striker": "K Coulter",
              "runs": {
                "batter": 0,
                "extras": 0,
                "total": 0
              }
            },
            {
              "batter": "S Sivanantham",
              "bowler": "A Nakayama",
              "non_striker": "K Coulter",
              "runs": {
                "batter": 4,
                "extras": 0,
                "total": 4
              }
            },
            {
              "batter": "S Sivanantham",
              "bowler": "A Nakayama",
              "non_striker": "K Coulter",
              "runs": {
                "batter": 0,
                "extras": 0,
                "total": 0
              }
            },
            {
              "batter": "S Sivanantham",
              "bowler": "A Nakayama",
              "non_striker": "K Coulter",
              "runs": {
                "batter": 0,
                "extras": 0,
                "total": 0
              }
            },
            {
              "batter": "S Sivanantham",
              "bowler": "A Nakayama",
              "non_striker": "K Coulter",
              "runs": {
                "batter": 1,
                "extras": 0,
                "total": 1
              }
            }
          ]
        },
        {
          "over": 4,
          "deliveries": [
            {
              "batter": "S Sivanantham",
              "bowler": "K Ota",
              "non_striker": "K Coulter",
              "runs": {
                "batter": 0,
                "extras": 0,
                "total": 0
              }
            },
            {
              "batter": "S Sivanantham",
              "bowler": "K Ota",
              "non_striker": "K Coulter",
              "runs": {
                "batter": 1,
                "extras": 0,
                "total": 1
              }
            },
            {
              "batter": "K Coulter",
              "bowler": "K Ota",
              "non_striker": "S Sivanantham",
              "runs": {
                "batter": 0,
                "extras": 0,
                "total": 0
              }
            },
            {
              "batter": "K Coulter",
              "bowler": "K Ota",
              "non_striker": "S Sivanantham",
              "runs": {
                "batter": 0,
                "extras": 0,
                "total": 0
              }
            },
            {
              "batter": "K Coulter",
              "bowler": "K Ota",
              "non_striker": "S Sivanantham",
              "runs": {
                "batter": 0,
                "extras": 0,
                "total": 0
              }
            },
            {
              "batter": "K Coulter",
              "bowler": "K Ota",
              "non_striker": "S Sivanantham",
              "runs": {
                "batter": 0,
                "extras": 0,
                "total": 0
              }
            }
          ]
        },
        {
          "over": 5,
          "deliveries": [
            {
              "batter": "S Sivanantham",
              "bowler": "A Nakayama",
              "non_striker": "K Coulter",
              "runs": {
                "batter": 0,
                "extras": 0,
                "total": 0
              }
            },
            {
              "batter": "S Sivanantham",
              "bowler": "A Nakayama",
              "non_striker": "K Coulter",
              "runs": {
                "batter": 0,
                "extras": 0,
                "total": 0
              }
            },
            {
              "batter": "S Sivanantham",
              "bowler": "A Nakayama",
              "non_striker": "K Coulter",
              "runs": {
                "batter": 1,
                "extras": 0,
                "total": 1
              }
            },
            {
              "batter": "K Coulter",
              "bowler": "A Nakayama",
              "non_striker": "S Sivanantham",
              "runs": {
                "batter": 0,
                "extras": 0,
                "total": 0
              }
            },
            {
              "batter": "K Coulter",
              "bowler": "A Nakayama",
              "non_striker": "S Sivanantham",
              "runs": {
                "batter": 1,
                "extras": 0,
                "total": 1
              }
            },
            {
              "batter": "S Sivanantham",
              "bowler": "A Nakayama",
              "non_striker": "K Coulter",
              "runs": {
                "batter": 1,
                "extras": 0,
                "total": 1
              }
            }
          ]
        },
        {
          "over": 6,
          "deliveries": [
            {
              "batter": "S Sivanantham",
              "bowler": "S Kubota",
              "non_striker": "K Coulter",
              "runs": {
                "batter": 2,
                "extras": 0,
                "total": 2
              }
            },
            {
              "batter": "S Sivanantham",
              "bowler": "S Kubota",
              "non_striker": "K Coulter",
              "runs": {
                "batter": 0,
                "extras": 0,
                "total": 0
              }
            },
            {
              "batter": "S Sivanantham",
              "bowler": "S Kubota",
              "extras": {
                "wides": 1
              },
              "non_striker": "K Coulter",
              "runs": {
                "batter": 0,
                "extras": 1,
                "total": 1
              }
            },
            {
              "batter": "S Sivanantham",
              "bowler": "S Kubota",
              "non_striker": "K Coulter",
              "runs": {
                "batter": 0,
                "extras": 0,
                "total": 0
              }
            },
            {
              "batter": "S Sivanantham",
              "bowler": "S Kubota",
              "non_striker": "K Coulter",
              "runs": {
                "batter": 4,
                "extras": 0,
                "total": 4
              }
            },
            {
              "batter": "S Sivanantham",
              "bowler": "S Kubota",
              "non_striker": "K Coulter",
              "runs": {
                "batter": 1,
                "extras": 0,
                "total": 1
              }
            },
            {
              "batter": "K Coulter",
              "bowler": "S Kubota",
              "non_striker": "S Sivanantham",
              "runs": {
                "batter": 0,
                "extras": 0,
                "total": 0
              },
              "wickets": [
                {
                  "kind": "lbw",
                  "player_out": "K Coulter"
                }
              ]
            }
          ]
        },
        {
          "over": 7,
          "deliveries": [
            {
              "batter": "S Sivanantham",
              "bowler": "A Nakayama",
              "non_striker": "MJ Turik",
              "runs": {
                "batter": 0,
                "extras": 0,
                "total": 0
              }
            },
            {
              "batter": "S Sivanantham",
              "bowler": "A Nakayama",
              "non_striker": "MJ Turik",
              "runs": {
                "batter": 0,
                "extras": 0,
                "total": 0
              }
            },
            {
              "batter": "S Sivanantham",
              "bowler": "A Nakayama",
              "non_striker": "MJ Turik",
              "runs": {
                "batter": 1,
                "extras": 0,
                "total": 1
              }
            },
            {
              "batter": "MJ Turik",
              "bowler": "A Nakayama",
              "non_striker": "S Sivanantham",
              "runs": {
                "batter": 1,
                "extras": 0,
                "total": 1
              }
            },
            {
              "batter": "S Sivanantham",
              "bowler": "A Nakayama",
              "non_striker": "MJ Turik",
              "runs": {
                "batter": 2,
                "extras": 0,
                "total": 2
              }
            },
            {
              "batter": "S Sivanantham",
              "bowler": "A Nakayama",
              "non_striker": "MJ Turik",
              "runs": {
                "batter": 1,
                "extras": 0,
                "total": 1
              }
            }
          ]
        },
        {
          "over": 8,
          "deliveries": [
            {
              "batter": "S Sivanantham",
              "bowler": "S Kubota",
              "non_striker": "MJ Turik",
              "runs": {
                "batter": 0,
                "extras": 0,
                "total": 0
              }
            },
            {
              "batter": "S Sivanantham",
              "bowler": "S Kubota",
              "non_striker": "MJ Turik",
              "runs": {
                "batter": 0,
                "extras": 0,
                "total": 0
              }
            },
            {
              "batter": "S Sivanantham",
              "bowler": "S Kubota",
              "non_striker": "MJ Turik",
              "runs": {
                "batter": 0,
                "extras": 0,
                "total": 0
              }
            },
            {
              "batter": "S Sivanantham",
              "bowler": "S Kubota",
              "non_striker": "MJ Turik",
              "runs": {
                "batter": 0,
                "extras": 0,
                "total": 0
              }
            },
            {
              "batter": "S Sivanantham",
              "bowler": "S Kubota",
              "non_striker": "MJ Turik",
              "runs": {
                "batter": 2,
                "extras": 0,
                "total": 2
              }
            },
            {
              "batter": "S Sivanantham",
              "bowler": "S Kubota",
              "non_striker": "MJ Turik",
              "runs": {
                "batter": 1,
                "extras": 0,
                "total": 1
              }
            }
          ]
        },
        {
          "over": 9,
          "deliveries": [
            {
              "batter": "S Sivanantham",
              "bowler": "M Yanagida",
              "non_striker": "MJ Turik",
              "runs": {
                "batter": 1,
                "extras": 0,
                "total": 1
              }
            },
            {
              "batter": "MJ Turik",
              "bowler": "M Yanagida",
              "non_striker": "S Sivanantham",
              "runs": {
                "batter": 1,
                "extras": 0,
                "total": 1
              }
            },
            {
              "batter": "S Sivanantham",
              "bowler": "M Yanagida",
              "non_striker": "MJ Turik",
              "runs": {
                "batter": 0,
                "extras": 0,
                "total": 0
              }
            },
            {
              "batter": "S Sivanantham",
              "bowler": "M Yanagida",
              "extras": {
                "byes": 1
              },
              "non_striker": "MJ Turik",
              "runs": {
                "batter": 0,
                "extras": 1,
                "total": 1
              }
            },
            {
              "batter": "MJ Turik",
              "bowler": "M Yanagida",
              "non_striker": "S Sivanantham",
              "runs": {
                "batter": 0,
                "extras": 0,
                "total": 0
              },
              "wickets": [
                {
                  "kind": "run out",
                  "player_out": "MJ Turik",
                  "fielders": [
                    {
                      "name": "M Takada"
                    }
                  ]
                }
              ]
            },
            {
              "batter": "J Bartholemew",
              "bowler": "M Yanagida",
              "non_striker": "S Sivanantham",
              "runs": {
                "batter": 0,
                "extras": 0,
                "total": 0
              }
            }
          ]
        },
        {
          "over": 10,
          "deliveries": [
            {
              "batter": "S Sivanantham",
              "bowler": "S Kubota",
              "non_striker": "J Bartholemew",
              "runs": {
                "batter": 0,
                "extras": 0,
                "total": 0
              }
            },
            {
              "batter": "S Sivanantham",
              "bowler": "S Kubota",
              "non_striker": "J Bartholemew",
              "runs": {
                "batter": 4,
                "extras": 0,
                "total": 4
              }
            },
            {
              "batter": "S Sivanantham",
              "bowler": "S Kubota",
              "extras": {
                "legbyes": 1
              },
              "non_striker": "J Bartholemew",
              "runs": {
                "batter": 0,
                "extras": 1,
                "total": 1
              }
            },
            {
              "batter": "J Bartholemew",
              "bowler": "S Kubota",
              "non_striker": "S Sivanantham",
              "runs": {
                "batter": 0,
                "extras": 0,
                "total": 0
              }
            },
            {
              "batter": "J Bartholemew",
              "bowler": "S Kubota",
              "non_striker": "S Sivanantham",
              "runs": {
                "batter": 0,
                "extras": 0,
                "total": 0
              }
            },
            {
              "batter": "J Bartholemew",
              "bowler": "S Kubota",
              "non_striker": "S Sivanantham",
              "runs": {
                "batter": 2,
                "extras": 0,
                "total": 2
              }
            }
          ]
        },
        {
          "over": 11,
          "deliveries": [
            {
              "batter": "S Sivanantham",
              "bowler": "M Yanagida",
              "non_striker": "J Bartholemew",
              "runs": {
                "batter": 0,
                "extras": 0,
                "total": 0
              },
              "wickets": [
                {
                  "kind": "bowled",
                  "player_out": "S Sivanantham"
                }
              ]
            },
            {
              "batter": "D Shabbir",
              "bowler": "M Yanagida",
              "non_striker": "J Bartholemew",
              "runs": {
                "batter": 1,
                "extras": 0,
                "total": 1
              }
            },
            {
              "batter": "J Bartholemew",
              "bowler": "M Yanagida",
              "non_striker": "D Shabbir",
              "runs": {
                "batter": 0,
                "extras": 0,
                "total": 0
              }
            },
            {
              "batter": "J Bartholemew",
              "bowler": "M Yanagida",
              "non_striker": "D Shabbir",
              "runs": {
                "batter": 0,
                "extras": 0,
                "total": 0
              },
              "wickets": [
                {
                  "kind": "caught",
                  "player_out": "J Bartholemew",
                  "fielders": [
                    {
                      "name": "E Kobayashi"
                    }
                  ]
                }
              ]
            },
            {
              "batter": "S Tittlemier",
              "bowler": "M Yanagida",
              "non_striker": "D Shabbir",
              "runs": {
                "batter": 0,
                "extras": 0,
                "total": 0
              }
            },
            {
              "batter": "S Tittlemier",
              "bowler": "M Yanagida",
              "non_striker": "D Shabbir",
              "runs": {
                "batter": 0,
                "extras": 0,
                "total": 0
              }
            }
          ]
        },
        {
          "over": 12,
          "deliveries": [
            {
              "batter": "D Shabbir",
              "bowler": "S Miyaji",
              "non_striker": "S Tittlemier",
              "runs": {
                "batter": 1,
                "extras": 0,
                "total": 1
              }
            },
            {
              "batter": "S Tittlemier",
              "bowler": "S Miyaji",
              "non_striker": "D Shabbir",
              "runs": {
                "batter": 0,
                "extras": 0,
                "total": 0
              }
            },
            {
              "batter": "S Tittlemier",
              "bowler": "S Miyaji",
              "non_striker": "D Shabbir",
              "runs": {
                "batter": 1,
                "extras": 0,
                "total": 1
              }
            },
            {
              "batter": "D Shabbir",
              "bowler": "S Miyaji",
              "non_striker": "S Tittlemier",
              "runs": {
                "batter": 1,
                "extras": 0,
                "total": 1
              }
            },
            {
              "batter": "S Tittlemier",
              "bowler": "S Miyaji",
              "non_striker": "D Shabbir",
              "runs": {
                "batter": 1,
                "extras": 0,
                "total": 1
              }
            },
            {
              "batter": "D Shabbir",
              "bowler": "S Miyaji",
              "non_striker": "S Tittlemier",
              "runs": {
                "batter": 1,
                "extras": 0,
                "total": 1
              }
            }
          ]
        },
        {
          "over": 13,
          "deliveries": [
            {
              "batter": "D Shabbir",
              "bowler": "M Yanagida",
              "extras": {
                "wides": 1
              },
              "non_striker": "S Tittlemier",
              "runs": {
                "batter": 0,
                "extras": 1,
                "total": 1
              }
            },
            {
              "batter": "D Shabbir",
              "bowler": "M Yanagida",
              "non_striker": "S Tittlemier",
              "runs": {
                "batter": 1,
                "extras": 0,
                "total": 1
              }
            },
            {
              "batter": "S Tittlemier",
              "bowler": "M Yanagida",
              "non_striker": "D Shabbir",
              "runs": {
                "batter": 1,
                "extras": 0,
                "total": 1
              }
            },
            {
              "batter": "D Shabbir",
              "bowler": "M Yanagida",
              "non_striker": "S Tittlemier",
              "runs": {
                "batter": 0,
                "extras": 0,
                "total": 0
              }
            },
            {
              "batter": "D Shabbir",
              "bowler": "M Yanagida",
              "extras": {
                "wides": 1
              },
              "non_striker": "S Tittlemier",
              "runs": {
                "batter": 0,
                "extras": 1,
                "total": 1
              }
            },
            {
              "batter": "D Shabbir",
              "bowler": "M Yanagida",
              "non_striker": "S Tittlemier",
              "runs": {
                "batter": 1,
                "extras": 0,
                "total": 1
              }
            },
            {
              "batter": "S Tittlemier",
              "bowler": "M Yanagida",
              "extras": {
                "wides": 1
              },
              "non_striker": "D Shabbir",
              "runs": {
                "batter": 0,
                "extras": 1,
                "total": 1
              }
            },
            {
              "batter": "S Tittlemier",
              "bowler": "M Yanagida",
              "non_striker": "D Shabbir",
              "runs": {
                "batter": 0,
                "extras": 0,
                "total": 0
              }
            },
            {
              "batter": "S Tittlemier",
              "bowler": "M Yanagida",
              "non_striker": "D Shabbir",
              "runs": {
                "batter": 0,
                "extras": 0,
                "total": 0
              }
            }
          ]
        },
        {
          "over": 14,
          "deliveries": [
            {
              "batter": "D Shabbir",
              "bowler": "S Miyaji",
              "non_striker": "S Tittlemier",
              "runs": {
                "batter": 2,
                "extras": 0,
                "total": 2
              }
            },
            {
              "batter": "D Shabbir",
              "bowler": "S Miyaji",
              "non_striker": "S Tittlemier",
              "runs": {
                "batter": 0,
                "extras": 0,
                "total": 0
              }
            },
            {
              "batter": "D Shabbir",
              "bowler": "S Miyaji",
              "non_striker": "S Tittlemier",
              "runs": {
                "batter": 1,
                "extras": 0,
                "total": 1
              }
            },
            {
              "batter": "S Tittlemier",
              "bowler": "S Miyaji",
              "non_striker": "D Shabbir",
              "runs": {
                "batter": 1,
                "extras": 0,
                "total": 1
              }
            },
            {
              "batter": "D Shabbir",
              "bowler": "S Miyaji",
              "non_striker": "S Tittlemier",
              "runs": {
                "batter": 0,
                "extras": 0,
                "total": 0
              }
            },
            {
              "batter": "D Shabbir",
              "bowler": "S Miyaji",
              "non_striker": "S Tittlemier",
              "runs": {
                "batter": 1,
                "extras": 0,
                "total": 1
              }
            }
          ]
        },
        {
          "over": 15,
          "deliveries": [
            {
              "batter": "D Shabbir",
              "bowler": "M Yanagida",
              "non_striker": "S Tittlemier",
              "runs": {
                "batter": 4,
                "extras": 0,
                "total": 4
              }
            },
            {
              "batter": "D Shabbir",
              "bowler": "M Yanagida",
              "non_striker": "S Tittlemier",
              "runs": {
                "batter": 1,
                "extras": 0,
                "total": 1
              }
            },
            {
              "batter": "S Tittlemier",
              "bowler": "M Yanagida",
              "non_striker": "D Shabbir",
              "runs": {
                "batter": 1,
                "extras": 0,
                "total": 1
              }
            },
            {
              "batter": "D Shabbir",
              "bowler": "M Yanagida",
              "non_striker": "S Tittlemier",
              "runs": {
                "batter": 0,
                "extras": 0,
                "total": 0
              }
            },
            {
              "batter": "D Shabbir",
              "bowler": "M Yanagida",
              "non_striker": "S Tittlemier",
              "runs": {
                "batter": 0,
                "extras": 0,
                "total": 0
              }
            },
            {
              "batter": "D Shabbir",
              "bowler": "M Yanagida",
              "non_striker": "S Tittlemier",
              "runs": {
                "batter": 4,
                "extras": 0,
                "total": 4
              }
            }
          ]
        },
        {
          "over": 16,
          "deliveries": [
            {
              "batter": "S Tittlemier",
              "bowler": "S Miyaji",
              "non_striker": "D Shabbir",
              "runs": {
                "batter": 1,
                "extras": 0,
                "total": 1
              }
            },
            {
              "batter": "D Shabbir",
              "bowler": "S Miyaji",
              "non_striker": "S Tittlemier",
              "runs": {
                "batter": 0,
                "extras": 0,
                "total": 0
              }
            },
            {
              "batter": "D Shabbir",
              "bowler": "S Miyaji",
              "non_striker": "S Tittlemier",
              "runs": {
                "batter": 1,
                "extras": 0,
                "total": 1
              }
            },
            {
              "batter": "S Tittlemier",
              "bowler": "S Miyaji",
              "non_striker": "D Shabbir",
              "runs": {
                "batter": 0,
                "extras": 0,
                "total": 0
              }
            },
            {
              "batter": "S Tittlemier",
              "bowler": "S Miyaji",
              "non_striker": "D Shabbir",
              "runs": {
                "batter": 1,
                "extras": 0,
                "total": 1
              }
            },
            {
              "batter": "D Shabbir",
              "bowler": "S Miyaji",
              "non_striker": "S Tittlemier",
              "runs": {
                "batter": 1,
                "extras": 0,
                "total": 1
              }
            }
          ]
        },
        {
          "over": 17,
          "deliveries": [
            {
              "batter": "D Shabbir",
              "bowler": "S Kubota",
              "non_striker": "S Tittlemier",
              "runs": {
                "batter": 1,
                "extras": 0,
                "total": 1
              }
            },
            {
              "batter": "S Tittlemier",
              "bowler": "S Kubota",
              "extras": {
                "wides": 3
              },
              "non_striker": "D Shabbir",
              "runs": {
                "batter": 0,
                "extras": 3,
                "total": 3
              }
            },
            {
              "batter": "S Tittlemier",
              "bowler": "S Kubota",
              "non_striker": "D Shabbir",
              "runs": {
                "batter": 1,
                "extras": 0,
                "total": 1
              }
            },
            {
              "batter": "D Shabbir",
              "bowler": "S Kubota",
              "extras": {
                "wides": 1
              },
              "non_striker": "S Tittlemier",
              "runs": {
                "batter": 0,
                "extras": 1,
                "total": 1
              }
            },
            {
              "batter": "D Shabbir",
              "bowler": "S Kubota",
              "extras": {
                "wides": 1
              },
              "non_striker": "S Tittlemier",
              "runs": {
                "batter": 0,
                "extras": 1,
                "total": 1
              }
            },
            {
              "batter": "D Shabbir",
              "bowler": "S Kubota",
              "non_striker": "S Tittlemier",
              "runs": {
                "batter": 4,
                "extras": 0,
                "total": 4
              }
            },
            {
              "batter": "D Shabbir",
              "bowler": "S Kubota",
              "non_striker": "S Tittlemier",
              "runs": {
                "batter": 1,
                "extras": 0,
                "total": 1
              }
            },
            {
              "batter": "S Tittlemier",
              "bowler": "S Kubota",
              "non_striker": "D Shabbir",
              "runs": {
                "batter": 1,
                "extras": 0,
                "total": 1
              }
            },
            {
              "batter": "D Shabbir",
              "bowler": "S Kubota",
              "non_striker": "S Tittlemier",
              "runs": {
                "batter": 1,
                "extras": 0,
                "total": 1
              }
            }
          ]
        },
        {
          "over": 18,
          "deliveries": [
            {
              "batter": "D Shabbir",
              "bowler": "S Miyaji",
              "non_striker": "S Tittlemier",
              "runs": {
                "batter": 0,
                "extras": 0,
                "total": 0
              }
            },
            {
              "batter": "D Shabbir",
              "bowler": "S Miyaji",
              "non_striker": "S Tittlemier",
              "runs": {
                "batter": 0,
                "extras": 0,
                "total": 0
              }
            },
            {
              "batter": "D Shabbir",
              "bowler": "S Miyaji",
              "non_striker": "S Tittlemier",
              "runs": {
                "batter": 2,
                "extras": 0,
                "total": 2
              }
            },
            {
              "batter": "D Shabbir",
              "bowler": "S Miyaji",
              "non_striker": "S Tittlemier",
              "runs": {
                "batter": 1,
                "extras": 0,
                "total": 1
              }
            },
            {
              "batter": "S Tittlemier",
              "bowler": "S Miyaji",
              "non_striker": "D Shabbir",
              "runs": {
                "batter": 1,
                "extras": 0,
                "total": 1
              }
            },
            {
              "batter": "D Shabbir",
              "bowler": "S Miyaji",
              "non_striker": "S Tittlemier",
              "runs": {
                "batter": 1,
                "extras": 0,
                "total": 1
              }
            }
          ]
        },
        {
          "over": 19,
          "deliveries": [
            {
              "batter": "D Shabbir",
              "bowler": "K Ota",
              "extras": {
                "noballs": 1
              },
              "non_striker": "S Tittlemier",
              "runs": {
                "batter": 0,
                "extras": 1,
                "total": 1
              }
            },
            {
              "batter": "D Shabbir",
              "bowler": "K Ota",
              "non_striker": "S Tittlemier",
              "runs": {
                "batter": 4,
                "extras": 0,
                "total": 4
              }
            }
          ]
        }
      ],
      "powerplays": [
        {
          "from": 0.1,
          "to": 5.6,
          "type": "mandatory"
        }
      ],
      "target": {
        "overs": 20,
        "runs": 98
      }
    }
  ]
}