{
  "meta": {
    "data_version": "1.0.0",
    "created": "2014-05-21",
    "revision": 2
  },
  "info": {
    "balls_per_over": 6,
    "city": "Dublin",
    "dates": [
      "2013-07-25"
    ],
    "event": {
      "group": "B",
      "match_number": 8,
      "name": "ICC Women's World Twenty20 Qualifier"
    },
    "gender": "female",
    "match_type": "IT20",
    "officials": {
      "match_referees": [
        "D Govindjee"
      ],
      "reserve_umpires": [
        "GAV Baxter"
      ],
      "umpires": [
        "IJ Gould",
        "IN Ramage"
      ]
    },
    "outcome": {
      "by": {
        "wickets": 10
      },
      "winner": "Sri Lanka"
    },
    "overs": 20,
    "player_of_match": [
      "LE Kaushalya"
    ],
    "players": {
      "Japan": [
        "C Sakamoto",
        "M Yamamoto",
        "S Miyaji",
        "K Ota",
        "S Kubota",
        "A Nakayama",
        "M Kanno",
        "E Kobayashi",
        "M Yanagida",
        "E Yamaguchi",
        "M Takada"
      ],
      "Sri Lanka": [
        "AC Jayangani",
        "BYA Mendis",
        "HASD Siriwardene",
        "CR Seneviratna",
        "MADD Surangika",
        "SS Weerakkody",
        "LE Kaushalya",
        "HHC Gunaratne",
        "OU Ranasinghe",
        "SK Dolawatte",
        "HMD Rasangika"
      ]
    },
    "registry": {
      "people": {
        "A Nakayama": "e28089ac",
        "AC Jayangani": "ac56b5a7",
        "BYA Mendis": "a9fabff4",
        "C Sakamoto": "c81996f4",
        "CR Seneviratna": "bff0535a",
        "D Govindjee": "8b4c4069",
        "E Kobayashi": "535e58f3",
        "E Yamaguchi": "48d34066",
        "GAV Baxter": "cb4b3ab0",
        "HASD Siriwardene": "dbd79036",
        "HHC Gunaratne": "44d0e8af",
        "HMD Rasangika": "d6f9dfd6",
        "IJ Gould": "a9dfdf6c",
        "IN Ramage": "33cb7803",
        "K Ota": "211f48fe",
        "LE Kaushalya": "8b552293",
        "M Kanno": "97fc39fd",
        "M Takada": "04ea0c3c",
        "M Yamamoto": "48e74d1c",
        "M Yanagida": "f20e7e23",
        "MADD Surangika": "3f440bd6",
        "OU Ranasinghe": "52d3b7ff",
        "S Kubota": "af202c76",
        "S Miyaji": "3aca2ed5",
        "SK Dolawatte": "bd8139a1",
        "SS Weerakkody": "5f862ccd"
      }
    },
    "season": 2013,
    "team_type": "international",
    "teams": [
      "Japan",
      "Sri Lanka"
    ],
    "toss": {
      "decision": "field",
      "winner": "Sri Lanka"
    },
    "venue": "Merrion Cricket Club Ground"
  },
  "innings": [
    {
      "team": "Japan",
      "overs": [
        {
          "over": 0,
          "deliveries": [
            {
              "batter": "M Yamamoto",
              "bowler": "LE Kaushalya",
              "non_striker": "C Sakamoto",
              "runs": {
                "batter": 0,
                "extras": 0,
                "total": 0
              },
              "wickets": [
                {
                  "kind": "lbw",
                  "player_out": "M Yamamoto"
                }
              ]
            },
            {
              "batter": "S Miyaji",
              "bowler": "LE Kaushalya",
              "non_striker": "C Sakamoto",
              "runs": {
                "batter": 0,
                "extras": 0,
                "total": 0
              }
            },
            {
              "batter": "S Miyaji",
              "bowler": "LE Kaushalya",
              "non_striker": "C Sakamoto",
              "runs": {
                "batter": 0,
                "extras": 0,
                "total": 0
              }
            },
            {
              "batter": "S Miyaji",
              "bowler": "LE Kaushalya",
              "non_striker": "C Sakamoto",
              "runs": {
                "batter": 0,
                "extras": 0,
                "total": 0
              }
            },
            {
              "batter": "S Miyaji",
              "bowler": "LE Kaushalya",
              "non_striker": "C Sakamoto",
              "runs": {
                "batter": 1,
                "extras": 0,
                "total": 1
              }
            },
            {
              "batter": "C Sakamoto",
              "bowler": "LE Kaushalya",
              "non_striker": "S Miyaji",
              "runs": {
                "batter": 0,
                "extras": 0,
                "total": 0
              }
            }
          ]
        },
        {
          "over": 1,
          "deliveries": [
            {
              "batter": "S Miyaji",
              "bowler": "SS Weerakkody",
              "non_striker": "C Sakamoto",
              "runs": {
                "batter": 0,
                "extras": 0,
                "total": 0
              }
            },
            {
              "batter": "S Miyaji",
              "bowler": "SS Weerakkody",
              "non_striker": "C Sakamoto",
              "runs": {
                "batter": 1,
                "extras": 0,
                "total": 1
              }
            },
            {
              "batter": "C Sakamoto",
              "bowler": "SS Weerakkody",
              "non_striker": "S Miyaji",
              "runs": {
                "batter": 0,
                "extras": 0,
                "total": 0
              }
            },
            {
              "batter": "C Sakamoto",
              "bowler": "SS Weerakkody",
              "non_striker": "S Miyaji",
              "runs": {
                "batter": 0,
                "extras": 0,
                "total": 0
              }
            },
            {
              "batter": "C Sakamoto",
              "bowler": "SS Weerakkody",
              "non_striker": "S Miyaji",
              "runs": {
                "batter": 0,
                "extras": 0,
                "total": 0
              },
              "wickets": [
                {
                  "kind": "caught",
                  "player_out": "C Sakamoto",
                  "fielders": [
                    {
                      "name": "HMD Rasangika"
                    }
                  ]
                }
              ]
            },
            {
              "batter": "K Ota",
              "bowler": "SS Weerakkody",
              "non_striker": "S Miyaji",
              "runs": {
                "batter": 0,
                "extras": 0,
                "total": 0
              }
            }
          ]
        },
        {
          "over": 2,
          "deliveries": [
            {
              "batter": "S Miyaji",
              "bowler": "LE Kaushalya",
              "non_striker": "K Ota",
              "runs": {
                "batter": 0,
                "extras": 0,
                "total": 0
              }
            },
            {
              "batter": "S Miyaji",
              "bowler": "LE Kaushalya",
              "non_striker": "K Ota",
              "runs": {
                "batter": 0,
                "extras": 0,
                "total": 0
              },
              "wickets": [
                {
                  "kind": "bowled",
                  "player_out": "S Miyaji"
                }
              ]
            },
            {
              "batter": "S Kubota",
              "bowler": "LE Kaushalya",
              "non_striker": "K Ota",
              "runs": {
                "batter": 0,
                "extras": 0,
                "total": 0
              }
            },
            {
              "batter": "S Kubota",
              "bowler": "LE Kaushalya",
              "non_striker": "K Ota",
              "runs": {
                "batter": 1,
                "extras": 0,
                "total": 1
              }
            },
            {
              "batter": "K Ota",
              "bowler": "LE Kaushalya",
              "non_striker": "S Kubota",
              "runs": {
                "batter": 1,
                "extras": 0,
                "total": 1
              }
            },
            {
              "batter": "S Kubota",
              "bowler": "LE Kaushalya",
              "non_striker": "K Ota",
              "runs": {
                "batter": 0,
                "extras": 0,
                "total": 0
              }
            }
          ]
        },
        {
          "over": 3,
          "deliveries": [
            {
              "batter": "S Kubota",
              "bowler": "SS Weerakkody",
              "non_striker": "K Ota",
              "runs": {
                "batter": 0,
                "extras": 0,
                "total": 0
              }
            },
            {
              "batter": "S Kubota",
              "bowler": "SS Weerakkody",
              "non_striker": "K Ota",
              "runs": {
                "batter": 0,
                "extras": 0,
                "total": 0
              }
            },
            {
              "batter": "S Kubota",
              "bowler": "SS Weerakkody",
              "non_striker": "K Ota",
              "runs": {
                "batter": 0,
                "extras": 0,
                "total": 0
              }
            },
            {
              "batter": "S Kubota",
              "bowler": "SS Weerakkody",
              "non_striker": "K Ota",
              "runs": {
                "batter": 0,
                "extras": 0,
                "total": 0
              }
            },
            {
              "batter": "S Kubota",
              "bowler": "SS Weerakkody",
              "non_striker": "K Ota",
              "runs": {
                "batter": 0,
                "extras": 0,
                "total": 0
              }
            },
            {
              "batter": "S Kubota",
              "bowler": "SS Weerakkody",
              "non_striker": "K Ota",
              "runs": {
                "batter": 0,
                "extras": 0,
                "total": 0
              },
              "wickets": [
                {
                  "kind": "bowled",
                  "player_out": "S Kubota"
                }
              ]
            }
          ]
        },
        {
          "over": 4,
          "deliveries": [
            {
              "batter": "K Ota",
              "bowler": "LE Kaushalya",
              "non_striker": "A Nakayama",
              "runs": {
                "batter": 0,
                "extras": 0,
                "total": 0
              }
            },
            {
              "batter": "K Ota",
              "bowler": "LE Kaushalya",
              "non_striker": "A Nakayama",
              "runs": {
                "batter": 0,
                "extras": 0,
                "total": 0
              }
            },
            {
              "batter": "K Ota",
              "bowler": "LE Kaushalya",
              "non_striker": "A Nakayama",
              "runs": {
                "batter": 0,
                "extras": 0,
                "total": 0
              }
            },
            {
              "batter": "K Ota",
              "bowler": "LE Kaushalya",
              "extras": {
                "wides": 1
              },
              "non_striker": "A Nakayama",
              "runs": {
                "batter": 0,
                "extras": 1,
                "total": 1
              }
            },
            {
              "batter": "K Ota",
              "bowler": "LE Kaushalya",
              "non_striker": "A Nakayama",
              "runs": {
                "batter": 0,
                "extras": 0,
                "total": 0
              }
            },
            {
              "batter": "K Ota",
              "bowler": "LE Kaushalya",
              "non_striker": "A Nakayama",
              "runs": {
                "batter": 0,
                "extras": 0,
                "total": 0
              }
            },
            {
              "batter": "K Ota",
              "bowler": "LE Kaushalya",
              "non_striker": "A Nakayama",
              "runs": {
                "batter": 0,
                "extras": 0,
                "total": 0
              }
            }
          ]
        },
        {
          "over": 5,
          "deliveries": [
            {
              "batter": "A Nakayama",
              "bowler": "SS Weerakkody",
              "non_striker": "K Ota",
              "runs": {
                "batter": 0,
                "extras": 0,
                "total": 0
              }
            },
            {
              "batter": "A Nakayama",
              "bowler": "SS Weerakkody",
              "non_striker": "K Ota",
              "runs": {
                "batter": 0,
                "extras": 0,
                "total": 0
              }
            },
            {
              "batter": "A Nakayama",
              "bowler": "SS Weerakkody",
              "non_striker": "K Ota",
              "runs": {
                "batter": 0,
                "extras": 0,
                "total": 0
              }
            },
            {
              "batter": "A Nakayama",
              "bowler": "SS Weerakkody",
              "non_striker": "K Ota",
              "runs": {
                "batter": 1,
                "extras": 0,
                "total": 1
              }
            },
            {
              "batter": "K Ota",
              "bowler": "SS Weerakkody",
              "non_striker": "A Nakayama",
              "runs": {
                "batter": 0,
                "extras": 0,
                "total": 0
              }
            },
            {
              "batter": "K Ota",
              "bowler": "SS Weerakkody",
              "non_striker": "A Nakayama",
              "runs": {
                "batter": 0,
                "extras": 0,
                "total": 0
              }
            }
          ]
        },
        {
          "over": 6,
          "deliveries": [
            {
              "batter": "A Nakayama",
              "bowler": "HASD Siriwardene",
              "non_striker": "K Ota",
              "runs": {
                "batter": 0,
                "extras": 0,
                "total": 0
              }
            },
            {
              "batter": "A Nakayama",
              "bowler": "HASD Siriwardene",
              "non_striker": "K Ota",
              "runs": {
                "batter": 0,
                "extras": 0,
                "total": 0
              }
            },
            {
              "batter": "A Nakayama",
              "bowler": "HASD Siriwardene",
              "non_striker": "K Ota",
              "runs": {
                "batter": 0,
                "extras": 0,
                "total": 0
              }
            },
            {
              "batter": "A Nakayama",
              "bowler": "HASD Siriwardene",
              "non_striker": "K Ota",
              "runs": {
                "batter": 0,
                "extras": 0,
                "total": 0
              }
            },
            {
              "batter": "A Nakayama",
              "bowler": "HASD Siriwardene",
              "non_striker": "K Ota",
              "runs": {
                "batter": 0,
                "extras": 0,
                "total": 0
              },
              "wickets": [
                {
                  "kind": "run out",
                  "player_out": "K Ota",
                  "fielders": [
                    {
                      "name": "LE Kaushalya"
                    }
                  ]
                }
              ]
            },
            {
              "batter": "M Kanno",
              "bowler": "HASD Siriwardene",
              "non_striker": "A Nakayama",
              "runs": {
                "batter": 0,
                "extras": 0,
                "total": 0
              }
            }
          ]
        },
        {
          "over": 7,
          "deliveries": [
            {
              "batter": "A Nakayama",
              "bowler": "HHC Gunaratne",
              "non_striker": "M Kanno",
              "runs": {
                "batter": 0,
                "extras": 0,
                "total": 0
              }
            },
            {
              "batter": "A Nakayama",
              "bowler": "HHC Gunaratne",
              "non_striker": "M Kanno",
              "runs": {
                "batter": 0,
                "extras": 0,
                "total": 0
              }
            },
            {
              "batter": "A Nakayama",
              "bowler": "HHC Gunaratne",
              "non_striker": "M Kanno",
              "runs": {
                "batter": 0,
                "extras": 0,
                "total": 0
              }
            },
            {
              "batter": "A Nakayama",
              "bowler": "HHC Gunaratne",
              "non_striker": "M Kanno",
              "runs": {
                "batter": 1,
                "extras": 0,
                "total": 1
              }
            },
            {
              "batter": "M Kanno",
              "bowler": "HHC Gunaratne",
              "non_striker": "A Nakayama",
              "runs": {
                "batter": 0,
                "extras": 0,
                "total": 0
              }
            },
            {
              "batter": "M Kanno",
              "bowler": "HHC Gunaratne",
              "non_striker": "A Nakayama",
              "runs": {
                "batter": 0,
                "extras": 0,
                "total": 0
              }
            }
          ]
        },
        {
          "over": 8,
          "deliveries": [
            {
              "batter": "A Nakayama",
              "bowler": "HASD Siriwardene",
              "non_striker": "M Kanno",
              "runs": {
                "batter": 0,
                "extras": 0,
                "total": 0
              }
            },
            {
              "batter": "A Nakayama",
              "bowler": "HASD Siriwardene",
              "non_striker": "M Kanno",
              "runs": {
                "batter": 0,
                "extras": 0,
                "total": 0
              }
            },
            {
              "batter": "A Nakayama",
              "bowler": "HASD Siriwardene",
              "non_striker": "M Kanno",
              "runs": {
                "batter": 0,
                "extras": 0,
                "total": 0
              }
            },
            {
              "batter": "A Nakayama",
              "bowler": "HASD Siriwardene",
              "non_striker": "M Kanno",
              "runs": {
                "batter": 0,
                "extras": 0,
                "total": 0
              }
            },
            {
              "batter": "A Nakayama",
              "bowler": "HASD Siriwardene",
              "non_striker": "M Kanno",
              "runs": {
                "batter": 0,
                "extras": 0,
                "total": 0
              }
            },
            {
              "batter": "A Nakayama",
              "bowler": "HASD Siriwardene",
              "non_striker": "M Kanno",
              "runs": {
                "batter": 4,
                "extras": 0,
                "total": 4
              }
            }
          ]
        },
        {
          "over": 9,
          "deliveries": [
            {
              "batter": "M Kanno",
              "bowler": "HHC Gunaratne",
              "non_striker": "A Nakayama",
              "runs": {
                "batter": 0,
                "extras": 0,
                "total": 0
              }
            },
            {
              "batter": "M Kanno",
              "bowler": "HHC Gunaratne",
              "non_striker": "A Nakayama",
              "runs": {
                "batter": 0,
                "extras": 0,
                "total": 0
              },
              "wickets": [
                {
                  "kind": "lbw",
                  "player_out": "M Kanno"
                }
              ]
            },
            {
              "batter": "E Kobayashi",
              "bowler": "HHC Gunaratne",
              "non_striker": "A Nakayama",
              "runs": {
                "batter": 0,
                "extras": 0,
                "total": 0
              }
            },
            {
              "batter": "E Kobayashi",
              "bowler": "HHC Gunaratne",
              "non_striker": "A Nakayama",
              "runs": {
                "batter": 0,
                "extras": 0,
                "total": 0
              }
            },
            {
              "batter": "E Kobayashi",
              "bowler": "HHC Gunaratne",
              "non_striker": "A Nakayama",
              "runs": {
                "batter": 0,
                "extras": 0,
                "total": 0
              }
            },
            {
              "batter": "E Kobayashi",
              "bowler": "HHC Gunaratne",
              "non_striker": "A Nakayama",
              "runs": {
                "batter": 0,
                "extras": 0,
                "total": 0
              }
            }
          ]
        },
        {
          "over": 10,
          "deliveries": [
            {
              "batter": "A Nakayama",
              "bowler": "HASD Siriwardene",
              "non_striker": "E Kobayashi",
              "runs": {
                "batter": 0,
                "extras": 0,
                "total": 0
              }
            },
            {
              "batter": "A Nakayama",
              "bowler": "HASD Siriwardene",
              "non_striker": "E Kobayashi",
              "runs": {
                "batter": 0,
                "extras": 0,
                "total": 0
              }
            },
            {
              "batter": "A Nakayama",
              "bowler": "HASD Siriwardene",
              "non_striker": "E Kobayashi",
              "runs": {
                "batter": 0,
                "extras": 0,
                "total": 0
              }
            },
            {
              "batter": "A Nakayama",
              "bowler": "HASD Siriwardene",
              "non_striker": "E Kobayashi",
              "runs": {
                "batter": 0,
                "extras": 0,
                "total": 0
              }
            },
            {
              "batter": "A Nakayama",
              "bowler": "HASD Siriwardene",
              "non_striker": "E Kobayashi",
              "runs": {
                "batter": 0,
                "extras": 0,
                "total": 0
              }
            },
            {
              "batter": "A Nakayama",
              "bowler": "HASD Siriwardene",
              "non_striker": "E Kobayashi",
              "runs": {
                "batter": 0,
                "extras": 0,
                "total": 0
              }
            }
          ]
        },
        {
          "over": 11,
          "deliveries": [
            {
              "batter": "E Kobayashi",
              "bowler": "HHC Gunaratne",
              "non_striker": "A Nakayama",
              "runs": {
                "batter": 0,
                "extras": 0,
                "total": 0
              },
              "wickets": [
                {
                  "kind": "bowled",
                  "player_out": "E Kobayashi"
                }
              ]
            },
            {
              "batter": "M Yanagida",
              "bowler": "HHC Gunaratne",
              "non_striker": "A Nakayama",
              "runs": {
                "batter": 0,
                "extras": 0,
                "total": 0
              }
            },
            {
              "batter": "M Yanagida",
              "bowler": "HHC Gunaratne",
              "non_striker": "A Nakayama",
              "runs": {
                "batter": 0,
                "extras": 0,
                "total": 0
              }
            },
            {
              "batter": "M Yanagida",
              "bowler": "HHC Gunaratne",
              "non_striker": "A Nakayama",
              "runs": {
                "batter": 0,
                "extras": 0,
                "total": 0
              }
            },
            {
              "batter": "M Yanagida",
              "bowler": "HHC Gunaratne",
              "non_striker": "A Nakayama",
              "runs": {
                "batter": 0,
                "extras": 0,
                "total": 0
              }
            },
            {
              "batter": "M Yanagida",
              "bowler": "HHC Gunaratne",
              "non_striker": "A Nakayama",
              "runs": {
                "batter": 0,
                "extras": 0,
                "total": 0
              }
            }
          ]
        },
        {
          "over": 12,
          "deliveries": [
            {
              "batter": "A Nakayama",
              "bowler": "SK Dolawatte",
              "non_striker": "M Yanagida",
              "runs": {
                "batter": 0,
                "extras": 0,
                "total": 0
              }
            },
            {
              "batter": "A Nakayama",
              "bowler": "SK Dolawatte",
              "non_striker": "M Yanagida",
              "runs": {
                "batter": 0,
                "extras": 0,
                "total": 0
              }
            },
            {
              "batter": "A Nakayama",
              "bowler": "SK Dolawatte",
              "non_striker": "M Yanagida",
              "runs": {
                "batter": 0,
                "extras": 0,
                "total": 0
              }
            },
            {
              "batter": "A Nakayama",
              "bowler": "SK Dolawatte",
              "non_striker": "M Yanagida",
              "runs": {
                "batter": 0,
                "extras": 0,
                "total": 0
              }
            },
            {
              "batter": "A Nakayama",
              "bowler": "SK Dolawatte",
              "non_striker": "M Yanagida",
              "runs": {
                "batter": 1,
                "extras": 0,
                "total": 1
              }
            },
            {
              "batter": "M Yanagida",
              "bowler": "SK Dolawatte",
              "non_striker": "A Nakayama",
              "runs": {
                "batter": 1,
                "extras": 0,
                "total": 1
              }
            }
          ]
        },
        {
          "over": 13,
          "deliveries": [
            {
              "batter": "M Yanagida",
              "bowler": "HHC Gunaratne",
              "non_striker": "A Nakayama",
              "runs": {
                "batter": 0,
                "extras": 0,
                "total": 0
              }
            },
            {
              "batter": "M Yanagida",
              "bowler": "HHC Gunaratne",
              "non_striker": "A Nakayama",
              "runs": {
                "batter": 0,
                "extras": 0,
                "total": 0
              }
            },
            {
              "batter": "M Yanagida",
              "bowler": "HHC Gunaratne",
              "non_striker": "A Nakayama",
              "runs": {
                "batter": 0,
                "extras": 0,
                "total": 0
              }
            },
            {
              "batter": "M Yanagida",
              "bowler": "HHC Gunaratne",
              "non_striker": "A Nakayama",
              "runs": {
                "batter": 0,
                "extras": 0,
                "total": 0
              }
            },
            {
              "batter": "M Yanagida",
              "bowler": "HHC Gunaratne",
              "non_striker": "A Nakayama",
              "runs": {
                "batter": 1,
                "extras": 0,
                "total": 1
              }
            },
            {
              "batter": "A Nakayama",
              "bowler": "HHC Gunaratne",
              "non_striker": "M Yanagida",
              "runs": {
                "batter": 0,
                "extras": 0,
                "total": 0
              }
            }
          ]
        },
        {
          "over": 14,
          "deliveries": [
            {
              "batter": "M Yanagida",
              "bowler": "LE Kaushalya",
              "non_striker": "A Nakayama",
              "runs": {
                "batter": 0,
                "extras": 0,
                "total": 0
              }
            },
            {
              "batter": "M Yanagida",
              "bowler": "LE Kaushalya",
              "non_striker": "A Nakayama",
              "runs": {
                "batter": 0,
                "extras": 0,
                "total": 0
              }
            },
            {
              "batter": "M Yanagida",
              "bowler": "LE Kaushalya",
              "extras": {
                "wides": 1
              },
              "non_striker": "A Nakayama",
              "runs": {
                "batter": 0,
                "extras": 1,
                "total": 1
              }
            },
            {
              "batter": "M Yanagida",
              "bowler": "LE Kaushalya",
              "non_striker": "A Nakayama",
              "runs": {
                "batter": 0,
                "extras": 0,
                "total": 0
              }
            },
            {
              "batter": "M Yanagida",
              "bowler": "LE Kaushalya",
              "non_striker": "A Nakayama",
              "runs": {
                "batter": 0,
                "extras": 0,
                "total": 0
              }
            },
            {
              "batter": "M Yanagida",
              "bowler": "LE Kaushalya",
              "non_striker": "A Nakayama",
              "runs": {
                "batter": 0,
                "extras": 0,
                "total": 0
              }
            },
            {
              "batter": "M Yanagida",
              "bowler": "LE Kaushalya",
              "non_striker": "A Nakayama",
              "runs": {
                "batter": 0,
                "extras": 0,
                "total": 0
              }
            }
          ]
        },
        {
          "over": 15,
          "deliveries": [
            {
              "batter": "A Nakayama",
              "bowler": "SK Dolawatte",
              "non_striker": "M Yanagida",
              "runs": {
                "batter": 0,
                "extras": 0,
                "total": 0
              }
            },
            {
              "batter": "A Nakayama",
              "bowler": "SK Dolawatte",
              "non_striker": "M Yanagida",
              "runs": {
                "batter": 0,
                "extras": 0,
                "total": 0
              }
            },
            {
              "batter": "A Nakayama",
              "bowler": "SK Dolawatte",
              "non_striker": "M Yanagida",
              "runs": {
                "batter": 4,
                "extras": 0,
                "total": 4
              }
            },
            {
              "batter": "A Nakayama",
              "bowler": "SK Dolawatte",
              "non_striker": "M Yanagida",
              "runs": {
                "batter": 0,
                "extras": 0,
                "total": 0
              }
            },
            {
              "batter": "A Nakayama",
              "bowler": "SK Dolawatte",
              "non_striker": "M Yanagida",
              "runs": {
                "batter": 1,
                "extras": 0,
                "total": 1
              }
            },
            {
              "batter": "M Yanagida",
              "bowler": "SK Dolawatte",
              "non_striker": "A Nakayama",
              "runs": {
                "batter": 0,
                "extras": 0,
                "total": 0
              }
            }
          ]
        },
        {
          "over": 16,
          "deliveries": [
            {
              "batter": "A Nakayama",
              "bowler": "CR Seneviratna",
              "non_striker": "M Yanagida",
              "runs": {
                "batter": 0,
                "extras": 0,
                "total": 0
              },
              "wickets": [
                {
                  "kind": "bowled",
                  "player_out": "A Nakayama"
                }
              ]
            },
            {
              "batter": "E Yamaguchi",
              "bowler": "CR Seneviratna",
              "non_striker": "M Yanagida",
              "runs": {
                "batter": 0,
                "extras": 0,
                "total": 0
              }
            },
            {
              "batter": "E Yamaguchi",
              "bowler": "CR Seneviratna",
              "non_striker": "M Yanagida",
              "runs": {
                "batter": 0,
                "extras": 0,
                "total": 0
              }
            },
            {
              "batter": "E Yamaguchi",
              "bowler": "CR Seneviratna",
              "non_striker": "M Yanagida",
              "runs": {
                "batter": 1,
                "extras": 0,
                "total": 1
              }
            },
            {
              "batter": "M Yanagida",
              "bowler": "CR Seneviratna",
              "non_striker": "E Yamaguchi",
              "runs": {
                "batter": 0,
                "extras": 0,
                "total": 0
              }
            },
            {
              "batter": "M Yanagida",
              "bowler": "CR Seneviratna",
              "non_striker": "E Yamaguchi",
              "runs": {
                "batter": 0,
                "extras": 0,
                "total": 0
              }
            }
          ]
        },
        {
          "over": 17,
          "deliveries": [
            {
              "batter": "E Yamaguchi",
              "bowler": "HASD Siriwardene",
              "non_striker": "M Yanagida",
              "runs": {
                "batter": 0,
                "extras": 0,
                "total": 0
              },
              "wickets": [
                {
                  "kind": "bowled",
                  "player_out": "E Yamaguchi"
                }
              ]
            },
            {
              "batter": "M Takada",
              "bowler": "HASD Siriwardene",
              "non_striker": "M Yanagida",
              "runs": {
                "batter": 0,
                "extras": 0,
                "total": 0
              }
            },
            {
              "batter": "M Takada",
              "bowler": "HASD Siriwardene",
              "non_striker": "M Yanagida",
              "runs": {
                "batter": 0,
                "extras": 0,
                "total": 0
              }
            },
            {
              "batter": "M Takada",
              "bowler": "HASD Siriwardene",
              "non_striker": "M Yanagida",
              "runs": {
                "batter": 0,
                "extras": 0,
                "total": 0
              }
            },
            {
              "batter": "M Takada",
              "bowler": "HASD Siriwardene",
              "non_striker": "M Yanagida",
              "runs": {
                "batter": 0,
                "extras": 0,
                "total": 0
              }
            },
            {
              "batter": "M Takada",
              "bowler": "HASD Siriwardene",
              "non_striker": "M Yanagida",
              "runs": {
                "batter": 0,
                "extras": 0,
                "total": 0
              }
            }
          ]
        },
        {
          "over": 18,
          "deliveries": [
            {
              "batter": "M Yanagida",
              "bowler": "CR Seneviratna",
              "non_striker": "M Takada",
              "runs": {
                "batter": 0,
                "extras": 0,
                "total": 0
              },
              "wickets": [
                {
                  "kind": "run out",
                  "player_out": "M Yanagida",
                  "fielders": [
                    {
                      "name": "LE Kaushalya"
                    }
                  ]
                }
              ]
            }
          ]
        }
      ],
      "powerplays": [
        {
          "from": 0.1,
          "to": 5.6,
          "type": "mandatory"
        }
      ]
    },
    {
      "team": "Sri Lanka",
      "overs": [
        {
          "over": 0,
          "deliveries": [
            {
              "batter": "AC Jayangani",
              "bowler": "K Ota",
              "non_striker": "BYA Mendis",
              "runs": {
                "batter": 1,
                "extras": 0,
                "total": 1
              }
            },
            {
              "batter": "BYA Mendis",
              "bowler": "K Ota",
              "non_striker": "AC Jayangani",
              "runs": {
                "batter": 0,
                "extras": 0,
                "total": 0
              }
            },
            {
              "batter": "BYA Mendis",
              "bowler": "K Ota",
              "non_striker": "AC Jayangani",
              "runs": {
                "batter": 2,
                "extras": 0,
                "total": 2
              }
            },
            {
              "batter": "BYA Mendis",
              "bowler": "K Ota",
              "non_striker": "AC Jayangani",
              "runs": {
                "batter": 4,
                "extras": 0,
                "total": 4
              }
            },
            {
              "batter": "BYA Mendis",
              "bowler": "K Ota",
              "non_striker": "AC Jayangani",
              "runs": {
                "batter": 0,
                "extras": 0,
                "total": 0
              }
            },
            {
              "batter": "BYA Mendis",
              "bowler": "K Ota",
              "non_striker": "AC Jayangani",
              "runs": {
                "batter": 4,
                "extras": 0,
                "total": 4
              }
            }
          ]
        },
        {
          "over": 1,
          "deliveries": [
            {
              "batter": "AC Jayangani",
              "bowler": "A Nakayama",
              "non_striker": "BYA Mendis",
              "runs": {
                "batter": 2,
                "extras": 0,
                "total": 2
              }
            },
            {
              "batter": "AC Jayangani",
              "bowler": "A Nakayama",
              "non_striker": "BYA Mendis",
              "runs": {
                "batter": 1,
                "extras": 0,
                "total": 1
              }
            },
            {
              "batter": "BYA Mendis",
              "bowler": "A Nakayama",
              "non_striker": "AC Jayangani",
              "runs": {
                "batter": 4,
                "extras": 0,
                "total": 4
              }
            },
            {
              "batter": "BYA Mendis",
              "bowler": "A Nakayama",
              "non_striker": "AC Jayangani",
              "runs": {
                "batter": 4,
                "extras": 0,
                "total": 4
              }
            }
          ]
        }
      ],
      "powerplays": [
        {
          "from": 0.1,
          "to": 1.4,
          "type": "mandatory"
        }
      ],
      "target": {
        "overs": 20,
        "runs": 22
      }
    }
  ]
}