{
  "meta": {
    "data_version": "1.0.0",
    "created": "2014-05-21",
    "revision": 3
  },
  "info": {
    "balls_per_over": 6,
    "city": "Dublin",
    "dates": [
      "2013-07-27"
    ],
    "event": {
      "group": "A",
      "match_number": 9,
      "name": "ICC Women's World Twenty20 Qualifier"
    },
    "gender": "female",
    "match_type": "IT20",
    "officials": {
      "match_referees": [
        "D Govindjee"
      ],
      "reserve_umpires": [
        "RP Smith"
      ],
      "umpires": [
        "N Duguid",
        "Sharfuddoula"
      ]
    },
    "outcome": {
      "by": {
        "runs": 29
      },
      "winner": "Zimbabwe"
    },
    "overs": 20,
    "player_of_match": [
      "C Chatonzwa"
    ],
    "players": {
      "Thailand": [
        "P Prathanmitr",
        "N Boochatham",
        "S Tippoch",
        "N Chantam",
        "S Saengsakaorat",
        "C Sutthiruang",
        "R Padunglerd",
        "N Konchan",
        "W Liengprasert",
        "R Sangsoma",
        "N Chaiwai"
      ],
      "Zimbabwe": [
        "A Ndiraya",
        "T Mlilo",
        "CS Mugeri",
        "N Nyathi",
        "C Chatonzwa",
        "P Marange",
        "P Mujaji",
        "SM Mayers",
        "A Burdett",
        "J Nkomo",
        "HS Saili"
      ]
    },
    "registry": {
      "people": {
        "A Burdett": "1387be20",
        "A Ndiraya": "c8e6bddd",
        "C Chatonzwa": "da61a9af",
        "C Sutthiruang": "f6ddfe08",
        "CS Mugeri": "99c86133",
        "D Govindjee": "8b4c4069",
        "HS Saili": "27fcc0fe",
        "J Nkomo": "36dfa62e",
        "N Boochatham": "58acb320",
        "N Chaiwai": "0825e4b3",
        "N Chantam": "b5626ff7",
        "N Duguid": "64495506",
        "N Konchan": "b6e4247f",
        "N Nyathi": "f067d87d",
        "P Doungsin": "817a58d2",
        "P Marange": "a4f1fdd4",
        "P Mujaji": "a246f48f",
        "P Prathanmitr": "5fd81581",
        "R Padunglerd": "8b6c33d0",
        "R Sangsoma": "e1aa1469",
        "RP Smith": "d24a1509",
        "S Saengsakaorat": "6214c0c6",
        "S Tippoch": "9c4b58db",
        "SM Mayers": "91d9613e",
        "Sharfuddoula": "63896abb",
        "T Mlilo": "7b98217f",
        "W Liengprasert": "4dabe716"
      }
    },
    "season": 2013,
    "team_type": "international",
    "teams": [
      "Thailand",
      "Zimbabwe"
    ],
    "toss": {
      "decision": "field",
      "winner": "Thailand"
    },
    "venue": "The Vineyard"
  },
  "innings": [
    {
      "team": "Zimbabwe",
      "overs": [
        {
          "over": 0,
          "deliveries": [
            {
              "batter": "A Ndiraya",
              "bowler": "N Chantam",
              "non_striker": "T Mlilo",
              "runs": {
                "batter": 1,
                "extras": 0,
                "total": 1
              }
            },
            {
              "batter": "T Mlilo",
              "bowler": "N Chantam",
              "non_striker": "A Ndiraya",
              "runs": {
                "batter": 0,
                "extras": 0,
                "total": 0
              }
            },
            {
              "batter": "T Mlilo",
              "bowler": "N Chantam",
              "non_striker": "A Ndiraya",
              "runs": {
                "batter": 0,
                "extras": 0,
                "total": 0
              }
            },
            {
              "batter": "T Mlilo",
              "bowler": "N Chantam",
              "non_striker": "A Ndiraya",
              "runs": {
                "batter": 0,
                "extras": 0,
                "total": 0
              }
            },
            {
              "batter": "T Mlilo",
              "bowler": "N Chantam",
              "non_striker": "A Ndiraya",
              "runs": {
                "batter": 0,
                "extras": 0,
                "total": 0
              }
            },
            {
              "batter": "T Mlilo",
              "bowler": "N Chantam",
              "non_striker": "A Ndiraya",
              "runs": {
                "batter": 1,
                "extras": 0,
                "total": 1
              }
            }
          ]
        },
        {
          "over": 1,
          "deliveries": [
            {
              "batter": "T Mlilo",
              "bowler": "N Boochatham",
              "non_striker": "A Ndiraya",
              "runs": {
                "batter": 0,
                "extras": 0,
                "total": 0
              }
            },
            {
              "batter": "T Mlilo",
              "bowler": "N Boochatham",
              "non_striker": "A Ndiraya",
              "runs": {
                "batter": 0,
                "extras": 0,
                "total": 0
              }
            },
            {
              "batter": "T Mlilo",
              "bowler": "N Boochatham",
              "non_striker": "A Ndiraya",
              "runs": {
                "batter": 0,
                "extras": 0,
                "total": 0
              }
            },
            {
              "batter": "T Mlilo",
              "bowler": "N Boochatham",
              "non_striker": "A Ndiraya",
              "runs": {
                "batter": 0,
                "extras": 0,
                "total": 0
              }
            },
            {
              "batter": "T Mlilo",
              "bowler": "N Boochatham",
              "non_striker": "A Ndiraya",
              "runs": {
                "batter": 0,
                "extras": 0,
                "total": 0
              }
            },
            {
              "batter": "T Mlilo",
              "bowler": "N Boochatham",
              "non_striker": "A Ndiraya",
              "runs": {
                "batter": 1,
                "extras": 0,
                "total": 1
              }
            }
          ]
        },
        {
          "over": 2,
          "deliveries": [
            {
              "batter": "T Mlilo",
              "bowler": "N Chantam",
              "non_striker": "A Ndiraya",
              "runs": {
                "batter": 1,
                "extras": 0,
                "total": 1
              }
            },
            {
              "batter": "A Ndiraya",
              "bowler": "N Chantam",
              "non_striker": "T Mlilo",
              "runs": {
                "batter": 4,
                "extras": 0,
                "total": 4
              }
            },
            {
              "batter": "A Ndiraya",
              "bowler": "N Chantam",
              "non_striker": "T Mlilo",
              "runs": {
                "batter": 1,
                "extras": 0,
                "total": 1
              }
            },
            {
              "batter": "T Mlilo",
              "bowler": "N Chantam",
              "non_striker": "A Ndiraya",
              "runs": {
                "batter": 0,
                "extras": 0,
                "total": 0
              },
              "wickets": [
                {
                  "kind": "caught",
                  "player_out": "T Mlilo",
                  "fielders": [
                    {
                      "name": "C Sutthiruang"
                    }
                  ]
                }
              ]
            },
            {
              "batter": "CS Mugeri",
              "bowler": "N Chantam",
              "extras": {
                "wides": 1
              },
              "non_striker": "A Ndiraya",
              "runs": {
                "batter": 0,
                "extras": 1,
                "total": 1
              }
            },
            {
              "batter": "CS Mugeri",
              "bowler": "N Chantam",
              "non_striker": "A Ndiraya",
              "runs": {
                "batter": 1,
                "extras": 0,
                "total": 1
              }
            },
            {
              "batter": "A Ndiraya",
              "bowler": "N Chantam",
              "non_striker": "CS Mugeri",
              "runs": {
                "batter": 0,
                "extras": 0,
                "total": 0
              }
            }
          ]
        },
        {
          "over": 3,
          "deliveries": [
            {
              "batter": "CS Mugeri",
              "bowler": "N Boochatham",
              "non_striker": "A Ndiraya",
              "runs": {
                "batter": 0,
                "extras": 0,
                "total": 0
              }
            },
            {
              "batter": "CS Mugeri",
              "bowler": "N Boochatham",
              "non_striker": "A Ndiraya",
              "runs": {
                "batter": 0,
                "extras": 0,
                "total": 0
              }
            },
            {
              "batter": "CS Mugeri",
              "bowler": "N Boochatham",
              "non_striker": "A Ndiraya",
              "runs": {
                "batter": 0,
                "extras": 0,
                "total": 0
              }
            },
            {
              "batter": "CS Mugeri",
              "bowler": "N Boochatham",
              "non_striker": "A Ndiraya",
              "runs": {
                "batter": 0,
                "extras": 0,
                "total": 0
              }
            },
            {
              "batter": "CS Mugeri",
              "bowler": "N Boochatham",
              "non_striker": "A Ndiraya",
              "runs": {
                "batter": 2,
                "extras": 0,
                "total": 2
              }
            },
            {
              "batter": "CS Mugeri",
              "bowler": "N Boochatham",
              "non_striker": "A Ndiraya",
              "runs": {
                "batter": 1,
                "extras": 0,
                "total": 1
              }
            }
          ]
        },
        {
          "over": 4,
          "deliveries": [
            {
              "batter": "CS Mugeri",
              "bowler": "N Chantam",
              "non_striker": "A Ndiraya",
              "runs": {
                "batter": 0,
                "extras": 0,
                "total": 0
              }
            },
            {
              "batter": "CS Mugeri",
              "bowler": "N Chantam",
              "extras": {
                "wides": 1
              },
              "non_striker": "A Ndiraya",
              "runs": {
                "batter": 0,
                "extras": 1,
                "total": 1
              }
            },
            {
              "batter": "CS Mugeri",
              "bowler": "N Chantam",
              "extras": {
                "wides": 1
              },
              "non_striker": "A Ndiraya",
              "runs": {
                "batter": 0,
                "extras": 1,
                "total": 1
              }
            },
            {
              "batter": "CS Mugeri",
              "bowler": "N Chantam",
              "extras": {
                "wides": 1
              },
              "non_striker": "A Ndiraya",
              "runs": {
                "batter": 0,
                "extras": 1,
                "total": 1
              }
            },
            {
              "batter": "CS Mugeri",
              "bowler": "N Chantam",
              "non_striker": "A Ndiraya",
              "runs": {
                "batter": 4,
                "extras": 0,
                "total": 4
              }
            },
            {
              "batter": "CS Mugeri",
              "bowler": "N Chantam",
              "non_striker": "A Ndiraya",
              "runs": {
                "batter": 2,
                "extras": 0,
                "total": 2
              }
            },
            {
              "batter": "CS Mugeri",
              "bowler": "N Chantam",
              "non_striker": "A Ndiraya",
              "runs": {
                "batter": 0,
                "extras": 0,
                "total": 0
              }
            },
            {
              "batter": "CS Mugeri",
              "bowler": "N Chantam",
              "non_striker": "A Ndiraya",
              "runs": {
                "batter": 2,
                "extras": 0,
                "total": 2
              }
            },
            {
              "batter": "CS Mugeri",
              "bowler": "N Chantam",
              "non_striker": "A Ndiraya",
              "runs": {
                "batter": 1,
                "extras": 0,
                "total": 1
              }
            }
          ]
        },
        {
          "over": 5,
          "deliveries": [
            {
              "batter": "CS Mugeri",
              "bowler": "N Boochatham",
              "extras": {
                "wides": 1
              },
              "non_striker": "A Ndiraya",
              "runs": {
                "batter": 0,
                "extras": 1,
                "total": 1
              }
            },
            {
              "batter": "CS Mugeri",
              "bowler": "N Boochatham",
              "non_striker": "A Ndiraya",
              "runs": {
                "batter": 0,
                "extras": 0,
                "total": 0
              },
              "wickets": [
                {
                  "kind": "bowled",
                  "player_out": "CS Mugeri"
                }
              ]
            },
            {
              "batter": "N Nyathi",
              "bowler": "N Boochatham",
              "non_striker": "A Ndiraya",
              "runs": {
                "batter": 0,
                "extras": 0,
                "total": 0
              }
            },
            {
              "batter": "N Nyathi",
              "bowler": "N Boochatham",
              "non_striker": "A Ndiraya",
              "runs": {
                "batter": 0,
                "extras": 0,
                "total": 0
              }
            },
            {
              "batter": "N Nyathi",
              "bowler": "N Boochatham",
              "extras": {
                "wides": 1
              },
              "non_striker": "A Ndiraya",
              "runs": {
                "batter": 0,
                "extras": 1,
                "total": 1
              }
            },
            {
              "batter": "N Nyathi",
              "bowler": "N Boochatham",
              "non_striker": "A Ndiraya",
              "runs": {
                "batter": 0,
                "extras": 0,
                "total": 0
              }
            },
            {
              "batter": "N Nyathi",
              "bowler": "N Boochatham",
              "non_striker": "A Ndiraya",
              "runs": {
                "batter": 0,
                "extras": 0,
                "total": 0
              }
            },
            {
              "batter": "N Nyathi",
              "bowler": "N Boochatham",
              "non_striker": "A Ndiraya",
              "runs": {
                "batter": 0,
                "extras": 0,
                "total": 0
              }
            }
          ]
        },
        {
          "over": 6,
          "deliveries": [
            {
              "batter": "A Ndiraya",
              "bowler": "R Sangsoma",
              "extras": {
                "noballs": 1
              },
              "non_striker": "N Nyathi",
              "runs": {
                "batter": 4,
                "extras": 1,
                "total": 5
              }
            },
            {
              "batter": "A Ndiraya",
              "bowler": "R Sangsoma",
              "non_striker": "N Nyathi",
              "runs": {
                "batter": 1,
                "extras": 0,
                "total": 1
              }
            },
            {
              "batter": "N Nyathi",
              "bowler": "R Sangsoma",
              "non_striker": "A Ndiraya",
              "runs": {
                "batter": 0,
                "extras": 0,
                "total": 0
              }
            },
            {
              "batter": "N Nyathi",
              "bowler": "R Sangsoma",
              "non_striker": "A Ndiraya",
              "runs": {
                "batter": 4,
                "extras": 0,
                "total": 4
              }
            },
            {
              "batter": "N Nyathi",
              "bowler": "R Sangsoma",
              "non_striker": "A Ndiraya",
              "runs": {
                "batter": 0,
                "extras": 0,
                "total": 0
              }
            },
            {
              "batter": "N Nyathi",
              "bowler": "R Sangsoma",
              "non_striker": "A Ndiraya",
              "runs": {
                "batter": 0,
                "extras": 0,
                "total": 0
              }
            },
            {
              "batter": "N Nyathi",
              "bowler": "R Sangsoma",
              "non_striker": "A Ndiraya",
              "runs": {
                "batter": 1,
                "extras": 0,
                "total": 1
              }
            }
          ]
        },
        {
          "over": 7,
          "deliveries": [
            {
              "batter": "N Nyathi",
              "bowler": "S Tippoch",
              "non_striker": "A Ndiraya",
              "runs": {
                "batter": 0,
                "extras": 0,
                "total": 0
              }
            },
            {
              "batter": "N Nyathi",
              "bowler": "S Tippoch",
              "non_striker": "A Ndiraya",
              "runs": {
                "batter": 1,
                "extras": 0,
                "total": 1
              }
            },
            {
              "batter": "A Ndiraya",
              "bowler": "S Tippoch",
              "non_striker": "N Nyathi",
              "runs": {
                "batter": 0,
                "extras": 0,
                "total": 0
              }
            },
            {
              "batter": "A Ndiraya",
              "bowler": "S Tippoch",
              "non_striker": "N Nyathi",
              "runs": {
                "batter": 0,
                "extras": 0,
                "total": 0
              },
              "wickets": [
                {
                  "kind": "bowled",
                  "player_out": "A Ndiraya"
                }
              ]
            },
            {
              "batter": "C Chatonzwa",
              "bowler": "S Tippoch",
              "non_striker": "N Nyathi",
              "runs": {
                "batter": 1,
                "extras": 0,
                "total": 1
              }
            },
            {
              "batter": "N Nyathi",
              "bowler": "S Tippoch",
              "non_striker": "C Chatonzwa",
              "runs": {
                "batter": 1,
                "extras": 0,
                "total": 1
              }
            }
          ]
        },
        {
          "over": 8,
          "deliveries": [
            {
              "batter": "N Nyathi",
              "bowler": "R Sangsoma",
              "non_striker": "C Chatonzwa",
              "runs": {
                "batter": 1,
                "extras": 0,
                "total": 1
              }
            },
            {
              "batter": "C Chatonzwa",
              "bowler": "R Sangsoma",
              "non_striker": "N Nyathi",
              "runs": {
                "batter": 0,
                "extras": 0,
                "total": 0
              }
            },
            {
              "batter": "C Chatonzwa",
              "bowler": "R Sangsoma",
              "non_striker": "N Nyathi",
              "runs": {
                "batter": 1,
                "extras": 0,
                "total": 1
              }
            },
            {
              "batter": "N Nyathi",
              "bowler": "R Sangsoma",
              "non_striker": "C Chatonzwa",
              "runs": {
                "batter": 0,
                "extras": 0,
                "total": 0
              }
            },
            {
              "batter": "N Nyathi",
              "bowler": "R Sangsoma",
              "non_striker": "C Chatonzwa",
              "runs": {
                "batter": 0,
                "extras": 0,
                "total": 0
              }
            },
            {
              "batter": "N Nyathi",
              "bowler": "R Sangsoma",
              "non_striker": "C Chatonzwa",
              "runs": {
                "batter": 0,
                "extras": 0,
                "total": 0
              }
            }
          ]
        },
        {
          "over": 9,
          "deliveries": [
            {
              "batter": "C Chatonzwa",
              "bowler": "S Tippoch",
              "extras": {
                "wides": 1
              },
              "non_striker": "N Nyathi",
              "runs": {
                "batter": 0,
                "extras": 1,
                "total": 1
              }
            },
            {
              "batter": "C Chatonzwa",
              "bowler": "S Tippoch",
              "non_striker": "N Nyathi",
              "runs": {
                "batter": 1,
                "extras": 0,
                "total": 1
              }
            },
            {
              "batter": "N Nyathi",
              "bowler": "S Tippoch",
              "non_striker": "C Chatonzwa",
              "runs": {
                "batter": 0,
                "extras": 0,
                "total": 0
              }
            },
            {
              "batter": "N Nyathi",
              "bowler": "S Tippoch",
              "non_striker": "C Chatonzwa",
              "runs": {
                "batter": 0,
                "extras": 0,
                "total": 0
              }
            },
            {
              "batter": "N Nyathi",
              "bowler": "S Tippoch",
              "non_striker": "C Chatonzwa",
              "runs": {
                "batter": 0,
                "extras": 0,
                "total": 0
              }
            },
            {
              "batter": "N Nyathi",
              "bowler": "S Tippoch",
              "non_striker": "C Chatonzwa",
              "runs": {
                "batter": 1,
                "extras": 0,
                "total": 1
              }
            },
            {
              "batter": "C Chatonzwa",
              "bowler": "S Tippoch",
              "non_striker": "N Nyathi",
              "runs": {
                "batter": 0,
                "extras": 0,
                "total": 0
              }
            }
          ]
        },
        {
          "over": 10,
          "deliveries": [
            {
              "batter": "N Nyathi",
              "bowler": "R Sangsoma",
              "non_striker": "C Chatonzwa",
              "runs": {
                "batter": 1,
                "extras": 0,
                "total": 1
              }
            },
            {
              "batter": "C Chatonzwa",
              "bowler": "R Sangsoma",
              "non_striker": "N Nyathi",
              "runs": {
                "batter": 1,
                "extras": 0,
                "total": 1
              }
            },
            {
              "batter": "N Nyathi",
              "bowler": "R Sangsoma",
              "non_striker": "C Chatonzwa",
              "runs": {
                "batter": 0,
                "extras": 0,
                "total": 0
              }
            },
            {
              "batter": "N Nyathi",
              "bowler": "R Sangsoma",
              "non_striker": "C Chatonzwa",
              "runs": {
                "batter": 0,
                "extras": 0,
                "total": 0
              }
            },
            {
              "batter": "N Nyathi",
              "bowler": "R Sangsoma",
              "non_striker": "C Chatonzwa",
              "runs": {
                "batter": 0,
                "extras": 0,
                "total": 0
              }
            },
            {
              "batter": "N Nyathi",
              "bowler": "R Sangsoma",
              "non_striker": "C Chatonzwa",
              "runs": {
                "batter": 4,
                "extras": 0,
                "total": 4
              }
            }
          ]
        },
        {
          "over": 11,
          "deliveries": [
            {
              "batter": "C Chatonzwa",
              "bowler": "S Tippoch",
              "non_striker": "N Nyathi",
              "runs": {
                "batter": 1,
                "extras": 0,
                "total": 1
              }
            },
            {
              "batter": "N Nyathi",
              "bowler": "S Tippoch",
              "non_striker": "C Chatonzwa",
              "runs": {
                "batter": 0,
                "extras": 0,
                "total": 0
              }
            },
            {
              "batter": "N Nyathi",
              "bowler": "S Tippoch",
              "non_striker": "C Chatonzwa",
              "runs": {
                "batter": 2,
                "extras": 0,
                "total": 2
              }
            },
            {
              "batter": "N Nyathi",
              "bowler": "S Tippoch",
              "non_striker": "C Chatonzwa",
              "runs": {
                "batter": 0,
                "extras": 0,
                "total": 0
              }
            },
            {
              "batter": "N Nyathi",
              "bowler": "S Tippoch",
              "non_striker": "C Chatonzwa",
              "runs": {
                "batter": 1,
                "extras": 0,
                "total": 1
              }
            },
            {
              "batter": "C Chatonzwa",
              "bowler": "S Tippoch",
              "non_striker": "N Nyathi",
              "runs": {
                "batter": 1,
                "extras": 0,
                "total": 1
              }
            }
          ]
        },
        {
          "over": 12,
          "deliveries": [
            {
              "batter": "C Chatonzwa",
              "bowler": "N Konchan",
              "non_striker": "N Nyathi",
              "runs": {
                "batter": 1,
                "extras": 0,
                "total": 1
              }
            },
            {
              "batter": "N Nyathi",
              "bowler": "N Konchan",
              "non_striker": "C Chatonzwa",
              "runs": {
                "batter": 0,
                "extras": 0,
                "total": 0
              }
            },
            {
              "batter": "N Nyathi",
              "bowler": "N Konchan",
              "non_striker": "C Chatonzwa",
              "runs": {
                "batter": 0,
                "extras": 0,
                "total": 0
              }
            },
            {
              "batter": "N Nyathi",
              "bowler": "N Konchan",
              "non_striker": "C Chatonzwa",
              "runs": {
                "batter": 1,
                "extras": 0,
                "total": 1
              }
            },
            {
              "batter": "C Chatonzwa",
              "bowler": "N Konchan",
              "non_striker": "N Nyathi",
              "runs": {
                "batter": 0,
                "extras": 0,
                "total": 0
              }
            },
            {
              "batter": "C Chatonzwa",
              "bowler": "N Konchan",
              "non_striker": "N Nyathi",
              "runs": {
                "batter": 1,
                "extras": 0,
                "total": 1
              }
            }
          ]
        },
        {
          "over": 13,
          "deliveries": [
            {
              "batter": "C Chatonzwa",
              "bowler": "S Tippoch",
              "non_striker": "N Nyathi",
              "runs": {
                "batter": 0,
                "extras": 0,
                "total": 0
              }
            },
            {
              "batter": "C Chatonzwa",
              "bowler": "S Tippoch",
              "non_striker": "N Nyathi",
              "runs": {
                "batter": 0,
                "extras": 0,
                "total": 0
              }
            },
            {
              "batter": "C Chatonzwa",
              "bowler": "S Tippoch",
              "non_striker": "N Nyathi",
              "runs": {
                "batter": 0,
                "extras": 0,
                "total": 0
              },
              "wickets": [
                {
                  "kind": "caught",
                  "player_out": "C Chatonzwa",
                  "fielders": [
                    {
                      "name": "W Liengprasert"
                    }
                  ]
                }
              ]
            },
            {
              "batter": "P Marange",
              "bowler": "S Tippoch",
              "non_striker": "N Nyathi",
              "runs": {
                "batter": 2,
                "extras": 0,
                "total": 2
              }
            },
            {
              "batter": "P Marange",
              "bowler": "S Tippoch",
              "non_striker": "N Nyathi",
              "runs": {
                "batter": 0,
                "extras": 0,
                "total": 0
              }
            },
            {
              "batter": "P Marange",
              "bowler": "S Tippoch",
              "non_striker": "N Nyathi",
              "runs": {
                "batter": 0,
                "extras": 0,
                "total": 0
              }
            }
          ]
        },
        {
          "over": 14,
          "deliveries": [
            {
              "batter": "N Nyathi",
              "bowler": "N Konchan",
              "non_striker": "P Marange",
              "runs": {
                "batter": 0,
                "extras": 0,
                "total": 0
              }
            },
            {
              "batter": "N Nyathi",
              "bowler": "N Konchan",
              "non_striker": "P Marange",
              "runs": {
                "batter": 1,
                "extras": 0,
                "total": 1
              }
            },
            {
              "batter": "P Marange",
              "bowler": "N Konchan",
              "non_striker": "N Nyathi",
              "runs": {
                "batter": 0,
                "extras": 0,
                "total": 0
              }
            },
            {
              "batter": "P Marange",
              "bowler": "N Konchan",
              "non_striker": "N Nyathi",
              "runs": {
                "batter": 0,
                "extras": 0,
                "total": 0
              }
            },
            {
              "batter": "P Marange",
              "bowler": "N Konchan",
              "non_striker": "N Nyathi",
              "runs": {
                "batter": 0,
                "extras": 0,
                "total": 0
              }
            },
            {
              "batter": "P Marange",
              "bowler": "N Konchan",
              "non_striker": "N Nyathi",
              "runs": {
                "batter": 0,
                "extras": 0,
                "total": 0
              }
            }
          ]
        },
        {
          "over": 15,
          "deliveries": [
            {
              "batter": "N Nyathi",
              "bowler": "R Padunglerd",
              "non_striker": "P Marange",
              "runs": {
                "batter": 0,
                "extras": 0,
                "total": 0
              }
            },
            {
              "batter": "N Nyathi",
              "bowler": "R Padunglerd",
              "non_striker": "P Marange",
              "runs": {
                "batter": 0,
                "extras": 0,
                "total": 0
              }
            },
            {
              "batter": "N Nyathi",
              "bowler": "R Padunglerd",
              "non_striker": "P Marange",
              "runs": {
                "batter": 4,
                "extras": 0,
                "total": 4
              }
            },
            {
              "batter": "N Nyathi",
              "bowler": "R Padunglerd",
              "non_striker": "P Marange",
              "runs": {
                "batter": 1,
                "extras": 0,
                "total": 1
              }
            },
            {
              "batter": "P Marange",
              "bowler": "R Padunglerd",
              "non_striker": "N Nyathi",
              "runs": {
                "batter": 2,
                "extras": 0,
                "total": 2
              }
            },
            {
              "batter": "P Marange",
              "bowler": "R Padunglerd",
              "non_striker": "N Nyathi",
              "runs": {
                "batter": 0,
                "extras": 0,
                "total": 0
              }
            }
          ]
        },
        {
          "over": 16,
          "deliveries": [
            {
              "batter": "N Nyathi",
              "bowler": "N Konchan",
              "non_striker": "P Marange",
              "runs": {
                "batter": 0,
                "extras": 0,
                "total": 0
              }
            },
            {
              "batter": "N Nyathi",
              "bowler": "N Konchan",
              "non_striker": "P Marange",
              "runs": {
                "batter": 0,
                "extras": 0,
                "total": 0
              }
            },
            {
              "batter": "N Nyathi",
              "bowler": "N Konchan",
              "non_striker": "P Marange",
              "runs": {
                "batter": 1,
                "extras": 0,
                "total": 1
              }
            },
            {
              "batter": "P Marange",
              "bowler": "N Konchan",
              "non_striker": "N Nyathi",
              "runs": {
                "batter": 4,
                "extras": 0,
                "total": 4
              }
            },
            {
              "batter": "P Marange",
              "bowler": "N Konchan",
              "non_striker": "N Nyathi",
              "runs": {
                "batter": 0,
                "extras": 0,
                "total": 0
              }
            },
            {
              "batter": "P Marange",
              "bowler": "N Konchan",
              "non_striker": "N Nyathi",
              "runs": {
                "batter": 0,
                "extras": 0,
                "total": 0
              }
            }
          ]
        },
        {
          "over": 17,
          "deliveries": [
            {
              "batter": "N Nyathi",
              "bowler": "R Padunglerd",
              "non_striker": "P Marange",
              "runs": {
                "batter": 0,
                "extras": 0,
                "total": 0
              }
            },
            {
              "batter": "N Nyathi",
              "bowler": "R Padunglerd",
              "non_striker": "P Marange",
              "runs": {
                "batter": 0,
                "extras": 0,
                "total": 0
              }
            },
            {
              "batter": "N Nyathi",
              "bowler": "R Padunglerd",
              "non_striker": "P Marange",
              "runs": {
                "batter": 1,
                "extras": 0,
                "total": 1
              }
            },
            {
              "batter": "P Marange",
              "bowler": "R Padunglerd",
              "non_striker": "N Nyathi",
              "runs": {
                "batter": 1,
                "extras": 0,
                "total": 1
              }
            },
            {
              "batter": "N Nyathi",
              "bowler": "R Padunglerd",
              "non_striker": "P Marange",
              "runs": {
                "batter": 2,
                "extras": 0,
                "total": 2
              }
            },
            {
              "batter": "N Nyathi",
              "bowler": "R Padunglerd",
              "non_striker": "P Marange",
              "runs": {
                "batter": 0,
                "extras": 0,
                "total": 0
              },
              "wickets": [
                {
                  "kind": "bowled",
                  "player_out": "N Nyathi"
                }
              ]
            }
          ]
        },
        {
          "over": 18,
          "deliveries": [
            {
              "batter": "P Marange",
              "bowler": "N Boochatham",
              "non_striker": "P Mujaji",
              "runs": {
                "batter": 6,
                "extras": 0,
                "total": 6
              }
            },
            {
              "batter": "P Marange",
              "bowler": "N Boochatham",
              "non_striker": "P Mujaji",
              "runs": {
                "batter": 0,
                "extras": 0,
                "total": 0
              }
            },
            {
              "batter": "P Marange",
              "bowler": "N Boochatham",
              "non_striker": "P Mujaji",
              "runs": {
                "batter": 1,
                "extras": 0,
                "total": 1
              }
            },
            {
              "batter": "P Mujaji",
              "bowler": "N Boochatham",
              "non_striker": "P Marange",
              "runs": {
                "batter": 1,
                "extras": 0,
                "total": 1
              }
            },
            {
              "batter": "P Marange",
              "bowler": "N Boochatham",
              "non_striker": "P Mujaji",
              "runs": {
                "batter": 3,
                "extras": 0,
                "total": 3
              }
            },
            {
              "batter": "P Mujaji",
              "bowler": "N Boochatham",
              "non_striker": "P Marange",
              "runs": {
                "batter": 0,
                "extras": 0,
                "total": 0
              },
              "wickets": [
                {
                  "kind": "caught",
                  "player_out": "P Mujaji",
                  "fielders": [
                    {
                      "name": "P Doungsin",
                      "substitute": true
                    }
                  ]
                }
              ]
            }
          ]
        },
        {
          "over": 19,
          "deliveries": [
            {
              "batter": "SM Mayers",
              "bowler": "R Padunglerd",
              "non_striker": "P Marange",
              "runs": {
                "batter": 0,
                "extras": 0,
                "total": 0
              },
              "wickets": [
                {
                  "kind": "caught and bowled",
                  "player_out": "SM Mayers"
                }
              ]
            },
            {
              "batter": "P Marange",
              "bowler": "R Padunglerd",
              "non_striker": "A Burdett",
              "runs": {
                "batter": 0,
                "extras": 0,
                "total": 0
              },
              "wickets": [
                {
                  "kind": "run out",
                  "player_out": "A Burdett",
                  "fielders": [
                    {
                      "name": "P Prathanmitr"
                    }
                  ]
                }
              ]
            },
            {
              "batter": "J Nkomo",
              "bowler": "R Padunglerd",
              "non_striker": "P Marange",
              "runs": {
                "batter": 2,
                "extras": 0,
                "total": 2
              }
            },
            {
              "batter": "J Nkomo",
              "bowler": "R Padunglerd",
              "non_striker": "P Marange",
              "runs": {
                "batter": 2,
                "extras": 0,
                "total": 2
              }
            },
            {
              "batter": "J Nkomo",
              "bowler": "R Padunglerd",
              "non_striker": "P Marange",
              "runs": {
                "batter": 4,
                "extras": 0,
                "total": 4
              }
            },
            {
              "batter": "J Nkomo",
              "bowler": "R Padunglerd",
              "non_striker": "P Marange",
              "runs": {
                "batter": 4,
                "extras": 0,
                "non_boundary": true,
                "total": 4
              }
            }
          ]
        }
      ],
      "powerplays": [
        {
          "from": 0.1,
          "to": 5.8,
          "type": "mandatory"
        }
      ]
    },
    {
      "team": "Thailand",
      "overs": [
        {
          "over": 0,
          "deliveries": [
            {
              "batter": "P Prathanmitr",
              "bowler": "P Mujaji",
              "extras": {
                "wides": 1
              },
              "non_striker": "N Boochatham",
              "runs": {
                "batter": 0,
                "extras": 1,
                "total": 1
              }
            },
            {
              "batter": "P Prathanmitr",
              "bowler": "P Mujaji",
              "non_striker": "N Boochatham",
              "runs": {
                "batter": 0,
                "extras": 0,
                "total": 0
              }
            },
            {
              "batter": "P Prathanmitr",
              "bowler": "P Mujaji",
              "non_striker": "N Boochatham",
              "runs": {
                "batter": 0,
                "extras": 0,
                "total": 0
              }
            },
            {
              "batter": "P Prathanmitr",
              "bowler": "P Mujaji",
              "non_striker": "N Boochatham",
              "runs": {
                "batter": 0,
                "extras": 0,
                "total": 0
              }
            },
            {
              "batter": "P Prathanmitr",
              "bowler": "P Mujaji",
              "non_striker": "N Boochatham",
              "runs": {
                "batter": 0,
                "extras": 0,
                "total": 0
              }
            },
            {
              "batter": "P Prathanmitr",
              "bowler": "P Mujaji",
              "non_striker": "N Boochatham",
              "runs": {
                "batter": 1,
                "extras": 0,
                "total": 1
              }
            },
            {
              "batter": "N Boochatham",
              "bowler": "P Mujaji",
              "extras": {
                "wides": 1
              },
              "non_striker": "P Prathanmitr",
              "runs": {
                "batter": 0,
                "extras": 1,
                "total": 1
              }
            },
            {
              "batter": "N Boochatham",
              "bowler": "P Mujaji",
              "non_striker": "P Prathanmitr",
              "runs": {
                "batter": 0,
                "extras": 0,
                "total": 0
              }
            }
          ]
        },
        {
          "over": 1,
          "deliveries": [
            {
              "batter": "P Prathanmitr",
              "bowler": "HS Saili",
              "non_striker": "N Boochatham",
              "runs": {
                "batter": 0,
                "extras": 0,
                "total": 0
              },
              "wickets": [
                {
                  "kind": "caught and bowled",
                  "player_out": "P Prathanmitr"
                }
              ]
            },
            {
              "batter": "S Tippoch",
              "bowler": "HS Saili",
              "non_striker": "N Boochatham",
              "runs": {
                "batter": 1,
                "extras": 0,
                "total": 1
              }
            },
            {
              "batter": "N Boochatham",
              "bowler": "HS Saili",
              "non_striker": "S Tippoch",
              "runs": {
                "batter": 0,
                "extras": 0,
                "total": 0
              }
            },
            {
              "batter": "N Boochatham",
              "bowler": "HS Saili",
              "non_striker": "S Tippoch",
              "runs": {
                "batter": 1,
                "extras": 0,
                "total": 1
              }
            },
            {
              "batter": "S Tippoch",
              "bowler": "HS Saili",
              "non_striker": "N Boochatham",
              "runs": {
                "batter": 1,
                "extras": 0,
                "total": 1
              }
            },
            {
              "batter": "N Boochatham",
              "bowler": "HS Saili",
              "non_striker": "S Tippoch",
              "runs": {
                "batter": 0,
                "extras": 0,
                "total": 0
              }
            }
          ]
        },
        {
          "over": 2,
          "deliveries": [
            {
              "batter": "S Tippoch",
              "bowler": "J Nkomo",
              "non_striker": "N Boochatham",
              "runs": {
                "batter": 0,
                "extras": 0,
                "total": 0
              }
            },
            {
              "batter": "S Tippoch",
              "bowler": "J Nkomo",
              "non_striker": "N Boochatham",
              "runs": {
                "batter": 0,
                "extras": 0,
                "total": 0
              }
            },
            {
              "batter": "S Tippoch",
              "bowler": "J Nkomo",
              "non_striker": "N Boochatham",
              "runs": {
                "batter": 1,
                "extras": 0,
                "total": 1
              }
            },
            {
              "batter": "N Boochatham",
              "bowler": "J Nkomo",
              "non_striker": "S Tippoch",
              "runs": {
                "batter": 0,
                "extras": 0,
                "total": 0
              }
            },
            {
              "batter": "N Boochatham",
              "bowler": "J Nkomo",
              "non_striker": "S Tippoch",
              "runs": {
                "batter": 0,
                "extras": 0,
                "total": 0
              }
            },
            {
              "batter": "N Boochatham",
              "bowler": "J Nkomo",
              "non_striker": "S Tippoch",
              "runs": {
                "batter": 0,
                "extras": 0,
                "total": 0
              }
            }
          ]
        },
        {
          "over": 3,
          "deliveries": [
            {
              "batter": "S Tippoch",
              "bowler": "HS Saili",
              "non_striker": "N Boochatham",
              "runs": {
                "batter": 0,
                "extras": 0,
                "total": 0
              }
            },
            {
              "batter": "S Tippoch",
              "bowler": "HS Saili",
              "non_striker": "N Boochatham",
              "runs": {
                "batter": 1,
                "extras": 0,
                "total": 1
              }
            },
            {
              "batter": "N Boochatham",
              "bowler": "HS Saili",
              "non_striker": "S Tippoch",
              "runs": {
                "batter": 2,
                "extras": 0,
                "total": 2
              }
            },
            {
              "batter": "N Boochatham",
              "bowler": "HS Saili",
              "extras": {
                "wides": 1
              },
              "non_striker": "S Tippoch",
              "runs": {
                "batter": 0,
                "extras": 1,
                "total": 1
              }
            },
            {
              "batter": "N Boochatham",
              "bowler": "HS Saili",
              "non_striker": "S Tippoch",
              "runs": {
                "batter": 1,
                "extras": 0,
                "total": 1
              }
            },
            {
              "batter": "S Tippoch",
              "bowler": "HS Saili",
              "non_striker": "N Boochatham",
              "runs": {
                "batter": 0,
                "extras": 0,
                "total": 0
              }
            },
            {
              "batter": "S Tippoch",
              "bowler": "HS Saili",
              "extras": {
                "wides": 2
              },
              "non_striker": "N Boochatham",
              "runs": {
                "batter": 0,
                "extras": 2,
                "total": 2
              }
            },
            {
              "batter": "N Boochatham",
              "bowler": "HS Saili",
              "non_striker": "S Tippoch",
              "runs": {
                "batter": 0,
                "extras": 0,
                "total": 0
              },
              "wickets": [
                {
                  "kind": "run out",
                  "player_out": "N Boochatham",
                  "fielders": [
                    {
                      "name": "T Mlilo"
                    }
                  ]
                }
              ]
            }
          ]
        },
        {
          "over": 4,
          "deliveries": [
            {
              "batter": "N Chantam",
              "bowler": "J Nkomo",
              "non_striker": "S Tippoch",
              "runs": {
                "batter": 0,
                "extras": 0,
                "total": 0
              }
            },
            {
              "batter": "N Chantam",
              "bowler": "J Nkomo",
              "non_striker": "S Tippoch",
              "runs": {
                "batter": 0,
                "extras": 0,
                "total": 0
              }
            },
            {
              "batter": "N Chantam",
              "bowler": "J Nkomo",
              "non_striker": "S Tippoch",
              "runs": {
                "batter": 0,
                "extras": 0,
                "total": 0
              }
            },
            {
              "batter": "N Chantam",
              "bowler": "J Nkomo",
              "non_striker": "S Tippoch",
              "runs": {
                "batter": 1,
                "extras": 0,
                "total": 1
              }
            },
            {
              "batter": "S Tippoch",
              "bowler": "J Nkomo",
              "extras": {
                "wides": 1
              },
              "non_striker": "N Chantam",
              "runs": {
                "batter": 0,
                "extras": 1,
                "total": 1
              }
            },
            {
              "batter": "S Tippoch",
              "bowler": "J Nkomo",
              "extras": {
                "wides": 1
              },
              "non_striker": "N Chantam",
              "runs": {
                "batter": 0,
                "extras": 1,
                "total": 1
              }
            },
            {
              "batter": "S Tippoch",
              "bowler": "J Nkomo",
              "extras": {
                "legbyes": 2
              },
              "non_striker": "N Chantam",
              "runs": {
                "batter": 0,
                "extras": 2,
                "total": 2
              }
            },
            {
              "batter": "S Tippoch",
              "bowler": "J Nkomo",
              "extras": {
                "wides": 1
              },
              "non_striker": "N Chantam",
              "runs": {
                "batter": 0,
                "extras": 1,
                "total": 1
              }
            },
            {
              "batter": "S Tippoch",
              "bowler": "J Nkomo",
              "extras": {
                "wides": 1
              },
              "non_striker": "N Chantam",
              "runs": {
                "batter": 0,
                "extras": 1,
                "total": 1
              }
            },
            {
              "batter": "S Tippoch",
              "bowler": "J Nkomo",
              "extras": {
                "wides": 1
              },
              "non_striker": "N Chantam",
              "runs": {
                "batter": 0,
                "extras": 1,
                "total": 1
              }
            },
            {
              "batter": "S Tippoch",
              "bowler": "J Nkomo",
              "non_striker": "N Chantam",
              "runs": {
                "batter": 0,
                "extras": 0,
                "total": 0
              }
            }
          ]
        },
        {
          "over": 5,
          "deliveries": [
            {
              "batter": "N Chantam",
              "bowler": "P Mujaji",
              "extras": {
                "wides": 1
              },
              "non_striker": "S Tippoch",
              "runs": {
                "batter": 0,
                "extras": 1,
                "total": 1
              }
            },
            {
              "batter": "N Chantam",
              "bowler": "P Mujaji",
              "non_striker": "S Tippoch",
              "runs": {
                "batter": 0,
                "extras": 0,
                "total": 0
              }
            },
            {
              "batter": "N Chantam",
              "bowler": "P Mujaji",
              "non_striker": "S Tippoch",
              "runs": {
                "batter": 1,
                "extras": 0,
                "total": 1
              }
            },
            {
              "batter": "S Tippoch",
              "bowler": "P Mujaji",
              "non_striker": "N Chantam",
              "runs": {
                "batter": 0,
                "extras": 0,
                "total": 0
              }
            },
            {
              "batter": "S Tippoch",
              "bowler": "P Mujaji",
              "non_striker": "N Chantam",
              "runs": {
                "batter": 0,
                "extras": 0,
                "total": 0
              }
            },
            {
              "batter": "S Tippoch",
              "bowler": "P Mujaji",
              "non_striker": "N Chantam",
              "runs": {
                "batter": 0,
                "extras": 0,
                "total": 0
              }
            },
            {
              "batter": "S Tippoch",
              "bowler": "P Mujaji",
              "non_striker": "N Chantam",
              "runs": {
                "batter": 1,
                "extras": 0,
                "total": 1
              }
            }
          ]
        },
        {
          "over": 6,
          "deliveries": [
            {
              "batter": "S Tippoch",
              "bowler": "SM Mayers",
              "non_striker": "N Chantam",
              "runs": {
                "batter": 0,
                "extras": 0,
                "total": 0
              }
            },
            {
              "batter": "S Tippoch",
              "bowler": "SM Mayers",
              "non_striker": "N Chantam",
              "runs": {
                "batter": 1,
                "extras": 0,
                "total": 1
              }
            },
            {
              "batter": "N Chantam",
              "bowler": "SM Mayers",
              "non_striker": "S Tippoch",
              "runs": {
                "batter": 2,
                "extras": 0,
                "total": 2
              }
            },
            {
              "batter": "N Chantam",
              "bowler": "SM Mayers",
              "non_striker": "S Tippoch",
              "runs": {
                "batter": 2,
                "extras": 0,
                "total": 2
              }
            },
            {
              "batter": "N Chantam",
              "bowler": "SM Mayers",
              "non_striker": "S Tippoch",
              "runs": {
                "batter": 0,
                "extras": 0,
                "total": 0
              }
            },
            {
              "batter": "N Chantam",
              "bowler": "SM Mayers",
              "non_striker": "S Tippoch",
              "runs": {
                "batter": 0,
                "extras": 0,
                "total": 0
              }
            }
          ]
        },
        {
          "over": 7,
          "deliveries": [
            {
              "batter": "S Tippoch",
              "bowler": "C Chatonzwa",
              "non_striker": "N Chantam",
              "runs": {
                "batter": 1,
                "extras": 0,
                "total": 1
              }
            },
            {
              "batter": "N Chantam",
              "bowler": "C Chatonzwa",
              "non_striker": "S Tippoch",
              "runs": {
                "batter": 0,
                "extras": 0,
                "total": 0
              }
            },
            {
              "batter": "N Chantam",
              "bowler": "C Chatonzwa",
              "non_striker": "S Tippoch",
              "runs": {
                "batter": 0,
                "extras": 0,
                "total": 0
              },
              "wickets": [
                {
                  "kind": "stumped",
                  "player_out": "N Chantam",
                  "fielders": [
                    {
                      "name": "A Burdett"
                    }
                  ]
                }
              ]
            },
            {
              "batter": "S Saengsakaorat",
              "bowler": "C Chatonzwa",
              "non_striker": "S Tippoch",
              "runs": {
                "batter": 2,
                "extras": 0,
                "total": 2
              }
            },
            {
              "batter": "S Saengsakaorat",
              "bowler": "C Chatonzwa",
              "non_striker": "S Tippoch",
              "runs": {
                "batter": 0,
                "extras": 0,
                "total": 0
              }
            },
            {
              "batter": "S Saengsakaorat",
              "bowler": "C Chatonzwa",
              "non_striker": "S Tippoch",
              "runs": {
                "batter": 0,
                "extras": 0,
                "total": 0
              }
            }
          ]
        },
        {
          "over": 8,
          "deliveries": [
            {
              "batter": "S Tippoch",
              "bowler": "P Marange",
              "non_striker": "S Saengsakaorat",
              "runs": {
                "batter": 1,
                "extras": 0,
                "total": 1
              }
            },
            {
              "batter": "S Saengsakaorat",
              "bowler": "P Marange",
              "extras": {
                "wides": 1
              },
              "non_striker": "S Tippoch",
              "runs": {
                "batter": 0,
                "extras": 1,
                "total": 1
              }
            },
            {
              "batter": "S Saengsakaorat",
              "bowler": "P Marange",
              "non_striker": "S Tippoch",
              "runs": {
                "batter": 1,
                "extras": 0,
                "total": 1
              }
            },
            {
              "batter": "S Tippoch",
              "bowler": "P Marange",
              "non_striker": "S Saengsakaorat",
              "runs": {
                "batter": 0,
                "extras": 0,
                "total": 0
              }
            },
            {
              "batter": "S Tippoch",
              "bowler": "P Marange",
              "non_striker": "S Saengsakaorat",
              "runs": {
                "batter": 2,
                "extras": 0,
                "total": 2
              }
            },
            {
              "batter": "S Tippoch",
              "bowler": "P Marange",
              "non_striker": "S Saengsakaorat",
              "runs": {
                "batter": 0,
                "extras": 0,
                "total": 0
              }
            },
            {
              "batter": "S Tippoch",
              "bowler": "P Marange",
              "non_striker": "S Saengsakaorat",
              "runs": {
                "batter": 1,
                "extras": 0,
                "total": 1
              }
            }
          ]
        },
        {
          "over": 9,
          "deliveries": [
            {
              "batter": "S Tippoch",
              "bowler": "C Chatonzwa",
              "non_striker": "S Saengsakaorat",
              "runs": {
                "batter": 1,
                "extras": 0,
                "total": 1
              }
            },
            {
              "batter": "S Saengsakaorat",
              "bowler": "C Chatonzwa",
              "non_striker": "S Tippoch",
              "runs": {
                "batter": 0,
                "extras": 0,
                "total": 0
              }
            },
            {
              "batter": "S Saengsakaorat",
              "bowler": "C Chatonzwa",
              "non_striker": "S Tippoch",
              "runs": {
                "batter": 0,
                "extras": 0,
                "total": 0
              }
            },
            {
              "batter": "S Saengsakaorat",
              "bowler": "C Chatonzwa",
              "non_striker": "S Tippoch",
              "runs": {
                "batter": 0,
                "extras": 0,
                "total": 0
              }
            },
            {
              "batter": "S Saengsakaorat",
              "bowler": "C Chatonzwa",
              "non_striker": "S Tippoch",
              "runs": {
                "batter": 0,
                "extras": 0,
                "total": 0
              },
              "wickets": [
                {
                  "kind": "bowled",
                  "player_out": "S Saengsakaorat"
                }
              ]
            },
            {
              "batter": "C Sutthiruang",
              "bowler": "C Chatonzwa",
              "non_striker": "S Tippoch",
              "runs": {
                "batter": 0,
                "extras": 0,
                "total": 0
              }
            }
          ]
        },
        {
          "over": 10,
          "deliveries": [
            {
              "batter": "S Tippoch",
              "bowler": "P Marange",
              "non_striker": "C Sutthiruang",
              "runs": {
                "batter": 0,
                "extras": 0,
                "total": 0
              }
            },
            {
              "batter": "S Tippoch",
              "bowler": "P Marange",
              "non_striker": "C Sutthiruang",
              "runs": {
                "batter": 0,
                "extras": 0,
                "total": 0
              }
            },
            {
              "batter": "S Tippoch",
              "bowler": "P Marange",
              "non_striker": "C Sutthiruang",
              "runs": {
                "batter": 0,
                "extras": 0,
                "total": 0
              }
            },
            {
              "batter": "S Tippoch",
              "bowler": "P Marange",
              "non_striker": "C Sutthiruang",
              "runs": {
                "batter": 0,
                "extras": 0,
                "total": 0
              }
            },
            {
              "batter": "S Tippoch",
              "bowler": "P Marange",
              "non_striker": "C Sutthiruang",
              "runs": {
                "batter": 0,
                "extras": 0,
                "total": 0
              }
            },
            {
              "batter": "S Tippoch",
              "bowler": "P Marange",
              "non_striker": "C Sutthiruang",
              "runs": {
                "batter": 0,
                "extras": 0,
                "total": 0
              }
            }
          ]
        },
        {
          "over": 11,
          "deliveries": [
            {
              "batter": "C Sutthiruang",
              "bowler": "C Chatonzwa",
              "non_striker": "S Tippoch",
              "runs": {
                "batter": 0,
                "extras": 0,
                "total": 0
              }
            },
            {
              "batter": "C Sutthiruang",
              "bowler": "C Chatonzwa",
              "non_striker": "S Tippoch",
              "runs": {
                "batter": 0,
                "extras": 0,
                "total": 0
              }
            },
            {
              "batter": "C Sutthiruang",
              "bowler": "C Chatonzwa",
              "non_striker": "S Tippoch",
              "runs": {
                "batter": 0,
                "extras": 0,
                "total": 0
              }
            },
            {
              "batter": "C Sutthiruang",
              "bowler": "C Chatonzwa",
              "extras": {
                "wides": 1
              },
              "non_striker": "S Tippoch",
              "runs": {
                "batter": 0,
                "extras": 1,
                "total": 1
              }
            },
            {
              "batter": "C Sutthiruang",
              "bowler": "C Chatonzwa",
              "non_striker": "S Tippoch",
              "runs": {
                "batter": 1,
                "extras": 0,
                "total": 1
              }
            },
            {
              "batter": "S Tippoch",
              "bowler": "C Chatonzwa",
              "non_striker": "C Sutthiruang",
              "runs": {
                "batter": 0,
                "extras": 0,
                "total": 0
              }
            },
            {
              "batter": "S Tippoch",
              "bowler": "C Chatonzwa",
              "non_striker": "C Sutthiruang",
              "runs": {
                "batter": 1,
                "extras": 0,
                "total": 1
              }
            }
          ]
        },
        {
          "over": 12,
          "deliveries": [
            {
              "batter": "S Tippoch",
              "bowler": "P Marange",
              "non_striker": "C Sutthiruang",
              "runs": {
                "batter": 0,
                "extras": 0,
                "total": 0
              }
            },
            {
              "batter": "S Tippoch",
              "bowler": "P Marange",
              "non_striker": "C Sutthiruang",
              "runs": {
                "batter": 1,
                "extras": 0,
                "total": 1
              }
            },
            {
              "batter": "C Sutthiruang",
              "bowler": "P Marange",
              "non_striker": "S Tippoch",
              "runs": {
                "batter": 0,
                "extras": 0,
                "total": 0
              }
            },
            {
              "batter": "C Sutthiruang",
              "bowler": "P Marange",
              "non_striker": "S Tippoch",
              "runs": {
                "batter": 0,
                "extras": 0,
                "total": 0
              }
            },
            {
              "batter": "C Sutthiruang",
              "bowler": "P Marange",
              "non_striker": "S Tippoch",
              "runs": {
                "batter": 0,
                "extras": 0,
                "total": 0
              }
            },
            {
              "batter": "C Sutthiruang",
              "bowler": "P Marange",
              "non_striker": "S Tippoch",
              "runs": {
                "batter": 1,
                "extras": 0,
                "total": 1
              }
            }
          ]
        },
        {
          "over": 13,
          "deliveries": [
            {
              "batter": "C Sutthiruang",
              "bowler": "SM Mayers",
              "non_striker": "S Tippoch",
              "runs": {
                "batter": 0,
                "extras": 0,
                "total": 0
              }
            },
            {
              "batter": "C Sutthiruang",
              "bowler": "SM Mayers",
              "non_striker": "S Tippoch",
              "runs": {
                "batter": 1,
                "extras": 0,
                "total": 1
              }
            },
            {
              "batter": "S Tippoch",
              "bowler": "SM Mayers",
              "non_striker": "C Sutthiruang",
              "runs": {
                "batter": 0,
                "extras": 0,
                "total": 0
              }
            },
            {
              "batter": "S Tippoch",
              "bowler": "SM Mayers",
              "non_striker": "C Sutthiruang",
              "runs": {
                "batter": 0,
                "extras": 0,
                "total": 0
              }
            },
            {
              "batter": "S Tippoch",
              "bowler": "SM Mayers",
              "non_striker": "C Sutthiruang",
              "runs": {
                "batter": 4,
                "extras": 0,
                "total": 4
              }
            },
            {
              "batter": "S Tippoch",
              "bowler": "SM Mayers",
              "non_striker": "C Sutthiruang",
              "runs": {
                "batter": 4,
                "extras": 0,
                "total": 4
              }
            }
          ]
        },
        {
          "over": 14,
          "deliveries": [
            {
              "batter": "C Sutthiruang",
              "bowler": "P Marange",
              "non_striker": "S Tippoch",
              "runs": {
                "batter": 0,
                "extras": 0,
                "total": 0
              }
            },
            {
              "batter": "C Sutthiruang",
              "bowler": "P Marange",
              "non_striker": "S Tippoch",
              "runs": {
                "batter": 2,
                "extras": 0,
                "total": 2
              }
            },
            {
              "batter": "C Sutthiruang",
              "bowler": "P Marange",
              "extras": {
                "byes": 2
              },
              "non_striker": "S Tippoch",
              "runs": {
                "batter": 0,
                "extras": 2,
                "total": 2
              }
            },
            {
              "batter": "C Sutthiruang",
              "bowler": "P Marange",
              "non_striker": "S Tippoch",
              "runs": {
                "batter": 1,
                "extras": 0,
                "total": 1
              }
            },
            {
              "batter": "S Tippoch",
              "bowler": "P Marange",
              "non_striker": "C Sutthiruang",
              "runs": {
                "batter": 1,
                "extras": 0,
                "total": 1
              }
            },
            {
              "batter": "C Sutthiruang",
              "bowler": "P Marange",
              "non_striker": "S Tippoch",
              "runs": {
                "batter": 0,
                "extras": 0,
                "total": 0
              }
            }
          ]
        },
        {
          "over": 15,
          "deliveries": [
            {
              "batter": "S Tippoch",
              "bowler": "C Chatonzwa",
              "non_striker": "C Sutthiruang",
              "runs": {
                "batter": 1,
                "extras": 0,
                "total": 1
              }
            },
            {
              "batter": "C Sutthiruang",
              "bowler": "C Chatonzwa",
              "non_striker": "S Tippoch",
              "runs": {
                "batter": 0,
                "extras": 0,
                "total": 0
              },
              "wickets": [
                {
                  "kind": "caught",
                  "player_out": "C Sutthiruang",
                  "fielders": [
                    {
                      "name": "CS Mugeri"
                    }
                  ]
                }
              ]
            },
            {
              "batter": "R Padunglerd",
              "bowler": "C Chatonzwa",
              "extras": {
                "wides": 3
              },
              "non_striker": "S Tippoch",
              "runs": {
                "batter": 0,
                "extras": 3,
                "total": 3
              }
            },
            {
              "batter": "R Padunglerd",
              "bowler": "C Chatonzwa",
              "non_striker": "S Tippoch",
              "runs": {
                "batter": 0,
                "extras": 0,
                "total": 0
              }
            },
            {
              "batter": "R Padunglerd",
              "bowler": "C Chatonzwa",
              "non_striker": "S Tippoch",
              "runs": {
                "batter": 1,
                "extras": 0,
                "total": 1
              }
            },
            {
              "batter": "S Tippoch",
              "bowler": "C Chatonzwa",
              "non_striker": "R Padunglerd",
              "runs": {
                "batter": 0,
                "extras": 0,
                "total": 0
              }
            },
            {
              "batter": "S Tippoch",
              "bowler": "C Chatonzwa",
              "non_striker": "R Padunglerd",
              "runs": {
                "batter": 0,
                "extras": 0,
                "total": 0
              },
              "wickets": [
                {
                  "kind": "bowled",
                  "player_out": "S Tippoch"
                }
              ]
            }
          ]
        },
        {
          "over": 16,
          "deliveries": [
            {
              "batter": "R Padunglerd",
              "bowler": "SM Mayers",
              "non_striker": "N Konchan",
              "runs": {
                "batter": 1,
                "extras": 0,
                "total": 1
              }
            },
            {
              "batter": "N Konchan",
              "bowler": "SM Mayers",
              "non_striker": "R Padunglerd",
              "runs": {
                "batter": 0,
                "extras": 0,
                "total": 0
              }
            },
            {
              "batter": "N Konchan",
              "bowler": "SM Mayers",
              "non_striker": "R Padunglerd",
              "runs": {
                "batter": 0,
                "extras": 0,
                "total": 0
              }
            },
            {
              "batter": "N Konchan",
              "bowler": "SM Mayers",
              "non_striker": "R Padunglerd",
              "runs": {
                "batter": 1,
                "extras": 0,
                "total": 1
              }
            },
            {
              "batter": "R Padunglerd",
              "bowler": "SM Mayers",
              "extras": {
                "wides": 1
              },
              "non_striker": "N Konchan",
              "runs": {
                "batter": 0,
                "extras": 1,
                "total": 1
              }
            },
            {
              "batter": "R Padunglerd",
              "bowler": "SM Mayers",
              "non_striker": "N Konchan",
              "runs": {
                "batter": 0,
                "extras": 0,
                "total": 0
              }
            },
            {
              "batter": "R Padunglerd",
              "bowler": "SM Mayers",
              "non_striker": "N Konchan",
              "runs": {
                "batter": 0,
                "extras": 0,
                "total": 0
              }
            }
          ]
        },
        {
          "over": 17,
          "deliveries": [
            {
              "batter": "N Konchan",
              "bowler": "HS Saili",
              "non_striker": "R Padunglerd",
              "runs": {
                "batter": 1,
                "extras": 0,
                "total": 1
              }
            },
            {
              "batter": "R Padunglerd",
              "bowler": "HS Saili",
              "non_striker": "N Konchan",
              "runs": {
                "batter": 1,
                "extras": 0,
                "total": 1
              }
            },
            {
              "batter": "N Konchan",
              "bowler": "HS Saili",
              "non_striker": "R Padunglerd",
              "runs": {
                "batter": 1,
                "extras": 0,
                "total": 1
              }
            },
            {
              "batter": "R Padunglerd",
              "bowler": "HS Saili",
              "non_striker": "N Konchan",
              "runs": {
                "batter": 0,
                "extras": 0,
                "total": 0
              }
            },
            {
              "batter": "R Padunglerd",
              "bowler": "HS Saili",
              "non_striker": "N Konchan",
              "runs": {
                "batter": 0,
                "extras": 0,
                "total": 0
              }
            },
            {
              "batter": "R Padunglerd",
              "bowler": "HS Saili",
              "non_striker": "N Konchan",
              "runs": {
                "batter": 0,
                "extras": 0,
                "total": 0
              },
              "wickets": [
                {
                  "kind": "caught",
                  "player_out": "R Padunglerd",
                  "fielders": [
                    {
                      "name": "T Mlilo"
                    }
                  ]
                }
              ]
            }
          ]
        },
        {
          "over": 18,
          "deliveries": [
            {
              "batter": "N Konchan",
              "bowler": "SM Mayers",
              "non_striker": "W Liengprasert",
              "runs": {
                "batter": 0,
                "extras": 0,
                "total": 0
              }
            },
            {
              "batter": "N Konchan",
              "bowler": "SM Mayers",
              "non_striker": "W Liengprasert",
              "runs": {
                "batter": 0,
                "extras": 0,
                "total": 0
              },
              "wickets": [
                {
                  "kind": "caught and bowled",
                  "player_out": "N Konchan"
                }
              ]
            },
            {
              "batter": "W Liengprasert",
              "bowler": "SM Mayers",
              "extras": {
                "wides": 1
              },
              "non_striker": "R Sangsoma",
              "runs": {
                "batter": 0,
                "extras": 1,
                "total": 1
              }
            },
            {
              "batter": "W Liengprasert",
              "bowler": "SM Mayers",
              "extras": {
                "wides": 1
              },
              "non_striker": "R Sangsoma",
              "runs": {
                "batter": 0,
                "extras": 1,
                "total": 1
              }
            },
            {
              "batter": "W Liengprasert",
              "bowler": "SM Mayers",
              "non_striker": "R Sangsoma",
              "runs": {
                "batter": 1,
                "extras": 0,
                "total": 1
              },
              "wickets": [
                {
                  "kind": "run out",
                  "player_out": "R Sangsoma",
                  "fielders": [
                    {
                      "name": "SM Mayers"
                    }
                  ]
                }
              ]
            },
            {
              "batter": "W Liengprasert",
              "bowler": "SM Mayers",
              "non_striker": "N Chaiwai",
              "runs": {
                "batter": 0,
                "extras": 0,
                "total": 0
              },
              "wickets": [
                {
                  "kind": "caught",
                  "player_out": "W Liengprasert",
                  "fielders": [
                    {
                      "name": "P Marange"
                    }
                  ]
                }
              ]
            }
          ]
        }
      ],
      "powerplays": [
        {
          "from": 0.1,
          "to": 5.7,
          "type": "mandatory"
        }
      ],
      "target": {
        "overs": 20,
        "runs": 104
      }
    }
  ]
}