{
  "meta": {
    "data_version": "1.0.0",
    "created": "2014-01-01",
    "revision": 2
  },
  "info": {
    "balls_per_over": 6,
    "city": "Dubai",
    "dates": [
      "2013-11-16"
    ],
    "event": {
      "group": "B",
      "match_number": 15,
      "name": "ICC World Twenty20 Qualifier"
    },
    "gender": "male",
    "match_type": "IT20",
    "officials": {
      "match_referees": [
        "DT Jukes"
      ],
      "reserve_umpires": [
        "Razzak Shah"
      ],
      "umpires": [
        "JD Ward",
        "M Hawthorne"
      ]
    },
    "outcome": {
      "by": {
        "wickets": 6
      },
      "winner": "Nepal"
    },
    "overs": 20,
    "player_of_match": [
      "RR Patel"
    ],
    "players": {
      "Kenya": [
        "SO Tikolo",
        "AA Obanda",
        "CO Obuya",
        "MA Ouma",
        "TM Odoyo",
        "RR Patel",
        "RG Aga",
        "NN Odhiambo",
        "SO Ngoche",
        "HA Varaiya",
        "E Otieno"
      ],
      "Nepal": [
        "SP Khakurel",
        "PS Airee",
        "G Malla",
        "P Khadka",
        "B Bhandari",
        "S Vesawkar",
        "Sagar Pun",
        "AK Mandal",
        "B Regmi",
        "SP Gauchan",
        "JK Mukhiya"
      ]
    },
    "registry": {
      "people": {
        "AA Obanda": "7081491e",
        "AK Mandal": "defd49f6",
        "B Bhandari": "82342b13",
        "B Regmi": "98d05440",
        "CO Obuya": "5680f1ad",
        "DT Jukes": "7c215d14",
        "E Otieno": "c57fa67e",
        "G Malla": "b2e1d224",
        "HA Varaiya": "eeeebf82",
        "JD Ward": "511299c1",
        "JK Mukhiya": "f8dcfe4e",
        "M Hawthorne": "ea123ee4",
        "MA Ouma": "0939c670",
        "NN Odhiambo": "753b5a2d",
        "P Khadka": "12c3ba4d",
        "PS Airee": "cc18ba92",
        "RG Aga": "2fdd16fe",
        "RR Patel": "7fa6bd8e",
        "Razzak Shah": "04213325",
        "S Vesawkar": "3de06845",
        "SO Ngoche": "49118dc7",
        "SO Tikolo": "00d69fa4",
        "SP Gauchan": "2d8aae2f",
        "SP Khakurel": "9a6b71d1",
        "Sagar Pun": "3c4007d3",
        "TM Odoyo": "2c13defe"
      }
    },
    "season": "2013/14",
    "team_type": "international",
    "teams": [
      "Kenya",
      "Nepal"
    ],
    "toss": {
      "decision": "field",
      "winner": "Nepal"
    },
    "venue": "ICC Academy Oval 2"
  },
  "innings": [
    {
      "team": "Kenya",
      "overs": [
        {
          "over": 0,
          "deliveries": [
            {
              "batter": "SO Tikolo",
              "bowler": "JK Mukhiya",
              "non_striker": "AA Obanda",
              "runs": {
                "batter": 4,
                "extras": 0,
                "total": 4
              }
            },
            {
              "batter": "SO Tikolo",
              "bowler": "JK Mukhiya",
              "non_striker": "AA Obanda",
              "runs": {
                "batter": 1,
                "extras": 0,
                "total": 1
              }
            },
            {
              "batter": "AA Obanda",
              "bowler": "JK Mukhiya",
              "non_striker": "SO Tikolo",
              "runs": {
                "batter": 2,
                "extras": 0,
                "total": 2
              }
            },
            {
              "batter": "AA Obanda",
              "bowler": "JK Mukhiya",
              "non_striker": "SO Tikolo",
              "runs": {
                "batter": 0,
                "extras": 0,
                "total": 0
              }
            },
            {
              "batter": "AA Obanda",
              "bowler": "JK Mukhiya",
              "non_striker": "SO Tikolo",
              "runs": {
                "batter": 0,
                "extras": 0,
                "total": 0
              }
            },
            {
              "batter": "AA Obanda",
              "bowler": "JK Mukhiya",
              "non_striker": "SO Tikolo",
              "runs": {
                "batter": 1,
                "extras": 0,
                "total": 1
              }
            }
          ]
        },
        {
          "over": 1,
          "deliveries": [
            {
              "batter": "AA Obanda",
              "bowler": "B Regmi",
              "non_striker": "SO Tikolo",
              "runs": {
                "batter": 0,
                "extras": 0,
                "total": 0
              },
              "wickets": [
                {
                  "kind": "caught",
                  "player_out": "AA Obanda",
                  "fielders": [
                    {
                      "name": "G Malla"
                    }
                  ]
                }
              ]
            },
            {
              "batter": "CO Obuya",
              "bowler": "B Regmi",
              "non_striker": "SO Tikolo",
              "runs": {
                "batter": 0,
                "extras": 0,
                "total": 0
              }
            },
            {
              "batter": "CO Obuya",
              "bowler": "B Regmi",
              "non_striker": "SO Tikolo",
              "runs": {
                "batter": 0,
                "extras": 0,
                "total": 0
              }
            },
            {
              "batter": "CO Obuya",
              "bowler": "B Regmi",
              "non_striker": "SO Tikolo",
              "runs": {
                "batter": 0,
                "extras": 0,
                "total": 0
              }
            },
            {
              "batter": "CO Obuya",
              "bowler": "B Regmi",
              "non_striker": "SO Tikolo",
              "runs": {
                "batter": 6,
                "extras": 0,
                "total": 6
              }
            },
            {
              "batter": "CO Obuya",
              "bowler": "B Regmi",
              "non_striker": "SO Tikolo",
              "runs": {
                "batter": 0,
                "extras": 0,
                "total": 0
              }
            }
          ]
        },
        {
          "over": 2,
          "deliveries": [
            {
              "batter": "SO Tikolo",
              "bowler": "JK Mukhiya",
              "non_striker": "CO Obuya",
              "runs": {
                "batter": 6,
                "extras": 0,
                "total": 6
              }
            },
            {
              "batter": "SO Tikolo",
              "bowler": "JK Mukhiya",
              "non_striker": "CO Obuya",
              "runs": {
                "batter": 0,
                "extras": 0,
                "total": 0
              }
            },
            {
              "batter": "SO Tikolo",
              "bowler": "JK Mukhiya",
              "non_striker": "CO Obuya",
              "runs": {
                "batter": 0,
                "extras": 0,
                "total": 0
              }
            },
            {
              "batter": "SO Tikolo",
              "bowler": "JK Mukhiya",
              "non_striker": "CO Obuya",
              "runs": {
                "batter": 0,
                "extras": 0,
                "total": 0
              },
              "wickets": [
                {
                  "kind": "caught",
                  "player_out": "SO Tikolo",
                  "fielders": [
                    {
                      "name": "Sagar Pun"
                    }
                  ]
                }
              ]
            },
            {
              "batter": "CO Obuya",
              "bowler": "JK Mukhiya",
              "non_striker": "MA Ouma",
              "runs": {
                "batter": 0,
                "extras": 0,
                "total": 0
              },
              "wickets": [
                {
                  "kind": "caught",
                  "player_out": "CO Obuya",
                  "fielders": [
                    {
                      "name": "SP Khakurel"
                    }
                  ]
                }
              ]
            },
            {
              "batter": "TM Odoyo",
              "bowler": "JK Mukhiya",
              "non_striker": "MA Ouma",
              "runs": {
                "batter": 0,
                "extras": 0,
                "total": 0
              }
            }
          ]
        },
        {
          "over": 3,
          "deliveries": [
            {
              "batter": "MA Ouma",
              "bowler": "P Khadka",
              "non_striker": "TM Odoyo",
              "runs": {
                "batter": 0,
                "extras": 0,
                "total": 0
              }
            },
            {
              "batter": "MA Ouma",
              "bowler": "P Khadka",
              "non_striker": "TM Odoyo",
              "runs": {
                "batter": 0,
                "extras": 0,
                "total": 0
              }
            },
            {
              "batter": "MA Ouma",
              "bowler": "P Khadka",
              "non_striker": "TM Odoyo",
              "runs": {
                "batter": 0,
                "extras": 0,
                "total": 0
              }
            },
            {
              "batter": "MA Ouma",
              "bowler": "P Khadka",
              "non_striker": "TM Odoyo",
              "runs": {
                "batter": 1,
                "extras": 0,
                "total": 1
              }
            },
            {
              "batter": "TM Odoyo",
              "bowler": "P Khadka",
              "non_striker": "MA Ouma",
              "runs": {
                "batter": 1,
                "extras": 0,
                "total": 1
              }
            },
            {
              "batter": "MA Ouma",
              "bowler": "P Khadka",
              "non_striker": "TM Odoyo",
              "runs": {
                "batter": 0,
                "extras": 0,
                "total": 0
              }
            }
          ]
        },
        {
          "over": 4,
          "deliveries": [
            {
              "batter": "TM Odoyo",
              "bowler": "B Regmi",
              "non_striker": "MA Ouma",
              "runs": {
                "batter": 0,
                "extras": 0,
                "total": 0
              }
            },
            {
              "batter": "TM Odoyo",
              "bowler": "B Regmi",
              "non_striker": "MA Ouma",
              "runs": {
                "batter": 0,
                "extras": 0,
                "total": 0
              }
            },
            {
              "batter": "TM Odoyo",
              "bowler": "B Regmi",
              "extras": {
                "wides": 1
              },
              "non_striker": "MA Ouma",
              "runs": {
                "batter": 0,
                "extras": 1,
                "total": 1
              }
            },
            {
              "batter": "TM Odoyo",
              "bowler": "B Regmi",
              "non_striker": "MA Ouma",
              "runs": {
                "batter": 1,
                "extras": 0,
                "total": 1
              }
            },
            {
              "batter": "MA Ouma",
              "bowler": "B Regmi",
              "non_striker": "TM Odoyo",
              "runs": {
                "batter": 1,
                "extras": 0,
                "total": 1
              }
            },
            {
              "batter": "TM Odoyo",
              "bowler": "B Regmi",
              "non_striker": "MA Ouma",
              "runs": {
                "batter": 0,
                "extras": 0,
                "total": 0
              }
            },
            {
              "batter": "TM Odoyo",
              "bowler": "B Regmi",
              "non_striker": "MA Ouma",
              "runs": {
                "batter": 1,
                "extras": 0,
                "total": 1
              }
            }
          ]
        },
        {
          "over": 5,
          "deliveries": [
            {
              "batter": "TM Odoyo",
              "bowler": "P Khadka",
              "non_striker": "MA Ouma",
              "runs": {
                "batter": 0,
                "extras": 0,
                "total": 0
              }
            },
            {
              "batter": "TM Odoyo",
              "bowler": "P Khadka",
              "non_striker": "MA Ouma",
              "runs": {
                "batter": 3,
                "extras": 0,
                "total": 3
              }
            },
            {
              "batter": "MA Ouma",
              "bowler": "P Khadka",
              "non_striker": "TM Odoyo",
              "runs": {
                "batter": 0,
                "extras": 0,
                "total": 0
              }
            },
            {
              "batter": "MA Ouma",
              "bowler": "P Khadka",
              "non_striker": "TM Odoyo",
              "runs": {
                "batter": 0,
                "extras": 0,
                "total": 0
              }
            },
            {
              "batter": "MA Ouma",
              "bowler": "P Khadka",
              "non_striker": "TM Odoyo",
              "runs": {
                "batter": 1,
                "extras": 0,
                "total": 1
              }
            },
            {
              "batter": "TM Odoyo",
              "bowler": "P Khadka",
              "non_striker": "MA Ouma",
              "runs": {
                "batter": 0,
                "extras": 0,
                "total": 0
              }
            }
          ]
        },
        {
          "over": 6,
          "deliveries": [
            {
              "batter": "MA Ouma",
              "bowler": "SP Gauchan",
              "non_striker": "TM Odoyo",
              "runs": {
                "batter": 1,
                "extras": 0,
                "total": 1
              }
            },
            {
              "batter": "TM Odoyo",
              "bowler": "SP Gauchan",
              "non_striker": "MA Ouma",
              "runs": {
                "batter": 1,
                "extras": 0,
                "total": 1
              }
            },
            {
              "batter": "MA Ouma",
              "bowler": "SP Gauchan",
              "non_striker": "TM Odoyo",
              "runs": {
                "batter": 0,
                "extras": 0,
                "total": 0
              }
            },
            {
              "batter": "MA Ouma",
              "bowler": "SP Gauchan",
              "non_striker": "TM Odoyo",
              "runs": {
                "batter": 0,
                "extras": 0,
                "total": 0
              },
              "wickets": [
                {
                  "kind": "run out",
                  "player_out": "TM Odoyo",
                  "fielders": [
                    {
                      "name": "P Khadka"
                    }
                  ]
                }
              ]
            },
            {
              "batter": "MA Ouma",
              "bowler": "SP Gauchan",
              "non_striker": "RR Patel",
              "runs": {
                "batter": 0,
                "extras": 0,
                "total": 0
              }
            },
            {
              "batter": "MA Ouma",
              "bowler": "SP Gauchan",
              "non_striker": "RR Patel",
              "runs": {
                "batter": 0,
                "extras": 0,
                "total": 0
              }
            }
          ]
        },
        {
          "over": 7,
          "deliveries": [
            {
              "batter": "RR Patel",
              "bowler": "P Khadka",
              "extras": {
                "wides": 1
              },
              "non_striker": "MA Ouma",
              "runs": {
                "batter": 0,
                "extras": 1,
                "total": 1
              }
            },
            {
              "batter": "RR Patel",
              "bowler": "P Khadka",
              "non_striker": "MA Ouma",
              "runs": {
                "batter": 0,
                "extras": 0,
                "total": 0
              }
            },
            {
              "batter": "RR Patel",
              "bowler": "P Khadka",
              "non_striker": "MA Ouma",
              "runs": {
                "batter": 0,
                "extras": 0,
                "total": 0
              }
            },
            {
              "batter": "RR Patel",
              "bowler": "P Khadka",
              "non_striker": "MA Ouma",
              "runs": {
                "batter": 0,
                "extras": 0,
                "total": 0
              }
            },
            {
              "batter": "RR Patel",
              "bowler": "P Khadka",
              "non_striker": "MA Ouma",
              "runs": {
                "batter": 1,
                "extras": 0,
                "total": 1
              }
            },
            {
              "batter": "MA Ouma",
              "bowler": "P Khadka",
              "non_striker": "RR Patel",
              "runs": {
                "batter": 1,
                "extras": 0,
                "total": 1
              }
            },
            {
              "batter": "RR Patel",
              "bowler": "P Khadka",
              "non_striker": "MA Ouma",
              "runs": {
                "batter": 1,
                "extras": 0,
                "total": 1
              }
            }
          ]
        },
        {
          "over": 8,
          "deliveries": [
            {
              "batter": "RR Patel",
              "bowler": "SP Gauchan",
              "non_striker": "MA Ouma",
              "runs": {
                "batter": 2,
                "extras": 0,
                "total": 2
              }
            },
            {
              "batter": "RR Patel",
              "bowler": "SP Gauchan",
              "non_striker": "MA Ouma",
              "runs": {
                "batter": 1,
                "extras": 0,
                "total": 1
              }
            },
            {
              "batter": "MA Ouma",
              "bowler": "SP Gauchan",
              "non_striker": "RR Patel",
              "runs": {
                "batter": 1,
                "extras": 0,
                "total": 1
              }
            },
            {
              "batter": "RR Patel",
              "bowler": "SP Gauchan",
              "non_striker": "MA Ouma",
              "runs": {
                "batter": 0,
                "extras": 0,
                "total": 0
              }
            },
            {
              "batter": "RR Patel",
              "bowler": "SP Gauchan",
              "non_striker": "MA Ouma",
              "runs": {
                "batter": 0,
                "extras": 0,
                "total": 0
              }
            },
            {
              "batter": "RR Patel",
              "bowler": "SP Gauchan",
              "non_striker": "MA Ouma",
              "runs": {
                "batter": 1,
                "extras": 0,
                "total": 1
              }
            }
          ]
        },
        {
          "over": 9,
          "deliveries": [
            {
              "batter": "RR Patel",
              "bowler": "Sagar Pun",
              "non_striker": "MA Ouma",
              "runs": {
                "batter": 0,
                "extras": 0,
                "total": 0
              }
            },
            {
              "batter": "RR Patel",
              "bowler": "Sagar Pun",
              "non_striker": "MA Ouma",
              "runs": {
                "batter": 1,
                "extras": 0,
                "total": 1
              }
            },
            {
              "batter": "MA Ouma",
              "bowler": "Sagar Pun",
              "non_striker": "RR Patel",
              "runs": {
                "batter": 0,
                "extras": 0,
                "total": 0
              }
            },
            {
              "batter": "MA Ouma",
              "bowler": "Sagar Pun",
              "non_striker": "RR Patel",
              "runs": {
                "batter": 1,
                "extras": 0,
                "total": 1
              }
            },
            {
              "batter": "RR Patel",
              "bowler": "Sagar Pun",
              "non_striker": "MA Ouma",
              "runs": {
                "batter": 0,
                "extras": 0,
                "total": 0
              }
            },
            {
              "batter": "RR Patel",
              "bowler": "Sagar Pun",
              "non_striker": "MA Ouma",
              "runs": {
                "batter": 0,
                "extras": 0,
                "total": 0
              }
            }
          ]
        },
        {
          "over": 10,
          "deliveries": [
            {
              "batter": "MA Ouma",
              "bowler": "SP Gauchan",
              "non_striker": "RR Patel",
              "runs": {
                "batter": 1,
                "extras": 0,
                "total": 1
              }
            },
            {
              "batter": "RR Patel",
              "bowler": "SP Gauchan",
              "non_striker": "MA Ouma",
              "runs": {
                "batter": 1,
                "extras": 0,
                "total": 1
              }
            },
            {
              "batter": "MA Ouma",
              "bowler": "SP Gauchan",
              "non_striker": "RR Patel",
              "runs": {
                "batter": 4,
                "extras": 0,
                "total": 4
              }
            },
            {
              "batter": "MA Ouma",
              "bowler": "SP Gauchan",
              "non_striker": "RR Patel",
              "runs": {
                "batter": 0,
                "extras": 0,
                "total": 0
              }
            },
            {
              "batter": "MA Ouma",
              "bowler": "SP Gauchan",
              "non_striker": "RR Patel",
              "runs": {
                "batter": 2,
                "extras": 0,
                "total": 2
              }
            },
            {
              "batter": "MA Ouma",
              "bowler": "SP Gauchan",
              "non_striker": "RR Patel",
              "runs": {
                "batter": 1,
                "extras": 0,
                "total": 1
              }
            }
          ]
        },
        {
          "over": 11,
          "deliveries": [
            {
              "batter": "MA Ouma",
              "bowler": "Sagar Pun",
              "non_striker": "RR Patel",
              "runs": {
                "batter": 1,
                "extras": 0,
                "total": 1
              }
            },
            {
              "batter": "RR Patel",
              "bowler": "Sagar Pun",
              "non_striker": "MA Ouma",
              "runs": {
                "batter": 0,
                "extras": 0,
                "total": 0
              }
            },
            {
              "batter": "RR Patel",
              "bowler": "Sagar Pun",
              "non_striker": "MA Ouma",
              "runs": {
                "batter": 6,
                "extras": 0,
                "total": 6
              }
            },
            {
              "batter": "RR Patel",
              "bowler": "Sagar Pun",
              "non_striker": "MA Ouma",
              "runs": {
                "batter": 2,
                "extras": 0,
                "total": 2
              }
            },
            {
              "batter": "RR Patel",
              "bowler": "Sagar Pun",
              "non_striker": "MA Ouma",
              "runs": {
                "batter": 6,
                "extras": 0,
                "total": 6
              }
            },
            {
              "batter": "RR Patel",
              "bowler": "Sagar Pun",
              "non_striker": "MA Ouma",
              "runs": {
                "batter": 1,
                "extras": 0,
                "total": 1
              }
            }
          ]
        },
        {
          "over": 12,
          "deliveries": [
            {
              "batter": "RR Patel",
              "bowler": "B Regmi",
              "non_striker": "MA Ouma",
              "runs": {
                "batter": 1,
                "extras": 0,
                "total": 1
              }
            },
            {
              "batter": "MA Ouma",
              "bowler": "B Regmi",
              "non_striker": "RR Patel",
              "runs": {
                "batter": 1,
                "extras": 0,
                "total": 1
              }
            },
            {
              "batter": "RR Patel",
              "bowler": "B Regmi",
              "non_striker": "MA Ouma",
              "runs": {
                "batter": 6,
                "extras": 0,
                "total": 6
              }
            },
            {
              "batter": "RR Patel",
              "bowler": "B Regmi",
              "non_striker": "MA Ouma",
              "runs": {
                "batter": 2,
                "extras": 0,
                "total": 2
              }
            },
            {
              "batter": "RR Patel",
              "bowler": "B Regmi",
              "non_striker": "MA Ouma",
              "runs": {
                "batter": 6,
                "extras": 0,
                "total": 6
              }
            },
            {
              "batter": "RR Patel",
              "bowler": "B Regmi",
              "non_striker": "MA Ouma",
              "runs": {
                "batter": 1,
                "extras": 0,
                "total": 1
              }
            }
          ]
        },
        {
          "over": 13,
          "deliveries": [
            {
              "batter": "RR Patel",
              "bowler": "JK Mukhiya",
              "non_striker": "MA Ouma",
              "runs": {
                "batter": 1,
                "extras": 0,
                "total": 1
              }
            },
            {
              "batter": "MA Ouma",
              "bowler": "JK Mukhiya",
              "non_striker": "RR Patel",
              "runs": {
                "batter": 1,
                "extras": 0,
                "total": 1
              }
            },
            {
              "batter": "RR Patel",
              "bowler": "JK Mukhiya",
              "non_striker": "MA Ouma",
              "runs": {
                "batter": 1,
                "extras": 0,
                "total": 1
              }
            },
            {
              "batter": "MA Ouma",
              "bowler": "JK Mukhiya",
              "non_striker": "RR Patel",
              "runs": {
                "batter": 2,
                "extras": 0,
                "total": 2
              }
            },
            {
              "batter": "MA Ouma",
              "bowler": "JK Mukhiya",
              "non_striker": "RR Patel",
              "runs": {
                "batter": 0,
                "extras": 0,
                "total": 0
              }
            },
            {
              "batter": "MA Ouma",
              "bowler": "JK Mukhiya",
              "non_striker": "RR Patel",
              "runs": {
                "batter": 1,
                "extras": 0,
                "total": 1
              }
            }
          ]
        },
        {
          "over": 14,
          "deliveries": [
            {
              "batter": "MA Ouma",
              "bowler": "SP Gauchan",
              "non_striker": "RR Patel",
              "runs": {
                "batter": 1,
                "extras": 0,
                "total": 1
              }
            },
            {
              "batter": "RR Patel",
              "bowler": "SP Gauchan",
              "non_striker": "MA Ouma",
              "runs": {
                "batter": 1,
                "extras": 0,
                "total": 1
              }
            },
            {
              "batter": "MA Ouma",
              "bowler": "SP Gauchan",
              "non_striker": "RR Patel",
              "runs": {
                "batter": 1,
                "extras": 0,
                "total": 1
              }
            },
            {
              "batter": "RR Patel",
              "bowler": "SP Gauchan",
              "non_striker": "MA Ouma",
              "runs": {
                "batter": 4,
                "extras": 0,
                "total": 4
              }
            },
            {
              "batter": "RR Patel",
              "bowler": "SP Gauchan",
              "non_striker": "MA Ouma",
              "runs": {
                "batter": 1,
                "extras": 0,
                "total": 1
              }
            },
            {
              "batter": "MA Ouma",
              "bowler": "SP Gauchan",
              "non_striker": "RR Patel",
              "runs": {
                "batter": 0,
                "extras": 0,
                "total": 0
              }
            }
          ]
        },
        {
          "over": 15,
          "deliveries": [
            {
              "batter": "RR Patel",
              "bowler": "Sagar Pun",
              "non_striker": "MA Ouma",
              "runs": {
                "batter": 4,
                "extras": 0,
                "total": 4
              }
            },
            {
              "batter": "RR Patel",
              "bowler": "Sagar Pun",
              "non_striker": "MA Ouma",
              "runs": {
                "batter": 1,
                "extras": 0,
                "total": 1
              }
            },
            {
              "batter": "MA Ouma",
              "bowler": "Sagar Pun",
              "non_striker": "RR Patel",
              "runs": {
                "batter": 1,
                "extras": 0,
                "total": 1
              }
            },
            {
              "batter": "RR Patel",
              "bowler": "Sagar Pun",
              "non_striker": "MA Ouma",
              "runs": {
                "batter": 6,
                "extras": 0,
                "total": 6
              }
            },
            {
              "batter": "RR Patel",
              "bowler": "Sagar Pun",
              "non_striker": "MA Ouma",
              "runs": {
                "batter": 1,
                "extras": 0,
                "total": 1
              }
            },
            {
              "batter": "MA Ouma",
              "bowler": "Sagar Pun",
              "non_striker": "RR Patel",
              "runs": {
                "batter": 6,
                "extras": 0,
                "total": 6
              }
            }
          ]
        },
        {
          "over": 16,
          "deliveries": [
            {
              "batter": "RR Patel",
              "bowler": "S Vesawkar",
              "non_striker": "MA Ouma",
              "runs": {
                "batter": 6,
                "extras": 0,
                "total": 6
              }
            },
            {
              "batter": "RR Patel",
              "bowler": "S Vesawkar",
              "non_striker": "MA Ouma",
              "runs": {
                "batter": 6,
                "extras": 0,
                "total": 6
              }
            },
            {
              "batter": "RR Patel",
              "bowler": "S Vesawkar",
              "non_striker": "MA Ouma",
              "runs": {
                "batter": 4,
                "extras": 0,
                "total": 4
              }
            },
            {
              "batter": "RR Patel",
              "bowler": "S Vesawkar",
              "non_striker": "MA Ouma",
              "runs": {
                "batter": 6,
                "extras": 0,
                "total": 6
              }
            },
            {
              "batter": "RR Patel",
              "bowler": "S Vesawkar",
              "non_striker": "MA Ouma",
              "runs": {
                "batter": 4,
                "extras": 0,
                "total": 4
              }
            },
            {
              "batter": "RR Patel",
              "bowler": "S Vesawkar",
              "non_striker": "MA Ouma",
              "runs": {
                "batter": 4,
                "extras": 0,
                "total": 4
              }
            }
          ]
        },
        {
          "over": 17,
          "deliveries": [
            {
              "batter": "MA Ouma",
              "bowler": "P Khadka",
              "non_striker": "RR Patel",
              "runs": {
                "batter": 1,
                "extras": 0,
                "total": 1
              }
            },
            {
              "batter": "RR Patel",
              "bowler": "P Khadka",
              "non_striker": "MA Ouma",
              "runs": {
                "batter": 0,
                "extras": 0,
                "total": 0
              }
            },
            {
              "batter": "RR Patel",
              "bowler": "P Khadka",
              "non_striker": "MA Ouma",
              "runs": {
                "batter": 6,
                "extras": 0,
                "total": 6
              }
            },
            {
              "batter": "RR Patel",
              "bowler": "P Khadka",
              "non_striker": "MA Ouma",
              "runs": {
                "batter": 2,
                "extras": 0,
                "total": 2
              }
            },
            {
              "batter": "RR Patel",
              "bowler": "P Khadka",
              "non_striker": "MA Ouma",
              "runs": {
                "batter": 6,
                "extras": 0,
                "total": 6
              }
            },
            {
              "batter": "RR Patel",
              "bowler": "P Khadka",
              "non_striker": "MA Ouma",
              "runs": {
                "batter": 0,
                "extras": 0,
                "total": 0
              },
              "wickets": [
                {
                  "kind": "bowled",
                  "player_out": "RR Patel"
                }
              ]
            }
          ]
        },
        {
          "over": 18,
          "deliveries": [
            {
              "batter": "MA Ouma",
              "bowler": "B Regmi",
              "non_striker": "RG Aga",
              "runs": {
                "batter": 6,
                "extras": 0,
                "total": 6
              }
            },
            {
              "batter": "MA Ouma",
              "bowler": "B Regmi",
              "non_striker": "RG Aga",
              "runs": {
                "batter": 0,
                "extras": 0,
                "total": 0
              },
              "wickets": [
                {
                  "kind": "bowled",
                  "player_out": "MA Ouma"
                }
              ]
            },
            {
              "batter": "NN Odhiambo",
              "bowler": "B Regmi",
              "non_striker": "RG Aga",
              "runs": {
                "batter": 0,
                "extras": 0,
                "total": 0
              }
            },
            {
              "batter": "NN Odhiambo",
              "bowler": "B Regmi",
              "non_striker": "RG Aga",
              "runs": {
                "batter": 1,
                "extras": 0,
                "total": 1
              }
            },
            {
              "batter": "RG Aga",
              "bowler": "B Regmi",
              "extras": {
                "legbyes": 1
              },
              "non_striker": "NN Odhiambo",
              "runs": {
                "batter": 0,
                "extras": 1,
                "total": 1
              }
            },
            {
              "batter": "NN Odhiambo",
              "bowler": "B Regmi",
              "non_striker": "RG Aga",
              "runs": {
                "batter": 0,
                "extras": 0,
                "total": 0
              },
              "wickets": [
                {
                  "kind": "run out",
                  "player_out": "RG Aga",
                  "fielders": [
                    {
                      "name": "B Regmi"
                    }
                  ]
                }
              ]
            }
          ]
        },
        {
          "over": 19,
          "deliveries": [
            {
              "batter": "SO Ngoche",
              "bowler": "JK Mukhiya",
              "non_striker": "NN Odhiambo",
              "runs": {
                "batter": 1,
                "extras": 0,
                "total": 1
              }
            },
            {
              "batter": "NN Odhiambo",
              "bowler": "JK Mukhiya",
              "non_striker": "SO Ngoche",
              "runs": {
                "batter": 1,
                "extras": 0,
                "total": 1
              }
            },
            {
              "batter": "SO Ngoche",
              "bowler": "JK Mukhiya",
              "non_striker": "NN Odhiambo",
              "runs": {
                "batter": 0,
                "extras": 0,
                "total": 0
              }
            },
            {
              "batter": "SO Ngoche",
              "bowler": "JK Mukhiya",
              "non_striker": "NN Odhiambo",
              "runs": {
                "batter": 4,
                "extras": 0,
                "total": 4
              }
            },
            {
              "batter": "SO Ngoche",
              "bowler": "JK Mukhiya",
              "non_striker": "NN Odhiambo",
              "runs": {
                "batter": 4,
                "extras": 0,
                "total": 4
              }
            },
            {
              "batter": "SO Ngoche",
              "bowler": "JK Mukhiya",
              "non_striker": "NN Odhiambo",
              "runs": {
                "batter": 1,
                "extras": 0,
                "total": 1
              }
            }
          ]
        }
      ],
      "powerplays": [
        {
          "from": 0.1,
          "to": 5.6,
          "type": "mandatory"
        }
      ]
    },
    {
      "team": "Nepal",
      "overs": [
        {
          "over": 0,
          "deliveries": [
            {
              "batter": "SP Khakurel",
              "bowler": "E Otieno",
              "non_striker": "PS Airee",
              "runs": {
                "batter": 0,
                "extras": 0,
                "total": 0
              }
            },
            {
              "batter": "SP Khakurel",
              "bowler": "E Otieno",
              "non_striker": "PS Airee",
              "runs": {
                "batter": 0,
                "extras": 0,
                "total": 0
              }
            },
            {
              "batter": "SP Khakurel",
              "bowler": "E Otieno",
              "non_striker": "PS Airee",
              "runs": {
                "batter": 4,
                "extras": 0,
                "total": 4
              }
            },
            {
              "batter": "SP Khakurel",
              "bowler": "E Otieno",
              "non_striker": "PS Airee",
              "runs": {
                "batter": 1,
                "extras": 0,
                "total": 1
              }
            },
            {
              "batter": "PS Airee",
              "bowler": "E Otieno",
              "non_striker": "SP Khakurel",
              "runs": {
                "batter": 0,
                "extras": 0,
                "total": 0
              }
            },
            {
              "batter": "PS Airee",
              "bowler": "E Otieno",
              "non_striker": "SP Khakurel",
              "runs": {
                "batter": 1,
                "extras": 0,
                "total": 1
              }
            }
          ]
        },
        {
          "over": 1,
          "deliveries": [
            {
              "batter": "PS Airee",
              "bowler": "RG Aga",
              "non_striker": "SP Khakurel",
              "runs": {
                "batter": 0,
                "extras": 0,
                "total": 0
              },
              "wickets": [
                {
                  "kind": "caught",
                  "player_out": "PS Airee",
                  "fielders": [
                    {
                      "name": "RR Patel"
                    }
                  ]
                }
              ]
            },
            {
              "batter": "G Malla",
              "bowler": "RG Aga",
              "non_striker": "SP Khakurel",
              "runs": {
                "batter": 1,
                "extras": 0,
                "total": 1
              }
            },
            {
              "batter": "SP Khakurel",
              "bowler": "RG Aga",
              "non_striker": "G Malla",
              "runs": {
                "batter": 1,
                "extras": 0,
                "total": 1
              }
            },
            {
              "batter": "G Malla",
              "bowler": "RG Aga",
              "non_striker": "SP Khakurel",
              "runs": {
                "batter": 0,
                "extras": 0,
                "total": 0
              }
            },
            {
              "batter": "G Malla",
              "bowler": "RG Aga",
              "non_striker": "SP Khakurel",
              "runs": {
                "batter": 1,
                "extras": 0,
                "total": 1
              }
            },
            {
              "batter": "SP Khakurel",
              "bowler": "RG Aga",
              "non_striker": "G Malla",
              "runs": {
                "batter": 1,
                "extras": 0,
                "total": 1
              }
            }
          ]
        },
        {
          "over": 2,
          "deliveries": [
            {
              "batter": "SP Khakurel",
              "bowler": "NN Odhiambo",
              "non_striker": "G Malla",
              "runs": {
                "batter": 1,
                "extras": 0,
                "total": 1
              }
            },
            {
              "batter": "G Malla",
              "bowler": "NN Odhiambo",
              "extras": {
                "wides": 1
              },
              "non_striker": "SP Khakurel",
              "runs": {
                "batter": 0,
                "extras": 1,
                "total": 1
              }
            },
            {
              "batter": "G Malla",
              "bowler": "NN Odhiambo",
              "non_striker": "SP Khakurel",
              "runs": {
                "batter": 1,
                "extras": 0,
                "total": 1
              }
            },
            {
              "batter": "SP Khakurel",
              "bowler": "NN Odhiambo",
              "non_striker": "G Malla",
              "runs": {
                "batter": 0,
                "extras": 0,
                "total": 0
              }
            },
            {
              "batter": "SP Khakurel",
              "bowler": "NN Odhiambo",
              "non_striker": "G Malla",
              "runs": {
                "batter": 4,
                "extras": 0,
                "total": 4
              }
            },
            {
              "batter": "SP Khakurel",
              "bowler": "NN Odhiambo",
              "non_striker": "G Malla",
              "runs": {
                "batter": 1,
                "extras": 0,
                "total": 1
              }
            },
            {
              "batter": "G Malla",
              "bowler": "NN Odhiambo",
              "non_striker": "SP Khakurel",
              "runs": {
                "batter": 0,
                "extras": 0,
                "total": 0
              }
            }
          ]
        },
        {
          "over": 3,
          "deliveries": [
            {
              "batter": "SP Khakurel",
              "bowler": "E Otieno",
              "non_striker": "G Malla",
              "runs": {
                "batter": 0,
                "extras": 0,
                "total": 0
              }
            },
            {
              "batter": "SP Khakurel",
              "bowler": "E Otieno",
              "non_striker": "G Malla",
              "runs": {
                "batter": 0,
                "extras": 0,
                "total": 0
              }
            },
            {
              "batter": "SP Khakurel",
              "bowler": "E Otieno",
              "non_striker": "G Malla",
              "runs": {
                "batter": 1,
                "extras": 0,
                "total": 1
              }
            },
            {
              "batter": "G Malla",
              "bowler": "E Otieno",
              "non_striker": "SP Khakurel",
              "runs": {
                "batter": 0,
                "extras": 0,
                "total": 0
              }
            },
            {
              "batter": "G Malla",
              "bowler": "E Otieno",
              "non_striker": "SP Khakurel",
              "runs": {
                "batter": 4,
                "extras": 0,
                "total": 4
              }
            },
            {
              "batter": "G Malla",
              "bowler": "E Otieno",
              "non_striker": "SP Khakurel",
              "runs": {
                "batter": 0,
                "extras": 0,
                "total": 0
              }
            }
          ]
        },
        {
          "over": 4,
          "deliveries": [
            {
              "batter": "SP Khakurel",
              "bowler": "RG Aga",
              "non_striker": "G Malla",
              "runs": {
                "batter": 0,
                "extras": 0,
                "total": 0
              }
            },
            {
              "batter": "SP Khakurel",
              "bowler": "RG Aga",
              "non_striker": "G Malla",
              "runs": {
                "batter": 0,
                "extras": 0,
                "total": 0
              }
            },
            {
              "batter": "SP Khakurel",
              "bowler": "RG Aga",
              "non_striker": "G Malla",
              "runs": {
                "batter": 1,
                "extras": 0,
                "total": 1
              }
            },
            {
              "batter": "G Malla",
              "bowler": "RG Aga",
              "non_striker": "SP Khakurel",
              "runs": {
                "batter": 1,
                "extras": 0,
                "total": 1
              }
            },
            {
              "batter": "SP Khakurel",
              "bowler": "RG Aga",
              "non_striker": "G Malla",
              "runs": {
                "batter": 1,
                "extras": 0,
                "total": 1
              }
            },
            {
              "batter": "G Malla",
              "bowler": "RG Aga",
              "non_striker": "SP Khakurel",
              "runs": {
                "batter": 2,
                "extras": 0,
                "total": 2
              }
            }
          ]
        },
        {
          "over": 5,
          "deliveries": [
            {
              "batter": "SP Khakurel",
              "bowler": "NN Odhiambo",
              "non_striker": "G Malla",
              "runs": {
                "batter": 4,
                "extras": 0,
                "total": 4
              }
            },
            {
              "batter": "SP Khakurel",
              "bowler": "NN Odhiambo",
              "non_striker": "G Malla",
              "runs": {
                "batter": 0,
                "extras": 0,
                "total": 0
              }
            },
            {
              "batter": "SP Khakurel",
              "bowler": "NN Odhiambo",
              "non_striker": "G Malla",
              "runs": {
                "batter": 4,
                "extras": 0,
                "total": 4
              }
            },
            {
              "batter": "SP Khakurel",
              "bowler": "NN Odhiambo",
              "non_striker": "G Malla",
              "runs": {
                "batter": 1,
                "extras": 0,
                "total": 1
              }
            },
            {
              "batter": "G Malla",
              "bowler": "NN Odhiambo",
              "non_striker": "SP Khakurel",
              "runs": {
                "batter": 4,
                "extras": 0,
                "total": 4
              }
            },
            {
              "batter": "G Malla",
              "bowler": "NN Odhiambo",
              "non_striker": "SP Khakurel",
              "runs": {
                "batter": 4,
                "extras": 0,
                "total": 4
              }
            }
          ]
        },
        {
          "over": 6,
          "deliveries": [
            {
              "batter": "SP Khakurel",
              "bowler": "HA Varaiya",
              "non_striker": "G Malla",
              "runs": {
                "batter": 2,
                "extras": 0,
                "total": 2
              }
            },
            {
              "batter": "SP Khakurel",
              "bowler": "HA Varaiya",
              "non_striker": "G Malla",
              "runs": {
                "batter": 0,
                "extras": 0,
                "total": 0
              }
            },
            {
              "batter": "SP Khakurel",
              "bowler": "HA Varaiya",
              "non_striker": "G Malla",
              "runs": {
                "batter": 4,
                "extras": 0,
                "total": 4
              }
            },
            {
              "batter": "SP Khakurel",
              "bowler": "HA Varaiya",
              "non_striker": "G Malla",
              "runs": {
                "batter": 0,
                "extras": 0,
                "total": 0
              }
            },
            {
              "batter": "SP Khakurel",
              "bowler": "HA Varaiya",
              "non_striker": "G Malla",
              "runs": {
                "batter": 1,
                "extras": 0,
                "total": 1
              }
            },
            {
              "batter": "G Malla",
              "bowler": "HA Varaiya",
              "non_striker": "SP Khakurel",
              "runs": {
                "batter": 0,
                "extras": 0,
                "total": 0
              }
            }
          ]
        },
        {
          "over": 7,
          "deliveries": [
            {
              "batter": "SP Khakurel",
              "bowler": "RG Aga",
              "non_striker": "G Malla",
              "runs": {
                "batter": 1,
                "extras": 0,
                "total": 1
              }
            },
            {
              "batter": "G Malla",
              "bowler": "RG Aga",
              "non_striker": "SP Khakurel",
              "runs": {
                "batter": 1,
                "extras": 0,
                "total": 1
              }
            },
            {
              "batter": "SP Khakurel",
              "bowler": "RG Aga",
              "non_striker": "G Malla",
              "runs": {
                "batter": 2,
                "extras": 0,
                "total": 2
              }
            },
            {
              "batter": "SP Khakurel",
              "bowler": "RG Aga",
              "non_striker": "G Malla",
              "runs": {
                "batter": 1,
                "extras": 0,
                "total": 1
              }
            },
            {
              "batter": "G Malla",
              "bowler": "RG Aga",
              "non_striker": "SP Khakurel",
              "runs": {
                "batter": 4,
                "extras": 0,
                "total": 4
              }
            },
            {
              "batter": "G Malla",
              "bowler": "RG Aga",
              "non_striker": "SP Khakurel",
              "runs": {
                "batter": 0,
                "extras": 0,
                "total": 0
              }
            }
          ]
        },
        {
          "over": 8,
          "deliveries": [
            {
              "batter": "SP Khakurel",
              "bowler": "SO Tikolo",
              "non_striker": "G Malla",
              "runs": {
                "batter": 0,
                "extras": 0,
                "total": 0
              }
            },
            {
              "batter": "SP Khakurel",
              "bowler": "SO Tikolo",
              "non_striker": "G Malla",
              "runs": {
                "batter": 1,
                "extras": 0,
                "total": 1
              }
            },
            {
              "batter": "G Malla",
              "bowler": "SO Tikolo",
              "non_striker": "SP Khakurel",
              "runs": {
                "batter": 0,
                "extras": 0,
                "total": 0
              }
            },
            {
              "batter": "G Malla",
              "bowler": "SO Tikolo",
              "extras": {
                "wides": 1
              },
              "non_striker": "SP Khakurel",
              "runs": {
                "batter": 0,
                "extras": 1,
                "total": 1
              }
            },
            {
              "batter": "G Malla",
              "bowler": "SO Tikolo",
              "non_striker": "SP Khakurel",
              "runs": {
                "batter": 0,
                "extras": 0,
                "total": 0
              }
            },
            {
              "batter": "G Malla",
              "bowler": "SO Tikolo",
              "non_striker": "SP Khakurel",
              "runs": {
                "batter": 4,
                "extras": 0,
                "total": 4
              }
            },
            {
              "batter": "G Malla",
              "bowler": "SO Tikolo",
              "non_striker": "SP Khakurel",
              "runs": {
                "batter": 4,
                "extras": 0,
                "total": 4
              }
            }
          ]
        },
        {
          "over": 9,
          "deliveries": [
            {
              "batter": "SP Khakurel",
              "bowler": "SO Ngoche",
              "non_striker": "G Malla",
              "runs": {
                "batter": 4,
                "extras": 0,
                "total": 4
              }
            },
            {
              "batter": "SP Khakurel",
              "bowler": "SO Ngoche",
              "non_striker": "G Malla",
              "runs": {
                "batter": 2,
                "extras": 0,
                "total": 2
              }
            },
            {
              "batter": "SP Khakurel",
              "bowler": "SO Ngoche",
              "non_striker": "G Malla",
              "runs": {
                "batter": 1,
                "extras": 0,
                "total": 1
              }
            },
            {
              "batter": "G Malla",
              "bowler": "SO Ngoche",
              "non_striker": "SP Khakurel",
              "runs": {
                "batter": 1,
                "extras": 0,
                "total": 1
              }
            },
            {
              "batter": "SP Khakurel",
              "bowler": "SO Ngoche",
              "non_striker": "G Malla",
              "runs": {
                "batter": 0,
                "extras": 0,
                "total": 0
              }
            },
            {
              "batter": "SP Khakurel",
              "bowler": "SO Ngoche",
              "non_striker": "G Malla",
              "runs": {
                "batter": 1,
                "extras": 0,
                "total": 1
              }
            }
          ]
        },
        {
          "over": 10,
          "deliveries": [
            {
              "batter": "SP Khakurel",
              "bowler": "HA Varaiya",
              "non_striker": "G Malla",
              "runs": {
                "batter": 2,
                "extras": 0,
                "total": 2
              }
            },
            {
              "batter": "SP Khakurel",
              "bowler": "HA Varaiya",
              "non_striker": "G Malla",
              "runs": {
                "batter": 1,
                "extras": 0,
                "total": 1
              }
            },
            {
              "batter": "G Malla",
              "bowler": "HA Varaiya",
              "non_striker": "SP Khakurel",
              "runs": {
                "batter": 0,
                "extras": 0,
                "total": 0
              },
              "wickets": [
                {
                  "kind": "stumped",
                  "player_out": "G Malla",
                  "fielders": [
                    {
                      "name": "MA Ouma"
                    }
                  ]
                }
              ]
            },
            {
              "batter": "P Khadka",
              "bowler": "HA Varaiya",
              "extras": {
                "wides": 5
              },
              "non_striker": "SP Khakurel",
              "runs": {
                "batter": 0,
                "extras": 5,
                "total": 5
              }
            },
            {
              "batter": "P Khadka",
              "bowler": "HA Varaiya",
              "non_striker": "SP Khakurel",
              "runs": {
                "batter": 0,
                "extras": 0,
                "total": 0
              }
            },
            {
              "batter": "P Khadka",
              "bowler": "HA Varaiya",
              "non_striker": "SP Khakurel",
              "runs": {
                "batter": 0,
                "extras": 0,
                "total": 0
              }
            },
            {
              "batter": "P Khadka",
              "bowler": "HA Varaiya",
              "non_striker": "SP Khakurel",
              "runs": {
                "batter": 1,
                "extras": 0,
                "total": 1
              }
            }
          ]
        },
        {
          "over": 11,
          "deliveries": [
            {
              "batter": "P Khadka",
              "bowler": "SO Ngoche",
              "non_striker": "SP Khakurel",
              "runs": {
                "batter": 0,
                "extras": 0,
                "total": 0
              }
            },
            {
              "batter": "P Khadka",
              "bowler": "SO Ngoche",
              "non_striker": "SP Khakurel",
              "runs": {
                "batter": 0,
                "extras": 0,
                "total": 0
              }
            },
            {
              "batter": "P Khadka",
              "bowler": "SO Ngoche",
              "non_striker": "SP Khakurel",
              "runs": {
                "batter": 1,
                "extras": 0,
                "total": 1
              }
            },
            {
              "batter": "SP Khakurel",
              "bowler": "SO Ngoche",
              "non_striker": "P Khadka",
              "runs": {
                "batter": 0,
                "extras": 0,
                "total": 0
              }
            },
            {
              "batter": "SP Khakurel",
              "bowler": "SO Ngoche",
              "non_striker": "P Khadka",
              "runs": {
                "batter": 1,
                "extras": 0,
                "total": 1
              }
            },
            {
              "batter": "P Khadka",
              "bowler": "SO Ngoche",
              "non_striker": "SP Khakurel",
              "runs": {
                "batter": 1,
                "extras": 0,
                "total": 1
              }
            }
          ]
        },
        {
          "over": 12,
          "deliveries": [
            {
              "batter": "P Khadka",
              "bowler": "E Otieno",
              "non_striker": "SP Khakurel",
              "runs": {
                "batter": 2,
                "extras": 0,
                "total": 2
              }
            },
            {
              "batter": "P Khadka",
              "bowler": "E Otieno",
              "non_striker": "SP Khakurel",
              "runs": {
                "batter": 0,
                "extras": 0,
                "total": 0
              }
            },
            {
              "batter": "P Khadka",
              "bowler": "E Otieno",
              "non_striker": "SP Khakurel",
              "runs": {
                "batter": 1,
                "extras": 0,
                "total": 1
              }
            },
            {
              "batter": "SP Khakurel",
              "bowler": "E Otieno",
              "non_striker": "P Khadka",
              "runs": {
                "batter": 1,
                "extras": 0,
                "total": 1
              }
            },
            {
              "batter": "P Khadka",
              "bowler": "E Otieno",
              "non_striker": "SP Khakurel",
              "runs": {
                "batter": 4,
                "extras": 0,
                "total": 4
              }
            },
            {
              "batter": "P Khadka",
              "bowler": "E Otieno",
              "non_striker": "SP Khakurel",
              "runs": {
                "batter": 4,
                "extras": 0,
                "total": 4
              }
            }
          ]
        },
        {
          "over": 13,
          "deliveries": [
            {
              "batter": "SP Khakurel",
              "bowler": "CO Obuya",
              "non_striker": "P Khadka",
              "runs": {
                "batter": 1,
                "extras": 0,
                "total": 1
              }
            },
            {
              "batter": "P Khadka",
              "bowler": "CO Obuya",
              "non_striker": "SP Khakurel",
              "runs": {
                "batter": 1,
                "extras": 0,
                "total": 1
              }
            },
            {
              "batter": "SP Khakurel",
              "bowler": "CO Obuya",
              "extras": {
                "wides": 1
              },
              "non_striker": "P Khadka",
              "runs": {
                "batter": 0,
                "extras": 1,
                "total": 1
              }
            },
            {
              "batter": "SP Khakurel",
              "bowler": "CO Obuya",
              "non_striker": "P Khadka",
              "runs": {
                "batter": 1,
                "extras": 0,
                "total": 1
              }
            },
            {
              "batter": "P Khadka",
              "bowler": "CO Obuya",
              "non_striker": "SP Khakurel",
              "runs": {
                "batter": 1,
                "extras": 0,
                "total": 1
              }
            },
            {
              "batter": "SP Khakurel",
              "bowler": "CO Obuya",
              "non_striker": "P Khadka",
              "runs": {
                "batter": 1,
                "extras": 0,
                "total": 1
              }
            },
            {
              "batter": "P Khadka",
              "bowler": "CO Obuya",
              "non_striker": "SP Khakurel",
              "runs": {
                "batter": 1,
                "extras": 0,
                "total": 1
              }
            }
          ]
        },
        {
          "over": 14,
          "deliveries": [
            {
              "batter": "P Khadka",
              "bowler": "HA Varaiya",
              "non_striker": "SP Khakurel",
              "runs": {
                "batter": 0,
                "extras": 0,
                "total": 0
              }
            },
            {
              "batter": "P Khadka",
              "bowler": "HA Varaiya",
              "non_striker": "SP Khakurel",
              "runs": {
                "batter": 6,
                "extras": 0,
                "total": 6
              }
            },
            {
              "batter": "P Khadka",
              "bowler": "HA Varaiya",
              "non_striker": "SP Khakurel",
              "runs": {
                "batter": 1,
                "extras": 0,
                "total": 1
              }
            },
            {
              "batter": "SP Khakurel",
              "bowler": "HA Varaiya",
              "non_striker": "P Khadka",
              "runs": {
                "batter": 0,
                "extras": 0,
                "total": 0
              }
            },
            {
              "batter": "SP Khakurel",
              "bowler": "HA Varaiya",
              "extras": {
                "wides": 1
              },
              "non_striker": "P Khadka",
              "runs": {
                "batter": 0,
                "extras": 1,
                "total": 1
              }
            },
            {
              "batter": "SP Khakurel",
              "bowler": "HA Varaiya",
              "non_striker": "P Khadka",
              "runs": {
                "batter": 1,
                "extras": 0,
                "total": 1
              }
            },
            {
              "batter": "P Khadka",
              "bowler": "HA Varaiya",
              "non_striker": "SP Khakurel",
              "runs": {
                "batter": 1,
                "extras": 0,
                "total": 1
              }
            }
          ]
        },
        {
          "over": 15,
          "deliveries": [
            {
              "batter": "P Khadka",
              "bowler": "CO Obuya",
              "non_striker": "SP Khakurel",
              "runs": {
                "batter": 2,
                "extras": 0,
                "total": 2
              }
            },
            {
              "batter": "P Khadka",
              "bowler": "CO Obuya",
              "non_striker": "SP Khakurel",
              "runs": {
                "batter": 4,
                "extras": 0,
                "total": 4
              }
            },
            {
              "batter": "P Khadka",
              "bowler": "CO Obuya",
              "non_striker": "SP Khakurel",
              "runs": {
                "batter": 1,
                "extras": 0,
                "total": 1
              }
            },
            {
              "batter": "SP Khakurel",
              "bowler": "CO Obuya",
              "non_striker": "P Khadka",
              "runs": {
                "batter": 0,
                "extras": 0,
                "total": 0
              }
            },
            {
              "batter": "SP Khakurel",
              "bowler": "CO Obuya",
              "non_striker": "P Khadka",
              "runs": {
                "batter": 0,
                "extras": 0,
                "total": 0
              },
              "wickets": [
                {
                  "kind": "run out",
                  "player_out": "SP Khakurel",
                  "fielders": [
                    {
                      "name": "CO Obuya"
                    }
                  ]
                }
              ]
            },
            {
              "batter": "B Bhandari",
              "bowler": "CO Obuya",
              "non_striker": "P Khadka",
              "runs": {
                "batter": 1,
                "extras": 0,
                "total": 1
              }
            }
          ]
        },
        {
          "over": 16,
          "deliveries": [
            {
              "batter": "B Bhandari",
              "bowler": "NN Odhiambo",
              "non_striker": "P Khadka",
              "runs": {
                "batter": 4,
                "extras": 0,
                "total": 4
              }
            },
            {
              "batter": "B Bhandari",
              "bowler": "NN Odhiambo",
              "non_striker": "P Khadka",
              "runs": {
                "batter": 1,
                "extras": 0,
                "total": 1
              }
            },
            {
              "batter": "P Khadka",
              "bowler": "NN Odhiambo",
              "non_striker": "B Bhandari",
              "runs": {
                "batter": 1,
                "extras": 0,
                "total": 1
              }
            },
            {
              "batter": "B Bhandari",
              "bowler": "NN Odhiambo",
              "non_striker": "P Khadka",
              "runs": {
                "batter": 1,
                "extras": 0,
                "total": 1
              }
            },
            {
              "batter": "P Khadka",
              "bowler": "NN Odhiambo",
              "non_striker": "B Bhandari",
              "runs": {
                "batter": 1,
                "extras": 0,
                "total": 1
              }
            },
            {
              "batter": "B Bhandari",
              "bowler": "NN Odhiambo",
              "non_striker": "P Khadka",
              "runs": {
                "batter": 1,
                "extras": 0,
                "total": 1
              }
            }
          ]
        },
        {
          "over": 17,
          "deliveries": [
            {
              "batter": "B Bhandari",
              "bowler": "E Otieno",
              "non_striker": "P Khadka",
              "runs": {
                "batter": 3,
                "extras": 0,
                "total": 3
              }
            },
            {
              "batter": "P Khadka",
              "bowler": "E Otieno",
              "non_striker": "B Bhandari",
              "runs": {
                "batter": 6,
                "extras": 0,
                "total": 6
              }
            },
            {
              "batter": "P Khadka",
              "bowler": "E Otieno",
              "non_striker": "B Bhandari",
              "runs": {
                "batter": 6,
                "extras": 0,
                "total": 6
              }
            },
            {
              "batter": "P Khadka",
              "bowler": "E Otieno",
              "non_striker": "B Bhandari",
              "runs": {
                "batter": 0,
                "extras": 0,
                "total": 0
              }
            },
            {
              "batter": "P Khadka",
              "bowler": "E Otieno",
              "non_striker": "B Bhandari",
              "runs": {
                "batter": 6,
                "extras": 0,
                "total": 6
              }
            },
            {
              "batter": "P Khadka",
              "bowler": "E Otieno",
              "extras": {
                "legbyes": 1
              },
              "non_striker": "B Bhandari",
              "runs": {
                "batter": 0,
                "extras": 1,
                "total": 1
              }
            }
          ]
        },
        {
          "over": 18,
          "deliveries": [
            {
              "batter": "P Khadka",
              "bowler": "NN Odhiambo",
              "non_striker": "B Bhandari",
              "runs": {
                "batter": 1,
                "extras": 0,
                "total": 1
              }
            },
            {
              "batter": "B Bhandari",
              "bowler": "NN Odhiambo",
              "non_striker": "P Khadka",
              "runs": {
                "batter": 1,
                "extras": 0,
                "total": 1
              }
            },
            {
              "batter": "P Khadka",
              "bowler": "NN Odhiambo",
              "non_striker": "B Bhandari",
              "runs": {
                "batter": 1,
                "extras": 0,
                "total": 1
              }
            },
            {
              "batter": "B Bhandari",
              "bowler": "NN Odhiambo",
              "non_striker": "P Khadka",
              "runs": {
                "batter": 0,
                "extras": 0,
                "total": 0
              },
              "wickets": [
                {
                  "kind": "bowled",
                  "player_out": "B Bhandari"
                }
              ]
            },
            {
              "batter": "S Vesawkar",
              "bowler": "NN Odhiambo",
              "non_striker": "P Khadka",
              "runs": {
                "batter": 2,
                "extras": 0,
                "total": 2
              }
            },
            {
              "batter": "S Vesawkar",
              "bowler": "NN Odhiambo",
              "non_striker": "P Khadka",
              "runs": {
                "batter": 1,
                "extras": 0,
                "total": 1
              }
            }
          ]
        },
        {
          "over": 19,
          "deliveries": [
            {
              "batter": "S Vesawkar",
              "bowler": "RG Aga",
              "non_striker": "P Khadka",
              "runs": {
                "batter": 6,
                "extras": 0,
                "total": 6
              }
            },
            {
              "batter": "S Vesawkar",
              "bowler": "RG Aga",
              "non_striker": "P Khadka",
              "runs": {
                "batter": 2,
                "extras": 0,
                "total": 2
              }
            },
            {
              "batter": "S Vesawkar",
              "bowler": "RG Aga",
              "non_striker": "P Khadka",
              "runs": {
                "batter": 6,
                "extras": 0,
                "total": 6
              }
            },
            {
              "batter": "S Vesawkar",
              "bowler": "RG Aga",
              "non_striker": "P Khadka",
              "runs": {
                "batter": 6,
                "extras": 0,
                "total": 6
              }
            }
          ]
        }
      ],
      "powerplays": [
        {
          "from": 0.1,
          "to": 5.6,
          "type": "mandatory"
        }
      ],
      "target": {
        "overs": 20,
        "runs": 183
      }
    }
  ]
}