{
  "meta": {
    "data_version": "1.0.0",
    "created": "2013-12-18",
    "revision": 2
  },
  "info": {
    "balls_per_over": 6,
    "city": "Dubai",
    "dates": [
      "2013-11-23"
    ],
    "event": {
      "group": "B",
      "match_number": 49,
      "name": "ICC World Twenty20 Qualifier"
    },
    "gender": "male",
    "match_type": "IT20",
    "officials": {
      "match_referees": [
        "GF Labrooy"
      ],
      "reserve_umpires": [
        "Sarika Prasad"
      ],
      "umpires": [
        "AT Holdstock",
        "S Ravi"
      ]
    },
    "outcome": {
      "by": {
        "runs": 21
      },
      "winner": "Nepal"
    },
    "overs": 20,
    "player_of_match": [
      "JK Mukhiya"
    ],
    "players": {
      "Bermuda": [
        "DC Stovell",
        "KL Tucker",
        "LOB Cann",
        "DL Hemp",
        "JJ Tucker",
        "AC Douglas",
        "T Manders",
        "KS Leverock",
        "MO Jones",
        "RJ Robinson",
        "KE Bashir"
      ],
      "Nepal": [
        "SP Khakurel",
        "Sagar Pun",
        "PS Airee",
        "P Khadka",
        "B Bhandari",
        "G Malla",
        "S Vesawkar",
        "B Regmi",
        "SP Gauchan",
        "JK Mukhiya",
        "A Karn"
      ]
    },
    "registry": {
      "people": {
        "A Karn": "357f5314",
        "AC Douglas": "f86ce673",
        "AT Holdstock": "6fa3258c",
        "B Bhandari": "82342b13",
        "B Regmi": "98d05440",
        "DC Stovell": "7f6c2dae",
        "DL Hemp": "cb263798",
        "G Malla": "b2e1d224",
        "GF Labrooy": "8e088dbc",
        "JJ Tucker": "bceb1b07",
        "JK Mukhiya": "f8dcfe4e",
        "KE Bashir": "4cfc2dc0",
        "KL Tucker": "f9a87783",
        "KS Leverock": "e1592949",
        "LOB Cann": "4487cc09",
        "MO Jones": "0e0afd8b",
        "P Khadka": "12c3ba4d",
        "PS Airee": "cc18ba92",
        "RJ Robinson": "f5853cef",
        "S Ravi": "9b9ee0df",
        "S Vesawkar": "3de06845",
        "SP Gauchan": "2d8aae2f",
        "SP Khakurel": "9a6b71d1",
        "Sagar Pun": "3c4007d3",
        "Sarika Prasad": "8ff397fa",
        "T Manders": "6d2b9724"
      }
    },
    "season": "2013/14",
    "team_type": "international",
    "teams": [
      "Bermuda",
      "Nepal"
    ],
    "toss": {
      "decision": "field",
      "winner": "Bermuda"
    },
    "venue": "ICC Academy"
  },
  "innings": [
    {
      "team": "Nepal",
      "overs": [
        {
          "over": 0,
          "deliveries": [
            {
              "batter": "SP Khakurel",
              "bowler": "MO Jones",
              "non_striker": "Sagar Pun",
              "runs": {
                "batter": 1,
                "extras": 0,
                "total": 1
              }
            },
            {
              "batter": "Sagar Pun",
              "bowler": "MO Jones",
              "non_striker": "SP Khakurel",
              "runs": {
                "batter": 0,
                "extras": 0,
                "total": 0
              }
            },
            {
              "batter": "Sagar Pun",
              "bowler": "MO Jones",
              "extras": {
                "legbyes": 1
              },
              "non_striker": "SP Khakurel",
              "runs": {
                "batter": 0,
                "extras": 1,
                "total": 1
              }
            },
            {
              "batter": "SP Khakurel",
              "bowler": "MO Jones",
              "non_striker": "Sagar Pun",
              "runs": {
                "batter": 0,
                "extras": 0,
                "total": 0
              }
            },
            {
              "batter": "SP Khakurel",
              "bowler": "MO Jones",
              "non_striker": "Sagar Pun",
              "runs": {
                "batter": 0,
                "extras": 0,
                "total": 0
              }
            },
            {
              "batter": "SP Khakurel",
              "bowler": "MO Jones",
              "non_striker": "Sagar Pun",
              "runs": {
                "batter": 1,
                "extras": 0,
                "total": 1
              }
            }
          ]
        },
        {
          "over": 1,
          "deliveries": [
            {
              "batter": "SP Khakurel",
              "bowler": "JJ Tucker",
              "non_striker": "Sagar Pun",
              "runs": {
                "batter": 1,
                "extras": 0,
                "total": 1
              }
            },
            {
              "batter": "Sagar Pun",
              "bowler": "JJ Tucker",
              "non_striker": "SP Khakurel",
              "runs": {
                "batter": 4,
                "extras": 0,
                "total": 4
              }
            },
            {
              "batter": "Sagar Pun",
              "bowler": "JJ Tucker",
              "non_striker": "SP Khakurel",
              "runs": {
                "batter": 0,
                "extras": 0,
                "total": 0
              }
            },
            {
              "batter": "Sagar Pun",
              "bowler": "JJ Tucker",
              "non_striker": "SP Khakurel",
              "runs": {
                "batter": 0,
                "extras": 0,
                "total": 0
              }
            },
            {
              "batter": "Sagar Pun",
              "bowler": "JJ Tucker",
              "non_striker": "SP Khakurel",
              "runs": {
                "batter": 1,
                "extras": 0,
                "total": 1
              }
            },
            {
              "batter": "SP Khakurel",
              "bowler": "JJ Tucker",
              "non_striker": "Sagar Pun",
              "runs": {
                "batter": 4,
                "extras": 0,
                "total": 4
              }
            }
          ]
        },
        {
          "over": 2,
          "deliveries": [
            {
              "batter": "Sagar Pun",
              "bowler": "MO Jones",
              "extras": {
                "wides": 1
              },
              "non_striker": "SP Khakurel",
              "runs": {
                "batter": 0,
                "extras": 1,
                "total": 1
              }
            },
            {
              "batter": "Sagar Pun",
              "bowler": "MO Jones",
              "non_striker": "SP Khakurel",
              "runs": {
                "batter": 0,
                "extras": 0,
                "total": 0
              }
            },
            {
              "batter": "Sagar Pun",
              "bowler": "MO Jones",
              "non_striker": "SP Khakurel",
              "runs": {
                "batter": 1,
                "extras": 0,
                "total": 1
              }
            },
            {
              "batter": "SP Khakurel",
              "bowler": "MO Jones",
              "non_striker": "Sagar Pun",
              "runs": {
                "batter": 0,
                "extras": 0,
                "total": 0
              }
            },
            {
              "batter": "SP Khakurel",
              "bowler": "MO Jones",
              "non_striker": "Sagar Pun",
              "runs": {
                "batter": 1,
                "extras": 0,
                "total": 1
              }
            },
            {
              "batter": "Sagar Pun",
              "bowler": "MO Jones",
              "non_striker": "SP Khakurel",
              "runs": {
                "batter": 1,
                "extras": 0,
                "total": 1
              }
            },
            {
              "batter": "SP Khakurel",
              "bowler": "MO Jones",
              "non_striker": "Sagar Pun",
              "runs": {
                "batter": 4,
                "extras": 0,
                "total": 4
              }
            }
          ]
        },
        {
          "over": 3,
          "deliveries": [
            {
              "batter": "Sagar Pun",
              "bowler": "JJ Tucker",
              "non_striker": "SP Khakurel",
              "runs": {
                "batter": 0,
                "extras": 0,
                "total": 0
              }
            },
            {
              "batter": "Sagar Pun",
              "bowler": "JJ Tucker",
              "non_striker": "SP Khakurel",
              "runs": {
                "batter": 6,
                "extras": 0,
                "total": 6
              }
            },
            {
              "batter": "Sagar Pun",
              "bowler": "JJ Tucker",
              "non_striker": "SP Khakurel",
              "runs": {
                "batter": 1,
                "extras": 0,
                "total": 1
              }
            },
            {
              "batter": "SP Khakurel",
              "bowler": "JJ Tucker",
              "non_striker": "Sagar Pun",
              "runs": {
                "batter": 2,
                "extras": 0,
                "total": 2
              }
            },
            {
              "batter": "SP Khakurel",
              "bowler": "JJ Tucker",
              "non_striker": "Sagar Pun",
              "runs": {
                "batter": 0,
                "extras": 0,
                "total": 0
              }
            },
            {
              "batter": "SP Khakurel",
              "bowler": "JJ Tucker",
              "non_striker": "Sagar Pun",
              "runs": {
                "batter": 1,
                "extras": 0,
                "total": 1
              }
            }
          ]
        },
        {
          "over": 4,
          "deliveries": [
            {
              "batter": "SP Khakurel",
              "bowler": "MO Jones",
              "extras": {
                "legbyes": 1
              },
              "non_striker": "Sagar Pun",
              "runs": {
                "batter": 0,
                "extras": 1,
                "total": 1
              }
            },
            {
              "batter": "Sagar Pun",
              "bowler": "MO Jones",
              "non_striker": "SP Khakurel",
              "runs": {
                "batter": 4,
                "extras": 0,
                "total": 4
              }
            },
            {
              "batter": "Sagar Pun",
              "bowler": "MO Jones",
              "non_striker": "SP Khakurel",
              "runs": {
                "batter": 0,
                "extras": 0,
                "total": 0
              }
            },
            {
              "batter": "Sagar Pun",
              "bowler": "MO Jones",
              "non_striker": "SP Khakurel",
              "runs": {
                "batter": 0,
                "extras": 0,
                "total": 0
              }
            },
            {
              "batter": "Sagar Pun",
              "bowler": "MO Jones",
              "non_striker": "SP Khakurel",
              "runs": {
                "batter": 1,
                "extras": 0,
                "total": 1
              }
            },
            {
              "batter": "SP Khakurel",
              "bowler": "MO Jones",
              "non_striker": "Sagar Pun",
              "runs": {
                "batter": 0,
                "extras": 0,
                "total": 0
              }
            }
          ]
        },
        {
          "over": 5,
          "deliveries": [
            {
              "batter": "Sagar Pun",
              "bowler": "DC Stovell",
              "non_striker": "SP Khakurel",
              "runs": {
                "batter": 0,
                "extras": 0,
                "total": 0
              }
            },
            {
              "batter": "Sagar Pun",
              "bowler": "DC Stovell",
              "non_striker": "SP Khakurel",
              "runs": {
                "batter": 0,
                "extras": 0,
                "total": 0
              }
            },
            {
              "batter": "Sagar Pun",
              "bowler": "DC Stovell",
              "non_striker": "SP Khakurel",
              "runs": {
                "batter": 0,
                "extras": 0,
                "total": 0
              }
            },
            {
              "batter": "Sagar Pun",
              "bowler": "DC Stovell",
              "non_striker": "SP Khakurel",
              "runs": {
                "batter": 0,
                "extras": 0,
                "total": 0
              },
              "wickets": [
                {
                  "kind": "caught",
                  "player_out": "Sagar Pun",
                  "fielders": [
                    {
                      "name": "AC Douglas"
                    }
                  ]
                }
              ]
            },
            {
              "batter": "SP Khakurel",
              "bowler": "DC Stovell",
              "non_striker": "PS Airee",
              "runs": {
                "batter": 1,
                "extras": 0,
                "total": 1
              }
            },
            {
              "batter": "PS Airee",
              "bowler": "DC Stovell",
              "non_striker": "SP Khakurel",
              "runs": {
                "batter": 0,
                "extras": 0,
                "total": 0
              }
            }
          ]
        },
        {
          "over": 6,
          "deliveries": [
            {
              "batter": "SP Khakurel",
              "bowler": "RJ Robinson",
              "non_striker": "PS Airee",
              "runs": {
                "batter": 1,
                "extras": 0,
                "total": 1
              }
            },
            {
              "batter": "PS Airee",
              "bowler": "RJ Robinson",
              "non_striker": "SP Khakurel",
              "runs": {
                "batter": 1,
                "extras": 0,
                "total": 1
              }
            },
            {
              "batter": "SP Khakurel",
              "bowler": "RJ Robinson",
              "non_striker": "PS Airee",
              "runs": {
                "batter": 4,
                "extras": 0,
                "total": 4
              }
            },
            {
              "batter": "SP Khakurel",
              "bowler": "RJ Robinson",
              "non_striker": "PS Airee",
              "runs": {
                "batter": 0,
                "extras": 0,
                "total": 0
              }
            },
            {
              "batter": "SP Khakurel",
              "bowler": "RJ Robinson",
              "non_striker": "PS Airee",
              "runs": {
                "batter": 1,
                "extras": 0,
                "total": 1
              }
            },
            {
              "batter": "PS Airee",
              "bowler": "RJ Robinson",
              "non_striker": "SP Khakurel",
              "runs": {
                "batter": 0,
                "extras": 0,
                "total": 0
              }
            }
          ]
        },
        {
          "over": 7,
          "deliveries": [
            {
              "batter": "SP Khakurel",
              "bowler": "DC Stovell",
              "non_striker": "PS Airee",
              "runs": {
                "batter": 1,
                "extras": 0,
                "total": 1
              }
            },
            {
              "batter": "PS Airee",
              "bowler": "DC Stovell",
              "non_striker": "SP Khakurel",
              "runs": {
                "batter": 0,
                "extras": 0,
                "total": 0
              }
            },
            {
              "batter": "PS Airee",
              "bowler": "DC Stovell",
              "non_striker": "SP Khakurel",
              "runs": {
                "batter": 4,
                "extras": 0,
                "total": 4
              }
            },
            {
              "batter": "PS Airee",
              "bowler": "DC Stovell",
              "non_striker": "SP Khakurel",
              "runs": {
                "batter": 6,
                "extras": 0,
                "total": 6
              }
            },
            {
              "batter": "PS Airee",
              "bowler": "DC Stovell",
              "non_striker": "SP Khakurel",
              "runs": {
                "batter": 1,
                "extras": 0,
                "total": 1
              }
            },
            {
              "batter": "SP Khakurel",
              "bowler": "DC Stovell",
              "non_striker": "PS Airee",
              "runs": {
                "batter": 1,
                "extras": 0,
                "total": 1
              }
            }
          ]
        },
        {
          "over": 8,
          "deliveries": [
            {
              "batter": "SP Khakurel",
              "bowler": "RJ Robinson",
              "non_striker": "PS Airee",
              "runs": {
                "batter": 0,
                "extras": 0,
                "total": 0
              }
            },
            {
              "batter": "SP Khakurel",
              "bowler": "RJ Robinson",
              "non_striker": "PS Airee",
              "runs": {
                "batter": 1,
                "extras": 0,
                "total": 1
              }
            },
            {
              "batter": "PS Airee",
              "bowler": "RJ Robinson",
              "non_striker": "SP Khakurel",
              "runs": {
                "batter": 1,
                "extras": 0,
                "total": 1
              }
            },
            {
              "batter": "SP Khakurel",
              "bowler": "RJ Robinson",
              "non_striker": "PS Airee",
              "runs": {
                "batter": 0,
                "extras": 0,
                "total": 0
              }
            },
            {
              "batter": "SP Khakurel",
              "bowler": "RJ Robinson",
              "non_striker": "PS Airee",
              "runs": {
                "batter": 1,
                "extras": 0,
                "total": 1
              }
            },
            {
              "batter": "PS Airee",
              "bowler": "RJ Robinson",
              "non_striker": "SP Khakurel",
              "runs": {
                "batter": 1,
                "extras": 0,
                "total": 1
              }
            }
          ]
        },
        {
          "over": 9,
          "deliveries": [
            {
              "batter": "PS Airee",
              "bowler": "DC Stovell",
              "non_striker": "SP Khakurel",
              "runs": {
                "batter": 1,
                "extras": 0,
                "total": 1
              }
            },
            {
              "batter": "SP Khakurel",
              "bowler": "DC Stovell",
              "non_striker": "PS Airee",
              "runs": {
                "batter": 1,
                "extras": 0,
                "total": 1
              }
            },
            {
              "batter": "PS Airee",
              "bowler": "DC Stovell",
              "non_striker": "SP Khakurel",
              "runs": {
                "batter": 2,
                "extras": 0,
                "total": 2
              }
            },
            {
              "batter": "PS Airee",
              "bowler": "DC Stovell",
              "non_striker": "SP Khakurel",
              "runs": {
                "batter": 1,
                "extras": 0,
                "total": 1
              }
            },
            {
              "batter": "SP Khakurel",
              "bowler": "DC Stovell",
              "non_striker": "PS Airee",
              "runs": {
                "batter": 1,
                "extras": 0,
                "total": 1
              }
            },
            {
              "batter": "PS Airee",
              "bowler": "DC Stovell",
              "non_striker": "SP Khakurel",
              "runs": {
                "batter": 1,
                "extras": 0,
                "total": 1
              }
            }
          ]
        },
        {
          "over": 10,
          "deliveries": [
            {
              "batter": "PS Airee",
              "bowler": "AC Douglas",
              "non_striker": "SP Khakurel",
              "runs": {
                "batter": 2,
                "extras": 0,
                "total": 2
              }
            },
            {
              "batter": "PS Airee",
              "bowler": "AC Douglas",
              "non_striker": "SP Khakurel",
              "runs": {
                "batter": 1,
                "extras": 0,
                "total": 1
              }
            },
            {
              "batter": "SP Khakurel",
              "bowler": "AC Douglas",
              "non_striker": "PS Airee",
              "runs": {
                "batter": 1,
                "extras": 0,
                "total": 1
              }
            },
            {
              "batter": "PS Airee",
              "bowler": "AC Douglas",
              "non_striker": "SP Khakurel",
              "runs": {
                "batter": 0,
                "extras": 0,
                "total": 0
              },
              "wickets": [
                {
                  "kind": "caught",
                  "player_out": "PS Airee",
                  "fielders": [
                    {
                      "name": "DC Stovell"
                    }
                  ]
                }
              ]
            },
            {
              "batter": "P Khadka",
              "bowler": "AC Douglas",
              "non_striker": "SP Khakurel",
              "runs": {
                "batter": 1,
                "extras": 0,
                "total": 1
              }
            },
            {
              "batter": "SP Khakurel",
              "bowler": "AC Douglas",
              "non_striker": "P Khadka",
              "runs": {
                "batter": 1,
                "extras": 0,
                "total": 1
              }
            }
          ]
        },
        {
          "over": 11,
          "deliveries": [
            {
              "batter": "SP Khakurel",
              "bowler": "DC Stovell",
              "non_striker": "P Khadka",
              "runs": {
                "batter": 0,
                "extras": 0,
                "total": 0
              }
            },
            {
              "batter": "SP Khakurel",
              "bowler": "DC Stovell",
              "non_striker": "P Khadka",
              "runs": {
                "batter": 1,
                "extras": 0,
                "total": 1
              }
            },
            {
              "batter": "P Khadka",
              "bowler": "DC Stovell",
              "non_striker": "SP Khakurel",
              "runs": {
                "batter": 1,
                "extras": 0,
                "total": 1
              }
            },
            {
              "batter": "SP Khakurel",
              "bowler": "DC Stovell",
              "non_striker": "P Khadka",
              "runs": {
                "batter": 1,
                "extras": 0,
                "total": 1
              }
            },
            {
              "batter": "P Khadka",
              "bowler": "DC Stovell",
              "non_striker": "SP Khakurel",
              "runs": {
                "batter": 1,
                "extras": 0,
                "total": 1
              }
            },
            {
              "batter": "SP Khakurel",
              "bowler": "DC Stovell",
              "non_striker": "P Khadka",
              "runs": {
                "batter": 2,
                "extras": 0,
                "total": 2
              }
            }
          ]
        },
        {
          "over": 12,
          "deliveries": [
            {
              "batter": "P Khadka",
              "bowler": "AC Douglas",
              "non_striker": "SP Khakurel",
              "runs": {
                "batter": 1,
                "extras": 0,
                "total": 1
              }
            },
            {
              "batter": "SP Khakurel",
              "bowler": "AC Douglas",
              "non_striker": "P Khadka",
              "runs": {
                "batter": 1,
                "extras": 0,
                "total": 1
              }
            },
            {
              "batter": "P Khadka",
              "bowler": "AC Douglas",
              "non_striker": "SP Khakurel",
              "runs": {
                "batter": 2,
                "extras": 0,
                "total": 2
              }
            },
            {
              "batter": "P Khadka",
              "bowler": "AC Douglas",
              "non_striker": "SP Khakurel",
              "runs": {
                "batter": 0,
                "extras": 0,
                "total": 0
              }
            },
            {
              "batter": "P Khadka",
              "bowler": "AC Douglas",
              "non_striker": "SP Khakurel",
              "runs": {
                "batter": 1,
                "extras": 0,
                "total": 1
              }
            },
            {
              "batter": "SP Khakurel",
              "bowler": "AC Douglas",
              "non_striker": "P Khadka",
              "runs": {
                "batter": 0,
                "extras": 0,
                "total": 0
              },
              "wickets": [
                {
                  "kind": "caught",
                  "player_out": "SP Khakurel",
                  "fielders": [
                    {
                      "name": "DL Hemp"
                    }
                  ]
                }
              ]
            }
          ]
        },
        {
          "over": 13,
          "deliveries": [
            {
              "batter": "B Bhandari",
              "bowler": "RJ Robinson",
              "non_striker": "P Khadka",
              "runs": {
                "batter": 0,
                "extras": 0,
                "total": 0
              }
            },
            {
              "batter": "B Bhandari",
              "bowler": "RJ Robinson",
              "non_striker": "P Khadka",
              "runs": {
                "batter": 1,
                "extras": 0,
                "total": 1
              }
            },
            {
              "batter": "P Khadka",
              "bowler": "RJ Robinson",
              "non_striker": "B Bhandari",
              "runs": {
                "batter": 0,
                "extras": 0,
                "total": 0
              },
              "wickets": [
                {
                  "kind": "caught",
                  "player_out": "P Khadka",
                  "fielders": [
                    {
                      "name": "T Manders"
                    }
                  ]
                }
              ]
            },
            {
              "batter": "B Bhandari",
              "bowler": "RJ Robinson",
              "non_striker": "G Malla",
              "runs": {
                "batter": 1,
                "extras": 0,
                "total": 1
              }
            },
            {
              "batter": "G Malla",
              "bowler": "RJ Robinson",
              "non_striker": "B Bhandari",
              "runs": {
                "batter": 1,
                "extras": 0,
                "total": 1
              }
            },
            {
              "batter": "B Bhandari",
              "bowler": "RJ Robinson",
              "non_striker": "G Malla",
              "runs": {
                "batter": 6,
                "extras": 0,
                "total": 6
              }
            }
          ]
        },
        {
          "over": 14,
          "deliveries": [
            {
              "batter": "G Malla",
              "bowler": "AC Douglas",
              "non_striker": "B Bhandari",
              "runs": {
                "batter": 2,
                "extras": 0,
                "total": 2
              }
            },
            {
              "batter": "G Malla",
              "bowler": "AC Douglas",
              "non_striker": "B Bhandari",
              "runs": {
                "batter": 0,
                "extras": 0,
                "total": 0
              }
            },
            {
              "batter": "G Malla",
              "bowler": "AC Douglas",
              "non_striker": "B Bhandari",
              "runs": {
                "batter": 4,
                "extras": 0,
                "total": 4
              }
            },
            {
              "batter": "G Malla",
              "bowler": "AC Douglas",
              "non_striker": "B Bhandari",
              "runs": {
                "batter": 4,
                "extras": 0,
                "total": 4
              }
            },
            {
              "batter": "G Malla",
              "bowler": "AC Douglas",
              "non_striker": "B Bhandari",
              "runs": {
                "batter": 0,
                "extras": 0,
                "total": 0
              }
            },
            {
              "batter": "G Malla",
              "bowler": "AC Douglas",
              "non_striker": "B Bhandari",
              "runs": {
                "batter": 1,
                "extras": 0,
                "total": 1
              }
            }
          ]
        },
        {
          "over": 15,
          "deliveries": [
            {
              "batter": "G Malla",
              "bowler": "JJ Tucker",
              "non_striker": "B Bhandari",
              "runs": {
                "batter": 1,
                "extras": 0,
                "total": 1
              }
            },
            {
              "batter": "B Bhandari",
              "bowler": "JJ Tucker",
              "non_striker": "G Malla",
              "runs": {
                "batter": 1,
                "extras": 0,
                "total": 1
              }
            },
            {
              "batter": "G Malla",
              "bowler": "JJ Tucker",
              "non_striker": "B Bhandari",
              "runs": {
                "batter": 1,
                "extras": 0,
                "total": 1
              }
            },
            {
              "batter": "B Bhandari",
              "bowler": "JJ Tucker",
              "extras": {
                "legbyes": 1
              },
              "non_striker": "G Malla",
              "runs": {
                "batter": 0,
                "extras": 1,
                "total": 1
              }
            },
            {
              "batter": "G Malla",
              "bowler": "JJ Tucker",
              "non_striker": "B Bhandari",
              "runs": {
                "batter": 1,
                "extras": 0,
                "total": 1
              }
            },
            {
              "batter": "B Bhandari",
              "bowler": "JJ Tucker",
              "non_striker": "G Malla",
              "runs": {
                "batter": 4,
                "extras": 0,
                "total": 4
              }
            }
          ]
        },
        {
          "over": 16,
          "deliveries": [
            {
              "batter": "G Malla",
              "bowler": "KE Bashir",
              "non_striker": "B Bhandari",
              "runs": {
                "batter": 1,
                "extras": 0,
                "total": 1
              }
            },
            {
              "batter": "B Bhandari",
              "bowler": "KE Bashir",
              "non_striker": "G Malla",
              "runs": {
                "batter": 0,
                "extras": 0,
                "total": 0
              },
              "wickets": [
                {
                  "kind": "caught",
                  "player_out": "B Bhandari",
                  "fielders": [
                    {
                      "name": "AC Douglas"
                    }
                  ]
                }
              ]
            },
            {
              "batter": "G Malla",
              "bowler": "KE Bashir",
              "non_striker": "S Vesawkar",
              "runs": {
                "batter": 1,
                "extras": 0,
                "total": 1
              }
            },
            {
              "batter": "S Vesawkar",
              "bowler": "KE Bashir",
              "non_striker": "G Malla",
              "runs": {
                "batter": 0,
                "extras": 0,
                "total": 0
              }
            },
            {
              "batter": "S Vesawkar",
              "bowler": "KE Bashir",
              "non_striker": "G Malla",
              "runs": {
                "batter": 0,
                "extras": 0,
                "total": 0
              }
            },
            {
              "batter": "S Vesawkar",
              "bowler": "KE Bashir",
              "non_striker": "G Malla",
              "runs": {
                "batter": 1,
                "extras": 0,
                "total": 1
              }
            }
          ]
        },
        {
          "over": 17,
          "deliveries": [
            {
              "batter": "S Vesawkar",
              "bowler": "JJ Tucker",
              "non_striker": "G Malla",
              "runs": {
                "batter": 1,
                "extras": 0,
                "total": 1
              }
            },
            {
              "batter": "G Malla",
              "bowler": "JJ Tucker",
              "non_striker": "S Vesawkar",
              "runs": {
                "batter": 1,
                "extras": 0,
                "total": 1
              }
            },
            {
              "batter": "S Vesawkar",
              "bowler": "JJ Tucker",
              "non_striker": "G Malla",
              "runs": {
                "batter": 1,
                "extras": 0,
                "total": 1
              }
            },
            {
              "batter": "G Malla",
              "bowler": "JJ Tucker",
              "non_striker": "S Vesawkar",
              "runs": {
                "batter": 6,
                "extras": 0,
                "total": 6
              }
            },
            {
              "batter": "G Malla",
              "bowler": "JJ Tucker",
              "non_striker": "S Vesawkar",
              "runs": {
                "batter": 4,
                "extras": 0,
                "total": 4
              }
            },
            {
              "batter": "G Malla",
              "bowler": "JJ Tucker",
              "non_striker": "S Vesawkar",
              "runs": {
                "batter": 1,
                "extras": 0,
                "total": 1
              }
            }
          ]
        },
        {
          "over": 18,
          "deliveries": [
            {
              "batter": "G Malla",
              "bowler": "KE Bashir",
              "non_striker": "S Vesawkar",
              "runs": {
                "batter": 0,
                "extras": 0,
                "total": 0
              }
            },
            {
              "batter": "G Malla",
              "bowler": "KE Bashir",
              "non_striker": "S Vesawkar",
              "runs": {
                "batter": 6,
                "extras": 0,
                "total": 6
              }
            },
            {
              "batter": "G Malla",
              "bowler": "KE Bashir",
              "non_striker": "S Vesawkar",
              "runs": {
                "batter": 3,
                "extras": 0,
                "total": 3
              }
            },
            {
              "batter": "S Vesawkar",
              "bowler": "KE Bashir",
              "non_striker": "G Malla",
              "runs": {
                "batter": 2,
                "extras": 0,
                "total": 2
              }
            },
            {
              "batter": "S Vesawkar",
              "bowler": "KE Bashir",
              "non_striker": "G Malla",
              "runs": {
                "batter": 2,
                "extras": 0,
                "total": 2
              }
            },
            {
              "batter": "S Vesawkar",
              "bowler": "KE Bashir",
              "non_striker": "G Malla",
              "runs": {
                "batter": 0,
                "extras": 0,
                "total": 0
              },
              "wickets": [
                {
                  "kind": "bowled",
                  "player_out": "S Vesawkar"
                }
              ]
            }
          ]
        },
        {
          "over": 19,
          "deliveries": [
            {
              "batter": "G Malla",
              "bowler": "MO Jones",
              "non_striker": "B Regmi",
              "runs": {
                "batter": 1,
                "extras": 0,
                "total": 1
              }
            },
            {
              "batter": "B Regmi",
              "bowler": "MO Jones",
              "non_striker": "G Malla",
              "runs": {
                "batter": 1,
                "extras": 0,
                "total": 1
              }
            },
            {
              "batter": "G Malla",
              "bowler": "MO Jones",
              "non_striker": "B Regmi",
              "runs": {
                "batter": 0,
                "extras": 0,
                "total": 0
              }
            },
            {
              "batter": "G Malla",
              "bowler": "MO Jones",
              "non_striker": "B Regmi",
              "runs": {
                "batter": 0,
                "extras": 0,
                "total": 0
              },
              "wickets": [
                {
                  "kind": "caught",
                  "player_out": "G Malla",
                  "fielders": [
                    {
                      "name": "JJ Tucker"
                    }
                  ]
                }
              ]
            },
            {
              "batter": "B Regmi",
              "bowler": "MO Jones",
              "non_striker": "SP Gauchan",
              "runs": {
                "batter": 0,
                "extras": 0,
                "total": 0
              },
              "wickets": [
                {
                  "kind": "caught",
                  "player_out": "B Regmi",
                  "fielders": [
                    {
                      "name": "AC Douglas"
                    }
                  ]
                }
              ]
            },
            {
              "batter": "SP Gauchan",
              "bowler": "MO Jones",
              "non_striker": "JK Mukhiya",
              "runs": {
                "batter": 1,
                "extras": 0,
                "total": 1
              }
            }
          ]
        }
      ],
      "powerplays": [
        {
          "from": 0.1,
          "to": 5.6,
          "type": "mandatory"
        }
      ]
    },
    {
      "team": "Bermuda",
      "overs": [
        {
          "over": 0,
          "deliveries": [
            {
              "batter": "DC Stovell",
              "bowler": "A Karn",
              "non_striker": "KL Tucker",
              "runs": {
                "batter": 1,
                "extras": 0,
                "total": 1
              }
            },
            {
              "batter": "KL Tucker",
              "bowler": "A Karn",
              "non_striker": "DC Stovell",
              "runs": {
                "batter": 0,
                "extras": 0,
                "total": 0
              }
            },
            {
              "batter": "KL Tucker",
              "bowler": "A Karn",
              "non_striker": "DC Stovell",
              "runs": {
                "batter": 0,
                "extras": 0,
                "total": 0
              },
              "wickets": [
                {
                  "kind": "bowled",
                  "player_out": "KL Tucker"
                }
              ]
            },
            {
              "batter": "LOB Cann",
              "bowler": "A Karn",
              "extras": {
                "legbyes": 1
              },
              "non_striker": "DC Stovell",
              "runs": {
                "batter": 0,
                "extras": 1,
                "total": 1
              }
            },
            {
              "batter": "DC Stovell",
              "bowler": "A Karn",
              "non_striker": "LOB Cann",
              "runs": {
                "batter": 0,
                "extras": 0,
                "total": 0
              }
            },
            {
              "batter": "DC Stovell",
              "bowler": "A Karn",
              "non_striker": "LOB Cann",
              "runs": {
                "batter": 0,
                "extras": 0,
                "total": 0
              }
            }
          ]
        },
        {
          "over": 1,
          "deliveries": [
            {
              "batter": "LOB Cann",
              "bowler": "JK Mukhiya",
              "extras": {
                "legbyes": 1
              },
              "non_striker": "DC Stovell",
              "runs": {
                "batter": 0,
                "extras": 1,
                "total": 1
              }
            },
            {
              "batter": "DC Stovell",
              "bowler": "JK Mukhiya",
              "non_striker": "LOB Cann",
              "runs": {
                "batter": 1,
                "extras": 0,
                "total": 1
              }
            },
            {
              "batter": "LOB Cann",
              "bowler": "JK Mukhiya",
              "non_striker": "DC Stovell",
              "runs": {
                "batter": 0,
                "extras": 0,
                "total": 0
              }
            },
            {
              "batter": "LOB Cann",
              "bowler": "JK Mukhiya",
              "non_striker": "DC Stovell",
              "runs": {
                "batter": 1,
                "extras": 0,
                "total": 1
              }
            },
            {
              "batter": "DC Stovell",
              "bowler": "JK Mukhiya",
              "non_striker": "LOB Cann",
              "runs": {
                "batter": 0,
                "extras": 0,
                "total": 0
              },
              "wickets": [
                {
                  "kind": "caught",
                  "player_out": "DC Stovell",
                  "fielders": [
                    {
                      "name": "SP Khakurel"
                    }
                  ]
                }
              ]
            },
            {
              "batter": "DL Hemp",
              "bowler": "JK Mukhiya",
              "non_striker": "LOB Cann",
              "runs": {
                "batter": 4,
                "extras": 0,
                "total": 4
              }
            }
          ]
        },
        {
          "over": 2,
          "deliveries": [
            {
              "batter": "LOB Cann",
              "bowler": "A Karn",
              "non_striker": "DL Hemp",
              "runs": {
                "batter": 0,
                "extras": 0,
                "total": 0
              }
            },
            {
              "batter": "LOB Cann",
              "bowler": "A Karn",
              "non_striker": "DL Hemp",
              "runs": {
                "batter": 0,
                "extras": 0,
                "total": 0
              },
              "wickets": [
                {
                  "kind": "caught",
                  "player_out": "LOB Cann",
                  "fielders": [
                    {
                      "name": "G Malla"
                    }
                  ]
                }
              ]
            },
            {
              "batter": "JJ Tucker",
              "bowler": "A Karn",
              "non_striker": "DL Hemp",
              "runs": {
                "batter": 0,
                "extras": 0,
                "total": 0
              }
            },
            {
              "batter": "JJ Tucker",
              "bowler": "A Karn",
              "non_striker": "DL Hemp",
              "runs": {
                "batter": 0,
                "extras": 0,
                "total": 0
              }
            },
            {
              "batter": "JJ Tucker",
              "bowler": "A Karn",
              "non_striker": "DL Hemp",
              "runs": {
                "batter": 0,
                "extras": 0,
                "total": 0
              }
            },
            {
              "batter": "JJ Tucker",
              "bowler": "A Karn",
              "non_striker": "DL Hemp",
              "runs": {
                "batter": 1,
                "extras": 0,
                "total": 1
              }
            }
          ]
        },
        {
          "over": 3,
          "deliveries": [
            {
              "batter": "JJ Tucker",
              "bowler": "JK Mukhiya",
              "non_striker": "DL Hemp",
              "runs": {
                "batter": 0,
                "extras": 0,
                "total": 0
              }
            },
            {
              "batter": "JJ Tucker",
              "bowler": "JK Mukhiya",
              "non_striker": "DL Hemp",
              "runs": {
                "batter": 1,
                "extras": 0,
                "total": 1
              }
            },
            {
              "batter": "DL Hemp",
              "bowler": "JK Mukhiya",
              "non_striker": "JJ Tucker",
              "runs": {
                "batter": 4,
                "extras": 0,
                "total": 4
              }
            },
            {
              "batter": "DL Hemp",
              "bowler": "JK Mukhiya",
              "non_striker": "JJ Tucker",
              "runs": {
                "batter": 0,
                "extras": 0,
                "total": 0
              }
            },
            {
              "batter": "DL Hemp",
              "bowler": "JK Mukhiya",
              "non_striker": "JJ Tucker",
              "runs": {
                "batter": 0,
                "extras": 0,
                "total": 0
              },
              "wickets": [
                {
                  "kind": "caught",
                  "player_out": "DL Hemp",
                  "fielders": [
                    {
                      "name": "B Bhandari"
                    }
                  ]
                }
              ]
            },
            {
              "batter": "AC Douglas",
              "bowler": "JK Mukhiya",
              "non_striker": "JJ Tucker",
              "runs": {
                "batter": 1,
                "extras": 0,
                "total": 1
              }
            }
          ]
        },
        {
          "over": 4,
          "deliveries": [
            {
              "batter": "AC Douglas",
              "bowler": "A Karn",
              "non_striker": "JJ Tucker",
              "runs": {
                "batter": 1,
                "extras": 0,
                "total": 1
              }
            },
            {
              "batter": "JJ Tucker",
              "bowler": "A Karn",
              "non_striker": "AC Douglas",
              "runs": {
                "batter": 4,
                "extras": 0,
                "total": 4
              }
            },
            {
              "batter": "JJ Tucker",
              "bowler": "A Karn",
              "non_striker": "AC Douglas",
              "runs": {
                "batter": 1,
                "extras": 0,
                "total": 1
              }
            },
            {
              "batter": "AC Douglas",
              "bowler": "A Karn",
              "non_striker": "JJ Tucker",
              "runs": {
                "batter": 0,
                "extras": 0,
                "total": 0
              }
            },
            {
              "batter": "AC Douglas",
              "bowler": "A Karn",
              "non_striker": "JJ Tucker",
              "runs": {
                "batter": 0,
                "extras": 0,
                "total": 0
              }
            },
            {
              "batter": "AC Douglas",
              "bowler": "A Karn",
              "non_striker": "JJ Tucker",
              "runs": {
                "batter": 0,
                "extras": 0,
                "total": 0
              }
            }
          ]
        },
        {
          "over": 5,
          "deliveries": [
            {
              "batter": "JJ Tucker",
              "bowler": "P Khadka",
              "non_striker": "AC Douglas",
              "runs": {
                "batter": 1,
                "extras": 0,
                "total": 1
              }
            },
            {
              "batter": "AC Douglas",
              "bowler": "P Khadka",
              "non_striker": "JJ Tucker",
              "runs": {
                "batter": 0,
                "extras": 0,
                "total": 0
              }
            },
            {
              "batter": "AC Douglas",
              "bowler": "P Khadka",
              "non_striker": "JJ Tucker",
              "runs": {
                "batter": 0,
                "extras": 0,
                "total": 0
              }
            },
            {
              "batter": "AC Douglas",
              "bowler": "P Khadka",
              "non_striker": "JJ Tucker",
              "runs": {
                "batter": 1,
                "extras": 0,
                "total": 1
              }
            },
            {
              "batter": "JJ Tucker",
              "bowler": "P Khadka",
              "non_striker": "AC Douglas",
              "runs": {
                "batter": 2,
                "extras": 0,
                "total": 2
              }
            },
            {
              "batter": "JJ Tucker",
              "bowler": "P Khadka",
              "non_striker": "AC Douglas",
              "runs": {
                "batter": 1,
                "extras": 0,
                "total": 1
              }
            }
          ]
        },
        {
          "over": 6,
          "deliveries": [
            {
              "batter": "JJ Tucker",
              "bowler": "B Regmi",
              "non_striker": "AC Douglas",
              "runs": {
                "batter": 0,
                "extras": 0,
                "total": 0
              }
            },
            {
              "batter": "JJ Tucker",
              "bowler": "B Regmi",
              "non_striker": "AC Douglas",
              "runs": {
                "batter": 1,
                "extras": 0,
                "total": 1
              }
            },
            {
              "batter": "AC Douglas",
              "bowler": "B Regmi",
              "non_striker": "JJ Tucker",
              "runs": {
                "batter": 0,
                "extras": 0,
                "total": 0
              }
            },
            {
              "batter": "AC Douglas",
              "bowler": "B Regmi",
              "non_striker": "JJ Tucker",
              "runs": {
                "batter": 4,
                "extras": 0,
                "total": 4
              }
            },
            {
              "batter": "AC Douglas",
              "bowler": "B Regmi",
              "extras": {
                "wides": 1
              },
              "non_striker": "JJ Tucker",
              "runs": {
                "batter": 0,
                "extras": 1,
                "total": 1
              }
            },
            {
              "batter": "AC Douglas",
              "bowler": "B Regmi",
              "non_striker": "JJ Tucker",
              "runs": {
                "batter": 0,
                "extras": 0,
                "total": 0
              }
            },
            {
              "batter": "AC Douglas",
              "bowler": "B Regmi",
              "non_striker": "JJ Tucker",
              "runs": {
                "batter": 0,
                "extras": 0,
                "total": 0
              }
            }
          ]
        },
        {
          "over": 7,
          "deliveries": [
            {
              "batter": "JJ Tucker",
              "bowler": "P Khadka",
              "non_striker": "AC Douglas",
              "runs": {
                "batter": 1,
                "extras": 0,
                "total": 1
              }
            },
            {
              "batter": "AC Douglas",
              "bowler": "P Khadka",
              "non_striker": "JJ Tucker",
              "runs": {
                "batter": 0,
                "extras": 0,
                "total": 0
              }
            },
            {
              "batter": "AC Douglas",
              "bowler": "P Khadka",
              "non_striker": "JJ Tucker",
              "runs": {
                "batter": 1,
                "extras": 0,
                "total": 1
              }
            },
            {
              "batter": "JJ Tucker",
              "bowler": "P Khadka",
              "non_striker": "AC Douglas",
              "runs": {
                "batter": 0,
                "extras": 0,
                "total": 0
              }
            },
            {
              "batter": "JJ Tucker",
              "bowler": "P Khadka",
              "non_striker": "AC Douglas",
              "runs": {
                "batter": 4,
                "extras": 0,
                "total": 4
              }
            },
            {
              "batter": "JJ Tucker",
              "bowler": "P Khadka",
              "non_striker": "AC Douglas",
              "runs": {
                "batter": 4,
                "extras": 0,
                "total": 4
              }
            }
          ]
        },
        {
          "over": 8,
          "deliveries": [
            {
              "batter": "AC Douglas",
              "bowler": "B Regmi",
              "non_striker": "JJ Tucker",
              "runs": {
                "batter": 0,
                "extras": 0,
                "total": 0
              }
            },
            {
              "batter": "AC Douglas",
              "bowler": "B Regmi",
              "non_striker": "JJ Tucker",
              "runs": {
                "batter": 6,
                "extras": 0,
                "total": 6
              }
            },
            {
              "batter": "AC Douglas",
              "bowler": "B Regmi",
              "non_striker": "JJ Tucker",
              "runs": {
                "batter": 0,
                "extras": 0,
                "total": 0
              }
            },
            {
              "batter": "AC Douglas",
              "bowler": "B Regmi",
              "non_striker": "JJ Tucker",
              "runs": {
                "batter": 0,
                "extras": 0,
                "total": 0
              },
              "wickets": [
                {
                  "kind": "lbw",
                  "player_out": "AC Douglas"
                }
              ]
            },
            {
              "batter": "T Manders",
              "bowler": "B Regmi",
              "non_striker": "JJ Tucker",
              "runs": {
                "batter": 0,
                "extras": 0,
                "total": 0
              }
            },
            {
              "batter": "T Manders",
              "bowler": "B Regmi",
              "non_striker": "JJ Tucker",
              "runs": {
                "batter": 0,
                "extras": 0,
                "total": 0
              }
            }
          ]
        },
        {
          "over": 9,
          "deliveries": [
            {
              "batter": "JJ Tucker",
              "bowler": "SP Gauchan",
              "non_striker": "T Manders",
              "runs": {
                "batter": 1,
                "extras": 0,
                "total": 1
              }
            },
            {
              "batter": "T Manders",
              "bowler": "SP Gauchan",
              "non_striker": "JJ Tucker",
              "runs": {
                "batter": 0,
                "extras": 0,
                "total": 0
              }
            },
            {
              "batter": "T Manders",
              "bowler": "SP Gauchan",
              "non_striker": "JJ Tucker",
              "runs": {
                "batter": 0,
                "extras": 0,
                "total": 0
              }
            },
            {
              "batter": "T Manders",
              "bowler": "SP Gauchan",
              "non_striker": "JJ Tucker",
              "runs": {
                "batter": 0,
                "extras": 0,
                "total": 0
              }
            },
            {
              "batter": "T Manders",
              "bowler": "SP Gauchan",
              "non_striker": "JJ Tucker",
              "runs": {
                "batter": 0,
                "extras": 0,
                "total": 0
              }
            },
            {
              "batter": "T Manders",
              "bowler": "SP Gauchan",
              "non_striker": "JJ Tucker",
              "runs": {
                "batter": 0,
                "extras": 0,
                "total": 0
              }
            }
          ]
        },
        {
          "over": 10,
          "deliveries": [
            {
              "batter": "JJ Tucker",
              "bowler": "B Regmi",
              "non_striker": "T Manders",
              "runs": {
                "batter": 6,
                "extras": 0,
                "total": 6
              }
            },
            {
              "batter": "JJ Tucker",
              "bowler": "B Regmi",
              "non_striker": "T Manders",
              "runs": {
                "batter": 1,
                "extras": 0,
                "total": 1
              }
            },
            {
              "batter": "T Manders",
              "bowler": "B Regmi",
              "non_striker": "JJ Tucker",
              "runs": {
                "batter": 1,
                "extras": 0,
                "total": 1
              }
            },
            {
              "batter": "JJ Tucker",
              "bowler": "B Regmi",
              "non_striker": "T Manders",
              "runs": {
                "batter": 6,
                "extras": 0,
                "total": 6
              }
            },
            {
              "batter": "JJ Tucker",
              "bowler": "B Regmi",
              "non_striker": "T Manders",
              "runs": {
                "batter": 0,
                "extras": 0,
                "total": 0
              }
            },
            {
              "batter": "JJ Tucker",
              "bowler": "B Regmi",
              "non_striker": "T Manders",
              "runs": {
                "batter": 4,
                "extras": 0,
                "total": 4
              }
            }
          ]
        },
        {
          "over": 11,
          "deliveries": [
            {
              "batter": "T Manders",
              "bowler": "SP Gauchan",
              "non_striker": "JJ Tucker",
              "runs": {
                "batter": 1,
                "extras": 0,
                "total": 1
              }
            },
            {
              "batter": "JJ Tucker",
              "bowler": "SP Gauchan",
              "non_striker": "T Manders",
              "runs": {
                "batter": 0,
                "extras": 0,
                "total": 0
              }
            },
            {
              "batter": "JJ Tucker",
              "bowler": "SP Gauchan",
              "non_striker": "T Manders",
              "runs": {
                "batter": 1,
                "extras": 0,
                "total": 1
              }
            },
            {
              "batter": "T Manders",
              "bowler": "SP Gauchan",
              "non_striker": "JJ Tucker",
              "runs": {
                "batter": 1,
                "extras": 0,
                "total": 1
              }
            },
            {
              "batter": "JJ Tucker",
              "bowler": "SP Gauchan",
              "non_striker": "T Manders",
              "runs": {
                "batter": 0,
                "extras": 0,
                "total": 0
              }
            },
            {
              "batter": "JJ Tucker",
              "bowler": "SP Gauchan",
              "non_striker": "T Manders",
              "runs": {
                "batter": 1,
                "extras": 0,
                "total": 1
              }
            }
          ]
        },
        {
          "over": 12,
          "deliveries": [
            {
              "batter": "JJ Tucker",
              "bowler": "Sagar Pun",
              "non_striker": "T Manders",
              "runs": {
                "batter": 2,
                "extras": 0,
                "total": 2
              }
            },
            {
              "batter": "JJ Tucker",
              "bowler": "Sagar Pun",
              "non_striker": "T Manders",
              "runs": {
                "batter": 1,
                "extras": 0,
                "total": 1
              }
            },
            {
              "batter": "T Manders",
              "bowler": "Sagar Pun",
              "non_striker": "JJ Tucker",
              "runs": {
                "batter": 0,
                "extras": 0,
                "total": 0
              }
            },
            {
              "batter": "T Manders",
              "bowler": "Sagar Pun",
              "non_striker": "JJ Tucker",
              "runs": {
                "batter": 1,
                "extras": 0,
                "total": 1
              }
            },
            {
              "batter": "JJ Tucker",
              "bowler": "Sagar Pun",
              "non_striker": "T Manders",
              "runs": {
                "batter": 4,
                "extras": 0,
                "total": 4
              }
            },
            {
              "batter": "JJ Tucker",
              "bowler": "Sagar Pun",
              "non_striker": "T Manders",
              "runs": {
                "batter": 0,
                "extras": 0,
                "total": 0
              },
              "wickets": [
                {
                  "kind": "bowled",
                  "player_out": "JJ Tucker"
                }
              ]
            }
          ]
        },
        {
          "over": 13,
          "deliveries": [
            {
              "batter": "T Manders",
              "bowler": "SP Gauchan",
              "non_striker": "KS Leverock",
              "runs": {
                "batter": 1,
                "extras": 0,
                "total": 1
              }
            },
            {
              "batter": "KS Leverock",
              "bowler": "SP Gauchan",
              "non_striker": "T Manders",
              "runs": {
                "batter": 0,
                "extras": 0,
                "total": 0
              }
            },
            {
              "batter": "KS Leverock",
              "bowler": "SP Gauchan",
              "non_striker": "T Manders",
              "runs": {
                "batter": 2,
                "extras": 0,
                "total": 2
              }
            },
            {
              "batter": "KS Leverock",
              "bowler": "SP Gauchan",
              "non_striker": "T Manders",
              "runs": {
                "batter": 4,
                "extras": 0,
                "total": 4
              }
            },
            {
              "batter": "KS Leverock",
              "bowler": "SP Gauchan",
              "non_striker": "T Manders",
              "runs": {
                "batter": 1,
                "extras": 0,
                "total": 1
              }
            },
            {
              "batter": "T Manders",
              "bowler": "SP Gauchan",
              "non_striker": "KS Leverock",
              "runs": {
                "batter": 1,
                "extras": 0,
                "total": 1
              }
            }
          ]
        },
        {
          "over": 14,
          "deliveries": [
            {
              "batter": "T Manders",
              "bowler": "Sagar Pun",
              "non_striker": "KS Leverock",
              "runs": {
                "batter": 1,
                "extras": 0,
                "total": 1
              }
            },
            {
              "batter": "KS Leverock",
              "bowler": "Sagar Pun",
              "non_striker": "T Manders",
              "runs": {
                "batter": 0,
                "extras": 0,
                "total": 0
              }
            },
            {
              "batter": "KS Leverock",
              "bowler": "Sagar Pun",
              "non_striker": "T Manders",
              "runs": {
                "batter": 1,
                "extras": 0,
                "total": 1
              }
            },
            {
              "batter": "T Manders",
              "bowler": "Sagar Pun",
              "non_striker": "KS Leverock",
              "runs": {
                "batter": 2,
                "extras": 0,
                "total": 2
              }
            },
            {
              "batter": "T Manders",
              "bowler": "Sagar Pun",
              "non_striker": "KS Leverock",
              "runs": {
                "batter": 1,
                "extras": 0,
                "total": 1
              }
            },
            {
              "batter": "KS Leverock",
              "bowler": "Sagar Pun",
              "non_striker": "T Manders",
              "runs": {
                "batter": 1,
                "extras": 0,
                "total": 1
              }
            }
          ]
        },
        {
          "over": 15,
          "deliveries": [
            {
              "batter": "KS Leverock",
              "bowler": "SP Gauchan",
              "non_striker": "T Manders",
              "runs": {
                "batter": 1,
                "extras": 0,
                "total": 1
              }
            },
            {
              "batter": "T Manders",
              "bowler": "SP Gauchan",
              "extras": {
                "legbyes": 1
              },
              "non_striker": "KS Leverock",
              "runs": {
                "batter": 0,
                "extras": 1,
                "total": 1
              }
            },
            {
              "batter": "KS Leverock",
              "bowler": "SP Gauchan",
              "non_striker": "T Manders",
              "runs": {
                "batter": 1,
                "extras": 0,
                "total": 1
              }
            },
            {
              "batter": "T Manders",
              "bowler": "SP Gauchan",
              "non_striker": "KS Leverock",
              "runs": {
                "batter": 0,
                "extras": 0,
                "total": 0
              }
            },
            {
              "batter": "T Manders",
              "bowler": "SP Gauchan",
              "non_striker": "KS Leverock",
              "runs": {
                "batter": 1,
                "extras": 0,
                "total": 1
              }
            },
            {
              "batter": "KS Leverock",
              "bowler": "SP Gauchan",
              "non_striker": "T Manders",
              "runs": {
                "batter": 1,
                "extras": 0,
                "total": 1
              }
            }
          ]
        },
        {
          "over": 16,
          "deliveries": [
            {
              "batter": "KS Leverock",
              "bowler": "P Khadka",
              "non_striker": "T Manders",
              "runs": {
                "batter": 0,
                "extras": 0,
                "total": 0
              },
              "wickets": [
                {
                  "kind": "caught",
                  "player_out": "KS Leverock",
                  "fielders": [
                    {
                      "name": "S Vesawkar"
                    }
                  ]
                }
              ]
            },
            {
              "batter": "T Manders",
              "bowler": "P Khadka",
              "non_striker": "MO Jones",
              "runs": {
                "batter": 0,
                "extras": 0,
                "total": 0
              }
            },
            {
              "batter": "T Manders",
              "bowler": "P Khadka",
              "non_striker": "MO Jones",
              "runs": {
                "batter": 6,
                "extras": 0,
                "total": 6
              }
            },
            {
              "batter": "T Manders",
              "bowler": "P Khadka",
              "non_striker": "MO Jones",
              "runs": {
                "batter": 2,
                "extras": 0,
                "total": 2
              }
            },
            {
              "batter": "T Manders",
              "bowler": "P Khadka",
              "non_striker": "MO Jones",
              "runs": {
                "batter": 0,
                "extras": 0,
                "total": 0
              },
              "wickets": [
                {
                  "kind": "bowled",
                  "player_out": "T Manders"
                }
              ]
            },
            {
              "batter": "RJ Robinson",
              "bowler": "P Khadka",
              "non_striker": "MO Jones",
              "runs": {
                "batter": 0,
                "extras": 0,
                "total": 0
              }
            }
          ]
        },
        {
          "over": 17,
          "deliveries": [
            {
              "batter": "MO Jones",
              "bowler": "JK Mukhiya",
              "non_striker": "RJ Robinson",
              "runs": {
                "batter": 0,
                "extras": 0,
                "total": 0
              }
            },
            {
              "batter": "MO Jones",
              "bowler": "JK Mukhiya",
              "non_striker": "RJ Robinson",
              "runs": {
                "batter": 1,
                "extras": 0,
                "total": 1
              }
            },
            {
              "batter": "RJ Robinson",
              "bowler": "JK Mukhiya",
              "non_striker": "MO Jones",
              "runs": {
                "batter": 1,
                "extras": 0,
                "total": 1
              }
            },
            {
              "batter": "MO Jones",
              "bowler": "JK Mukhiya",
              "non_striker": "RJ Robinson",
              "runs": {
                "batter": 0,
                "extras": 0,
                "total": 0
              }
            },
            {
              "batter": "MO Jones",
              "bowler": "JK Mukhiya",
              "non_striker": "RJ Robinson",
              "runs": {
                "batter": 6,
                "extras": 0,
                "total": 6
              }
            },
            {
              "batter": "MO Jones",
              "bowler": "JK Mukhiya",
              "non_striker": "RJ Robinson",
              "runs": {
                "batter": 0,
                "extras": 0,
                "total": 0
              },
              "wickets": [
                {
                  "kind": "caught",
                  "player_out": "MO Jones",
                  "fielders": [
                    {
                      "name": "B Bhandari"
                    }
                  ]
                }
              ]
            }
          ]
        },
        {
          "over": 18,
          "deliveries": [
            {
              "batter": "KE Bashir",
              "bowler": "A Karn",
              "non_striker": "RJ Robinson",
              "runs": {
                "batter": 0,
                "extras": 0,
                "total": 0
              }
            },
            {
              "batter": "KE Bashir",
              "bowler": "A Karn",
              "non_striker": "RJ Robinson",
              "runs": {
                "batter": 2,
                "extras": 0,
                "total": 2
              }
            },
            {
              "batter": "KE Bashir",
              "bowler": "A Karn",
              "non_striker": "RJ Robinson",
              "runs": {
                "batter": 1,
                "extras": 0,
                "total": 1
              }
            },
            {
              "batter": "RJ Robinson",
              "bowler": "A Karn",
              "non_striker": "KE Bashir",
              "runs": {
                "batter": 1,
                "extras": 0,
                "total": 1
              }
            },
            {
              "batter": "KE Bashir",
              "bowler": "A Karn",
              "non_striker": "RJ Robinson",
              "runs": {
                "batter": 1,
                "extras": 0,
                "total": 1
              }
            },
            {
              "batter": "RJ Robinson",
              "bowler": "A Karn",
              "non_striker": "KE Bashir",
              "runs": {
                "batter": 1,
                "extras": 0,
                "total": 1
              }
            }
          ]
        },
        {
          "over": 19,
          "deliveries": [
            {
              "batter": "RJ Robinson",
              "bowler": "JK Mukhiya",
              "non_striker": "KE Bashir",
              "runs": {
                "batter": 4,
                "extras": 0,
                "total": 4
              }
            },
            {
              "batter": "RJ Robinson",
              "bowler": "JK Mukhiya",
              "non_striker": "KE Bashir",
              "runs": {
                "batter": 1,
                "extras": 0,
                "total": 1
              },
              "wickets": [
                {
                  "kind": "run out",
                  "player_out": "RJ Robinson",
                  "fielders": [
                    {
                      "name": "G Malla"
                    },
                    {
                      "name": "JK Mukhiya"
                    }
                  ]
                }
              ]
            }
          ]
        }
      ],
      "powerplays": [
        {
          "from": 0.1,
          "to": 5.6,
          "type": "mandatory"
        }
      ],
      "target": {
        "overs": 20,
        "runs": 149
      }
    }
  ]
}