{
  "meta": {
    "data_version": "1.0.0",
    "created": "2014-01-01",
    "revision": 2
  },
  "info": {
    "balls_per_over": 6,
    "city": "Abu Dhabi",
    "dates": [
      "2013-11-17"
    ],
    "event": {
      "group": "A",
      "match_number": 18,
      "name": "ICC World Twenty20 Qualifier"
    },
    "gender": "male",
    "match_type": "IT20",
    "officials": {
      "match_referees": [
        "D Govindjee"
      ],
      "reserve_umpires": [
        "SJ Davis"
      ],
      "umpires": [
        "C Shamshuddin",
        "DJ Walker"
      ]
    },
    "outcome": {
      "by": {
        "runs": 5
      },
      "winner": "Ireland"
    },
    "overs": 20,
    "player_of_match": [
      "KJ O'Brien"
    ],
    "players": {
      "Ireland": [
        "WTS Porterfield",
        "PR Stirling",
        "NJ O'Brien",
        "KJ O'Brien",
        "GC Wilson",
        "JF Mooney",
        "DT Johnston",
        "MC Sorensen",
        "AR Cusack",
        "TJ Murtagh",
        "GH Dockrell"
      ],
      "United Arab Emirates": [
        "Mohammad Azam",
        "Shaiman Anwar",
        "Khurram Khan",
        "Saqib Ali",
        "SP Patil",
        "Rohan Mustafa",
        "Mohammad Shafiq",
        "Amjad Javed",
        "Nasir Aziz",
        "EHSN Silva",
        "AM Guruge"
      ]
    },
    "registry": {
      "people": {
        "AM Guruge": "26534b48",
        "AR Cusack": "568e5a4a",
        "Amjad Javed": "18eaf2fa",
        "C Shamshuddin": "0f9d921b",
        "D Govindjee": "8b4c4069",
        "DJ Walker": "d4aea8ac",
        "DT Johnston": "e01895bb",
        "EHSN Silva": "7572bf45",
        "GC Wilson": "05de1a5a",
        "GH Dockrell": "99cddc5e",
        "JF Mooney": "aae9ce90",
        "KJ O'Brien": "243431b5",
        "Khurram Khan": "ae6746e0",
        "MC Sorensen": "3f18724b",
        "Mohammad Azam": "2056c495",
        "Mohammad Shafiq": "86d327a3",
        "NJ O'Brien": "84826f48",
        "Nasir Aziz": "e70a0811",
        "PR Stirling": "cf494ffe",
        "Rohan Mustafa": "d1988788",
        "SJ Davis": "bc71b0b2",
        "SP Patil": "f5c198fb",
        "Saqib Ali": "04f4f2e1",
        "Shaiman Anwar": "e9630504",
        "TJ Murtagh": "c89474d1",
        "WTS Porterfield": "ec02b798"
      }
    },
    "season": "2013/14",
    "team_type": "international",
    "teams": [
      "Ireland",
      "United Arab Emirates"
    ],
    "toss": {
      "decision": "bat",
      "winner": "Ireland"
    },
    "venue": "Abu Dhabi Oval 2"
  },
  "innings": [
    {
      "team": "Ireland",
      "overs": [
        {
          "over": 0,
          "deliveries": [
            {
              "batter": "WTS Porterfield",
              "bowler": "AM Guruge",
              "non_striker": "PR Stirling",
              "runs": {
                "batter": 0,
                "extras": 0,
                "total": 0
              }
            },
            {
              "batter": "WTS Porterfield",
              "bowler": "AM Guruge",
              "non_striker": "PR Stirling",
              "runs": {
                "batter": 0,
                "extras": 0,
                "total": 0
              }
            },
            {
              "batter": "WTS Porterfield",
              "bowler": "AM Guruge",
              "non_striker": "PR Stirling",
              "runs": {
                "batter": 4,
                "extras": 0,
                "total": 4
              }
            },
            {
              "batter": "WTS Porterfield",
              "bowler": "AM Guruge",
              "non_striker": "PR Stirling",
              "runs": {
                "batter": 0,
                "extras": 0,
                "total": 0
              }
            },
            {
              "batter": "WTS Porterfield",
              "bowler": "AM Guruge",
              "non_striker": "PR Stirling",
              "runs": {
                "batter": 1,
                "extras": 0,
                "total": 1
              }
            },
            {
              "batter": "PR Stirling",
              "bowler": "AM Guruge",
              "non_striker": "WTS Porterfield",
              "runs": {
                "batter": 4,
                "extras": 0,
                "total": 4
              }
            }
          ]
        },
        {
          "over": 1,
          "deliveries": [
            {
              "batter": "WTS Porterfield",
              "bowler": "EHSN Silva",
              "non_striker": "PR Stirling",
              "runs": {
                "batter": 0,
                "extras": 0,
                "total": 0
              }
            },
            {
              "batter": "WTS Porterfield",
              "bowler": "EHSN Silva",
              "non_striker": "PR Stirling",
              "runs": {
                "batter": 0,
                "extras": 0,
                "total": 0
              }
            },
            {
              "batter": "WTS Porterfield",
              "bowler": "EHSN Silva",
              "non_striker": "PR Stirling",
              "runs": {
                "batter": 0,
                "extras": 0,
                "total": 0
              }
            },
            {
              "batter": "WTS Porterfield",
              "bowler": "EHSN Silva",
              "non_striker": "PR Stirling",
              "runs": {
                "batter": 0,
                "extras": 0,
                "total": 0
              }
            },
            {
              "batter": "WTS Porterfield",
              "bowler": "EHSN Silva",
              "non_striker": "PR Stirling",
              "runs": {
                "batter": 4,
                "extras": 0,
                "total": 4
              }
            },
            {
              "batter": "WTS Porterfield",
              "bowler": "EHSN Silva",
              "non_striker": "PR Stirling",
              "runs": {
                "batter": 0,
                "extras": 0,
                "total": 0
              }
            }
          ]
        },
        {
          "over": 2,
          "deliveries": [
            {
              "batter": "PR Stirling",
              "bowler": "AM Guruge",
              "non_striker": "WTS Porterfield",
              "runs": {
                "batter": 0,
                "extras": 0,
                "total": 0
              }
            },
            {
              "batter": "PR Stirling",
              "bowler": "AM Guruge",
              "non_striker": "WTS Porterfield",
              "runs": {
                "batter": 1,
                "extras": 0,
                "total": 1
              }
            },
            {
              "batter": "WTS Porterfield",
              "bowler": "AM Guruge",
              "non_striker": "PR Stirling",
              "runs": {
                "batter": 2,
                "extras": 0,
                "total": 2
              }
            },
            {
              "batter": "WTS Porterfield",
              "bowler": "AM Guruge",
              "non_striker": "PR Stirling",
              "runs": {
                "batter": 1,
                "extras": 0,
                "total": 1
              }
            },
            {
              "batter": "PR Stirling",
              "bowler": "AM Guruge",
              "non_striker": "WTS Porterfield",
              "runs": {
                "batter": 4,
                "extras": 0,
                "total": 4
              }
            },
            {
              "batter": "PR Stirling",
              "bowler": "AM Guruge",
              "non_striker": "WTS Porterfield",
              "runs": {
                "batter": 4,
                "extras": 0,
                "total": 4
              }
            }
          ]
        },
        {
          "over": 3,
          "deliveries": [
            {
              "batter": "WTS Porterfield",
              "bowler": "EHSN Silva",
              "non_striker": "PR Stirling",
              "runs": {
                "batter": 4,
                "extras": 0,
                "total": 4
              }
            },
            {
              "batter": "WTS Porterfield",
              "bowler": "EHSN Silva",
              "non_striker": "PR Stirling",
              "runs": {
                "batter": 1,
                "extras": 0,
                "total": 1
              }
            },
            {
              "batter": "PR Stirling",
              "bowler": "EHSN Silva",
              "non_striker": "WTS Porterfield",
              "runs": {
                "batter": 0,
                "extras": 0,
                "total": 0
              },
              "wickets": [
                {
                  "kind": "bowled",
                  "player_out": "PR Stirling"
                }
              ]
            },
            {
              "batter": "NJ O'Brien",
              "bowler": "EHSN Silva",
              "non_striker": "WTS Porterfield",
              "runs": {
                "batter": 0,
                "extras": 0,
                "total": 0
              }
            },
            {
              "batter": "NJ O'Brien",
              "bowler": "EHSN Silva",
              "non_striker": "WTS Porterfield",
              "runs": {
                "batter": 0,
                "extras": 0,
                "total": 0
              }
            },
            {
              "batter": "NJ O'Brien",
              "bowler": "EHSN Silva",
              "non_striker": "WTS Porterfield",
              "runs": {
                "batter": 0,
                "extras": 0,
                "total": 0
              },
              "wickets": [
                {
                  "kind": "bowled",
                  "player_out": "NJ O'Brien"
                }
              ]
            }
          ]
        },
        {
          "over": 4,
          "deliveries": [
            {
              "batter": "WTS Porterfield",
              "bowler": "Rohan Mustafa",
              "non_striker": "KJ O'Brien",
              "runs": {
                "batter": 0,
                "extras": 0,
                "total": 0
              }
            },
            {
              "batter": "WTS Porterfield",
              "bowler": "Rohan Mustafa",
              "non_striker": "KJ O'Brien",
              "runs": {
                "batter": 1,
                "extras": 0,
                "total": 1
              }
            },
            {
              "batter": "KJ O'Brien",
              "bowler": "Rohan Mustafa",
              "non_striker": "WTS Porterfield",
              "runs": {
                "batter": 2,
                "extras": 0,
                "total": 2
              }
            },
            {
              "batter": "KJ O'Brien",
              "bowler": "Rohan Mustafa",
              "non_striker": "WTS Porterfield",
              "runs": {
                "batter": 0,
                "extras": 0,
                "total": 0
              }
            },
            {
              "batter": "KJ O'Brien",
              "bowler": "Rohan Mustafa",
              "non_striker": "WTS Porterfield",
              "runs": {
                "batter": 0,
                "extras": 0,
                "total": 0
              }
            },
            {
              "batter": "KJ O'Brien",
              "bowler": "Rohan Mustafa",
              "extras": {
                "legbyes": 1
              },
              "non_striker": "WTS Porterfield",
              "runs": {
                "batter": 0,
                "extras": 1,
                "total": 1
              }
            }
          ]
        },
        {
          "over": 5,
          "deliveries": [
            {
              "batter": "KJ O'Brien",
              "bowler": "EHSN Silva",
              "non_striker": "WTS Porterfield",
              "runs": {
                "batter": 0,
                "extras": 0,
                "total": 0
              }
            },
            {
              "batter": "KJ O'Brien",
              "bowler": "EHSN Silva",
              "non_striker": "WTS Porterfield",
              "runs": {
                "batter": 0,
                "extras": 0,
                "total": 0
              }
            },
            {
              "batter": "KJ O'Brien",
              "bowler": "EHSN Silva",
              "non_striker": "WTS Porterfield",
              "runs": {
                "batter": 0,
                "extras": 0,
                "total": 0
              }
            },
            {
              "batter": "KJ O'Brien",
              "bowler": "EHSN Silva",
              "non_striker": "WTS Porterfield",
              "runs": {
                "batter": 4,
                "extras": 0,
                "total": 4
              }
            },
            {
              "batter": "KJ O'Brien",
              "bowler": "EHSN Silva",
              "non_striker": "WTS Porterfield",
              "runs": {
                "batter": 0,
                "extras": 0,
                "total": 0
              }
            },
            {
              "batter": "KJ O'Brien",
              "bowler": "EHSN Silva",
              "non_striker": "WTS Porterfield",
              "runs": {
                "batter": 1,
                "extras": 0,
                "total": 1
              }
            }
          ]
        },
        {
          "over": 6,
          "deliveries": [
            {
              "batter": "KJ O'Brien",
              "bowler": "Khurram Khan",
              "non_striker": "WTS Porterfield",
              "runs": {
                "batter": 2,
                "extras": 0,
                "total": 2
              }
            },
            {
              "batter": "KJ O'Brien",
              "bowler": "Khurram Khan",
              "non_striker": "WTS Porterfield",
              "runs": {
                "batter": 1,
                "extras": 0,
                "total": 1
              }
            },
            {
              "batter": "WTS Porterfield",
              "bowler": "Khurram Khan",
              "non_striker": "KJ O'Brien",
              "runs": {
                "batter": 0,
                "extras": 0,
                "total": 0
              },
              "wickets": [
                {
                  "kind": "run out",
                  "player_out": "WTS Porterfield",
                  "fielders": [
                    {
                      "name": "EHSN Silva"
                    }
                  ]
                }
              ]
            },
            {
              "batter": "KJ O'Brien",
              "bowler": "Khurram Khan",
              "non_striker": "GC Wilson",
              "runs": {
                "batter": 1,
                "extras": 0,
                "total": 1
              }
            },
            {
              "batter": "GC Wilson",
              "bowler": "Khurram Khan",
              "non_striker": "KJ O'Brien",
              "runs": {
                "batter": 1,
                "extras": 0,
                "total": 1
              }
            },
            {
              "batter": "KJ O'Brien",
              "bowler": "Khurram Khan",
              "non_striker": "GC Wilson",
              "runs": {
                "batter": 0,
                "extras": 0,
                "total": 0
              }
            }
          ]
        },
        {
          "over": 7,
          "deliveries": [
            {
              "batter": "GC Wilson",
              "bowler": "Amjad Javed",
              "extras": {
                "wides": 1
              },
              "non_striker": "KJ O'Brien",
              "runs": {
                "batter": 0,
                "extras": 1,
                "total": 1
              }
            },
            {
              "batter": "GC Wilson",
              "bowler": "Amjad Javed",
              "non_striker": "KJ O'Brien",
              "runs": {
                "batter": 1,
                "extras": 0,
                "total": 1
              }
            },
            {
              "batter": "KJ O'Brien",
              "bowler": "Amjad Javed",
              "non_striker": "GC Wilson",
              "runs": {
                "batter": 1,
                "extras": 0,
                "total": 1
              }
            },
            {
              "batter": "GC Wilson",
              "bowler": "Amjad Javed",
              "non_striker": "KJ O'Brien",
              "runs": {
                "batter": 1,
                "extras": 0,
                "total": 1
              }
            },
            {
              "batter": "KJ O'Brien",
              "bowler": "Amjad Javed",
              "extras": {
                "legbyes": 1
              },
              "non_striker": "GC Wilson",
              "runs": {
                "batter": 0,
                "extras": 1,
                "total": 1
              }
            },
            {
              "batter": "GC Wilson",
              "bowler": "Amjad Javed",
              "non_striker": "KJ O'Brien",
              "runs": {
                "batter": 0,
                "extras": 0,
                "total": 0
              }
            },
            {
              "batter": "GC Wilson",
              "bowler": "Amjad Javed",
              "non_striker": "KJ O'Brien",
              "runs": {
                "batter": 1,
                "extras": 0,
                "total": 1
              }
            }
          ]
        },
        {
          "over": 8,
          "deliveries": [
            {
              "batter": "GC Wilson",
              "bowler": "Khurram Khan",
              "non_striker": "KJ O'Brien",
              "runs": {
                "batter": 0,
                "extras": 0,
                "total": 0
              }
            },
            {
              "batter": "GC Wilson",
              "bowler": "Khurram Khan",
              "non_striker": "KJ O'Brien",
              "runs": {
                "batter": 2,
                "extras": 0,
                "total": 2
              }
            },
            {
              "batter": "GC Wilson",
              "bowler": "Khurram Khan",
              "non_striker": "KJ O'Brien",
              "runs": {
                "batter": 0,
                "extras": 0,
                "total": 0
              }
            },
            {
              "batter": "GC Wilson",
              "bowler": "Khurram Khan",
              "non_striker": "KJ O'Brien",
              "runs": {
                "batter": 0,
                "extras": 0,
                "total": 0
              }
            },
            {
              "batter": "GC Wilson",
              "bowler": "Khurram Khan",
              "non_striker": "KJ O'Brien",
              "runs": {
                "batter": 0,
                "extras": 0,
                "total": 0
              }
            },
            {
              "batter": "GC Wilson",
              "bowler": "Khurram Khan",
              "non_striker": "KJ O'Brien",
              "runs": {
                "batter": 2,
                "extras": 0,
                "total": 2
              }
            }
          ]
        },
        {
          "over": 9,
          "deliveries": [
            {
              "batter": "KJ O'Brien",
              "bowler": "Nasir Aziz",
              "non_striker": "GC Wilson",
              "runs": {
                "batter": 0,
                "extras": 0,
                "total": 0
              }
            },
            {
              "batter": "KJ O'Brien",
              "bowler": "Nasir Aziz",
              "non_striker": "GC Wilson",
              "runs": {
                "batter": 0,
                "extras": 0,
                "total": 0
              }
            },
            {
              "batter": "KJ O'Brien",
              "bowler": "Nasir Aziz",
              "extras": {
                "legbyes": 1
              },
              "non_striker": "GC Wilson",
              "runs": {
                "batter": 0,
                "extras": 1,
                "total": 1
              }
            },
            {
              "batter": "GC Wilson",
              "bowler": "Nasir Aziz",
              "non_striker": "KJ O'Brien",
              "runs": {
                "batter": 1,
                "extras": 0,
                "total": 1
              }
            },
            {
              "batter": "KJ O'Brien",
              "bowler": "Nasir Aziz",
              "non_striker": "GC Wilson",
              "runs": {
                "batter": 1,
                "extras": 0,
                "total": 1
              }
            },
            {
              "batter": "GC Wilson",
              "bowler": "Nasir Aziz",
              "non_striker": "KJ O'Brien",
              "runs": {
                "batter": 1,
                "extras": 0,
                "total": 1
              }
            }
          ]
        },
        {
          "over": 10,
          "deliveries": [
            {
              "batter": "GC Wilson",
              "bowler": "Khurram Khan",
              "non_striker": "KJ O'Brien",
              "runs": {
                "batter": 1,
                "extras": 0,
                "total": 1
              }
            },
            {
              "batter": "KJ O'Brien",
              "bowler": "Khurram Khan",
              "non_striker": "GC Wilson",
              "runs": {
                "batter": 0,
                "extras": 0,
                "total": 0
              }
            },
            {
              "batter": "KJ O'Brien",
              "bowler": "Khurram Khan",
              "extras": {
                "legbyes": 1
              },
              "non_striker": "GC Wilson",
              "runs": {
                "batter": 0,
                "extras": 1,
                "total": 1
              }
            },
            {
              "batter": "GC Wilson",
              "bowler": "Khurram Khan",
              "extras": {
                "legbyes": 1
              },
              "non_striker": "KJ O'Brien",
              "runs": {
                "batter": 0,
                "extras": 1,
                "total": 1
              }
            },
            {
              "batter": "KJ O'Brien",
              "bowler": "Khurram Khan",
              "non_striker": "GC Wilson",
              "runs": {
                "batter": 1,
                "extras": 0,
                "total": 1
              }
            },
            {
              "batter": "GC Wilson",
              "bowler": "Khurram Khan",
              "non_striker": "KJ O'Brien",
              "runs": {
                "batter": 1,
                "extras": 0,
                "total": 1
              }
            }
          ]
        },
        {
          "over": 11,
          "deliveries": [
            {
              "batter": "GC Wilson",
              "bowler": "Nasir Aziz",
              "non_striker": "KJ O'Brien",
              "runs": {
                "batter": 4,
                "extras": 0,
                "total": 4
              }
            },
            {
              "batter": "GC Wilson",
              "bowler": "Nasir Aziz",
              "non_striker": "KJ O'Brien",
              "runs": {
                "batter": 1,
                "extras": 0,
                "total": 1
              }
            },
            {
              "batter": "KJ O'Brien",
              "bowler": "Nasir Aziz",
              "non_striker": "GC Wilson",
              "runs": {
                "batter": 2,
                "extras": 0,
                "total": 2
              }
            },
            {
              "batter": "KJ O'Brien",
              "bowler": "Nasir Aziz",
              "non_striker": "GC Wilson",
              "runs": {
                "batter": 1,
                "extras": 0,
                "total": 1
              }
            },
            {
              "batter": "GC Wilson",
              "bowler": "Nasir Aziz",
              "non_striker": "KJ O'Brien",
              "runs": {
                "batter": 1,
                "extras": 0,
                "total": 1
              }
            },
            {
              "batter": "KJ O'Brien",
              "bowler": "Nasir Aziz",
              "non_striker": "GC Wilson",
              "runs": {
                "batter": 1,
                "extras": 0,
                "total": 1
              }
            }
          ]
        },
        {
          "over": 12,
          "deliveries": [
            {
              "batter": "KJ O'Brien",
              "bowler": "Khurram Khan",
              "non_striker": "GC Wilson",
              "runs": {
                "batter": 1,
                "extras": 0,
                "total": 1
              }
            },
            {
              "batter": "GC Wilson",
              "bowler": "Khurram Khan",
              "non_striker": "KJ O'Brien",
              "runs": {
                "batter": 0,
                "extras": 0,
                "total": 0
              }
            },
            {
              "batter": "GC Wilson",
              "bowler": "Khurram Khan",
              "non_striker": "KJ O'Brien",
              "runs": {
                "batter": 2,
                "extras": 0,
                "total": 2
              }
            },
            {
              "batter": "GC Wilson",
              "bowler": "Khurram Khan",
              "non_striker": "KJ O'Brien",
              "runs": {
                "batter": 0,
                "extras": 0,
                "total": 0
              }
            },
            {
              "batter": "GC Wilson",
              "bowler": "Khurram Khan",
              "non_striker": "KJ O'Brien",
              "runs": {
                "batter": 1,
                "extras": 0,
                "total": 1
              }
            },
            {
              "batter": "KJ O'Brien",
              "bowler": "Khurram Khan",
              "non_striker": "GC Wilson",
              "runs": {
                "batter": 1,
                "extras": 0,
                "total": 1
              }
            }
          ]
        },
        {
          "over": 13,
          "deliveries": [
            {
              "batter": "KJ O'Brien",
              "bowler": "Nasir Aziz",
              "non_striker": "GC Wilson",
              "runs": {
                "batter": 0,
                "extras": 0,
                "total": 0
              }
            },
            {
              "batter": "KJ O'Brien",
              "bowler": "Nasir Aziz",
              "non_striker": "GC Wilson",
              "runs": {
                "batter": 2,
                "extras": 0,
                "total": 2
              }
            },
            {
              "batter": "KJ O'Brien",
              "bowler": "Nasir Aziz",
              "non_striker": "GC Wilson",
              "runs": {
                "batter": 0,
                "extras": 0,
                "total": 0
              }
            },
            {
              "batter": "KJ O'Brien",
              "bowler": "Nasir Aziz",
              "non_striker": "GC Wilson",
              "runs": {
                "batter": 0,
                "extras": 0,
                "total": 0
              }
            },
            {
              "batter": "KJ O'Brien",
              "bowler": "Nasir Aziz",
              "non_striker": "GC Wilson",
              "runs": {
                "batter": 6,
                "extras": 0,
                "total": 6
              }
            },
            {
              "batter": "KJ O'Brien",
              "bowler": "Nasir Aziz",
              "non_striker": "GC Wilson",
              "runs": {
                "batter": 2,
                "extras": 0,
                "total": 2
              }
            }
          ]
        },
        {
          "over": 14,
          "deliveries": [
            {
              "batter": "GC Wilson",
              "bowler": "Rohan Mustafa",
              "non_striker": "KJ O'Brien",
              "runs": {
                "batter": 2,
                "extras": 0,
                "total": 2
              }
            },
            {
              "batter": "GC Wilson",
              "bowler": "Rohan Mustafa",
              "non_striker": "KJ O'Brien",
              "runs": {
                "batter": 1,
                "extras": 0,
                "total": 1
              }
            },
            {
              "batter": "KJ O'Brien",
              "bowler": "Rohan Mustafa",
              "non_striker": "GC Wilson",
              "runs": {
                "batter": 1,
                "extras": 0,
                "total": 1
              }
            },
            {
              "batter": "GC Wilson",
              "bowler": "Rohan Mustafa",
              "non_striker": "KJ O'Brien",
              "runs": {
                "batter": 0,
                "extras": 0,
                "total": 0
              }
            },
            {
              "batter": "GC Wilson",
              "bowler": "Rohan Mustafa",
              "non_striker": "KJ O'Brien",
              "runs": {
                "batter": 1,
                "extras": 0,
                "total": 1
              }
            },
            {
              "batter": "KJ O'Brien",
              "bowler": "Rohan Mustafa",
              "non_striker": "GC Wilson",
              "runs": {
                "batter": 0,
                "extras": 0,
                "total": 0
              }
            }
          ]
        },
        {
          "over": 15,
          "deliveries": [
            {
              "batter": "GC Wilson",
              "bowler": "Nasir Aziz",
              "non_striker": "KJ O'Brien",
              "runs": {
                "batter": 4,
                "extras": 0,
                "total": 4
              }
            },
            {
              "batter": "GC Wilson",
              "bowler": "Nasir Aziz",
              "non_striker": "KJ O'Brien",
              "runs": {
                "batter": 0,
                "extras": 0,
                "total": 0
              }
            },
            {
              "batter": "GC Wilson",
              "bowler": "Nasir Aziz",
              "non_striker": "KJ O'Brien",
              "runs": {
                "batter": 2,
                "extras": 0,
                "total": 2
              }
            },
            {
              "batter": "GC Wilson",
              "bowler": "Nasir Aziz",
              "non_striker": "KJ O'Brien",
              "runs": {
                "batter": 2,
                "extras": 0,
                "total": 2
              }
            },
            {
              "batter": "GC Wilson",
              "bowler": "Nasir Aziz",
              "non_striker": "KJ O'Brien",
              "runs": {
                "batter": 1,
                "extras": 0,
                "total": 1
              }
            },
            {
              "batter": "KJ O'Brien",
              "bowler": "Nasir Aziz",
              "non_striker": "GC Wilson",
              "runs": {
                "batter": 2,
                "extras": 0,
                "total": 2
              }
            }
          ]
        },
        {
          "over": 16,
          "deliveries": [
            {
              "batter": "GC Wilson",
              "bowler": "Rohan Mustafa",
              "non_striker": "KJ O'Brien",
              "runs": {
                "batter": 1,
                "extras": 0,
                "total": 1
              }
            },
            {
              "batter": "KJ O'Brien",
              "bowler": "Rohan Mustafa",
              "non_striker": "GC Wilson",
              "runs": {
                "batter": 1,
                "extras": 0,
                "total": 1
              }
            },
            {
              "batter": "GC Wilson",
              "bowler": "Rohan Mustafa",
              "non_striker": "KJ O'Brien",
              "runs": {
                "batter": 2,
                "extras": 0,
                "total": 2
              }
            },
            {
              "batter": "GC Wilson",
              "bowler": "Rohan Mustafa",
              "non_striker": "KJ O'Brien",
              "runs": {
                "batter": 1,
                "extras": 0,
                "total": 1
              }
            },
            {
              "batter": "KJ O'Brien",
              "bowler": "Rohan Mustafa",
              "non_striker": "GC Wilson",
              "runs": {
                "batter": 2,
                "extras": 0,
                "total": 2
              }
            },
            {
              "batter": "KJ O'Brien",
              "bowler": "Rohan Mustafa",
              "non_striker": "GC Wilson",
              "runs": {
                "batter": 2,
                "extras": 0,
                "total": 2
              }
            }
          ]
        },
        {
          "over": 17,
          "deliveries": [
            {
              "batter": "GC Wilson",
              "bowler": "EHSN Silva",
              "non_striker": "KJ O'Brien",
              "runs": {
                "batter": 2,
                "extras": 0,
                "total": 2
              }
            },
            {
              "batter": "GC Wilson",
              "bowler": "EHSN Silva",
              "non_striker": "KJ O'Brien",
              "runs": {
                "batter": 1,
                "extras": 0,
                "total": 1
              }
            },
            {
              "batter": "KJ O'Brien",
              "bowler": "EHSN Silva",
              "non_striker": "GC Wilson",
              "runs": {
                "batter": 0,
                "extras": 0,
                "total": 0
              }
            },
            {
              "batter": "KJ O'Brien",
              "bowler": "EHSN Silva",
              "non_striker": "GC Wilson",
              "runs": {
                "batter": 1,
                "extras": 0,
                "total": 1
              }
            },
            {
              "batter": "GC Wilson",
              "bowler": "EHSN Silva",
              "non_striker": "KJ O'Brien",
              "runs": {
                "batter": 4,
                "extras": 0,
                "total": 4
              }
            },
            {
              "batter": "GC Wilson",
              "bowler": "EHSN Silva",
              "non_striker": "KJ O'Brien",
              "runs": {
                "batter": 1,
                "extras": 0,
                "total": 1
              }
            }
          ]
        },
        {
          "over": 18,
          "deliveries": [
            {
              "batter": "GC Wilson",
              "bowler": "Rohan Mustafa",
              "non_striker": "KJ O'Brien",
              "runs": {
                "batter": 2,
                "extras": 0,
                "total": 2
              }
            },
            {
              "batter": "GC Wilson",
              "bowler": "Rohan Mustafa",
              "non_striker": "KJ O'Brien",
              "runs": {
                "batter": 1,
                "extras": 0,
                "total": 1
              }
            },
            {
              "batter": "KJ O'Brien",
              "bowler": "Rohan Mustafa",
              "non_striker": "GC Wilson",
              "runs": {
                "batter": 2,
                "extras": 0,
                "total": 2
              }
            },
            {
              "batter": "KJ O'Brien",
              "bowler": "Rohan Mustafa",
              "non_striker": "GC Wilson",
              "runs": {
                "batter": 0,
                "extras": 0,
                "total": 0
              }
            },
            {
              "batter": "KJ O'Brien",
              "bowler": "Rohan Mustafa",
              "non_striker": "GC Wilson",
              "runs": {
                "batter": 4,
                "extras": 0,
                "total": 4
              }
            },
            {
              "batter": "KJ O'Brien",
              "bowler": "Rohan Mustafa",
              "non_striker": "GC Wilson",
              "runs": {
                "batter": 2,
                "extras": 0,
                "total": 2
              }
            }
          ]
        },
        {
          "over": 19,
          "deliveries": [
            {
              "batter": "GC Wilson",
              "bowler": "AM Guruge",
              "non_striker": "KJ O'Brien",
              "runs": {
                "batter": 1,
                "extras": 0,
                "total": 1
              }
            },
            {
              "batter": "KJ O'Brien",
              "bowler": "AM Guruge",
              "non_striker": "GC Wilson",
              "runs": {
                "batter": 0,
                "extras": 0,
                "total": 0
              },
              "wickets": [
                {
                  "kind": "caught",
                  "player_out": "KJ O'Brien",
                  "fielders": [
                    {
                      "name": "Rohan Mustafa"
                    }
                  ]
                }
              ]
            },
            {
              "batter": "GC Wilson",
              "bowler": "AM Guruge",
              "non_striker": "JF Mooney",
              "runs": {
                "batter": 1,
                "extras": 0,
                "total": 1
              }
            },
            {
              "batter": "JF Mooney",
              "bowler": "AM Guruge",
              "non_striker": "GC Wilson",
              "runs": {
                "batter": 0,
                "extras": 0,
                "total": 0
              },
              "wickets": [
                {
                  "kind": "bowled",
                  "player_out": "JF Mooney"
                }
              ]
            },
            {
              "batter": "DT Johnston",
              "bowler": "AM Guruge",
              "non_striker": "GC Wilson",
              "runs": {
                "batter": 1,
                "extras": 0,
                "total": 1
              }
            },
            {
              "batter": "GC Wilson",
              "bowler": "AM Guruge",
              "non_striker": "DT Johnston",
              "runs": {
                "batter": 2,
                "extras": 0,
                "total": 2
              }
            }
          ]
        }
      ],
      "powerplays": [
        {
          "from": 0.1,
          "to": 5.6,
          "type": "mandatory"
        }
      ]
    },
    {
      "team": "United Arab Emirates",
      "overs": [
        {
          "over": 0,
          "deliveries": [
            {
              "batter": "Mohammad Azam",
              "bowler": "TJ Murtagh",
              "non_striker": "Shaiman Anwar",
              "runs": {
                "batter": 0,
                "extras": 0,
                "total": 0
              }
            },
            {
              "batter": "Mohammad Azam",
              "bowler": "TJ Murtagh",
              "non_striker": "Shaiman Anwar",
              "runs": {
                "batter": 6,
                "extras": 0,
                "total": 6
              }
            },
            {
              "batter": "Mohammad Azam",
              "bowler": "TJ Murtagh",
              "non_striker": "Shaiman Anwar",
              "runs": {
                "batter": 0,
                "extras": 0,
                "total": 0
              },
              "wickets": [
                {
                  "kind": "caught",
                  "player_out": "Mohammad Azam",
                  "fielders": [
                    {
                      "name": "GH Dockrell"
                    }
                  ]
                }
              ]
            },
            {
              "batter": "Khurram Khan",
              "bowler": "TJ Murtagh",
              "non_striker": "Shaiman Anwar",
              "runs": {
                "batter": 0,
                "extras": 0,
                "total": 0
              }
            },
            {
              "batter": "Khurram Khan",
              "bowler": "TJ Murtagh",
              "non_striker": "Shaiman Anwar",
              "runs": {
                "batter": 1,
                "extras": 0,
                "total": 1
              }
            },
            {
              "batter": "Shaiman Anwar",
              "bowler": "TJ Murtagh",
              "non_striker": "Khurram Khan",
              "runs": {
                "batter": 0,
                "extras": 0,
                "total": 0
              }
            }
          ]
        },
        {
          "over": 1,
          "deliveries": [
            {
              "batter": "Khurram Khan",
              "bowler": "DT Johnston",
              "non_striker": "Shaiman Anwar",
              "runs": {
                "batter": 1,
                "extras": 0,
                "total": 1
              }
            },
            {
              "batter": "Shaiman Anwar",
              "bowler": "DT Johnston",
              "non_striker": "Khurram Khan",
              "runs": {
                "batter": 1,
                "extras": 0,
                "total": 1
              }
            },
            {
              "batter": "Khurram Khan",
              "bowler": "DT Johnston",
              "non_striker": "Shaiman Anwar",
              "runs": {
                "batter": 1,
                "extras": 0,
                "total": 1
              }
            },
            {
              "batter": "Shaiman Anwar",
              "bowler": "DT Johnston",
              "non_striker": "Khurram Khan",
              "runs": {
                "batter": 0,
                "extras": 0,
                "total": 0
              }
            },
            {
              "batter": "Shaiman Anwar",
              "bowler": "DT Johnston",
              "non_striker": "Khurram Khan",
              "runs": {
                "batter": 1,
                "extras": 0,
                "total": 1
              }
            },
            {
              "batter": "Khurram Khan",
              "bowler": "DT Johnston",
              "non_striker": "Shaiman Anwar",
              "runs": {
                "batter": 2,
                "extras": 0,
                "total": 2
              }
            }
          ]
        },
        {
          "over": 2,
          "deliveries": [
            {
              "batter": "Shaiman Anwar",
              "bowler": "TJ Murtagh",
              "non_striker": "Khurram Khan",
              "runs": {
                "batter": 1,
                "extras": 0,
                "total": 1
              }
            },
            {
              "batter": "Khurram Khan",
              "bowler": "TJ Murtagh",
              "non_striker": "Shaiman Anwar",
              "runs": {
                "batter": 2,
                "extras": 0,
                "total": 2
              }
            },
            {
              "batter": "Khurram Khan",
              "bowler": "TJ Murtagh",
              "extras": {
                "wides": 1
              },
              "non_striker": "Shaiman Anwar",
              "runs": {
                "batter": 0,
                "extras": 1,
                "total": 1
              }
            },
            {
              "batter": "Khurram Khan",
              "bowler": "TJ Murtagh",
              "non_striker": "Shaiman Anwar",
              "runs": {
                "batter": 0,
                "extras": 0,
                "total": 0
              }
            },
            {
              "batter": "Khurram Khan",
              "bowler": "TJ Murtagh",
              "non_striker": "Shaiman Anwar",
              "runs": {
                "batter": 1,
                "extras": 0,
                "total": 1
              }
            },
            {
              "batter": "Shaiman Anwar",
              "bowler": "TJ Murtagh",
              "non_striker": "Khurram Khan",
              "runs": {
                "batter": 0,
                "extras": 0,
                "total": 0
              }
            },
            {
              "batter": "Shaiman Anwar",
              "bowler": "TJ Murtagh",
              "non_striker": "Khurram Khan",
              "runs": {
                "batter": 4,
                "extras": 0,
                "total": 4
              }
            }
          ]
        },
        {
          "over": 3,
          "deliveries": [
            {
              "batter": "Khurram Khan",
              "bowler": "DT Johnston",
              "non_striker": "Shaiman Anwar",
              "runs": {
                "batter": 1,
                "extras": 0,
                "total": 1
              }
            },
            {
              "batter": "Shaiman Anwar",
              "bowler": "DT Johnston",
              "non_striker": "Khurram Khan",
              "runs": {
                "batter": 0,
                "extras": 0,
                "total": 0
              }
            },
            {
              "batter": "Shaiman Anwar",
              "bowler": "DT Johnston",
              "non_striker": "Khurram Khan",
              "runs": {
                "batter": 0,
                "extras": 0,
                "total": 0
              }
            },
            {
              "batter": "Shaiman Anwar",
              "bowler": "DT Johnston",
              "non_striker": "Khurram Khan",
              "runs": {
                "batter": 2,
                "extras": 0,
                "total": 2
              }
            },
            {
              "batter": "Shaiman Anwar",
              "bowler": "DT Johnston",
              "non_striker": "Khurram Khan",
              "runs": {
                "batter": 1,
                "extras": 0,
                "total": 1
              }
            },
            {
              "batter": "Khurram Khan",
              "bowler": "DT Johnston",
              "extras": {
                "legbyes": 1
              },
              "non_striker": "Shaiman Anwar",
              "runs": {
                "batter": 0,
                "extras": 1,
                "total": 1
              }
            }
          ]
        },
        {
          "over": 4,
          "deliveries": [
            {
              "batter": "Khurram Khan",
              "bowler": "AR Cusack",
              "non_striker": "Shaiman Anwar",
              "runs": {
                "batter": 4,
                "extras": 0,
                "total": 4
              }
            },
            {
              "batter": "Khurram Khan",
              "bowler": "AR Cusack",
              "non_striker": "Shaiman Anwar",
              "runs": {
                "batter": 1,
                "extras": 0,
                "total": 1
              }
            },
            {
              "batter": "Shaiman Anwar",
              "bowler": "AR Cusack",
              "non_striker": "Khurram Khan",
              "runs": {
                "batter": 0,
                "extras": 0,
                "total": 0
              }
            },
            {
              "batter": "Shaiman Anwar",
              "bowler": "AR Cusack",
              "non_striker": "Khurram Khan",
              "runs": {
                "batter": 0,
                "extras": 0,
                "total": 0
              }
            },
            {
              "batter": "Shaiman Anwar",
              "bowler": "AR Cusack",
              "non_striker": "Khurram Khan",
              "runs": {
                "batter": 1,
                "extras": 0,
                "total": 1
              }
            },
            {
              "batter": "Khurram Khan",
              "bowler": "AR Cusack",
              "non_striker": "Shaiman Anwar",
              "runs": {
                "batter": 1,
                "extras": 0,
                "total": 1
              }
            }
          ]
        },
        {
          "over": 5,
          "deliveries": [
            {
              "batter": "Khurram Khan",
              "bowler": "GH Dockrell",
              "non_striker": "Shaiman Anwar",
              "runs": {
                "batter": 4,
                "extras": 0,
                "total": 4
              }
            },
            {
              "batter": "Khurram Khan",
              "bowler": "GH Dockrell",
              "non_striker": "Shaiman Anwar",
              "runs": {
                "batter": 0,
                "extras": 0,
                "total": 0
              }
            },
            {
              "batter": "Khurram Khan",
              "bowler": "GH Dockrell",
              "non_striker": "Shaiman Anwar",
              "runs": {
                "batter": 1,
                "extras": 0,
                "total": 1
              }
            },
            {
              "batter": "Shaiman Anwar",
              "bowler": "GH Dockrell",
              "non_striker": "Khurram Khan",
              "runs": {
                "batter": 1,
                "extras": 0,
                "total": 1
              }
            },
            {
              "batter": "Khurram Khan",
              "bowler": "GH Dockrell",
              "non_striker": "Shaiman Anwar",
              "runs": {
                "batter": 1,
                "extras": 0,
                "total": 1
              }
            },
            {
              "batter": "Shaiman Anwar",
              "bowler": "GH Dockrell",
              "non_striker": "Khurram Khan",
              "runs": {
                "batter": 0,
                "extras": 0,
                "total": 0
              }
            }
          ]
        },
        {
          "over": 6,
          "deliveries": [
            {
              "batter": "Khurram Khan",
              "bowler": "AR Cusack",
              "non_striker": "Shaiman Anwar",
              "runs": {
                "batter": 1,
                "extras": 0,
                "total": 1
              }
            },
            {
              "batter": "Shaiman Anwar",
              "bowler": "AR Cusack",
              "non_striker": "Khurram Khan",
              "runs": {
                "batter": 0,
                "extras": 0,
                "total": 0
              }
            },
            {
              "batter": "Shaiman Anwar",
              "bowler": "AR Cusack",
              "non_striker": "Khurram Khan",
              "runs": {
                "batter": 1,
                "extras": 0,
                "total": 1
              }
            },
            {
              "batter": "Khurram Khan",
              "bowler": "AR Cusack",
              "non_striker": "Shaiman Anwar",
              "runs": {
                "batter": 4,
                "extras": 0,
                "total": 4
              }
            },
            {
              "batter": "Khurram Khan",
              "bowler": "AR Cusack",
              "non_striker": "Shaiman Anwar",
              "runs": {
                "batter": 4,
                "extras": 0,
                "total": 4
              }
            },
            {
              "batter": "Khurram Khan",
              "bowler": "AR Cusack",
              "non_striker": "Shaiman Anwar",
              "runs": {
                "batter": 1,
                "extras": 0,
                "total": 1
              }
            }
          ]
        },
        {
          "over": 7,
          "deliveries": [
            {
              "batter": "Khurram Khan",
              "bowler": "PR Stirling",
              "non_striker": "Shaiman Anwar",
              "runs": {
                "batter": 1,
                "extras": 0,
                "total": 1
              }
            },
            {
              "batter": "Shaiman Anwar",
              "bowler": "PR Stirling",
              "non_striker": "Khurram Khan",
              "runs": {
                "batter": 1,
                "extras": 0,
                "total": 1
              }
            },
            {
              "batter": "Khurram Khan",
              "bowler": "PR Stirling",
              "non_striker": "Shaiman Anwar",
              "runs": {
                "batter": 1,
                "extras": 0,
                "total": 1
              }
            },
            {
              "batter": "Shaiman Anwar",
              "bowler": "PR Stirling",
              "non_striker": "Khurram Khan",
              "runs": {
                "batter": 0,
                "extras": 0,
                "total": 0
              }
            },
            {
              "batter": "Shaiman Anwar",
              "bowler": "PR Stirling",
              "non_striker": "Khurram Khan",
              "runs": {
                "batter": 1,
                "extras": 0,
                "total": 1
              }
            },
            {
              "batter": "Khurram Khan",
              "bowler": "PR Stirling",
              "non_striker": "Shaiman Anwar",
              "runs": {
                "batter": 1,
                "extras": 0,
                "total": 1
              }
            }
          ]
        },
        {
          "over": 8,
          "deliveries": [
            {
              "batter": "Khurram Khan",
              "bowler": "MC Sorensen",
              "non_striker": "Shaiman Anwar",
              "runs": {
                "batter": 1,
                "extras": 0,
                "total": 1
              }
            },
            {
              "batter": "Shaiman Anwar",
              "bowler": "MC Sorensen",
              "non_striker": "Khurram Khan",
              "runs": {
                "batter": 1,
                "extras": 0,
                "total": 1
              }
            },
            {
              "batter": "Khurram Khan",
              "bowler": "MC Sorensen",
              "non_striker": "Shaiman Anwar",
              "runs": {
                "batter": 0,
                "extras": 0,
                "total": 0
              }
            },
            {
              "batter": "Khurram Khan",
              "bowler": "MC Sorensen",
              "non_striker": "Shaiman Anwar",
              "runs": {
                "batter": 0,
                "extras": 0,
                "total": 0
              }
            },
            {
              "batter": "Khurram Khan",
              "bowler": "MC Sorensen",
              "non_striker": "Shaiman Anwar",
              "runs": {
                "batter": 0,
                "extras": 0,
                "total": 0
              },
              "wickets": [
                {
                  "kind": "caught",
                  "player_out": "Khurram Khan",
                  "fielders": [
                    {
                      "name": "JF Mooney"
                    }
                  ]
                }
              ]
            },
            {
              "batter": "Shaiman Anwar",
              "bowler": "MC Sorensen",
              "non_striker": "Saqib Ali",
              "runs": {
                "batter": 1,
                "extras": 0,
                "total": 1
              }
            }
          ]
        },
        {
          "over": 9,
          "deliveries": [
            {
              "batter": "Shaiman Anwar",
              "bowler": "PR Stirling",
              "non_striker": "Saqib Ali",
              "runs": {
                "batter": 0,
                "extras": 0,
                "total": 0
              }
            },
            {
              "batter": "Shaiman Anwar",
              "bowler": "PR Stirling",
              "non_striker": "Saqib Ali",
              "runs": {
                "batter": 1,
                "extras": 0,
                "total": 1
              }
            },
            {
              "batter": "Saqib Ali",
              "bowler": "PR Stirling",
              "non_striker": "Shaiman Anwar",
              "runs": {
                "batter": 1,
                "extras": 0,
                "total": 1
              }
            },
            {
              "batter": "Shaiman Anwar",
              "bowler": "PR Stirling",
              "non_striker": "Saqib Ali",
              "runs": {
                "batter": 1,
                "extras": 0,
                "total": 1
              }
            },
            {
              "batter": "Saqib Ali",
              "bowler": "PR Stirling",
              "non_striker": "Shaiman Anwar",
              "runs": {
                "batter": 1,
                "extras": 0,
                "total": 1
              }
            },
            {
              "batter": "Shaiman Anwar",
              "bowler": "PR Stirling",
              "non_striker": "Saqib Ali",
              "runs": {
                "batter": 0,
                "extras": 0,
                "total": 0
              },
              "wickets": [
                {
                  "kind": "caught",
                  "player_out": "Shaiman Anwar",
                  "fielders": [
                    {
                      "name": "TJ Murtagh"
                    }
                  ]
                }
              ]
            }
          ]
        },
        {
          "over": 10,
          "deliveries": [
            {
              "batter": "Saqib Ali",
              "bowler": "MC Sorensen",
              "non_striker": "SP Patil",
              "runs": {
                "batter": 0,
                "extras": 0,
                "total": 0
              }
            },
            {
              "batter": "Saqib Ali",
              "bowler": "MC Sorensen",
              "non_striker": "SP Patil",
              "runs": {
                "batter": 1,
                "extras": 0,
                "total": 1
              }
            },
            {
              "batter": "SP Patil",
              "bowler": "MC Sorensen",
              "extras": {
                "legbyes": 1
              },
              "non_striker": "Saqib Ali",
              "runs": {
                "batter": 0,
                "extras": 1,
                "total": 1
              }
            },
            {
              "batter": "Saqib Ali",
              "bowler": "MC Sorensen",
              "non_striker": "SP Patil",
              "runs": {
                "batter": 1,
                "extras": 0,
                "total": 1
              }
            },
            {
              "batter": "SP Patil",
              "bowler": "MC Sorensen",
              "non_striker": "Saqib Ali",
              "runs": {
                "batter": 0,
                "extras": 0,
                "total": 0
              }
            },
            {
              "batter": "SP Patil",
              "bowler": "MC Sorensen",
              "non_striker": "Saqib Ali",
              "runs": {
                "batter": 0,
                "extras": 0,
                "total": 0
              }
            }
          ]
        },
        {
          "over": 11,
          "deliveries": [
            {
              "batter": "Saqib Ali",
              "bowler": "PR Stirling",
              "non_striker": "SP Patil",
              "runs": {
                "batter": 2,
                "extras": 0,
                "total": 2
              }
            },
            {
              "batter": "Saqib Ali",
              "bowler": "PR Stirling",
              "non_striker": "SP Patil",
              "runs": {
                "batter": 0,
                "extras": 0,
                "total": 0
              }
            },
            {
              "batter": "Saqib Ali",
              "bowler": "PR Stirling",
              "non_striker": "SP Patil",
              "runs": {
                "batter": 1,
                "extras": 0,
                "total": 1
              }
            },
            {
              "batter": "SP Patil",
              "bowler": "PR Stirling",
              "non_striker": "Saqib Ali",
              "runs": {
                "batter": 1,
                "extras": 0,
                "total": 1
              }
            },
            {
              "batter": "Saqib Ali",
              "bowler": "PR Stirling",
              "non_striker": "SP Patil",
              "runs": {
                "batter": 0,
                "extras": 0,
                "total": 0
              }
            },
            {
              "batter": "Saqib Ali",
              "bowler": "PR Stirling",
              "non_striker": "SP Patil",
              "runs": {
                "batter": 1,
                "extras": 0,
                "total": 1
              }
            }
          ]
        },
        {
          "over": 12,
          "deliveries": [
            {
              "batter": "Saqib Ali",
              "bowler": "MC Sorensen",
              "non_striker": "SP Patil",
              "runs": {
                "batter": 0,
                "extras": 0,
                "total": 0
              },
              "wickets": [
                {
                  "kind": "caught",
                  "player_out": "Saqib Ali",
                  "fielders": [
                    {
                      "name": "GH Dockrell"
                    }
                  ]
                }
              ]
            },
            {
              "batter": "SP Patil",
              "bowler": "MC Sorensen",
              "non_striker": "Rohan Mustafa",
              "runs": {
                "batter": 1,
                "extras": 0,
                "total": 1
              }
            },
            {
              "batter": "Rohan Mustafa",
              "bowler": "MC Sorensen",
              "non_striker": "SP Patil",
              "runs": {
                "batter": 0,
                "extras": 0,
                "total": 0
              }
            },
            {
              "batter": "Rohan Mustafa",
              "bowler": "MC Sorensen",
              "non_striker": "SP Patil",
              "runs": {
                "batter": 1,
                "extras": 0,
                "total": 1
              }
            },
            {
              "batter": "SP Patil",
              "bowler": "MC Sorensen",
              "non_striker": "Rohan Mustafa",
              "runs": {
                "batter": 1,
                "extras": 0,
                "total": 1
              }
            },
            {
              "batter": "Rohan Mustafa",
              "bowler": "MC Sorensen",
              "non_striker": "SP Patil",
              "runs": {
                "batter": 0,
                "extras": 0,
                "total": 0
              }
            }
          ]
        },
        {
          "over": 13,
          "deliveries": [
            {
              "batter": "SP Patil",
              "bowler": "PR Stirling",
              "non_striker": "Rohan Mustafa",
              "runs": {
                "batter": 2,
                "extras": 0,
                "total": 2
              }
            },
            {
              "batter": "SP Patil",
              "bowler": "PR Stirling",
              "non_striker": "Rohan Mustafa",
              "runs": {
                "batter": 2,
                "extras": 0,
                "total": 2
              }
            },
            {
              "batter": "SP Patil",
              "bowler": "PR Stirling",
              "non_striker": "Rohan Mustafa",
              "runs": {
                "batter": 1,
                "extras": 0,
                "total": 1
              }
            },
            {
              "batter": "Rohan Mustafa",
              "bowler": "PR Stirling",
              "non_striker": "SP Patil",
              "runs": {
                "batter": 0,
                "extras": 0,
                "total": 0
              }
            },
            {
              "batter": "Rohan Mustafa",
              "bowler": "PR Stirling",
              "non_striker": "SP Patil",
              "runs": {
                "batter": 1,
                "extras": 0,
                "total": 1
              }
            },
            {
              "batter": "SP Patil",
              "bowler": "PR Stirling",
              "non_striker": "Rohan Mustafa",
              "runs": {
                "batter": 1,
                "extras": 0,
                "total": 1
              }
            }
          ]
        },
        {
          "over": 14,
          "deliveries": [
            {
              "batter": "SP Patil",
              "bowler": "MC Sorensen",
              "non_striker": "Rohan Mustafa",
              "runs": {
                "batter": 1,
                "extras": 0,
                "total": 1
              }
            },
            {
              "batter": "Rohan Mustafa",
              "bowler": "MC Sorensen",
              "non_striker": "SP Patil",
              "runs": {
                "batter": 1,
                "extras": 0,
                "total": 1
              }
            },
            {
              "batter": "SP Patil",
              "bowler": "MC Sorensen",
              "non_striker": "Rohan Mustafa",
              "runs": {
                "batter": 2,
                "extras": 0,
                "total": 2
              }
            },
            {
              "batter": "SP Patil",
              "bowler": "MC Sorensen",
              "non_striker": "Rohan Mustafa",
              "runs": {
                "batter": 1,
                "extras": 0,
                "total": 1
              }
            },
            {
              "batter": "Rohan Mustafa",
              "bowler": "MC Sorensen",
              "non_striker": "SP Patil",
              "runs": {
                "batter": 4,
                "extras": 0,
                "total": 4
              }
            },
            {
              "batter": "Rohan Mustafa",
              "bowler": "MC Sorensen",
              "non_striker": "SP Patil",
              "runs": {
                "batter": 0,
                "extras": 0,
                "total": 0
              }
            }
          ]
        },
        {
          "over": 15,
          "deliveries": [
            {
              "batter": "SP Patil",
              "bowler": "GH Dockrell",
              "non_striker": "Rohan Mustafa",
              "runs": {
                "batter": 1,
                "extras": 0,
                "total": 1
              }
            },
            {
              "batter": "Rohan Mustafa",
              "bowler": "GH Dockrell",
              "non_striker": "SP Patil",
              "runs": {
                "batter": 1,
                "extras": 0,
                "total": 1
              }
            },
            {
              "batter": "SP Patil",
              "bowler": "GH Dockrell",
              "non_striker": "Rohan Mustafa",
              "runs": {
                "batter": 0,
                "extras": 0,
                "total": 0
              },
              "wickets": [
                {
                  "kind": "caught and bowled",
                  "player_out": "SP Patil"
                }
              ]
            },
            {
              "batter": "Mohammad Shafiq",
              "bowler": "GH Dockrell",
              "non_striker": "Rohan Mustafa",
              "runs": {
                "batter": 1,
                "extras": 0,
                "total": 1
              }
            },
            {
              "batter": "Rohan Mustafa",
              "bowler": "GH Dockrell",
              "non_striker": "Mohammad Shafiq",
              "runs": {
                "batter": 0,
                "extras": 0,
                "total": 0
              }
            },
            {
              "batter": "Rohan Mustafa",
              "bowler": "GH Dockrell",
              "non_striker": "Mohammad Shafiq",
              "runs": {
                "batter": 2,
                "extras": 0,
                "total": 2
              }
            }
          ]
        },
        {
          "over": 16,
          "deliveries": [
            {
              "batter": "Mohammad Shafiq",
              "bowler": "AR Cusack",
              "non_striker": "Rohan Mustafa",
              "runs": {
                "batter": 0,
                "extras": 0,
                "total": 0
              }
            },
            {
              "batter": "Mohammad Shafiq",
              "bowler": "AR Cusack",
              "non_striker": "Rohan Mustafa",
              "runs": {
                "batter": 2,
                "extras": 0,
                "total": 2
              }
            },
            {
              "batter": "Mohammad Shafiq",
              "bowler": "AR Cusack",
              "non_striker": "Rohan Mustafa",
              "runs": {
                "batter": 1,
                "extras": 0,
                "total": 1
              }
            },
            {
              "batter": "Rohan Mustafa",
              "bowler": "AR Cusack",
              "non_striker": "Mohammad Shafiq",
              "runs": {
                "batter": 4,
                "extras": 0,
                "total": 4
              }
            },
            {
              "batter": "Rohan Mustafa",
              "bowler": "AR Cusack",
              "non_striker": "Mohammad Shafiq",
              "runs": {
                "batter": 2,
                "extras": 0,
                "total": 2
              }
            },
            {
              "batter": "Rohan Mustafa",
              "bowler": "AR Cusack",
              "non_striker": "Mohammad Shafiq",
              "runs": {
                "batter": 1,
                "extras": 0,
                "total": 1
              }
            }
          ]
        },
        {
          "over": 17,
          "deliveries": [
            {
              "batter": "Rohan Mustafa",
              "bowler": "GH Dockrell",
              "non_striker": "Mohammad Shafiq",
              "runs": {
                "batter": 6,
                "extras": 0,
                "total": 6
              }
            },
            {
              "batter": "Rohan Mustafa",
              "bowler": "GH Dockrell",
              "non_striker": "Mohammad Shafiq",
              "runs": {
                "batter": 1,
                "extras": 0,
                "total": 1
              }
            },
            {
              "batter": "Mohammad Shafiq",
              "bowler": "GH Dockrell",
              "non_striker": "Rohan Mustafa",
              "runs": {
                "batter": 0,
                "extras": 0,
                "total": 0
              }
            },
            {
              "batter": "Mohammad Shafiq",
              "bowler": "GH Dockrell",
              "non_striker": "Rohan Mustafa",
              "runs": {
                "batter": 1,
                "extras": 0,
                "total": 1
              }
            },
            {
              "batter": "Rohan Mustafa",
              "bowler": "GH Dockrell",
              "non_striker": "Mohammad Shafiq",
              "runs": {
                "batter": 1,
                "extras": 0,
                "total": 1
              }
            },
            {
              "batter": "Mohammad Shafiq",
              "bowler": "GH Dockrell",
              "non_striker": "Rohan Mustafa",
              "runs": {
                "batter": 0,
                "extras": 0,
                "total": 0
              },
              "wickets": [
                {
                  "kind": "caught",
                  "player_out": "Mohammad Shafiq",
                  "fielders": [
                    {
                      "name": "PR Stirling"
                    }
                  ]
                }
              ]
            }
          ]
        },
        {
          "over": 18,
          "deliveries": [
            {
              "batter": "Amjad Javed",
              "bowler": "AR Cusack",
              "non_striker": "Rohan Mustafa",
              "runs": {
                "batter": 6,
                "extras": 0,
                "total": 6
              }
            },
            {
              "batter": "Amjad Javed",
              "bowler": "AR Cusack",
              "non_striker": "Rohan Mustafa",
              "runs": {
                "batter": 2,
                "extras": 0,
                "total": 2
              }
            },
            {
              "batter": "Amjad Javed",
              "bowler": "AR Cusack",
              "non_striker": "Rohan Mustafa",
              "runs": {
                "batter": 0,
                "extras": 0,
                "total": 0
              }
            },
            {
              "batter": "Amjad Javed",
              "bowler": "AR Cusack",
              "non_striker": "Rohan Mustafa",
              "runs": {
                "batter": 6,
                "extras": 0,
                "total": 6
              }
            },
            {
              "batter": "Amjad Javed",
              "bowler": "AR Cusack",
              "non_striker": "Rohan Mustafa",
              "runs": {
                "batter": 0,
                "extras": 0,
                "total": 0
              },
              "wickets": [
                {
                  "kind": "stumped",
                  "player_out": "Amjad Javed",
                  "fielders": [
                    {
                      "name": "GC Wilson"
                    }
                  ]
                }
              ]
            },
            {
              "batter": "Nasir Aziz",
              "bowler": "AR Cusack",
              "non_striker": "Rohan Mustafa",
              "runs": {
                "batter": 1,
                "extras": 0,
                "total": 1
              }
            }
          ]
        },
        {
          "over": 19,
          "deliveries": [
            {
              "batter": "Nasir Aziz",
              "bowler": "DT Johnston",
              "non_striker": "Rohan Mustafa",
              "runs": {
                "batter": 0,
                "extras": 0,
                "total": 0
              },
              "wickets": [
                {
                  "kind": "run out",
                  "player_out": "Nasir Aziz",
                  "fielders": [
                    {
                      "name": "NJ O'Brien"
                    }
                  ]
                }
              ]
            },
            {
              "batter": "Rohan Mustafa",
              "bowler": "DT Johnston",
              "non_striker": "EHSN Silva",
              "runs": {
                "batter": 1,
                "extras": 0,
                "total": 1
              }
            },
            {
              "batter": "EHSN Silva",
              "bowler": "DT Johnston",
              "non_striker": "Rohan Mustafa",
              "runs": {
                "batter": 1,
                "extras": 0,
                "total": 1
              }
            },
            {
              "batter": "Rohan Mustafa",
              "bowler": "DT Johnston",
              "non_striker": "EHSN Silva",
              "runs": {
                "batter": 1,
                "extras": 0,
                "total": 1
              },
              "wickets": [
                {
                  "kind": "run out",
                  "player_out": "EHSN Silva",
                  "fielders": [
                    {
                      "name": "MC Sorensen"
                    }
                  ]
                }
              ]
            },
            {
              "batter": "AM Guruge",
              "bowler": "DT Johnston",
              "non_striker": "Rohan Mustafa",
              "runs": {
                "batter": 0,
                "extras": 0,
                "total": 0
              },
              "wickets": [
                {
                  "kind": "bowled",
                  "player_out": "AM Guruge"
                }
              ]
            }
          ]
        }
      ],
      "powerplays": [
        {
          "from": 0.1,
          "to": 5.6,
          "type": "mandatory"
        }
      ]
    }
  ]
}