{
  "meta": {
    "data_version": "1.0.0",
    "created": "2014-01-02",
    "revision": 2
  },
  "info": {
    "balls_per_over": 6,
    "city": "Abu Dhabi",
    "dates": [
      "2013-11-18"
    ],
    "event": {
      "group": "A",
      "match_number": 21,
      "name": "ICC World Twenty20 Qualifier"
    },
    "gender": "male",
    "match_type": "IT20",
    "officials": {
      "match_referees": [
        "D Govindjee"
      ],
      "reserve_umpires": [
        "Shozab Raza"
      ],
      "umpires": [
        "SJ Davis",
        "IN Ramage"
      ]
    },
    "outcome": {
      "by": {
        "wickets": 1
      },
      "winner": "Uganda"
    },
    "overs": 20,
    "player_of_match": [
      "RG Okia"
    ],
    "players": {
      "Italy": [
        "GK Berg",
        "AM Northcote",
        "PA Petricola",
        "DG Crowley",
        "CS Sandri",
        "BBJL Perera",
        "DA Marage",
        "MG Raso",
        "A Bonora",
        "V Pennazza",
        "GRD Munasinghe"
      ],
      "Uganda": [
        "RG Mukasa",
        "AL Ndhlovu",
        "HS Almuzahim",
        "AS Kyobe",
        "PM Selowa",
        "P Ochan",
        "DK Arinaitwe",
        "RG Okia",
        "F Nsubuga",
        "C Waiswa",
        "H Ssenyondo"
      ]
    },
    "registry": {
      "people": {
        "A Bonora": "71c1f483",
        "AL Ndhlovu": "83ea85f6",
        "AM Northcote": "8cf570b0",
        "AS Kyobe": "fcfffcd5",
        "BBJL Perera": "c8c9d60b",
        "C Waiswa": "18db3f22",
        "CS Sandri": "b7ccb3c9",
        "D Govindjee": "8b4c4069",
        "DA Marage": "3528b8dd",
        "DG Crowley": "1f1f93b5",
        "DK Arinaitwe": "e77e96de",
        "F Nsubuga": "87e33d07",
        "GK Berg": "42151725",
        "GRD Munasinghe": "eff8b730",
        "H Ssenyondo": "2b7609f1",
        "HS Almuzahim": "9cb01ea6",
        "IN Ramage": "33cb7803",
        "MG Raso": "2dfaa85a",
        "P Ochan": "a8942d26",
        "PA Petricola": "d159bc7a",
        "PM Selowa": "1f36276b",
        "RG Mukasa": "011f6b42",
        "RG Okia": "62d180f3",
        "SJ Davis": "bc71b0b2",
        "Shozab Raza": "153c67dc",
        "V Pennazza": "235fb973"
      }
    },
    "season": "2013/14",
    "team_type": "international",
    "teams": [
      "Italy",
      "Uganda"
    ],
    "toss": {
      "decision": "field",
      "winner": "Uganda"
    },
    "venue": "Sheikh Zayed Stadium"
  },
  "innings": [
    {
      "team": "Italy",
      "overs": [
        {
          "over": 0,
          "deliveries": [
            {
              "batter": "GK Berg",
              "bowler": "C Waiswa",
              "non_striker": "AM Northcote",
              "runs": {
                "batter": 2,
                "extras": 0,
                "total": 2
              }
            },
            {
              "batter": "GK Berg",
              "bowler": "C Waiswa",
              "non_striker": "AM Northcote",
              "runs": {
                "batter": 0,
                "extras": 0,
                "total": 0
              }
            },
            {
              "batter": "GK Berg",
              "bowler": "C Waiswa",
              "non_striker": "AM Northcote",
              "runs": {
                "batter": 4,
                "extras": 0,
                "total": 4
              }
            },
            {
              "batter": "GK Berg",
              "bowler": "C Waiswa",
              "non_striker": "AM Northcote",
              "runs": {
                "batter": 4,
                "extras": 0,
                "total": 4
              }
            },
            {
              "batter": "GK Berg",
              "bowler": "C Waiswa",
              "non_striker": "AM Northcote",
              "runs": {
                "batter": 4,
                "extras": 0,
                "total": 4
              }
            },
            {
              "batter": "GK Berg",
              "bowler": "C Waiswa",
              "non_striker": "AM Northcote",
              "runs": {
                "batter": 0,
                "extras": 0,
                "total": 0
              }
            }
          ]
        },
        {
          "over": 1,
          "deliveries": [
            {
              "batter": "AM Northcote",
              "bowler": "F Nsubuga",
              "non_striker": "GK Berg",
              "runs": {
                "batter": 0,
                "extras": 0,
                "total": 0
              }
            },
            {
              "batter": "AM Northcote",
              "bowler": "F Nsubuga",
              "non_striker": "GK Berg",
              "runs": {
                "batter": 0,
                "extras": 0,
                "total": 0
              }
            },
            {
              "batter": "AM Northcote",
              "bowler": "F Nsubuga",
              "non_striker": "GK Berg",
              "runs": {
                "batter": 0,
                "extras": 0,
                "total": 0
              }
            },
            {
              "batter": "AM Northcote",
              "bowler": "F Nsubuga",
              "non_striker": "GK Berg",
              "runs": {
                "batter": 1,
                "extras": 0,
                "total": 1
              }
            },
            {
              "batter": "GK Berg",
              "bowler": "F Nsubuga",
              "non_striker": "AM Northcote",
              "runs": {
                "batter": 2,
                "extras": 0,
                "total": 2
              }
            },
            {
              "batter": "GK Berg",
              "bowler": "F Nsubuga",
              "non_striker": "AM Northcote",
              "runs": {
                "batter": 4,
                "extras": 0,
                "total": 4
              }
            }
          ]
        },
        {
          "over": 2,
          "deliveries": [
            {
              "batter": "AM Northcote",
              "bowler": "DK Arinaitwe",
              "non_striker": "GK Berg",
              "runs": {
                "batter": 0,
                "extras": 0,
                "total": 0
              }
            },
            {
              "batter": "AM Northcote",
              "bowler": "DK Arinaitwe",
              "extras": {
                "legbyes": 1
              },
              "non_striker": "GK Berg",
              "runs": {
                "batter": 0,
                "extras": 1,
                "total": 1
              }
            },
            {
              "batter": "GK Berg",
              "bowler": "DK Arinaitwe",
              "non_striker": "AM Northcote",
              "runs": {
                "batter": 2,
                "extras": 0,
                "total": 2
              }
            },
            {
              "batter": "GK Berg",
              "bowler": "DK Arinaitwe",
              "non_striker": "AM Northcote",
              "runs": {
                "batter": 2,
                "extras": 0,
                "total": 2
              }
            },
            {
              "batter": "GK Berg",
              "bowler": "DK Arinaitwe",
              "non_striker": "AM Northcote",
              "runs": {
                "batter": 4,
                "extras": 0,
                "total": 4
              }
            },
            {
              "batter": "GK Berg",
              "bowler": "DK Arinaitwe",
              "non_striker": "AM Northcote",
              "runs": {
                "batter": 1,
                "extras": 0,
                "total": 1
              }
            }
          ]
        },
        {
          "over": 3,
          "deliveries": [
            {
              "batter": "GK Berg",
              "bowler": "RG Mukasa",
              "non_striker": "AM Northcote",
              "runs": {
                "batter": 1,
                "extras": 0,
                "total": 1
              }
            },
            {
              "batter": "AM Northcote",
              "bowler": "RG Mukasa",
              "non_striker": "GK Berg",
              "runs": {
                "batter": 0,
                "extras": 0,
                "total": 0
              }
            },
            {
              "batter": "AM Northcote",
              "bowler": "RG Mukasa",
              "non_striker": "GK Berg",
              "runs": {
                "batter": 0,
                "extras": 0,
                "total": 0
              }
            },
            {
              "batter": "AM Northcote",
              "bowler": "RG Mukasa",
              "extras": {
                "legbyes": 1
              },
              "non_striker": "GK Berg",
              "runs": {
                "batter": 0,
                "extras": 1,
                "total": 1
              }
            },
            {
              "batter": "GK Berg",
              "bowler": "RG Mukasa",
              "non_striker": "AM Northcote",
              "runs": {
                "batter": 1,
                "extras": 0,
                "total": 1
              }
            },
            {
              "batter": "AM Northcote",
              "bowler": "RG Mukasa",
              "non_striker": "GK Berg",
              "runs": {
                "batter": 0,
                "extras": 0,
                "total": 0
              }
            }
          ]
        },
        {
          "over": 4,
          "deliveries": [
            {
              "batter": "GK Berg",
              "bowler": "F Nsubuga",
              "non_striker": "AM Northcote",
              "runs": {
                "batter": 0,
                "extras": 0,
                "total": 0
              }
            },
            {
              "batter": "GK Berg",
              "bowler": "F Nsubuga",
              "non_striker": "AM Northcote",
              "runs": {
                "batter": 1,
                "extras": 0,
                "total": 1
              }
            },
            {
              "batter": "AM Northcote",
              "bowler": "F Nsubuga",
              "non_striker": "GK Berg",
              "runs": {
                "batter": 0,
                "extras": 0,
                "total": 0
              },
              "wickets": [
                {
                  "kind": "lbw",
                  "player_out": "AM Northcote"
                }
              ]
            },
            {
              "batter": "PA Petricola",
              "bowler": "F Nsubuga",
              "non_striker": "GK Berg",
              "runs": {
                "batter": 0,
                "extras": 0,
                "total": 0
              }
            },
            {
              "batter": "PA Petricola",
              "bowler": "F Nsubuga",
              "non_striker": "GK Berg",
              "runs": {
                "batter": 0,
                "extras": 0,
                "total": 0
              }
            },
            {
              "batter": "PA Petricola",
              "bowler": "F Nsubuga",
              "non_striker": "GK Berg",
              "runs": {
                "batter": 0,
                "extras": 0,
                "total": 0
              }
            }
          ]
        },
        {
          "over": 5,
          "deliveries": [
            {
              "batter": "GK Berg",
              "bowler": "RG Mukasa",
              "non_striker": "PA Petricola",
              "runs": {
                "batter": 0,
                "extras": 0,
                "total": 0
              }
            },
            {
              "batter": "GK Berg",
              "bowler": "RG Mukasa",
              "non_striker": "PA Petricola",
              "runs": {
                "batter": 4,
                "extras": 0,
                "total": 4
              }
            },
            {
              "batter": "GK Berg",
              "bowler": "RG Mukasa",
              "non_striker": "PA Petricola",
              "runs": {
                "batter": 1,
                "extras": 0,
                "total": 1
              }
            },
            {
              "batter": "PA Petricola",
              "bowler": "RG Mukasa",
              "non_striker": "GK Berg",
              "runs": {
                "batter": 0,
                "extras": 0,
                "total": 0
              }
            },
            {
              "batter": "PA Petricola",
              "bowler": "RG Mukasa",
              "non_striker": "GK Berg",
              "runs": {
                "batter": 0,
                "extras": 0,
                "total": 0
              }
            },
            {
              "batter": "PA Petricola",
              "bowler": "RG Mukasa",
              "non_striker": "GK Berg",
              "runs": {
                "batter": 0,
                "extras": 0,
                "total": 0
              }
            }
          ]
        },
        {
          "over": 6,
          "deliveries": [
            {
              "batter": "GK Berg",
              "bowler": "DK Arinaitwe",
              "non_striker": "PA Petricola",
              "runs": {
                "batter": 0,
                "extras": 0,
                "total": 0
              }
            },
            {
              "batter": "GK Berg",
              "bowler": "DK Arinaitwe",
              "non_striker": "PA Petricola",
              "runs": {
                "batter": 1,
                "extras": 0,
                "total": 1
              }
            },
            {
              "batter": "PA Petricola",
              "bowler": "DK Arinaitwe",
              "non_striker": "GK Berg",
              "runs": {
                "batter": 0,
                "extras": 0,
                "total": 0
              }
            },
            {
              "batter": "PA Petricola",
              "bowler": "DK Arinaitwe",
              "non_striker": "GK Berg",
              "runs": {
                "batter": 1,
                "extras": 0,
                "total": 1
              }
            },
            {
              "batter": "GK Berg",
              "bowler": "DK Arinaitwe",
              "non_striker": "PA Petricola",
              "runs": {
                "batter": 1,
                "extras": 0,
                "total": 1
              }
            },
            {
              "batter": "PA Petricola",
              "bowler": "DK Arinaitwe",
              "non_striker": "GK Berg",
              "runs": {
                "batter": 0,
                "extras": 0,
                "total": 0
              }
            }
          ]
        },
        {
          "over": 7,
          "deliveries": [
            {
              "batter": "GK Berg",
              "bowler": "H Ssenyondo",
              "non_striker": "PA Petricola",
              "runs": {
                "batter": 1,
                "extras": 0,
                "total": 1
              }
            },
            {
              "batter": "PA Petricola",
              "bowler": "H Ssenyondo",
              "non_striker": "GK Berg",
              "runs": {
                "batter": 0,
                "extras": 0,
                "total": 0
              }
            },
            {
              "batter": "PA Petricola",
              "bowler": "H Ssenyondo",
              "non_striker": "GK Berg",
              "runs": {
                "batter": 1,
                "extras": 0,
                "total": 1
              }
            },
            {
              "batter": "GK Berg",
              "bowler": "H Ssenyondo",
              "non_striker": "PA Petricola",
              "runs": {
                "batter": 4,
                "extras": 0,
                "total": 4
              }
            },
            {
              "batter": "GK Berg",
              "bowler": "H Ssenyondo",
              "non_striker": "PA Petricola",
              "runs": {
                "batter": 2,
                "extras": 0,
                "total": 2
              }
            },
            {
              "batter": "GK Berg",
              "bowler": "H Ssenyondo",
              "non_striker": "PA Petricola",
              "runs": {
                "batter": 1,
                "extras": 0,
                "total": 1
              }
            }
          ]
        },
        {
          "over": 8,
          "deliveries": [
            {
              "batter": "GK Berg",
              "bowler": "P Ochan",
              "non_striker": "PA Petricola",
              "runs": {
                "batter": 1,
                "extras": 0,
                "total": 1
              }
            },
            {
              "batter": "PA Petricola",
              "bowler": "P Ochan",
              "non_striker": "GK Berg",
              "runs": {
                "batter": 0,
                "extras": 0,
                "total": 0
              }
            },
            {
              "batter": "PA Petricola",
              "bowler": "P Ochan",
              "non_striker": "GK Berg",
              "runs": {
                "batter": 0,
                "extras": 0,
                "total": 0
              }
            },
            {
              "batter": "PA Petricola",
              "bowler": "P Ochan",
              "extras": {
                "legbyes": 1
              },
              "non_striker": "GK Berg",
              "runs": {
                "batter": 0,
                "extras": 1,
                "total": 1
              }
            },
            {
              "batter": "GK Berg",
              "bowler": "P Ochan",
              "non_striker": "PA Petricola",
              "runs": {
                "batter": 1,
                "extras": 0,
                "total": 1
              }
            },
            {
              "batter": "PA Petricola",
              "bowler": "P Ochan",
              "non_striker": "GK Berg",
              "runs": {
                "batter": 1,
                "extras": 0,
                "total": 1
              }
            }
          ]
        },
        {
          "over": 9,
          "deliveries": [
            {
              "batter": "PA Petricola",
              "bowler": "DK Arinaitwe",
              "non_striker": "GK Berg",
              "runs": {
                "batter": 1,
                "extras": 0,
                "total": 1
              }
            },
            {
              "batter": "GK Berg",
              "bowler": "DK Arinaitwe",
              "non_striker": "PA Petricola",
              "runs": {
                "batter": 6,
                "extras": 0,
                "total": 6
              }
            },
            {
              "batter": "GK Berg",
              "bowler": "DK Arinaitwe",
              "non_striker": "PA Petricola",
              "runs": {
                "batter": 0,
                "extras": 0,
                "total": 0
              }
            },
            {
              "batter": "GK Berg",
              "bowler": "DK Arinaitwe",
              "non_striker": "PA Petricola",
              "runs": {
                "batter": 1,
                "extras": 0,
                "total": 1
              }
            },
            {
              "batter": "PA Petricola",
              "bowler": "DK Arinaitwe",
              "non_striker": "GK Berg",
              "runs": {
                "batter": 1,
                "extras": 0,
                "total": 1
              }
            },
            {
              "batter": "GK Berg",
              "bowler": "DK Arinaitwe",
              "non_striker": "PA Petricola",
              "runs": {
                "batter": 6,
                "extras": 0,
                "total": 6
              }
            }
          ]
        },
        {
          "over": 10,
          "deliveries": [
            {
              "batter": "PA Petricola",
              "bowler": "P Ochan",
              "non_striker": "GK Berg",
              "runs": {
                "batter": 0,
                "extras": 0,
                "total": 0
              }
            },
            {
              "batter": "PA Petricola",
              "bowler": "P Ochan",
              "non_striker": "GK Berg",
              "runs": {
                "batter": 3,
                "extras": 0,
                "total": 3
              }
            },
            {
              "batter": "GK Berg",
              "bowler": "P Ochan",
              "non_striker": "PA Petricola",
              "runs": {
                "batter": 0,
                "extras": 0,
                "total": 0
              }
            },
            {
              "batter": "GK Berg",
              "bowler": "P Ochan",
              "non_striker": "PA Petricola",
              "runs": {
                "batter": 0,
                "extras": 0,
                "total": 0
              },
              "wickets": [
                {
                  "kind": "caught and bowled",
                  "player_out": "GK Berg"
                }
              ]
            },
            {
              "batter": "DG Crowley",
              "bowler": "P Ochan",
              "non_striker": "PA Petricola",
              "runs": {
                "batter": 4,
                "extras": 0,
                "total": 4
              }
            },
            {
              "batter": "DG Crowley",
              "bowler": "P Ochan",
              "non_striker": "PA Petricola",
              "runs": {
                "batter": 0,
                "extras": 0,
                "total": 0
              }
            }
          ]
        },
        {
          "over": 11,
          "deliveries": [
            {
              "batter": "PA Petricola",
              "bowler": "H Ssenyondo",
              "non_striker": "DG Crowley",
              "runs": {
                "batter": 2,
                "extras": 0,
                "total": 2
              }
            },
            {
              "batter": "PA Petricola",
              "bowler": "H Ssenyondo",
              "non_striker": "DG Crowley",
              "runs": {
                "batter": 0,
                "extras": 0,
                "total": 0
              }
            },
            {
              "batter": "PA Petricola",
              "bowler": "H Ssenyondo",
              "non_striker": "DG Crowley",
              "runs": {
                "batter": 0,
                "extras": 0,
                "total": 0
              }
            },
            {
              "batter": "PA Petricola",
              "bowler": "H Ssenyondo",
              "non_striker": "DG Crowley",
              "runs": {
                "batter": 0,
                "extras": 0,
                "total": 0
              }
            },
            {
              "batter": "PA Petricola",
              "bowler": "H Ssenyondo",
              "non_striker": "DG Crowley",
              "runs": {
                "batter": 0,
                "extras": 0,
                "total": 0
              }
            },
            {
              "batter": "PA Petricola",
              "bowler": "H Ssenyondo",
              "non_striker": "DG Crowley",
              "runs": {
                "batter": 1,
                "extras": 0,
                "total": 1
              }
            }
          ]
        },
        {
          "over": 12,
          "deliveries": [
            {
              "batter": "PA Petricola",
              "bowler": "P Ochan",
              "non_striker": "DG Crowley",
              "runs": {
                "batter": 4,
                "extras": 0,
                "total": 4
              }
            },
            {
              "batter": "PA Petricola",
              "bowler": "P Ochan",
              "non_striker": "DG Crowley",
              "runs": {
                "batter": 1,
                "extras": 0,
                "total": 1
              }
            },
            {
              "batter": "DG Crowley",
              "bowler": "P Ochan",
              "non_striker": "PA Petricola",
              "runs": {
                "batter": 1,
                "extras": 0,
                "total": 1
              }
            },
            {
              "batter": "PA Petricola",
              "bowler": "P Ochan",
              "non_striker": "DG Crowley",
              "runs": {
                "batter": 2,
                "extras": 0,
                "total": 2
              }
            },
            {
              "batter": "PA Petricola",
              "bowler": "P Ochan",
              "non_striker": "DG Crowley",
              "runs": {
                "batter": 1,
                "extras": 0,
                "total": 1
              }
            },
            {
              "batter": "DG Crowley",
              "bowler": "P Ochan",
              "non_striker": "PA Petricola",
              "runs": {
                "batter": 0,
                "extras": 0,
                "total": 0
              }
            }
          ]
        },
        {
          "over": 13,
          "deliveries": [
            {
              "batter": "PA Petricola",
              "bowler": "H Ssenyondo",
              "non_striker": "DG Crowley",
              "runs": {
                "batter": 0,
                "extras": 0,
                "total": 0
              }
            },
            {
              "batter": "PA Petricola",
              "bowler": "H Ssenyondo",
              "non_striker": "DG Crowley",
              "runs": {
                "batter": 6,
                "extras": 0,
                "total": 6
              }
            },
            {
              "batter": "PA Petricola",
              "bowler": "H Ssenyondo",
              "non_striker": "DG Crowley",
              "runs": {
                "batter": 1,
                "extras": 0,
                "total": 1
              }
            },
            {
              "batter": "DG Crowley",
              "bowler": "H Ssenyondo",
              "non_striker": "PA Petricola",
              "runs": {
                "batter": 0,
                "extras": 0,
                "total": 0
              }
            },
            {
              "batter": "DG Crowley",
              "bowler": "H Ssenyondo",
              "non_striker": "PA Petricola",
              "runs": {
                "batter": 1,
                "extras": 0,
                "total": 1
              }
            },
            {
              "batter": "PA Petricola",
              "bowler": "H Ssenyondo",
              "non_striker": "DG Crowley",
              "runs": {
                "batter": 0,
                "extras": 0,
                "total": 0
              }
            }
          ]
        },
        {
          "over": 14,
          "deliveries": [
            {
              "batter": "DG Crowley",
              "bowler": "RG Mukasa",
              "non_striker": "PA Petricola",
              "runs": {
                "batter": 0,
                "extras": 0,
                "total": 0
              }
            },
            {
              "batter": "DG Crowley",
              "bowler": "RG Mukasa",
              "non_striker": "PA Petricola",
              "runs": {
                "batter": 2,
                "extras": 0,
                "total": 2
              }
            },
            {
              "batter": "DG Crowley",
              "bowler": "RG Mukasa",
              "non_striker": "PA Petricola",
              "runs": {
                "batter": 0,
                "extras": 0,
                "total": 0
              }
            },
            {
              "batter": "DG Crowley",
              "bowler": "RG Mukasa",
              "non_striker": "PA Petricola",
              "runs": {
                "batter": 1,
                "extras": 0,
                "total": 1
              }
            },
            {
              "batter": "PA Petricola",
              "bowler": "RG Mukasa",
              "non_striker": "DG Crowley",
              "runs": {
                "batter": 2,
                "extras": 0,
                "total": 2
              }
            },
            {
              "batter": "PA Petricola",
              "bowler": "RG Mukasa",
              "non_striker": "DG Crowley",
              "runs": {
                "batter": 1,
                "extras": 0,
                "total": 1
              }
            }
          ]
        },
        {
          "over": 15,
          "deliveries": [
            {
              "batter": "PA Petricola",
              "bowler": "F Nsubuga",
              "non_striker": "DG Crowley",
              "runs": {
                "batter": 1,
                "extras": 0,
                "total": 1
              }
            },
            {
              "batter": "DG Crowley",
              "bowler": "F Nsubuga",
              "non_striker": "PA Petricola",
              "runs": {
                "batter": 1,
                "extras": 0,
                "total": 1
              }
            },
            {
              "batter": "PA Petricola",
              "bowler": "F Nsubuga",
              "non_striker": "DG Crowley",
              "runs": {
                "batter": 0,
                "extras": 0,
                "total": 0
              }
            },
            {
              "batter": "PA Petricola",
              "bowler": "F Nsubuga",
              "extras": {
                "legbyes": 1
              },
              "non_striker": "DG Crowley",
              "runs": {
                "batter": 0,
                "extras": 1,
                "total": 1
              }
            },
            {
              "batter": "DG Crowley",
              "bowler": "F Nsubuga",
              "non_striker": "PA Petricola",
              "runs": {
                "batter": 0,
                "extras": 0,
                "total": 0
              },
              "wickets": [
                {
                  "kind": "bowled",
                  "player_out": "DG Crowley"
                }
              ]
            },
            {
              "batter": "CS Sandri",
              "bowler": "F Nsubuga",
              "non_striker": "PA Petricola",
              "runs": {
                "batter": 1,
                "extras": 0,
                "total": 1
              }
            }
          ]
        },
        {
          "over": 16,
          "deliveries": [
            {
              "batter": "CS Sandri",
              "bowler": "H Ssenyondo",
              "non_striker": "PA Petricola",
              "runs": {
                "batter": 1,
                "extras": 0,
                "total": 1
              }
            },
            {
              "batter": "PA Petricola",
              "bowler": "H Ssenyondo",
              "non_striker": "CS Sandri",
              "runs": {
                "batter": 2,
                "extras": 0,
                "total": 2
              }
            },
            {
              "batter": "PA Petricola",
              "bowler": "H Ssenyondo",
              "non_striker": "CS Sandri",
              "runs": {
                "batter": 1,
                "extras": 0,
                "total": 1
              }
            },
            {
              "batter": "CS Sandri",
              "bowler": "H Ssenyondo",
              "non_striker": "PA Petricola",
              "runs": {
                "batter": 1,
                "extras": 0,
                "total": 1
              }
            },
            {
              "batter": "PA Petricola",
              "bowler": "H Ssenyondo",
              "non_striker": "CS Sandri",
              "runs": {
                "batter": 1,
                "extras": 0,
                "total": 1
              }
            },
            {
              "batter": "CS Sandri",
              "bowler": "H Ssenyondo",
              "non_striker": "PA Petricola",
              "runs": {
                "batter": 1,
                "extras": 0,
                "total": 1
              }
            }
          ]
        },
        {
          "over": 17,
          "deliveries": [
            {
              "batter": "CS Sandri",
              "bowler": "DK Arinaitwe",
              "non_striker": "PA Petricola",
              "runs": {
                "batter": 4,
                "extras": 0,
                "total": 4
              }
            },
            {
              "batter": "CS Sandri",
              "bowler": "DK Arinaitwe",
              "non_striker": "PA Petricola",
              "runs": {
                "batter": 1,
                "extras": 0,
                "total": 1
              }
            },
            {
              "batter": "PA Petricola",
              "bowler": "DK Arinaitwe",
              "non_striker": "CS Sandri",
              "runs": {
                "batter": 0,
                "extras": 0,
                "total": 0
              },
              "wickets": [
                {
                  "kind": "stumped",
                  "player_out": "PA Petricola",
                  "fielders": [
                    {
                      "name": "PM Selowa"
                    }
                  ]
                }
              ]
            },
            {
              "batter": "BBJL Perera",
              "bowler": "DK Arinaitwe",
              "non_striker": "CS Sandri",
              "runs": {
                "batter": 1,
                "extras": 0,
                "total": 1
              }
            },
            {
              "batter": "CS Sandri",
              "bowler": "DK Arinaitwe",
              "non_striker": "BBJL Perera",
              "runs": {
                "batter": 1,
                "extras": 0,
                "total": 1
              }
            },
            {
              "batter": "BBJL Perera",
              "bowler": "DK Arinaitwe",
              "non_striker": "CS Sandri",
              "runs": {
                "batter": 1,
                "extras": 0,
                "total": 1
              }
            }
          ]
        },
        {
          "over": 18,
          "deliveries": [
            {
              "batter": "BBJL Perera",
              "bowler": "RG Mukasa",
              "non_striker": "CS Sandri",
              "runs": {
                "batter": 6,
                "extras": 0,
                "total": 6
              }
            },
            {
              "batter": "BBJL Perera",
              "bowler": "RG Mukasa",
              "non_striker": "CS Sandri",
              "runs": {
                "batter": 1,
                "extras": 0,
                "total": 1
              }
            },
            {
              "batter": "CS Sandri",
              "bowler": "RG Mukasa",
              "non_striker": "BBJL Perera",
              "runs": {
                "batter": 1,
                "extras": 0,
                "total": 1
              }
            },
            {
              "batter": "BBJL Perera",
              "bowler": "RG Mukasa",
              "non_striker": "CS Sandri",
              "runs": {
                "batter": 0,
                "extras": 0,
                "total": 0
              }
            },
            {
              "batter": "BBJL Perera",
              "bowler": "RG Mukasa",
              "non_striker": "CS Sandri",
              "runs": {
                "batter": 4,
                "extras": 0,
                "total": 4
              }
            },
            {
              "batter": "BBJL Perera",
              "bowler": "RG Mukasa",
              "non_striker": "CS Sandri",
              "runs": {
                "batter": 2,
                "extras": 0,
                "total": 2
              }
            }
          ]
        },
        {
          "over": 19,
          "deliveries": [
            {
              "batter": "CS Sandri",
              "bowler": "F Nsubuga",
              "non_striker": "BBJL Perera",
              "runs": {
                "batter": 4,
                "extras": 0,
                "total": 4
              }
            },
            {
              "batter": "CS Sandri",
              "bowler": "F Nsubuga",
              "non_striker": "BBJL Perera",
              "runs": {
                "batter": 2,
                "extras": 0,
                "total": 2
              }
            },
            {
              "batter": "CS Sandri",
              "bowler": "F Nsubuga",
              "non_striker": "BBJL Perera",
              "runs": {
                "batter": 1,
                "extras": 0,
                "total": 1
              }
            },
            {
              "batter": "BBJL Perera",
              "bowler": "F Nsubuga",
              "non_striker": "CS Sandri",
              "runs": {
                "batter": 2,
                "extras": 0,
                "total": 2
              }
            },
            {
              "batter": "BBJL Perera",
              "bowler": "F Nsubuga",
              "non_striker": "CS Sandri",
              "runs": {
                "batter": 1,
                "extras": 0,
                "total": 1
              }
            },
            {
              "batter": "CS Sandri",
              "bowler": "F Nsubuga",
              "non_striker": "BBJL Perera",
              "runs": {
                "batter": 1,
                "extras": 0,
                "total": 1
              }
            }
          ]
        }
      ],
      "powerplays": [
        {
          "from": 0.1,
          "to": 5.6,
          "type": "mandatory"
        }
      ]
    },
    {
      "team": "Uganda",
      "overs": [
        {
          "over": 0,
          "deliveries": [
            {
              "batter": "RG Mukasa",
              "bowler": "DG Crowley",
              "non_striker": "AL Ndhlovu",
              "runs": {
                "batter": 0,
                "extras": 0,
                "total": 0
              }
            },
            {
              "batter": "RG Mukasa",
              "bowler": "DG Crowley",
              "non_striker": "AL Ndhlovu",
              "runs": {
                "batter": 0,
                "extras": 0,
                "total": 0
              },
              "wickets": [
                {
                  "kind": "caught",
                  "player_out": "RG Mukasa",
                  "fielders": [
                    {
                      "name": "V Pennazza"
                    }
                  ]
                }
              ]
            },
            {
              "batter": "HS Almuzahim",
              "bowler": "DG Crowley",
              "non_striker": "AL Ndhlovu",
              "runs": {
                "batter": 0,
                "extras": 0,
                "total": 0
              }
            },
            {
              "batter": "HS Almuzahim",
              "bowler": "DG Crowley",
              "extras": {
                "legbyes": 1
              },
              "non_striker": "AL Ndhlovu",
              "runs": {
                "batter": 0,
                "extras": 1,
                "total": 1
              }
            },
            {
              "batter": "AL Ndhlovu",
              "bowler": "DG Crowley",
              "non_striker": "HS Almuzahim",
              "runs": {
                "batter": 1,
                "extras": 0,
                "total": 1
              }
            },
            {
              "batter": "HS Almuzahim",
              "bowler": "DG Crowley",
              "non_striker": "AL Ndhlovu",
              "runs": {
                "batter": 0,
                "extras": 0,
                "total": 0
              }
            }
          ]
        },
        {
          "over": 1,
          "deliveries": [
            {
              "batter": "AL Ndhlovu",
              "bowler": "GRD Munasinghe",
              "non_striker": "HS Almuzahim",
              "runs": {
                "batter": 0,
                "extras": 0,
                "total": 0
              }
            },
            {
              "batter": "AL Ndhlovu",
              "bowler": "GRD Munasinghe",
              "non_striker": "HS Almuzahim",
              "runs": {
                "batter": 0,
                "extras": 0,
                "total": 0
              }
            },
            {
              "batter": "AL Ndhlovu",
              "bowler": "GRD Munasinghe",
              "non_striker": "HS Almuzahim",
              "runs": {
                "batter": 1,
                "extras": 0,
                "total": 1
              }
            },
            {
              "batter": "HS Almuzahim",
              "bowler": "GRD Munasinghe",
              "non_striker": "AL Ndhlovu",
              "runs": {
                "batter": 1,
                "extras": 0,
                "total": 1
              }
            },
            {
              "batter": "AL Ndhlovu",
              "bowler": "GRD Munasinghe",
              "non_striker": "HS Almuzahim",
              "runs": {
                "batter": 1,
                "extras": 0,
                "total": 1
              }
            },
            {
              "batter": "HS Almuzahim",
              "bowler": "GRD Munasinghe",
              "non_striker": "AL Ndhlovu",
              "runs": {
                "batter": 0,
                "extras": 0,
                "total": 0
              }
            }
          ]
        },
        {
          "over": 2,
          "deliveries": [
            {
              "batter": "AL Ndhlovu",
              "bowler": "DG Crowley",
              "non_striker": "HS Almuzahim",
              "runs": {
                "batter": 2,
                "extras": 0,
                "total": 2
              }
            },
            {
              "batter": "AL Ndhlovu",
              "bowler": "DG Crowley",
              "non_striker": "HS Almuzahim",
              "runs": {
                "batter": 0,
                "extras": 0,
                "total": 0
              }
            },
            {
              "batter": "AL Ndhlovu",
              "bowler": "DG Crowley",
              "non_striker": "HS Almuzahim",
              "runs": {
                "batter": 0,
                "extras": 0,
                "total": 0
              }
            },
            {
              "batter": "AL Ndhlovu",
              "bowler": "DG Crowley",
              "non_striker": "HS Almuzahim",
              "runs": {
                "batter": 1,
                "extras": 0,
                "total": 1
              }
            },
            {
              "batter": "HS Almuzahim",
              "bowler": "DG Crowley",
              "non_striker": "AL Ndhlovu",
              "runs": {
                "batter": 1,
                "extras": 0,
                "total": 1
              }
            },
            {
              "batter": "AL Ndhlovu",
              "bowler": "DG Crowley",
              "non_striker": "HS Almuzahim",
              "runs": {
                "batter": 6,
                "extras": 0,
                "total": 6
              }
            }
          ]
        },
        {
          "over": 3,
          "deliveries": [
            {
              "batter": "HS Almuzahim",
              "bowler": "GRD Munasinghe",
              "non_striker": "AL Ndhlovu",
              "runs": {
                "batter": 4,
                "extras": 0,
                "total": 4
              }
            },
            {
              "batter": "HS Almuzahim",
              "bowler": "GRD Munasinghe",
              "non_striker": "AL Ndhlovu",
              "runs": {
                "batter": 6,
                "extras": 0,
                "total": 6
              }
            },
            {
              "batter": "HS Almuzahim",
              "bowler": "GRD Munasinghe",
              "non_striker": "AL Ndhlovu",
              "runs": {
                "batter": 0,
                "extras": 0,
                "total": 0
              }
            },
            {
              "batter": "HS Almuzahim",
              "bowler": "GRD Munasinghe",
              "non_striker": "AL Ndhlovu",
              "runs": {
                "batter": 1,
                "extras": 0,
                "total": 1
              }
            },
            {
              "batter": "AL Ndhlovu",
              "bowler": "GRD Munasinghe",
              "non_striker": "HS Almuzahim",
              "runs": {
                "batter": 1,
                "extras": 0,
                "total": 1
              }
            },
            {
              "batter": "HS Almuzahim",
              "bowler": "GRD Munasinghe",
              "non_striker": "AL Ndhlovu",
              "runs": {
                "batter": 0,
                "extras": 0,
                "total": 0
              }
            }
          ]
        },
        {
          "over": 4,
          "deliveries": [
            {
              "batter": "AL Ndhlovu",
              "bowler": "V Pennazza",
              "extras": {
                "wides": 1
              },
              "non_striker": "HS Almuzahim",
              "runs": {
                "batter": 0,
                "extras": 1,
                "total": 1
              }
            },
            {
              "batter": "AL Ndhlovu",
              "bowler": "V Pennazza",
              "non_striker": "HS Almuzahim",
              "runs": {
                "batter": 0,
                "extras": 0,
                "total": 0
              }
            },
            {
              "batter": "AL Ndhlovu",
              "bowler": "V Pennazza",
              "non_striker": "HS Almuzahim",
              "runs": {
                "batter": 1,
                "extras": 0,
                "total": 1
              }
            },
            {
              "batter": "HS Almuzahim",
              "bowler": "V Pennazza",
              "non_striker": "AL Ndhlovu",
              "runs": {
                "batter": 0,
                "extras": 0,
                "total": 0
              }
            },
            {
              "batter": "HS Almuzahim",
              "bowler": "V Pennazza",
              "non_striker": "AL Ndhlovu",
              "runs": {
                "batter": 0,
                "extras": 0,
                "total": 0
              }
            },
            {
              "batter": "HS Almuzahim",
              "bowler": "V Pennazza",
              "non_striker": "AL Ndhlovu",
              "runs": {
                "batter": 4,
                "extras": 0,
                "total": 4
              }
            },
            {
              "batter": "HS Almuzahim",
              "bowler": "V Pennazza",
              "non_striker": "AL Ndhlovu",
              "runs": {
                "batter": 0,
                "extras": 0,
                "total": 0
              },
              "wickets": [
                {
                  "kind": "bowled",
                  "player_out": "HS Almuzahim"
                }
              ]
            }
          ]
        },
        {
          "over": 5,
          "deliveries": [
            {
              "batter": "AL Ndhlovu",
              "bowler": "GK Berg",
              "non_striker": "AS Kyobe",
              "runs": {
                "batter": 1,
                "extras": 0,
                "total": 1
              }
            },
            {
              "batter": "AS Kyobe",
              "bowler": "GK Berg",
              "non_striker": "AL Ndhlovu",
              "runs": {
                "batter": 0,
                "extras": 0,
                "total": 0
              }
            },
            {
              "batter": "AS Kyobe",
              "bowler": "GK Berg",
              "non_striker": "AL Ndhlovu",
              "runs": {
                "batter": 0,
                "extras": 0,
                "total": 0
              }
            },
            {
              "batter": "AS Kyobe",
              "bowler": "GK Berg",
              "non_striker": "AL Ndhlovu",
              "runs": {
                "batter": 6,
                "extras": 0,
                "total": 6
              }
            },
            {
              "batter": "AS Kyobe",
              "bowler": "GK Berg",
              "non_striker": "AL Ndhlovu",
              "runs": {
                "batter": 1,
                "extras": 0,
                "total": 1
              }
            },
            {
              "batter": "AL Ndhlovu",
              "bowler": "GK Berg",
              "non_striker": "AS Kyobe",
              "runs": {
                "batter": 0,
                "extras": 0,
                "total": 0
              }
            }
          ]
        },
        {
          "over": 6,
          "deliveries": [
            {
              "batter": "AS Kyobe",
              "bowler": "CS Sandri",
              "non_striker": "AL Ndhlovu",
              "runs": {
                "batter": 1,
                "extras": 0,
                "total": 1
              }
            },
            {
              "batter": "AL Ndhlovu",
              "bowler": "CS Sandri",
              "non_striker": "AS Kyobe",
              "runs": {
                "batter": 1,
                "extras": 0,
                "total": 1
              }
            },
            {
              "batter": "AS Kyobe",
              "bowler": "CS Sandri",
              "non_striker": "AL Ndhlovu",
              "runs": {
                "batter": 6,
                "extras": 0,
                "total": 6
              }
            },
            {
              "batter": "AS Kyobe",
              "bowler": "CS Sandri",
              "non_striker": "AL Ndhlovu",
              "runs": {
                "batter": 6,
                "extras": 0,
                "total": 6
              }
            },
            {
              "batter": "AS Kyobe",
              "bowler": "CS Sandri",
              "non_striker": "AL Ndhlovu",
              "runs": {
                "batter": 0,
                "extras": 0,
                "total": 0
              }
            },
            {
              "batter": "AS Kyobe",
              "bowler": "CS Sandri",
              "non_striker": "AL Ndhlovu",
              "runs": {
                "batter": 1,
                "extras": 0,
                "total": 1
              }
            }
          ]
        },
        {
          "over": 7,
          "deliveries": [
            {
              "batter": "AS Kyobe",
              "bowler": "DA Marage",
              "non_striker": "AL Ndhlovu",
              "runs": {
                "batter": 6,
                "extras": 0,
                "total": 6
              }
            },
            {
              "batter": "AS Kyobe",
              "bowler": "DA Marage",
              "non_striker": "AL Ndhlovu",
              "runs": {
                "batter": 2,
                "extras": 0,
                "total": 2
              }
            },
            {
              "batter": "AS Kyobe",
              "bowler": "DA Marage",
              "non_striker": "AL Ndhlovu",
              "runs": {
                "batter": 1,
                "extras": 0,
                "total": 1
              }
            },
            {
              "batter": "AL Ndhlovu",
              "bowler": "DA Marage",
              "non_striker": "AS Kyobe",
              "runs": {
                "batter": 1,
                "extras": 0,
                "total": 1
              }
            },
            {
              "batter": "AS Kyobe",
              "bowler": "DA Marage",
              "non_striker": "AL Ndhlovu",
              "runs": {
                "batter": 0,
                "extras": 0,
                "total": 0
              }
            },
            {
              "batter": "AS Kyobe",
              "bowler": "DA Marage",
              "non_striker": "AL Ndhlovu",
              "runs": {
                "batter": 6,
                "extras": 0,
                "total": 6
              }
            }
          ]
        },
        {
          "over": 8,
          "deliveries": [
            {
              "batter": "AL Ndhlovu",
              "bowler": "CS Sandri",
              "non_striker": "AS Kyobe",
              "runs": {
                "batter": 0,
                "extras": 0,
                "total": 0
              },
              "wickets": [
                {
                  "kind": "caught",
                  "player_out": "AL Ndhlovu",
                  "fielders": [
                    {
                      "name": "AM Northcote"
                    }
                  ]
                }
              ]
            },
            {
              "batter": "PM Selowa",
              "bowler": "CS Sandri",
              "non_striker": "AS Kyobe",
              "runs": {
                "batter": 1,
                "extras": 0,
                "total": 1
              }
            },
            {
              "batter": "AS Kyobe",
              "bowler": "CS Sandri",
              "non_striker": "PM Selowa",
              "runs": {
                "batter": 0,
                "extras": 0,
                "total": 0
              },
              "wickets": [
                {
                  "kind": "caught",
                  "player_out": "AS Kyobe",
                  "fielders": [
                    {
                      "name": "GRD Munasinghe"
                    }
                  ]
                }
              ]
            },
            {
              "batter": "P Ochan",
              "bowler": "CS Sandri",
              "non_striker": "PM Selowa",
              "runs": {
                "batter": 2,
                "extras": 0,
                "total": 2
              }
            },
            {
              "batter": "P Ochan",
              "bowler": "CS Sandri",
              "non_striker": "PM Selowa",
              "runs": {
                "batter": 4,
                "extras": 0,
                "total": 4
              }
            },
            {
              "batter": "P Ochan",
              "bowler": "CS Sandri",
              "non_striker": "PM Selowa",
              "runs": {
                "batter": 0,
                "extras": 0,
                "total": 0
              }
            }
          ]
        },
        {
          "over": 9,
          "deliveries": [
            {
              "batter": "PM Selowa",
              "bowler": "V Pennazza",
              "non_striker": "P Ochan",
              "runs": {
                "batter": 0,
                "extras": 0,
                "total": 0
              }
            },
            {
              "batter": "PM Selowa",
              "bowler": "V Pennazza",
              "non_striker": "P Ochan",
              "runs": {
                "batter": 1,
                "extras": 0,
                "total": 1
              }
            },
            {
              "batter": "P Ochan",
              "bowler": "V Pennazza",
              "non_striker": "PM Selowa",
              "runs": {
                "batter": 0,
                "extras": 0,
                "total": 0
              },
              "wickets": [
                {
                  "kind": "run out",
                  "player_out": "PM Selowa",
                  "fielders": [
                    {
                      "name": "AM Northcote"
                    }
                  ]
                }
              ]
            },
            {
              "batter": "DK Arinaitwe",
              "bowler": "V Pennazza",
              "non_striker": "P Ochan",
              "runs": {
                "batter": 1,
                "extras": 0,
                "total": 1
              }
            },
            {
              "batter": "P Ochan",
              "bowler": "V Pennazza",
              "non_striker": "DK Arinaitwe",
              "runs": {
                "batter": 1,
                "extras": 0,
                "total": 1
              }
            },
            {
              "batter": "DK Arinaitwe",
              "bowler": "V Pennazza",
              "non_striker": "P Ochan",
              "runs": {
                "batter": 0,
                "extras": 0,
                "total": 0
              },
              "wickets": [
                {
                  "kind": "caught",
                  "player_out": "DK Arinaitwe",
                  "fielders": [
                    {
                      "name": "AM Northcote"
                    }
                  ]
                }
              ]
            }
          ]
        },
        {
          "over": 10,
          "deliveries": [
            {
              "batter": "P Ochan",
              "bowler": "GK Berg",
              "non_striker": "RG Okia",
              "runs": {
                "batter": 1,
                "extras": 0,
                "total": 1
              }
            },
            {
              "batter": "RG Okia",
              "bowler": "GK Berg",
              "non_striker": "P Ochan",
              "runs": {
                "batter": 0,
                "extras": 0,
                "total": 0
              }
            },
            {
              "batter": "RG Okia",
              "bowler": "GK Berg",
              "non_striker": "P Ochan",
              "runs": {
                "batter": 0,
                "extras": 0,
                "total": 0
              }
            },
            {
              "batter": "RG Okia",
              "bowler": "GK Berg",
              "extras": {
                "legbyes": 1
              },
              "non_striker": "P Ochan",
              "runs": {
                "batter": 0,
                "extras": 1,
                "total": 1
              }
            },
            {
              "batter": "P Ochan",
              "bowler": "GK Berg",
              "non_striker": "RG Okia",
              "runs": {
                "batter": 0,
                "extras": 0,
                "total": 0
              },
              "wickets": [
                {
                  "kind": "bowled",
                  "player_out": "P Ochan"
                }
              ]
            },
            {
              "batter": "F Nsubuga",
              "bowler": "GK Berg",
              "non_striker": "RG Okia",
              "runs": {
                "batter": 1,
                "extras": 0,
                "total": 1
              }
            }
          ]
        },
        {
          "over": 11,
          "deliveries": [
            {
              "batter": "F Nsubuga",
              "bowler": "V Pennazza",
              "non_striker": "RG Okia",
              "runs": {
                "batter": 0,
                "extras": 0,
                "total": 0
              }
            },
            {
              "batter": "F Nsubuga",
              "bowler": "V Pennazza",
              "non_striker": "RG Okia",
              "runs": {
                "batter": 0,
                "extras": 0,
                "total": 0
              }
            },
            {
              "batter": "F Nsubuga",
              "bowler": "V Pennazza",
              "non_striker": "RG Okia",
              "runs": {
                "batter": 0,
                "extras": 0,
                "total": 0
              }
            },
            {
              "batter": "F Nsubuga",
              "bowler": "V Pennazza",
              "non_striker": "RG Okia",
              "runs": {
                "batter": 1,
                "extras": 0,
                "total": 1
              }
            },
            {
              "batter": "RG Okia",
              "bowler": "V Pennazza",
              "non_striker": "F Nsubuga",
              "runs": {
                "batter": 0,
                "extras": 0,
                "total": 0
              }
            },
            {
              "batter": "RG Okia",
              "bowler": "V Pennazza",
              "non_striker": "F Nsubuga",
              "runs": {
                "batter": 1,
                "extras": 0,
                "total": 1
              }
            }
          ]
        },
        {
          "over": 12,
          "deliveries": [
            {
              "batter": "RG Okia",
              "bowler": "GK Berg",
              "non_striker": "F Nsubuga",
              "runs": {
                "batter": 0,
                "extras": 0,
                "total": 0
              }
            },
            {
              "batter": "RG Okia",
              "bowler": "GK Berg",
              "non_striker": "F Nsubuga",
              "runs": {
                "batter": 1,
                "extras": 0,
                "total": 1
              }
            },
            {
              "batter": "F Nsubuga",
              "bowler": "GK Berg",
              "extras": {
                "noballs": 1
              },
              "non_striker": "RG Okia",
              "runs": {
                "batter": 0,
                "extras": 1,
                "total": 1
              }
            },
            {
              "batter": "F Nsubuga",
              "bowler": "GK Berg",
              "non_striker": "RG Okia",
              "runs": {
                "batter": 6,
                "extras": 0,
                "total": 6
              }
            },
            {
              "batter": "F Nsubuga",
              "bowler": "GK Berg",
              "non_striker": "RG Okia",
              "runs": {
                "batter": 0,
                "extras": 0,
                "total": 0
              }
            },
            {
              "batter": "F Nsubuga",
              "bowler": "GK Berg",
              "non_striker": "RG Okia",
              "runs": {
                "batter": 0,
                "extras": 0,
                "total": 0
              }
            },
            {
              "batter": "F Nsubuga",
              "bowler": "GK Berg",
              "non_striker": "RG Okia",
              "runs": {
                "batter": 1,
                "extras": 0,
                "total": 1
              }
            }
          ]
        },
        {
          "over": 13,
          "deliveries": [
            {
              "batter": "F Nsubuga",
              "bowler": "CS Sandri",
              "non_striker": "RG Okia",
              "runs": {
                "batter": 1,
                "extras": 0,
                "total": 1
              }
            },
            {
              "batter": "RG Okia",
              "bowler": "CS Sandri",
              "non_striker": "F Nsubuga",
              "runs": {
                "batter": 0,
                "extras": 0,
                "total": 0
              },
              "wickets": [
                {
                  "kind": "run out",
                  "player_out": "F Nsubuga",
                  "fielders": [
                    {
                      "name": "CS Sandri"
                    }
                  ]
                }
              ]
            },
            {
              "batter": "RG Okia",
              "bowler": "CS Sandri",
              "non_striker": "C Waiswa",
              "runs": {
                "batter": 0,
                "extras": 0,
                "total": 0
              }
            },
            {
              "batter": "RG Okia",
              "bowler": "CS Sandri",
              "non_striker": "C Waiswa",
              "runs": {
                "batter": 1,
                "extras": 0,
                "total": 1
              }
            },
            {
              "batter": "C Waiswa",
              "bowler": "CS Sandri",
              "non_striker": "RG Okia",
              "runs": {
                "batter": 1,
                "extras": 0,
                "total": 1
              }
            },
            {
              "batter": "RG Okia",
              "bowler": "CS Sandri",
              "non_striker": "C Waiswa",
              "runs": {
                "batter": 0,
                "extras": 0,
                "total": 0
              }
            }
          ]
        },
        {
          "over": 14,
          "deliveries": [
            {
              "batter": "C Waiswa",
              "bowler": "DG Crowley",
              "extras": {
                "wides": 1
              },
              "non_striker": "RG Okia",
              "runs": {
                "batter": 0,
                "extras": 1,
                "total": 1
              }
            },
            {
              "batter": "C Waiswa",
              "bowler": "DG Crowley",
              "non_striker": "RG Okia",
              "runs": {
                "batter": 1,
                "extras": 0,
                "total": 1
              }
            },
            {
              "batter": "RG Okia",
              "bowler": "DG Crowley",
              "non_striker": "C Waiswa",
              "runs": {
                "batter": 0,
                "extras": 0,
                "total": 0
              }
            },
            {
              "batter": "RG Okia",
              "bowler": "DG Crowley",
              "non_striker": "C Waiswa",
              "runs": {
                "batter": 2,
                "extras": 0,
                "total": 2
              }
            },
            {
              "batter": "RG Okia",
              "bowler": "DG Crowley",
              "non_striker": "C Waiswa",
              "runs": {
                "batter": 1,
                "extras": 0,
                "total": 1
              }
            },
            {
              "batter": "C Waiswa",
              "bowler": "DG Crowley",
              "non_striker": "RG Okia",
              "runs": {
                "batter": 1,
                "extras": 0,
                "total": 1
              }
            },
            {
              "batter": "RG Okia",
              "bowler": "DG Crowley",
              "non_striker": "C Waiswa",
              "runs": {
                "batter": 1,
                "extras": 0,
                "total": 1
              }
            }
          ]
        },
        {
          "over": 15,
          "deliveries": [
            {
              "batter": "RG Okia",
              "bowler": "CS Sandri",
              "non_striker": "C Waiswa",
              "runs": {
                "batter": 1,
                "extras": 0,
                "total": 1
              }
            },
            {
              "batter": "C Waiswa",
              "bowler": "CS Sandri",
              "non_striker": "RG Okia",
              "runs": {
                "batter": 1,
                "extras": 0,
                "total": 1
              }
            },
            {
              "batter": "RG Okia",
              "bowler": "CS Sandri",
              "non_striker": "C Waiswa",
              "runs": {
                "batter": 4,
                "extras": 0,
                "total": 4
              }
            },
            {
              "batter": "RG Okia",
              "bowler": "CS Sandri",
              "non_striker": "C Waiswa",
              "runs": {
                "batter": 1,
                "extras": 0,
                "total": 1
              }
            },
            {
              "batter": "C Waiswa",
              "bowler": "CS Sandri",
              "non_striker": "RG Okia",
              "runs": {
                "batter": 6,
                "extras": 0,
                "total": 6
              }
            },
            {
              "batter": "C Waiswa",
              "bowler": "CS Sandri",
              "non_striker": "RG Okia",
              "runs": {
                "batter": 0,
                "extras": 0,
                "total": 0
              }
            }
          ]
        },
        {
          "over": 16,
          "deliveries": [
            {
              "batter": "RG Okia",
              "bowler": "V Pennazza",
              "non_striker": "C Waiswa",
              "runs": {
                "batter": 1,
                "extras": 0,
                "total": 1
              }
            },
            {
              "batter": "C Waiswa",
              "bowler": "V Pennazza",
              "non_striker": "RG Okia",
              "runs": {
                "batter": 1,
                "extras": 0,
                "total": 1
              }
            },
            {
              "batter": "RG Okia",
              "bowler": "V Pennazza",
              "non_striker": "C Waiswa",
              "runs": {
                "batter": 1,
                "extras": 0,
                "total": 1
              }
            },
            {
              "batter": "C Waiswa",
              "bowler": "V Pennazza",
              "non_striker": "RG Okia",
              "runs": {
                "batter": 4,
                "extras": 0,
                "total": 4
              }
            },
            {
              "batter": "C Waiswa",
              "bowler": "V Pennazza",
              "non_striker": "RG Okia",
              "runs": {
                "batter": 1,
                "extras": 0,
                "total": 1
              }
            },
            {
              "batter": "RG Okia",
              "bowler": "V Pennazza",
              "non_striker": "C Waiswa",
              "runs": {
                "batter": 1,
                "extras": 0,
                "total": 1
              }
            }
          ]
        },
        {
          "over": 17,
          "deliveries": [
            {
              "batter": "RG Okia",
              "bowler": "GRD Munasinghe",
              "non_striker": "C Waiswa",
              "runs": {
                "batter": 1,
                "extras": 0,
                "total": 1
              }
            },
            {
              "batter": "C Waiswa",
              "bowler": "GRD Munasinghe",
              "non_striker": "RG Okia",
              "runs": {
                "batter": 1,
                "extras": 0,
                "total": 1
              }
            },
            {
              "batter": "RG Okia",
              "bowler": "GRD Munasinghe",
              "non_striker": "C Waiswa",
              "runs": {
                "batter": 1,
                "extras": 0,
                "total": 1
              }
            },
            {
              "batter": "C Waiswa",
              "bowler": "GRD Munasinghe",
              "non_striker": "RG Okia",
              "runs": {
                "batter": 0,
                "extras": 0,
                "total": 0
              }
            },
            {
              "batter": "C Waiswa",
              "bowler": "GRD Munasinghe",
              "non_striker": "RG Okia",
              "runs": {
                "batter": 1,
                "extras": 0,
                "total": 1
              }
            },
            {
              "batter": "RG Okia",
              "bowler": "GRD Munasinghe",
              "non_striker": "C Waiswa",
              "runs": {
                "batter": 2,
                "extras": 0,
                "total": 2
              }
            }
          ]
        },
        {
          "over": 18,
          "deliveries": [
            {
              "batter": "C Waiswa",
              "bowler": "GK Berg",
              "non_striker": "RG Okia",
              "runs": {
                "batter": 2,
                "extras": 0,
                "total": 2
              }
            },
            {
              "batter": "C Waiswa",
              "bowler": "GK Berg",
              "non_striker": "RG Okia",
              "runs": {
                "batter": 1,
                "extras": 0,
                "total": 1
              }
            },
            {
              "batter": "RG Okia",
              "bowler": "GK Berg",
              "non_striker": "C Waiswa",
              "runs": {
                "batter": 6,
                "extras": 0,
                "total": 6
              }
            },
            {
              "batter": "RG Okia",
              "bowler": "GK Berg",
              "non_striker": "C Waiswa",
              "runs": {
                "batter": 2,
                "extras": 0,
                "total": 2
              }
            },
            {
              "batter": "RG Okia",
              "bowler": "GK Berg",
              "non_striker": "C Waiswa",
              "runs": {
                "batter": 0,
                "extras": 0,
                "total": 0
              }
            },
            {
              "batter": "RG Okia",
              "bowler": "GK Berg",
              "non_striker": "C Waiswa",
              "runs": {
                "batter": 1,
                "extras": 0,
                "total": 1
              }
            }
          ]
        },
        {
          "over": 19,
          "deliveries": [
            {
              "batter": "C Waiswa",
              "bowler": "GRD Munasinghe",
              "non_striker": "RG Okia",
              "runs": {
                "batter": 0,
                "extras": 0,
                "total": 0
              },
              "wickets": [
                {
                  "kind": "bowled",
                  "player_out": "C Waiswa"
                }
              ]
            },
            {
              "batter": "H Ssenyondo",
              "bowler": "GRD Munasinghe",
              "non_striker": "RG Okia",
              "runs": {
                "batter": 0,
                "extras": 0,
                "total": 0
              }
            },
            {
              "batter": "H Ssenyondo",
              "bowler": "GRD Munasinghe",
              "non_striker": "RG Okia",
              "runs": {
                "batter": 1,
                "extras": 0,
                "total": 1
              }
            },
            {
              "batter": "RG Okia",
              "bowler": "GRD Munasinghe",
              "non_striker": "H Ssenyondo",
              "runs": {
                "batter": 0,
                "extras": 0,
                "total": 0
              }
            },
            {
              "batter": "RG Okia",
              "bowler": "GRD Munasinghe",
              "non_striker": "H Ssenyondo",
              "runs": {
                "batter": 4,
                "extras": 0,
                "total": 4
              }
            }
          ]
        }
      ],
      "powerplays": [
        {
          "from": 0.1,
          "to": 5.6,
          "type": "mandatory"
        }
      ],
      "target": {
        "overs": 20,
        "runs": 149
      }
    }
  ]
}