{
  "meta": {
    "data_version": "1.0.0",
    "created": "2014-01-03",
    "revision": 3
  },
  "info": {
    "balls_per_over": 6,
    "city": "Abu Dhabi",
    "dates": [
      "2013-11-22"
    ],
    "event": {
      "group": "A",
      "match_number": 44,
      "name": "ICC World Twenty20 Qualifier"
    },
    "gender": "male",
    "match_type": "IT20",
    "officials": {
      "match_referees": [
        "D Govindjee"
      ],
      "reserve_umpires": [
        "GO Brathwaite"
      ],
      "umpires": [
        "IN Ramage",
        "C Shamshuddin"
      ]
    },
    "outcome": {
      "by": {
        "runs": 67
      },
      "winner": "Hong Kong"
    },
    "overs": 20,
    "player_of_match": [
      "Munir Dar"
    ],
    "players": {
      "Hong Kong": [
        "Irfan Ahmed",
        "Waqas Barkat",
        "JJ Atkinson",
        "Nizakat Khan",
        "Munir Dar",
        "MS Chapman",
        "Babar Hayat",
        "Tanwir Afzal",
        "Aizaz Khan",
        "Haseeb Amjad",
        "Nadeem Ahmed"
      ],
      "United States of America": [
        "SR Taylor",
        "Fahad Babar",
        "AL Dodson",
        "K Ganesh",
        "SR Santhanam",
        "TP Allen",
        "BS Bartley",
        "JH Patel",
        "Danial Ahmed",
        "Imran Awan",
        "NC McGarrell"
      ]
    },
    "registry": {
      "people": {
        "AL Dodson": "f5efe5e0",
        "Aizaz Khan": "f6c2659d",
        "BS Bartley": "fb1d3872",
        "Babar Hayat": "fbb657bb",
        "C Shamshuddin": "0f9d921b",
        "D Govindjee": "8b4c4069",
        "Danial Ahmed": "cf9ae594",
        "Fahad Babar": "5595b867",
        "GO Brathwaite": "1ace56d4",
        "Haseeb Amjad": "fb0abc20",
        "IN Ramage": "33cb7803",
        "Imran Awan": "82d8aa2e",
        "Irfan Ahmed": "5c124657",
        "JH Patel": "7cf185e1",
        "JJ Atkinson": "bf2d865c",
        "K Ganesh": "363fe2d5",
        "MS Chapman": "7fa12533",
        "Munir Dar": "04029c44",
        "NC McGarrell": "f4cbce64",
        "Nadeem Ahmed": "023f6b02",
        "Nizakat Khan": "e3eb9e46",
        "SR Santhanam": "063870fc",
        "SR Taylor": "a9231c3f",
        "TP Allen": "30baaf1f",
        "Tanwir Afzal": "5f5ca1a7",
        "Waqas Barkat": "a2eac9df"
      }
    },
    "season": "2013/14",
    "team_type": "international",
    "teams": [
      "Hong Kong",
      "United States of America"
    ],
    "toss": {
      "decision": "field",
      "winner": "United States of America"
    },
    "venue": "Abu Dhabi Oval 2"
  },
  "innings": [
    {
      "team": "Hong Kong",
      "overs": [
        {
          "over": 0,
          "deliveries": [
            {
              "batter": "Irfan Ahmed",
              "bowler": "NC McGarrell",
              "non_striker": "Waqas Barkat",
              "runs": {
                "batter": 0,
                "extras": 0,
                "total": 0
              }
            },
            {
              "batter": "Irfan Ahmed",
              "bowler": "NC McGarrell",
              "non_striker": "Waqas Barkat",
              "runs": {
                "batter": 0,
                "extras": 0,
                "total": 0
              }
            },
            {
              "batter": "Irfan Ahmed",
              "bowler": "NC McGarrell",
              "non_striker": "Waqas Barkat",
              "runs": {
                "batter": 0,
                "extras": 0,
                "total": 0
              }
            },
            {
              "batter": "Irfan Ahmed",
              "bowler": "NC McGarrell",
              "non_striker": "Waqas Barkat",
              "runs": {
                "batter": 1,
                "extras": 0,
                "total": 1
              }
            },
            {
              "batter": "Waqas Barkat",
              "bowler": "NC McGarrell",
              "non_striker": "Irfan Ahmed",
              "runs": {
                "batter": 0,
                "extras": 0,
                "total": 0
              }
            },
            {
              "batter": "Waqas Barkat",
              "bowler": "NC McGarrell",
              "non_striker": "Irfan Ahmed",
              "runs": {
                "batter": 1,
                "extras": 0,
                "total": 1
              }
            }
          ]
        },
        {
          "over": 1,
          "deliveries": [
            {
              "batter": "Waqas Barkat",
              "bowler": "K Ganesh",
              "non_striker": "Irfan Ahmed",
              "runs": {
                "batter": 0,
                "extras": 0,
                "total": 0
              }
            },
            {
              "batter": "Waqas Barkat",
              "bowler": "K Ganesh",
              "non_striker": "Irfan Ahmed",
              "runs": {
                "batter": 1,
                "extras": 0,
                "total": 1
              }
            },
            {
              "batter": "Irfan Ahmed",
              "bowler": "K Ganesh",
              "non_striker": "Waqas Barkat",
              "runs": {
                "batter": 1,
                "extras": 0,
                "total": 1
              }
            },
            {
              "batter": "Waqas Barkat",
              "bowler": "K Ganesh",
              "non_striker": "Irfan Ahmed",
              "runs": {
                "batter": 0,
                "extras": 0,
                "total": 0
              }
            },
            {
              "batter": "Waqas Barkat",
              "bowler": "K Ganesh",
              "non_striker": "Irfan Ahmed",
              "runs": {
                "batter": 1,
                "extras": 0,
                "total": 1
              }
            },
            {
              "batter": "Irfan Ahmed",
              "bowler": "K Ganesh",
              "non_striker": "Waqas Barkat",
              "runs": {
                "batter": 1,
                "extras": 0,
                "total": 1
              }
            }
          ]
        },
        {
          "over": 2,
          "deliveries": [
            {
              "batter": "Irfan Ahmed",
              "bowler": "NC McGarrell",
              "non_striker": "Waqas Barkat",
              "runs": {
                "batter": 1,
                "extras": 0,
                "total": 1
              }
            },
            {
              "batter": "Waqas Barkat",
              "bowler": "NC McGarrell",
              "non_striker": "Irfan Ahmed",
              "runs": {
                "batter": 4,
                "extras": 0,
                "total": 4
              }
            },
            {
              "batter": "Waqas Barkat",
              "bowler": "NC McGarrell",
              "non_striker": "Irfan Ahmed",
              "runs": {
                "batter": 0,
                "extras": 0,
                "total": 0
              }
            },
            {
              "batter": "Waqas Barkat",
              "bowler": "NC McGarrell",
              "non_striker": "Irfan Ahmed",
              "runs": {
                "batter": 2,
                "extras": 0,
                "total": 2
              }
            },
            {
              "batter": "Waqas Barkat",
              "bowler": "NC McGarrell",
              "extras": {
                "wides": 1
              },
              "non_striker": "Irfan Ahmed",
              "runs": {
                "batter": 0,
                "extras": 1,
                "total": 1
              }
            },
            {
              "batter": "Waqas Barkat",
              "bowler": "NC McGarrell",
              "non_striker": "Irfan Ahmed",
              "runs": {
                "batter": 0,
                "extras": 0,
                "total": 0
              }
            },
            {
              "batter": "Waqas Barkat",
              "bowler": "NC McGarrell",
              "non_striker": "Irfan Ahmed",
              "runs": {
                "batter": 4,
                "extras": 0,
                "total": 4
              }
            }
          ]
        },
        {
          "over": 3,
          "deliveries": [
            {
              "batter": "Irfan Ahmed",
              "bowler": "K Ganesh",
              "non_striker": "Waqas Barkat",
              "runs": {
                "batter": 0,
                "extras": 0,
                "total": 0
              }
            },
            {
              "batter": "Irfan Ahmed",
              "bowler": "K Ganesh",
              "non_striker": "Waqas Barkat",
              "runs": {
                "batter": 4,
                "extras": 0,
                "total": 4
              }
            },
            {
              "batter": "Irfan Ahmed",
              "bowler": "K Ganesh",
              "non_striker": "Waqas Barkat",
              "runs": {
                "batter": 0,
                "extras": 0,
                "total": 0
              },
              "wickets": [
                {
                  "kind": "caught",
                  "player_out": "Irfan Ahmed",
                  "fielders": [
                    {
                      "name": "Imran Awan"
                    }
                  ]
                }
              ]
            },
            {
              "batter": "Waqas Barkat",
              "bowler": "K Ganesh",
              "non_striker": "JJ Atkinson",
              "runs": {
                "batter": 0,
                "extras": 0,
                "total": 0
              }
            },
            {
              "batter": "Waqas Barkat",
              "bowler": "K Ganesh",
              "non_striker": "JJ Atkinson",
              "runs": {
                "batter": 1,
                "extras": 0,
                "total": 1
              }
            },
            {
              "batter": "JJ Atkinson",
              "bowler": "K Ganesh",
              "non_striker": "Waqas Barkat",
              "runs": {
                "batter": 1,
                "extras": 0,
                "total": 1
              }
            }
          ]
        },
        {
          "over": 4,
          "deliveries": [
            {
              "batter": "JJ Atkinson",
              "bowler": "Danial Ahmed",
              "non_striker": "Waqas Barkat",
              "runs": {
                "batter": 0,
                "extras": 0,
                "total": 0
              }
            },
            {
              "batter": "JJ Atkinson",
              "bowler": "Danial Ahmed",
              "extras": {
                "wides": 1
              },
              "non_striker": "Waqas Barkat",
              "runs": {
                "batter": 0,
                "extras": 1,
                "total": 1
              }
            },
            {
              "batter": "JJ Atkinson",
              "bowler": "Danial Ahmed",
              "non_striker": "Waqas Barkat",
              "runs": {
                "batter": 1,
                "extras": 0,
                "total": 1
              }
            },
            {
              "batter": "Waqas Barkat",
              "bowler": "Danial Ahmed",
              "non_striker": "JJ Atkinson",
              "runs": {
                "batter": 1,
                "extras": 0,
                "total": 1
              }
            },
            {
              "batter": "JJ Atkinson",
              "bowler": "Danial Ahmed",
              "non_striker": "Waqas Barkat",
              "runs": {
                "batter": 0,
                "extras": 0,
                "total": 0
              }
            },
            {
              "batter": "JJ Atkinson",
              "bowler": "Danial Ahmed",
              "non_striker": "Waqas Barkat",
              "runs": {
                "batter": 0,
                "extras": 0,
                "total": 0
              }
            },
            {
              "batter": "JJ Atkinson",
              "bowler": "Danial Ahmed",
              "extras": {
                "wides": 1
              },
              "non_striker": "Waqas Barkat",
              "runs": {
                "batter": 0,
                "extras": 1,
                "total": 1
              }
            },
            {
              "batter": "JJ Atkinson",
              "bowler": "Danial Ahmed",
              "non_striker": "Waqas Barkat",
              "runs": {
                "batter": 0,
                "extras": 0,
                "total": 0
              }
            }
          ]
        },
        {
          "over": 5,
          "deliveries": [
            {
              "batter": "Waqas Barkat",
              "bowler": "BS Bartley",
              "non_striker": "JJ Atkinson",
              "runs": {
                "batter": 4,
                "extras": 0,
                "total": 4
              }
            },
            {
              "batter": "Waqas Barkat",
              "bowler": "BS Bartley",
              "non_striker": "JJ Atkinson",
              "runs": {
                "batter": 0,
                "extras": 0,
                "total": 0
              }
            },
            {
              "batter": "Waqas Barkat",
              "bowler": "BS Bartley",
              "non_striker": "JJ Atkinson",
              "runs": {
                "batter": 0,
                "extras": 0,
                "total": 0
              }
            },
            {
              "batter": "Waqas Barkat",
              "bowler": "BS Bartley",
              "non_striker": "JJ Atkinson",
              "runs": {
                "batter": 1,
                "extras": 0,
                "total": 1
              }
            },
            {
              "batter": "JJ Atkinson",
              "bowler": "BS Bartley",
              "non_striker": "Waqas Barkat",
              "runs": {
                "batter": 4,
                "extras": 0,
                "total": 4
              }
            },
            {
              "batter": "JJ Atkinson",
              "bowler": "BS Bartley",
              "non_striker": "Waqas Barkat",
              "runs": {
                "batter": 6,
                "extras": 0,
                "total": 6
              }
            }
          ]
        },
        {
          "over": 6,
          "deliveries": [
            {
              "batter": "Waqas Barkat",
              "bowler": "Danial Ahmed",
              "non_striker": "JJ Atkinson",
              "runs": {
                "batter": 0,
                "extras": 0,
                "total": 0
              }
            },
            {
              "batter": "Waqas Barkat",
              "bowler": "Danial Ahmed",
              "non_striker": "JJ Atkinson",
              "runs": {
                "batter": 0,
                "extras": 0,
                "total": 0
              },
              "wickets": [
                {
                  "kind": "bowled",
                  "player_out": "Waqas Barkat"
                }
              ]
            },
            {
              "batter": "Nizakat Khan",
              "bowler": "Danial Ahmed",
              "non_striker": "JJ Atkinson",
              "runs": {
                "batter": 0,
                "extras": 0,
                "total": 0
              }
            },
            {
              "batter": "Nizakat Khan",
              "bowler": "Danial Ahmed",
              "non_striker": "JJ Atkinson",
              "runs": {
                "batter": 0,
                "extras": 0,
                "total": 0
              }
            },
            {
              "batter": "Nizakat Khan",
              "bowler": "Danial Ahmed",
              "non_striker": "JJ Atkinson",
              "runs": {
                "batter": 1,
                "extras": 0,
                "total": 1
              }
            },
            {
              "batter": "JJ Atkinson",
              "bowler": "Danial Ahmed",
              "non_striker": "Nizakat Khan",
              "runs": {
                "batter": 1,
                "extras": 0,
                "total": 1
              }
            }
          ]
        },
        {
          "over": 7,
          "deliveries": [
            {
              "batter": "JJ Atkinson",
              "bowler": "Imran Awan",
              "non_striker": "Nizakat Khan",
              "runs": {
                "batter": 0,
                "extras": 0,
                "total": 0
              }
            },
            {
              "batter": "JJ Atkinson",
              "bowler": "Imran Awan",
              "non_striker": "Nizakat Khan",
              "runs": {
                "batter": 1,
                "extras": 0,
                "total": 1
              }
            },
            {
              "batter": "Nizakat Khan",
              "bowler": "Imran Awan",
              "non_striker": "JJ Atkinson",
              "runs": {
                "batter": 1,
                "extras": 0,
                "total": 1
              }
            },
            {
              "batter": "JJ Atkinson",
              "bowler": "Imran Awan",
              "non_striker": "Nizakat Khan",
              "runs": {
                "batter": 1,
                "extras": 0,
                "total": 1
              }
            },
            {
              "batter": "Nizakat Khan",
              "bowler": "Imran Awan",
              "non_striker": "JJ Atkinson",
              "runs": {
                "batter": 1,
                "extras": 0,
                "total": 1
              }
            },
            {
              "batter": "JJ Atkinson",
              "bowler": "Imran Awan",
              "non_striker": "Nizakat Khan",
              "runs": {
                "batter": 0,
                "extras": 0,
                "total": 0
              }
            }
          ]
        },
        {
          "over": 8,
          "deliveries": [
            {
              "batter": "Nizakat Khan",
              "bowler": "NC McGarrell",
              "non_striker": "JJ Atkinson",
              "runs": {
                "batter": 0,
                "extras": 0,
                "total": 0
              }
            },
            {
              "batter": "Nizakat Khan",
              "bowler": "NC McGarrell",
              "non_striker": "JJ Atkinson",
              "runs": {
                "batter": 1,
                "extras": 0,
                "total": 1
              }
            },
            {
              "batter": "JJ Atkinson",
              "bowler": "NC McGarrell",
              "extras": {
                "wides": 1
              },
              "non_striker": "Nizakat Khan",
              "runs": {
                "batter": 0,
                "extras": 1,
                "total": 1
              }
            },
            {
              "batter": "JJ Atkinson",
              "bowler": "NC McGarrell",
              "non_striker": "Nizakat Khan",
              "runs": {
                "batter": 1,
                "extras": 0,
                "total": 1
              }
            },
            {
              "batter": "Nizakat Khan",
              "bowler": "NC McGarrell",
              "non_striker": "JJ Atkinson",
              "runs": {
                "batter": 1,
                "extras": 0,
                "total": 1
              }
            },
            {
              "batter": "JJ Atkinson",
              "bowler": "NC McGarrell",
              "non_striker": "Nizakat Khan",
              "runs": {
                "batter": 3,
                "extras": 0,
                "total": 3
              }
            },
            {
              "batter": "Nizakat Khan",
              "bowler": "NC McGarrell",
              "non_striker": "JJ Atkinson",
              "runs": {
                "batter": 0,
                "extras": 0,
                "total": 0
              }
            }
          ]
        },
        {
          "over": 9,
          "deliveries": [
            {
              "batter": "JJ Atkinson",
              "bowler": "Imran Awan",
              "non_striker": "Nizakat Khan",
              "runs": {
                "batter": 0,
                "extras": 0,
                "total": 0
              }
            },
            {
              "batter": "JJ Atkinson",
              "bowler": "Imran Awan",
              "non_striker": "Nizakat Khan",
              "runs": {
                "batter": 1,
                "extras": 0,
                "total": 1
              }
            },
            {
              "batter": "Nizakat Khan",
              "bowler": "Imran Awan",
              "non_striker": "JJ Atkinson",
              "runs": {
                "batter": 2,
                "extras": 0,
                "total": 2
              }
            },
            {
              "batter": "Nizakat Khan",
              "bowler": "Imran Awan",
              "non_striker": "JJ Atkinson",
              "runs": {
                "batter": 1,
                "extras": 0,
                "total": 1
              }
            },
            {
              "batter": "JJ Atkinson",
              "bowler": "Imran Awan",
              "extras": {
                "wides": 1
              },
              "non_striker": "Nizakat Khan",
              "runs": {
                "batter": 0,
                "extras": 1,
                "total": 1
              }
            },
            {
              "batter": "JJ Atkinson",
              "bowler": "Imran Awan",
              "non_striker": "Nizakat Khan",
              "runs": {
                "batter": 1,
                "extras": 0,
                "total": 1
              }
            },
            {
              "batter": "Nizakat Khan",
              "bowler": "Imran Awan",
              "non_striker": "JJ Atkinson",
              "runs": {
                "batter": 1,
                "extras": 0,
                "total": 1
              }
            }
          ]
        },
        {
          "over": 10,
          "deliveries": [
            {
              "batter": "Nizakat Khan",
              "bowler": "NC McGarrell",
              "non_striker": "JJ Atkinson",
              "runs": {
                "batter": 0,
                "extras": 0,
                "total": 0
              }
            },
            {
              "batter": "Nizakat Khan",
              "bowler": "NC McGarrell",
              "non_striker": "JJ Atkinson",
              "runs": {
                "batter": 1,
                "extras": 0,
                "total": 1
              }
            },
            {
              "batter": "JJ Atkinson",
              "bowler": "NC McGarrell",
              "non_striker": "Nizakat Khan",
              "runs": {
                "batter": 1,
                "extras": 0,
                "total": 1
              }
            },
            {
              "batter": "Nizakat Khan",
              "bowler": "NC McGarrell",
              "non_striker": "JJ Atkinson",
              "runs": {
                "batter": 2,
                "extras": 0,
                "total": 2
              }
            },
            {
              "batter": "Nizakat Khan",
              "bowler": "NC McGarrell",
              "non_striker": "JJ Atkinson",
              "runs": {
                "batter": 1,
                "extras": 0,
                "total": 1
              }
            },
            {
              "batter": "JJ Atkinson",
              "bowler": "NC McGarrell",
              "non_striker": "Nizakat Khan",
              "runs": {
                "batter": 0,
                "extras": 0,
                "total": 0
              }
            }
          ]
        },
        {
          "over": 11,
          "deliveries": [
            {
              "batter": "Nizakat Khan",
              "bowler": "Imran Awan",
              "non_striker": "JJ Atkinson",
              "runs": {
                "batter": 1,
                "extras": 0,
                "total": 1
              }
            },
            {
              "batter": "JJ Atkinson",
              "bowler": "Imran Awan",
              "non_striker": "Nizakat Khan",
              "runs": {
                "batter": 4,
                "extras": 0,
                "total": 4
              }
            },
            {
              "batter": "JJ Atkinson",
              "bowler": "Imran Awan",
              "non_striker": "Nizakat Khan",
              "runs": {
                "batter": 0,
                "extras": 0,
                "total": 0
              }
            },
            {
              "batter": "JJ Atkinson",
              "bowler": "Imran Awan",
              "non_striker": "Nizakat Khan",
              "runs": {
                "batter": 0,
                "extras": 0,
                "total": 0
              }
            },
            {
              "batter": "JJ Atkinson",
              "bowler": "Imran Awan",
              "non_striker": "Nizakat Khan",
              "runs": {
                "batter": 1,
                "extras": 0,
                "total": 1
              }
            },
            {
              "batter": "Nizakat Khan",
              "bowler": "Imran Awan",
              "non_striker": "JJ Atkinson",
              "runs": {
                "batter": 4,
                "extras": 0,
                "total": 4
              }
            }
          ]
        },
        {
          "over": 12,
          "deliveries": [
            {
              "batter": "JJ Atkinson",
              "bowler": "Danial Ahmed",
              "non_striker": "Nizakat Khan",
              "runs": {
                "batter": 0,
                "extras": 0,
                "total": 0
              }
            },
            {
              "batter": "JJ Atkinson",
              "bowler": "Danial Ahmed",
              "non_striker": "Nizakat Khan",
              "runs": {
                "batter": 2,
                "extras": 0,
                "total": 2
              }
            },
            {
              "batter": "JJ Atkinson",
              "bowler": "Danial Ahmed",
              "non_striker": "Nizakat Khan",
              "runs": {
                "batter": 0,
                "extras": 0,
                "total": 0
              }
            },
            {
              "batter": "JJ Atkinson",
              "bowler": "Danial Ahmed",
              "non_striker": "Nizakat Khan",
              "runs": {
                "batter": 0,
                "extras": 0,
                "total": 0
              }
            },
            {
              "batter": "JJ Atkinson",
              "bowler": "Danial Ahmed",
              "non_striker": "Nizakat Khan",
              "runs": {
                "batter": 1,
                "extras": 0,
                "total": 1
              }
            },
            {
              "batter": "Nizakat Khan",
              "bowler": "Danial Ahmed",
              "non_striker": "JJ Atkinson",
              "runs": {
                "batter": 1,
                "extras": 0,
                "total": 1
              }
            }
          ]
        },
        {
          "over": 13,
          "deliveries": [
            {
              "batter": "Nizakat Khan",
              "bowler": "Imran Awan",
              "non_striker": "JJ Atkinson",
              "runs": {
                "batter": 1,
                "extras": 0,
                "total": 1
              }
            },
            {
              "batter": "JJ Atkinson",
              "bowler": "Imran Awan",
              "extras": {
                "wides": 1
              },
              "non_striker": "Nizakat Khan",
              "runs": {
                "batter": 0,
                "extras": 1,
                "total": 1
              }
            },
            {
              "batter": "JJ Atkinson",
              "bowler": "Imran Awan",
              "non_striker": "Nizakat Khan",
              "runs": {
                "batter": 0,
                "extras": 0,
                "total": 0
              }
            },
            {
              "batter": "JJ Atkinson",
              "bowler": "Imran Awan",
              "non_striker": "Nizakat Khan",
              "runs": {
                "batter": 0,
                "extras": 0,
                "total": 0
              }
            },
            {
              "batter": "JJ Atkinson",
              "bowler": "Imran Awan",
              "non_striker": "Nizakat Khan",
              "runs": {
                "batter": 1,
                "extras": 0,
                "total": 1
              }
            },
            {
              "batter": "Nizakat Khan",
              "bowler": "Imran Awan",
              "non_striker": "JJ Atkinson",
              "runs": {
                "batter": 6,
                "extras": 0,
                "total": 6
              }
            },
            {
              "batter": "Nizakat Khan",
              "bowler": "Imran Awan",
              "non_striker": "JJ Atkinson",
              "runs": {
                "batter": 0,
                "extras": 0,
                "total": 0
              }
            }
          ]
        },
        {
          "over": 14,
          "deliveries": [
            {
              "batter": "JJ Atkinson",
              "bowler": "Danial Ahmed",
              "non_striker": "Nizakat Khan",
              "runs": {
                "batter": 1,
                "extras": 0,
                "total": 1
              }
            },
            {
              "batter": "Nizakat Khan",
              "bowler": "Danial Ahmed",
              "non_striker": "JJ Atkinson",
              "runs": {
                "batter": 0,
                "extras": 0,
                "total": 0
              }
            },
            {
              "batter": "Nizakat Khan",
              "bowler": "Danial Ahmed",
              "non_striker": "JJ Atkinson",
              "runs": {
                "batter": 1,
                "extras": 0,
                "total": 1
              }
            },
            {
              "batter": "JJ Atkinson",
              "bowler": "Danial Ahmed",
              "non_striker": "Nizakat Khan",
              "runs": {
                "batter": 4,
                "extras": 0,
                "total": 4
              }
            },
            {
              "batter": "JJ Atkinson",
              "bowler": "Danial Ahmed",
              "non_striker": "Nizakat Khan",
              "runs": {
                "batter": 1,
                "extras": 0,
                "total": 1
              }
            },
            {
              "batter": "Nizakat Khan",
              "bowler": "Danial Ahmed",
              "non_striker": "JJ Atkinson",
              "runs": {
                "batter": 4,
                "extras": 0,
                "total": 4
              }
            }
          ]
        },
        {
          "over": 15,
          "deliveries": [
            {
              "batter": "JJ Atkinson",
              "bowler": "K Ganesh",
              "non_striker": "Nizakat Khan",
              "runs": {
                "batter": 2,
                "extras": 0,
                "total": 2
              }
            },
            {
              "batter": "JJ Atkinson",
              "bowler": "K Ganesh",
              "non_striker": "Nizakat Khan",
              "runs": {
                "batter": 0,
                "extras": 0,
                "total": 0
              }
            },
            {
              "batter": "JJ Atkinson",
              "bowler": "K Ganesh",
              "extras": {
                "wides": 1
              },
              "non_striker": "Nizakat Khan",
              "runs": {
                "batter": 0,
                "extras": 1,
                "total": 1
              }
            },
            {
              "batter": "JJ Atkinson",
              "bowler": "K Ganesh",
              "extras": {
                "legbyes": 1
              },
              "non_striker": "Nizakat Khan",
              "runs": {
                "batter": 0,
                "extras": 1,
                "total": 1
              }
            },
            {
              "batter": "Nizakat Khan",
              "bowler": "K Ganesh",
              "non_striker": "JJ Atkinson",
              "runs": {
                "batter": 1,
                "extras": 0,
                "total": 1
              }
            },
            {
              "batter": "JJ Atkinson",
              "bowler": "K Ganesh",
              "non_striker": "Nizakat Khan",
              "runs": {
                "batter": 6,
                "extras": 0,
                "total": 6
              }
            },
            {
              "batter": "JJ Atkinson",
              "bowler": "K Ganesh",
              "extras": {
                "wides": 1
              },
              "non_striker": "Nizakat Khan",
              "runs": {
                "batter": 0,
                "extras": 1,
                "total": 1
              }
            },
            {
              "batter": "JJ Atkinson",
              "bowler": "K Ganesh",
              "extras": {
                "legbyes": 1
              },
              "non_striker": "Nizakat Khan",
              "runs": {
                "batter": 0,
                "extras": 1,
                "total": 1
              }
            }
          ]
        },
        {
          "over": 16,
          "deliveries": [
            {
              "batter": "JJ Atkinson",
              "bowler": "BS Bartley",
              "non_striker": "Nizakat Khan",
              "runs": {
                "batter": 0,
                "extras": 0,
                "total": 0
              }
            },
            {
              "batter": "JJ Atkinson",
              "bowler": "BS Bartley",
              "non_striker": "Nizakat Khan",
              "runs": {
                "batter": 6,
                "extras": 0,
                "total": 6
              }
            },
            {
              "batter": "JJ Atkinson",
              "bowler": "BS Bartley",
              "non_striker": "Nizakat Khan",
              "runs": {
                "batter": 6,
                "extras": 0,
                "total": 6
              }
            },
            {
              "batter": "JJ Atkinson",
              "bowler": "BS Bartley",
              "non_striker": "Nizakat Khan",
              "runs": {
                "batter": 1,
                "extras": 0,
                "total": 1
              }
            },
            {
              "batter": "Nizakat Khan",
              "bowler": "BS Bartley",
              "non_striker": "JJ Atkinson",
              "runs": {
                "batter": 6,
                "extras": 0,
                "total": 6
              }
            },
            {
              "batter": "Nizakat Khan",
              "bowler": "BS Bartley",
              "non_striker": "JJ Atkinson",
              "runs": {
                "batter": 6,
                "extras": 0,
                "total": 6
              }
            }
          ]
        },
        {
          "over": 17,
          "deliveries": [
            {
              "batter": "JJ Atkinson",
              "bowler": "K Ganesh",
              "non_striker": "Nizakat Khan",
              "runs": {
                "batter": 1,
                "extras": 0,
                "total": 1
              }
            },
            {
              "batter": "Nizakat Khan",
              "bowler": "K Ganesh",
              "non_striker": "JJ Atkinson",
              "runs": {
                "batter": 2,
                "extras": 0,
                "total": 2
              }
            },
            {
              "batter": "Nizakat Khan",
              "bowler": "K Ganesh",
              "non_striker": "JJ Atkinson",
              "runs": {
                "batter": 0,
                "extras": 0,
                "total": 0
              }
            },
            {
              "batter": "Nizakat Khan",
              "bowler": "K Ganesh",
              "non_striker": "JJ Atkinson",
              "runs": {
                "batter": 0,
                "extras": 0,
                "total": 0
              }
            },
            {
              "batter": "Nizakat Khan",
              "bowler": "K Ganesh",
              "non_striker": "JJ Atkinson",
              "runs": {
                "batter": 1,
                "extras": 0,
                "total": 1
              }
            },
            {
              "batter": "JJ Atkinson",
              "bowler": "K Ganesh",
              "non_striker": "Nizakat Khan",
              "runs": {
                "batter": 6,
                "extras": 0,
                "total": 6
              }
            }
          ]
        },
        {
          "over": 18,
          "deliveries": [
            {
              "batter": "Nizakat Khan",
              "bowler": "TP Allen",
              "non_striker": "JJ Atkinson",
              "runs": {
                "batter": 2,
                "extras": 0,
                "total": 2
              }
            },
            {
              "batter": "Nizakat Khan",
              "bowler": "TP Allen",
              "non_striker": "JJ Atkinson",
              "runs": {
                "batter": 1,
                "extras": 0,
                "total": 1
              }
            },
            {
              "batter": "JJ Atkinson",
              "bowler": "TP Allen",
              "non_striker": "Nizakat Khan",
              "runs": {
                "batter": 1,
                "extras": 0,
                "total": 1
              }
            },
            {
              "batter": "Nizakat Khan",
              "bowler": "TP Allen",
              "non_striker": "JJ Atkinson",
              "runs": {
                "batter": 0,
                "extras": 0,
                "total": 0
              }
            },
            {
              "batter": "Nizakat Khan",
              "bowler": "TP Allen",
              "non_striker": "JJ Atkinson",
              "runs": {
                "batter": 6,
                "extras": 0,
                "total": 6
              }
            },
            {
              "batter": "Nizakat Khan",
              "bowler": "TP Allen",
              "non_striker": "JJ Atkinson",
              "runs": {
                "batter": 1,
                "extras": 0,
                "total": 1
              }
            }
          ]
        },
        {
          "over": 19,
          "deliveries": [
            {
              "batter": "Nizakat Khan",
              "bowler": "BS Bartley",
              "non_striker": "JJ Atkinson",
              "runs": {
                "batter": 0,
                "extras": 0,
                "total": 0
              },
              "wickets": [
                {
                  "kind": "caught",
                  "player_out": "Nizakat Khan",
                  "fielders": [
                    {
                      "name": "SR Santhanam"
                    }
                  ]
                }
              ]
            },
            {
              "batter": "JJ Atkinson",
              "bowler": "BS Bartley",
              "non_striker": "Munir Dar",
              "runs": {
                "batter": 2,
                "extras": 0,
                "total": 2
              }
            },
            {
              "batter": "JJ Atkinson",
              "bowler": "BS Bartley",
              "non_striker": "Munir Dar",
              "runs": {
                "batter": 2,
                "extras": 0,
                "total": 2
              }
            },
            {
              "batter": "JJ Atkinson",
              "bowler": "BS Bartley",
              "non_striker": "Munir Dar",
              "runs": {
                "batter": 2,
                "extras": 0,
                "total": 2
              }
            },
            {
              "batter": "JJ Atkinson",
              "bowler": "BS Bartley",
              "non_striker": "Munir Dar",
              "runs": {
                "batter": 2,
                "extras": 0,
                "total": 2
              }
            },
            {
              "batter": "JJ Atkinson",
              "bowler": "BS Bartley",
              "non_striker": "Munir Dar",
              "runs": {
                "batter": 0,
                "extras": 0,
                "total": 0
              },
              "wickets": [
                {
                  "kind": "caught",
                  "player_out": "JJ Atkinson",
                  "fielders": [
                    {
                      "name": "AL Dodson"
                    }
                  ]
                }
              ]
            }
          ]
        }
      ],
      "powerplays": [
        {
          "from": 0.1,
          "to": 5.6,
          "type": "mandatory"
        }
      ]
    },
    {
      "team": "United States of America",
      "overs": [
        {
          "over": 0,
          "deliveries": [
            {
              "batter": "SR Taylor",
              "bowler": "Tanwir Afzal",
              "non_striker": "Fahad Babar",
              "runs": {
                "batter": 0,
                "extras": 0,
                "total": 0
              }
            },
            {
              "batter": "SR Taylor",
              "bowler": "Tanwir Afzal",
              "extras": {
                "wides": 1
              },
              "non_striker": "Fahad Babar",
              "runs": {
                "batter": 0,
                "extras": 1,
                "total": 1
              }
            },
            {
              "batter": "SR Taylor",
              "bowler": "Tanwir Afzal",
              "non_striker": "Fahad Babar",
              "runs": {
                "batter": 4,
                "extras": 0,
                "total": 4
              }
            },
            {
              "batter": "SR Taylor",
              "bowler": "Tanwir Afzal",
              "non_striker": "Fahad Babar",
              "runs": {
                "batter": 2,
                "extras": 0,
                "total": 2
              }
            },
            {
              "batter": "SR Taylor",
              "bowler": "Tanwir Afzal",
              "non_striker": "Fahad Babar",
              "runs": {
                "batter": 0,
                "extras": 0,
                "total": 0
              }
            },
            {
              "batter": "SR Taylor",
              "bowler": "Tanwir Afzal",
              "non_striker": "Fahad Babar",
              "runs": {
                "batter": 1,
                "extras": 0,
                "total": 1
              }
            },
            {
              "batter": "Fahad Babar",
              "bowler": "Tanwir Afzal",
              "non_striker": "SR Taylor",
              "runs": {
                "batter": 0,
                "extras": 0,
                "total": 0
              }
            }
          ]
        },
        {
          "over": 1,
          "deliveries": [
            {
              "batter": "SR Taylor",
              "bowler": "Haseeb Amjad",
              "non_striker": "Fahad Babar",
              "runs": {
                "batter": 0,
                "extras": 0,
                "total": 0
              }
            },
            {
              "batter": "SR Taylor",
              "bowler": "Haseeb Amjad",
              "non_striker": "Fahad Babar",
              "runs": {
                "batter": 0,
                "extras": 0,
                "total": 0
              }
            },
            {
              "batter": "SR Taylor",
              "bowler": "Haseeb Amjad",
              "non_striker": "Fahad Babar",
              "runs": {
                "batter": 0,
                "extras": 0,
                "total": 0
              }
            },
            {
              "batter": "SR Taylor",
              "bowler": "Haseeb Amjad",
              "non_striker": "Fahad Babar",
              "runs": {
                "batter": 0,
                "extras": 0,
                "total": 0
              }
            },
            {
              "batter": "SR Taylor",
              "bowler": "Haseeb Amjad",
              "non_striker": "Fahad Babar",
              "runs": {
                "batter": 1,
                "extras": 0,
                "total": 1
              }
            },
            {
              "batter": "Fahad Babar",
              "bowler": "Haseeb Amjad",
              "non_striker": "SR Taylor",
              "runs": {
                "batter": 0,
                "extras": 0,
                "total": 0
              }
            }
          ]
        },
        {
          "over": 2,
          "deliveries": [
            {
              "batter": "SR Taylor",
              "bowler": "Tanwir Afzal",
              "non_striker": "Fahad Babar",
              "runs": {
                "batter": 1,
                "extras": 0,
                "total": 1
              }
            },
            {
              "batter": "Fahad Babar",
              "bowler": "Tanwir Afzal",
              "non_striker": "SR Taylor",
              "runs": {
                "batter": 0,
                "extras": 0,
                "total": 0
              }
            },
            {
              "batter": "Fahad Babar",
              "bowler": "Tanwir Afzal",
              "non_striker": "SR Taylor",
              "runs": {
                "batter": 1,
                "extras": 0,
                "total": 1
              }
            },
            {
              "batter": "SR Taylor",
              "bowler": "Tanwir Afzal",
              "non_striker": "Fahad Babar",
              "runs": {
                "batter": 0,
                "extras": 0,
                "total": 0
              }
            },
            {
              "batter": "SR Taylor",
              "bowler": "Tanwir Afzal",
              "non_striker": "Fahad Babar",
              "runs": {
                "batter": 2,
                "extras": 0,
                "total": 2
              }
            },
            {
              "batter": "SR Taylor",
              "bowler": "Tanwir Afzal",
              "non_striker": "Fahad Babar",
              "runs": {
                "batter": 1,
                "extras": 0,
                "total": 1
              }
            }
          ]
        },
        {
          "over": 3,
          "deliveries": [
            {
              "batter": "SR Taylor",
              "bowler": "Munir Dar",
              "non_striker": "Fahad Babar",
              "runs": {
                "batter": 0,
                "extras": 0,
                "total": 0
              }
            },
            {
              "batter": "SR Taylor",
              "bowler": "Munir Dar",
              "non_striker": "Fahad Babar",
              "runs": {
                "batter": 0,
                "extras": 0,
                "total": 0
              }
            },
            {
              "batter": "SR Taylor",
              "bowler": "Munir Dar",
              "non_striker": "Fahad Babar",
              "runs": {
                "batter": 1,
                "extras": 0,
                "total": 1
              }
            },
            {
              "batter": "Fahad Babar",
              "bowler": "Munir Dar",
              "non_striker": "SR Taylor",
              "runs": {
                "batter": 0,
                "extras": 0,
                "total": 0
              }
            },
            {
              "batter": "Fahad Babar",
              "bowler": "Munir Dar",
              "non_striker": "SR Taylor",
              "runs": {
                "batter": 4,
                "extras": 0,
                "total": 4
              }
            },
            {
              "batter": "Fahad Babar",
              "bowler": "Munir Dar",
              "non_striker": "SR Taylor",
              "runs": {
                "batter": 0,
                "extras": 0,
                "total": 0
              }
            }
          ]
        },
        {
          "over": 4,
          "deliveries": [
            {
              "batter": "SR Taylor",
              "bowler": "Tanwir Afzal",
              "non_striker": "Fahad Babar",
              "runs": {
                "batter": 0,
                "extras": 0,
                "total": 0
              }
            },
            {
              "batter": "SR Taylor",
              "bowler": "Tanwir Afzal",
              "non_striker": "Fahad Babar",
              "runs": {
                "batter": 2,
                "extras": 0,
                "total": 2
              }
            },
            {
              "batter": "SR Taylor",
              "bowler": "Tanwir Afzal",
              "non_striker": "Fahad Babar",
              "runs": {
                "batter": 1,
                "extras": 0,
                "total": 1
              }
            },
            {
              "batter": "Fahad Babar",
              "bowler": "Tanwir Afzal",
              "non_striker": "SR Taylor",
              "runs": {
                "batter": 4,
                "extras": 0,
                "total": 4
              }
            },
            {
              "batter": "Fahad Babar",
              "bowler": "Tanwir Afzal",
              "non_striker": "SR Taylor",
              "runs": {
                "batter": 1,
                "extras": 0,
                "total": 1
              }
            },
            {
              "batter": "SR Taylor",
              "bowler": "Tanwir Afzal",
              "non_striker": "Fahad Babar",
              "runs": {
                "batter": 1,
                "extras": 0,
                "total": 1
              }
            }
          ]
        },
        {
          "over": 5,
          "deliveries": [
            {
              "batter": "SR Taylor",
              "bowler": "Munir Dar",
              "non_striker": "Fahad Babar",
              "runs": {
                "batter": 1,
                "extras": 0,
                "total": 1
              }
            },
            {
              "batter": "Fahad Babar",
              "bowler": "Munir Dar",
              "non_striker": "SR Taylor",
              "runs": {
                "batter": 0,
                "extras": 0,
                "total": 0
              },
              "wickets": [
                {
                  "kind": "bowled",
                  "player_out": "Fahad Babar"
                }
              ]
            },
            {
              "batter": "AL Dodson",
              "bowler": "Munir Dar",
              "non_striker": "SR Taylor",
              "runs": {
                "batter": 0,
                "extras": 0,
                "total": 0
              },
              "wickets": [
                {
                  "kind": "caught",
                  "player_out": "AL Dodson",
                  "fielders": [
                    {
                      "name": "Nadeem Ahmed"
                    }
                  ]
                }
              ]
            },
            {
              "batter": "K Ganesh",
              "bowler": "Munir Dar",
              "non_striker": "SR Taylor",
              "runs": {
                "batter": 1,
                "extras": 0,
                "total": 1
              }
            },
            {
              "batter": "SR Taylor",
              "bowler": "Munir Dar",
              "non_striker": "K Ganesh",
              "runs": {
                "batter": 1,
                "extras": 0,
                "total": 1
              }
            },
            {
              "batter": "K Ganesh",
              "bowler": "Munir Dar",
              "non_striker": "SR Taylor",
              "runs": {
                "batter": 0,
                "extras": 0,
                "total": 0
              }
            }
          ]
        },
        {
          "over": 6,
          "deliveries": [
            {
              "batter": "SR Taylor",
              "bowler": "Tanwir Afzal",
              "non_striker": "K Ganesh",
              "runs": {
                "batter": 1,
                "extras": 0,
                "total": 1
              }
            },
            {
              "batter": "K Ganesh",
              "bowler": "Tanwir Afzal",
              "non_striker": "SR Taylor",
              "runs": {
                "batter": 1,
                "extras": 0,
                "total": 1
              }
            },
            {
              "batter": "SR Taylor",
              "bowler": "Tanwir Afzal",
              "non_striker": "K Ganesh",
              "runs": {
                "batter": 2,
                "extras": 0,
                "total": 2
              }
            },
            {
              "batter": "SR Taylor",
              "bowler": "Tanwir Afzal",
              "non_striker": "K Ganesh",
              "runs": {
                "batter": 1,
                "extras": 0,
                "total": 1
              }
            },
            {
              "batter": "K Ganesh",
              "bowler": "Tanwir Afzal",
              "non_striker": "SR Taylor",
              "runs": {
                "batter": 1,
                "extras": 0,
                "total": 1
              }
            },
            {
              "batter": "SR Taylor",
              "bowler": "Tanwir Afzal",
              "non_striker": "K Ganesh",
              "runs": {
                "batter": 0,
                "extras": 0,
                "total": 0
              }
            }
          ]
        },
        {
          "over": 7,
          "deliveries": [
            {
              "batter": "K Ganesh",
              "bowler": "Nadeem Ahmed",
              "non_striker": "SR Taylor",
              "runs": {
                "batter": 1,
                "extras": 0,
                "total": 1
              }
            },
            {
              "batter": "SR Taylor",
              "bowler": "Nadeem Ahmed",
              "non_striker": "K Ganesh",
              "runs": {
                "batter": 0,
                "extras": 0,
                "total": 0
              }
            },
            {
              "batter": "SR Taylor",
              "bowler": "Nadeem Ahmed",
              "non_striker": "K Ganesh",
              "runs": {
                "batter": 0,
                "extras": 0,
                "total": 0
              },
              "wickets": [
                {
                  "kind": "caught",
                  "player_out": "SR Taylor",
                  "fielders": [
                    {
                      "name": "Babar Hayat"
                    }
                  ]
                }
              ]
            },
            {
              "batter": "SR Santhanam",
              "bowler": "Nadeem Ahmed",
              "non_striker": "K Ganesh",
              "runs": {
                "batter": 1,
                "extras": 0,
                "total": 1
              }
            },
            {
              "batter": "K Ganesh",
              "bowler": "Nadeem Ahmed",
              "non_striker": "SR Santhanam",
              "runs": {
                "batter": 1,
                "extras": 0,
                "total": 1
              }
            },
            {
              "batter": "SR Santhanam",
              "bowler": "Nadeem Ahmed",
              "non_striker": "K Ganesh",
              "runs": {
                "batter": 0,
                "extras": 0,
                "total": 0
              }
            }
          ]
        },
        {
          "over": 8,
          "deliveries": [
            {
              "batter": "K Ganesh",
              "bowler": "Aizaz Khan",
              "non_striker": "SR Santhanam",
              "runs": {
                "batter": 1,
                "extras": 0,
                "total": 1
              }
            },
            {
              "batter": "SR Santhanam",
              "bowler": "Aizaz Khan",
              "non_striker": "K Ganesh",
              "runs": {
                "batter": 1,
                "extras": 0,
                "total": 1
              }
            },
            {
              "batter": "K Ganesh",
              "bowler": "Aizaz Khan",
              "non_striker": "SR Santhanam",
              "runs": {
                "batter": 1,
                "extras": 0,
                "total": 1
              }
            },
            {
              "batter": "SR Santhanam",
              "bowler": "Aizaz Khan",
              "non_striker": "K Ganesh",
              "runs": {
                "batter": 0,
                "extras": 0,
                "total": 0
              }
            },
            {
              "batter": "SR Santhanam",
              "bowler": "Aizaz Khan",
              "non_striker": "K Ganesh",
              "runs": {
                "batter": 1,
                "extras": 0,
                "total": 1
              }
            },
            {
              "batter": "K Ganesh",
              "bowler": "Aizaz Khan",
              "non_striker": "SR Santhanam",
              "runs": {
                "batter": 1,
                "extras": 0,
                "total": 1
              }
            }
          ]
        },
        {
          "over": 9,
          "deliveries": [
            {
              "batter": "K Ganesh",
              "bowler": "Nadeem Ahmed",
              "non_striker": "SR Santhanam",
              "runs": {
                "batter": 1,
                "extras": 0,
                "total": 1
              }
            },
            {
              "batter": "SR Santhanam",
              "bowler": "Nadeem Ahmed",
              "non_striker": "K Ganesh",
              "runs": {
                "batter": 1,
                "extras": 0,
                "total": 1
              }
            },
            {
              "batter": "K Ganesh",
              "bowler": "Nadeem Ahmed",
              "non_striker": "SR Santhanam",
              "runs": {
                "batter": 2,
                "extras": 0,
                "total": 2
              }
            },
            {
              "batter": "K Ganesh",
              "bowler": "Nadeem Ahmed",
              "non_striker": "SR Santhanam",
              "runs": {
                "batter": 1,
                "extras": 0,
                "total": 1
              }
            },
            {
              "batter": "SR Santhanam",
              "bowler": "Nadeem Ahmed",
              "extras": {
                "byes": 1
              },
              "non_striker": "K Ganesh",
              "runs": {
                "batter": 0,
                "extras": 1,
                "total": 1
              }
            },
            {
              "batter": "K Ganesh",
              "bowler": "Nadeem Ahmed",
              "non_striker": "SR Santhanam",
              "runs": {
                "batter": 2,
                "extras": 0,
                "total": 2
              }
            }
          ]
        },
        {
          "over": 10,
          "deliveries": [
            {
              "batter": "SR Santhanam",
              "bowler": "Aizaz Khan",
              "non_striker": "K Ganesh",
              "runs": {
                "batter": 2,
                "extras": 0,
                "total": 2
              }
            },
            {
              "batter": "SR Santhanam",
              "bowler": "Aizaz Khan",
              "non_striker": "K Ganesh",
              "runs": {
                "batter": 2,
                "extras": 0,
                "total": 2
              }
            },
            {
              "batter": "SR Santhanam",
              "bowler": "Aizaz Khan",
              "non_striker": "K Ganesh",
              "runs": {
                "batter": 0,
                "extras": 0,
                "total": 0
              }
            },
            {
              "batter": "SR Santhanam",
              "bowler": "Aizaz Khan",
              "non_striker": "K Ganesh",
              "runs": {
                "batter": 0,
                "extras": 0,
                "total": 0
              }
            },
            {
              "batter": "SR Santhanam",
              "bowler": "Aizaz Khan",
              "non_striker": "K Ganesh",
              "runs": {
                "batter": 0,
                "extras": 0,
                "total": 0
              }
            },
            {
              "batter": "SR Santhanam",
              "bowler": "Aizaz Khan",
              "non_striker": "K Ganesh",
              "runs": {
                "batter": 0,
                "extras": 0,
                "total": 0
              }
            }
          ]
        },
        {
          "over": 11,
          "deliveries": [
            {
              "batter": "K Ganesh",
              "bowler": "Haseeb Amjad",
              "non_striker": "SR Santhanam",
              "runs": {
                "batter": 0,
                "extras": 0,
                "total": 0
              }
            },
            {
              "batter": "K Ganesh",
              "bowler": "Haseeb Amjad",
              "non_striker": "SR Santhanam",
              "runs": {
                "batter": 0,
                "extras": 0,
                "total": 0
              }
            },
            {
              "batter": "K Ganesh",
              "bowler": "Haseeb Amjad",
              "non_striker": "SR Santhanam",
              "runs": {
                "batter": 1,
                "extras": 0,
                "total": 1
              }
            },
            {
              "batter": "SR Santhanam",
              "bowler": "Haseeb Amjad",
              "non_striker": "K Ganesh",
              "runs": {
                "batter": 1,
                "extras": 0,
                "total": 1
              }
            },
            {
              "batter": "K Ganesh",
              "bowler": "Haseeb Amjad",
              "non_striker": "SR Santhanam",
              "runs": {
                "batter": 2,
                "extras": 0,
                "total": 2
              }
            },
            {
              "batter": "K Ganesh",
              "bowler": "Haseeb Amjad",
              "non_striker": "SR Santhanam",
              "runs": {
                "batter": 1,
                "extras": 0,
                "total": 1
              }
            }
          ]
        },
        {
          "over": 12,
          "deliveries": [
            {
              "batter": "K Ganesh",
              "bowler": "Aizaz Khan",
              "non_striker": "SR Santhanam",
              "runs": {
                "batter": 3,
                "extras": 0,
                "total": 3
              }
            },
            {
              "batter": "SR Santhanam",
              "bowler": "Aizaz Khan",
              "non_striker": "K Ganesh",
              "runs": {
                "batter": 2,
                "extras": 0,
                "total": 2
              }
            },
            {
              "batter": "SR Santhanam",
              "bowler": "Aizaz Khan",
              "non_striker": "K Ganesh",
              "runs": {
                "batter": 0,
                "extras": 0,
                "total": 0
              },
              "wickets": [
                {
                  "kind": "bowled",
                  "player_out": "SR Santhanam"
                }
              ]
            },
            {
              "batter": "TP Allen",
              "bowler": "Aizaz Khan",
              "non_striker": "K Ganesh",
              "runs": {
                "batter": 0,
                "extras": 0,
                "total": 0
              }
            },
            {
              "batter": "TP Allen",
              "bowler": "Aizaz Khan",
              "non_striker": "K Ganesh",
              "runs": {
                "batter": 1,
                "extras": 0,
                "total": 1
              }
            },
            {
              "batter": "K Ganesh",
              "bowler": "Aizaz Khan",
              "non_striker": "TP Allen",
              "runs": {
                "batter": 1,
                "extras": 0,
                "total": 1
              }
            }
          ]
        },
        {
          "over": 13,
          "deliveries": [
            {
              "batter": "K Ganesh",
              "bowler": "Nadeem Ahmed",
              "non_striker": "TP Allen",
              "runs": {
                "batter": 1,
                "extras": 0,
                "total": 1
              }
            },
            {
              "batter": "TP Allen",
              "bowler": "Nadeem Ahmed",
              "non_striker": "K Ganesh",
              "runs": {
                "batter": 1,
                "extras": 0,
                "total": 1
              }
            },
            {
              "batter": "K Ganesh",
              "bowler": "Nadeem Ahmed",
              "non_striker": "TP Allen",
              "runs": {
                "batter": 6,
                "extras": 0,
                "total": 6
              }
            },
            {
              "batter": "K Ganesh",
              "bowler": "Nadeem Ahmed",
              "non_striker": "TP Allen",
              "runs": {
                "batter": 0,
                "extras": 0,
                "total": 0
              },
              "wickets": [
                {
                  "kind": "bowled",
                  "player_out": "K Ganesh"
                }
              ]
            },
            {
              "batter": "BS Bartley",
              "bowler": "Nadeem Ahmed",
              "non_striker": "TP Allen",
              "runs": {
                "batter": 0,
                "extras": 0,
                "total": 0
              }
            },
            {
              "batter": "BS Bartley",
              "bowler": "Nadeem Ahmed",
              "non_striker": "TP Allen",
              "runs": {
                "batter": 1,
                "extras": 0,
                "total": 1
              }
            }
          ]
        },
        {
          "over": 14,
          "deliveries": [
            {
              "batter": "BS Bartley",
              "bowler": "Aizaz Khan",
              "non_striker": "TP Allen",
              "runs": {
                "batter": 0,
                "extras": 0,
                "total": 0
              }
            },
            {
              "batter": "BS Bartley",
              "bowler": "Aizaz Khan",
              "non_striker": "TP Allen",
              "runs": {
                "batter": 0,
                "extras": 0,
                "total": 0
              },
              "wickets": [
                {
                  "kind": "bowled",
                  "player_out": "BS Bartley"
                }
              ]
            },
            {
              "batter": "JH Patel",
              "bowler": "Aizaz Khan",
              "non_striker": "TP Allen",
              "runs": {
                "batter": 0,
                "extras": 0,
                "total": 0
              }
            },
            {
              "batter": "JH Patel",
              "bowler": "Aizaz Khan",
              "non_striker": "TP Allen",
              "runs": {
                "batter": 1,
                "extras": 0,
                "total": 1
              }
            },
            {
              "batter": "TP Allen",
              "bowler": "Aizaz Khan",
              "non_striker": "JH Patel",
              "runs": {
                "batter": 0,
                "extras": 0,
                "total": 0
              }
            },
            {
              "batter": "TP Allen",
              "bowler": "Aizaz Khan",
              "non_striker": "JH Patel",
              "runs": {
                "batter": 0,
                "extras": 0,
                "total": 0
              }
            }
          ]
        },
        {
          "over": 15,
          "deliveries": [
            {
              "batter": "JH Patel",
              "bowler": "Munir Dar",
              "non_striker": "TP Allen",
              "runs": {
                "batter": 0,
                "extras": 0,
                "total": 0
              },
              "wickets": [
                {
                  "kind": "caught",
                  "player_out": "JH Patel",
                  "fielders": [
                    {
                      "name": "Tanwir Afzal"
                    }
                  ]
                }
              ]
            },
            {
              "batter": "TP Allen",
              "bowler": "Munir Dar",
              "non_striker": "Danial Ahmed",
              "runs": {
                "batter": 1,
                "extras": 0,
                "total": 1
              }
            },
            {
              "batter": "Danial Ahmed",
              "bowler": "Munir Dar",
              "non_striker": "TP Allen",
              "runs": {
                "batter": 1,
                "extras": 0,
                "total": 1
              }
            },
            {
              "batter": "TP Allen",
              "bowler": "Munir Dar",
              "non_striker": "Danial Ahmed",
              "runs": {
                "batter": 6,
                "extras": 0,
                "total": 6
              }
            },
            {
              "batter": "TP Allen",
              "bowler": "Munir Dar",
              "non_striker": "Danial Ahmed",
              "runs": {
                "batter": 1,
                "extras": 0,
                "total": 1
              }
            },
            {
              "batter": "Danial Ahmed",
              "bowler": "Munir Dar",
              "non_striker": "TP Allen",
              "runs": {
                "batter": 0,
                "extras": 0,
                "total": 0
              }
            }
          ]
        },
        {
          "over": 16,
          "deliveries": [
            {
              "batter": "TP Allen",
              "bowler": "Haseeb Amjad",
              "extras": {
                "legbyes": 1
              },
              "non_striker": "Danial Ahmed",
              "runs": {
                "batter": 0,
                "extras": 1,
                "total": 1
              }
            },
            {
              "batter": "Danial Ahmed",
              "bowler": "Haseeb Amjad",
              "non_striker": "TP Allen",
              "runs": {
                "batter": 1,
                "extras": 0,
                "total": 1
              }
            },
            {
              "batter": "TP Allen",
              "bowler": "Haseeb Amjad",
              "non_striker": "Danial Ahmed",
              "runs": {
                "batter": 1,
                "extras": 0,
                "total": 1
              }
            },
            {
              "batter": "Danial Ahmed",
              "bowler": "Haseeb Amjad",
              "non_striker": "TP Allen",
              "runs": {
                "batter": 0,
                "extras": 0,
                "total": 0
              }
            },
            {
              "batter": "Danial Ahmed",
              "bowler": "Haseeb Amjad",
              "non_striker": "TP Allen",
              "runs": {
                "batter": 0,
                "extras": 0,
                "total": 0
              }
            },
            {
              "batter": "Danial Ahmed",
              "bowler": "Haseeb Amjad",
              "non_striker": "TP Allen",
              "runs": {
                "batter": 2,
                "extras": 0,
                "total": 2
              }
            }
          ]
        },
        {
          "over": 17,
          "deliveries": [
            {
              "batter": "TP Allen",
              "bowler": "Nadeem Ahmed",
              "non_striker": "Danial Ahmed",
              "runs": {
                "batter": 1,
                "extras": 0,
                "total": 1
              }
            },
            {
              "batter": "Danial Ahmed",
              "bowler": "Nadeem Ahmed",
              "non_striker": "TP Allen",
              "runs": {
                "batter": 0,
                "extras": 0,
                "total": 0
              }
            },
            {
              "batter": "Danial Ahmed",
              "bowler": "Nadeem Ahmed",
              "non_striker": "TP Allen",
              "runs": {
                "batter": 1,
                "extras": 0,
                "total": 1
              }
            },
            {
              "batter": "TP Allen",
              "bowler": "Nadeem Ahmed",
              "non_striker": "Danial Ahmed",
              "runs": {
                "batter": 2,
                "extras": 0,
                "total": 2
              }
            },
            {
              "batter": "TP Allen",
              "bowler": "Nadeem Ahmed",
              "non_striker": "Danial Ahmed",
              "runs": {
                "batter": 1,
                "extras": 0,
                "total": 1
              }
            },
            {
              "batter": "Danial Ahmed",
              "bowler": "Nadeem Ahmed",
              "non_striker": "TP Allen",
              "runs": {
                "batter": 0,
                "extras": 0,
                "total": 0
              }
            }
          ]
        },
        {
          "over": 18,
          "deliveries": [
            {
              "batter": "TP Allen",
              "bowler": "Haseeb Amjad",
              "non_striker": "Danial Ahmed",
              "runs": {
                "batter": 2,
                "extras": 0,
                "total": 2
              }
            },
            {
              "batter": "TP Allen",
              "bowler": "Haseeb Amjad",
              "non_striker": "Danial Ahmed",
              "runs": {
                "batter": 1,
                "extras": 0,
                "total": 1
              }
            },
            {
              "batter": "Danial Ahmed",
              "bowler": "Haseeb Amjad",
              "non_striker": "TP Allen",
              "runs": {
                "batter": 0,
                "extras": 0,
                "total": 0
              },
              "wickets": [
                {
                  "kind": "bowled",
                  "player_out": "Danial Ahmed"
                }
              ]
            },
            {
              "batter": "Imran Awan",
              "bowler": "Haseeb Amjad",
              "non_striker": "TP Allen",
              "runs": {
                "batter": 0,
                "extras": 0,
                "total": 0
              }
            },
            {
              "batter": "Imran Awan",
              "bowler": "Haseeb Amjad",
              "non_striker": "TP Allen",
              "runs": {
                "batter": 1,
                "extras": 0,
                "total": 1
              }
            },
            {
              "batter": "TP Allen",
              "bowler": "Haseeb Amjad",
              "non_striker": "Imran Awan",
              "runs": {
                "batter": 0,
                "extras": 0,
                "total": 0
              },
              "wickets": [
                {
                  "kind": "bowled",
                  "player_out": "TP Allen"
                }
              ]
            }
          ]
        },
        {
          "over": 19,
          "deliveries": [
            {
              "batter": "Imran Awan",
              "bowler": "Munir Dar",
              "non_striker": "NC McGarrell",
              "runs": {
                "batter": 0,
                "extras": 0,
                "total": 0
              },
              "wickets": [
                {
                  "kind": "lbw",
                  "player_out": "Imran Awan"
                }
              ]
            }
          ]
        }
      ],
      "powerplays": [
        {
          "from": 0.1,
          "to": 5.6,
          "type": "mandatory"
        }
      ],
      "target": {
        "overs": 20,
        "runs": 170
      }
    }
  ]
}