{
  "meta": {
    "data_version": "1.0.0",
    "created": "2013-12-05",
    "revision": 1
  },
  "info": {
    "balls_per_over": 6,
    "city": "Dubai",
    "dates": [
      "2013-11-18"
    ],
    "event": {
      "group": "B",
      "match_number": 24,
      "name": "ICC World Twenty20 Qualifier"
    },
    "gender": "male",
    "match_type": "IT20",
    "officials": {
      "match_referees": [
        "GF Labrooy"
      ],
      "reserve_umpires": [
        "JD Ward"
      ],
      "umpires": [
        "S Ravi",
        "JS Wilson"
      ]
    },
    "outcome": {
      "by": {
        "wickets": 8
      },
      "winner": "Scotland"
    },
    "overs": 20,
    "player_of_match": [
      "CS MacLeod"
    ],
    "players": {
      "Nepal": [
        "SP Khakurel",
        "Sagar Pun",
        "G Malla",
        "P Khadka",
        "B Bhandari",
        "S Vesawkar",
        "AK Mandal",
        "B Regmi",
        "SP Gauchan",
        "A Bhattarai",
        "JK Mukhiya"
      ],
      "Scotland": [
        "RD Berrington",
        "CS MacLeod",
        "MW Machan",
        "KJ Coetzer",
        "MA Leask",
        "SM Sharif",
        "RM Haq",
        "D Murphy",
        "RML Taylor",
        "G Goudie",
        "I Wardlaw"
      ]
    },
    "registry": {
      "people": {
        "A Bhattarai": "2c2013a9",
        "AK Mandal": "defd49f6",
        "B Bhandari": "82342b13",
        "B Regmi": "98d05440",
        "CS MacLeod": "9c376401",
        "D Murphy": "a5544576",
        "G Goudie": "59f509ed",
        "G Malla": "b2e1d224",
        "GF Labrooy": "8e088dbc",
        "I Wardlaw": "7429c452",
        "JD Ward": "511299c1",
        "JK Mukhiya": "f8dcfe4e",
        "JS Wilson": "d7f3b72f",
        "KJ Coetzer": "85d8110a",
        "MA Leask": "28131839",
        "MW Machan": "8c7d6cbe",
        "P Khadka": "12c3ba4d",
        "RD Berrington": "e21bc7f3",
        "RM Haq": "27159c6a",
        "RML Taylor": "7fa2ab1f",
        "S Ravi": "9b9ee0df",
        "S Vesawkar": "3de06845",
        "SM Sharif": "f43dd8c2",
        "SP Gauchan": "2d8aae2f",
        "SP Khakurel": "9a6b71d1",
        "Sagar Pun": "3c4007d3"
      }
    },
    "season": "2013/14",
    "team_type": "international",
    "teams": [
      "Nepal",
      "Scotland"
    ],
    "toss": {
      "decision": "field",
      "winner": "Scotland"
    },
    "venue": "ICC Academy Ground No 2"
  },
  "innings": [
    {
      "team": "Nepal",
      "overs": [
        {
          "over": 0,
          "deliveries": [
            {
              "batter": "SP Khakurel",
              "bowler": "CS MacLeod",
              "non_striker": "Sagar Pun",
              "runs": {
                "batter": 0,
                "extras": 0,
                "total": 0
              }
            },
            {
              "batter": "SP Khakurel",
              "bowler": "CS MacLeod",
              "extras": {
                "noballs": 1
              },
              "non_striker": "Sagar Pun",
              "runs": {
                "batter": 0,
                "extras": 1,
                "total": 1
              }
            },
            {
              "batter": "SP Khakurel",
              "bowler": "CS MacLeod",
              "non_striker": "Sagar Pun",
              "runs": {
                "batter": 6,
                "extras": 0,
                "total": 6
              }
            },
            {
              "batter": "SP Khakurel",
              "bowler": "CS MacLeod",
              "extras": {
                "legbyes": 1
              },
              "non_striker": "Sagar Pun",
              "runs": {
                "batter": 0,
                "extras": 1,
                "total": 1
              }
            },
            {
              "batter": "Sagar Pun",
              "bowler": "CS MacLeod",
              "non_striker": "SP Khakurel",
              "runs": {
                "batter": 0,
                "extras": 0,
                "total": 0
              }
            },
            {
              "batter": "Sagar Pun",
              "bowler": "CS MacLeod",
              "non_striker": "SP Khakurel",
              "runs": {
                "batter": 0,
                "extras": 0,
                "total": 0
              }
            },
            {
              "batter": "Sagar Pun",
              "bowler": "CS MacLeod",
              "non_striker": "SP Khakurel",
              "runs": {
                "batter": 0,
                "extras": 0,
                "total": 0
              }
            }
          ]
        },
        {
          "over": 1,
          "deliveries": [
            {
              "batter": "SP Khakurel",
              "bowler": "SM Sharif",
              "extras": {
                "wides": 1
              },
              "non_striker": "Sagar Pun",
              "runs": {
                "batter": 0,
                "extras": 1,
                "total": 1
              }
            },
            {
              "batter": "SP Khakurel",
              "bowler": "SM Sharif",
              "non_striker": "Sagar Pun",
              "runs": {
                "batter": 0,
                "extras": 0,
                "total": 0
              }
            },
            {
              "batter": "SP Khakurel",
              "bowler": "SM Sharif",
              "non_striker": "Sagar Pun",
              "runs": {
                "batter": 0,
                "extras": 0,
                "total": 0
              },
              "wickets": [
                {
                  "kind": "caught",
                  "player_out": "SP Khakurel",
                  "fielders": [
                    {
                      "name": "RML Taylor"
                    }
                  ]
                }
              ]
            },
            {
              "batter": "G Malla",
              "bowler": "SM Sharif",
              "non_striker": "Sagar Pun",
              "runs": {
                "batter": 0,
                "extras": 0,
                "total": 0
              }
            },
            {
              "batter": "G Malla",
              "bowler": "SM Sharif",
              "non_striker": "Sagar Pun",
              "runs": {
                "batter": 1,
                "extras": 0,
                "total": 1
              }
            },
            {
              "batter": "Sagar Pun",
              "bowler": "SM Sharif",
              "non_striker": "G Malla",
              "runs": {
                "batter": 0,
                "extras": 0,
                "total": 0
              }
            },
            {
              "batter": "Sagar Pun",
              "bowler": "SM Sharif",
              "non_striker": "G Malla",
              "runs": {
                "batter": 0,
                "extras": 0,
                "total": 0
              }
            }
          ]
        },
        {
          "over": 2,
          "deliveries": [
            {
              "batter": "G Malla",
              "bowler": "I Wardlaw",
              "non_striker": "Sagar Pun",
              "runs": {
                "batter": 4,
                "extras": 0,
                "total": 4
              }
            },
            {
              "batter": "G Malla",
              "bowler": "I Wardlaw",
              "non_striker": "Sagar Pun",
              "runs": {
                "batter": 0,
                "extras": 0,
                "total": 0
              }
            },
            {
              "batter": "G Malla",
              "bowler": "I Wardlaw",
              "non_striker": "Sagar Pun",
              "runs": {
                "batter": 0,
                "extras": 0,
                "total": 0
              }
            },
            {
              "batter": "G Malla",
              "bowler": "I Wardlaw",
              "non_striker": "Sagar Pun",
              "runs": {
                "batter": 1,
                "extras": 0,
                "total": 1
              }
            },
            {
              "batter": "Sagar Pun",
              "bowler": "I Wardlaw",
              "non_striker": "G Malla",
              "runs": {
                "batter": 6,
                "extras": 0,
                "total": 6
              }
            },
            {
              "batter": "Sagar Pun",
              "bowler": "I Wardlaw",
              "non_striker": "G Malla",
              "runs": {
                "batter": 0,
                "extras": 0,
                "total": 0
              }
            }
          ]
        },
        {
          "over": 3,
          "deliveries": [
            {
              "batter": "G Malla",
              "bowler": "SM Sharif",
              "non_striker": "Sagar Pun",
              "runs": {
                "batter": 0,
                "extras": 0,
                "total": 0
              }
            },
            {
              "batter": "G Malla",
              "bowler": "SM Sharif",
              "non_striker": "Sagar Pun",
              "runs": {
                "batter": 0,
                "extras": 0,
                "total": 0
              }
            },
            {
              "batter": "G Malla",
              "bowler": "SM Sharif",
              "non_striker": "Sagar Pun",
              "runs": {
                "batter": 1,
                "extras": 0,
                "total": 1
              }
            },
            {
              "batter": "Sagar Pun",
              "bowler": "SM Sharif",
              "non_striker": "G Malla",
              "runs": {
                "batter": 0,
                "extras": 0,
                "total": 0
              }
            },
            {
              "batter": "Sagar Pun",
              "bowler": "SM Sharif",
              "non_striker": "G Malla",
              "runs": {
                "batter": 0,
                "extras": 0,
                "total": 0
              }
            },
            {
              "batter": "Sagar Pun",
              "bowler": "SM Sharif",
              "non_striker": "G Malla",
              "runs": {
                "batter": 4,
                "extras": 0,
                "total": 4
              }
            }
          ]
        },
        {
          "over": 4,
          "deliveries": [
            {
              "batter": "G Malla",
              "bowler": "RML Taylor",
              "non_striker": "Sagar Pun",
              "runs": {
                "batter": 0,
                "extras": 0,
                "total": 0
              }
            },
            {
              "batter": "G Malla",
              "bowler": "RML Taylor",
              "non_striker": "Sagar Pun",
              "runs": {
                "batter": 0,
                "extras": 0,
                "total": 0
              }
            },
            {
              "batter": "G Malla",
              "bowler": "RML Taylor",
              "non_striker": "Sagar Pun",
              "runs": {
                "batter": 1,
                "extras": 0,
                "total": 1
              }
            },
            {
              "batter": "Sagar Pun",
              "bowler": "RML Taylor",
              "non_striker": "G Malla",
              "runs": {
                "batter": 0,
                "extras": 0,
                "total": 0
              }
            },
            {
              "batter": "Sagar Pun",
              "bowler": "RML Taylor",
              "non_striker": "G Malla",
              "runs": {
                "batter": 1,
                "extras": 0,
                "total": 1
              }
            },
            {
              "batter": "G Malla",
              "bowler": "RML Taylor",
              "non_striker": "Sagar Pun",
              "runs": {
                "batter": 1,
                "extras": 0,
                "total": 1
              }
            }
          ]
        },
        {
          "over": 5,
          "deliveries": [
            {
              "batter": "G Malla",
              "bowler": "G Goudie",
              "non_striker": "Sagar Pun",
              "runs": {
                "batter": 0,
                "extras": 0,
                "total": 0
              }
            },
            {
              "batter": "G Malla",
              "bowler": "G Goudie",
              "non_striker": "Sagar Pun",
              "runs": {
                "batter": 1,
                "extras": 0,
                "total": 1
              }
            },
            {
              "batter": "Sagar Pun",
              "bowler": "G Goudie",
              "non_striker": "G Malla",
              "runs": {
                "batter": 0,
                "extras": 0,
                "total": 0
              },
              "wickets": [
                {
                  "kind": "caught",
                  "player_out": "Sagar Pun",
                  "fielders": [
                    {
                      "name": "RM Haq"
                    }
                  ]
                }
              ]
            },
            {
              "batter": "G Malla",
              "bowler": "G Goudie",
              "non_striker": "P Khadka",
              "runs": {
                "batter": 4,
                "extras": 0,
                "total": 4
              }
            },
            {
              "batter": "G Malla",
              "bowler": "G Goudie",
              "non_striker": "P Khadka",
              "runs": {
                "batter": 0,
                "extras": 0,
                "total": 0
              }
            },
            {
              "batter": "G Malla",
              "bowler": "G Goudie",
              "extras": {
                "wides": 1
              },
              "non_striker": "P Khadka",
              "runs": {
                "batter": 0,
                "extras": 1,
                "total": 1
              },
              "wickets": [
                {
                  "kind": "stumped",
                  "player_out": "G Malla",
                  "fielders": [
                    {
                      "name": "D Murphy"
                    }
                  ]
                }
              ]
            },
            {
              "batter": "B Bhandari",
              "bowler": "G Goudie",
              "non_striker": "P Khadka",
              "runs": {
                "batter": 0,
                "extras": 0,
                "total": 0
              }
            }
          ]
        },
        {
          "over": 6,
          "deliveries": [
            {
              "batter": "P Khadka",
              "bowler": "RML Taylor",
              "non_striker": "B Bhandari",
              "runs": {
                "batter": 0,
                "extras": 0,
                "total": 0
              }
            },
            {
              "batter": "P Khadka",
              "bowler": "RML Taylor",
              "non_striker": "B Bhandari",
              "runs": {
                "batter": 1,
                "extras": 0,
                "total": 1
              }
            },
            {
              "batter": "B Bhandari",
              "bowler": "RML Taylor",
              "non_striker": "P Khadka",
              "runs": {
                "batter": 0,
                "extras": 0,
                "total": 0
              }
            },
            {
              "batter": "B Bhandari",
              "bowler": "RML Taylor",
              "non_striker": "P Khadka",
              "runs": {
                "batter": 1,
                "extras": 0,
                "total": 1
              }
            },
            {
              "batter": "P Khadka",
              "bowler": "RML Taylor",
              "extras": {
                "wides": 1
              },
              "non_striker": "B Bhandari",
              "runs": {
                "batter": 0,
                "extras": 1,
                "total": 1
              }
            },
            {
              "batter": "P Khadka",
              "bowler": "RML Taylor",
              "non_striker": "B Bhandari",
              "runs": {
                "batter": 1,
                "extras": 0,
                "total": 1
              }
            },
            {
              "batter": "B Bhandari",
              "bowler": "RML Taylor",
              "non_striker": "P Khadka",
              "runs": {
                "batter": 0,
                "extras": 0,
                "total": 0
              }
            }
          ]
        },
        {
          "over": 7,
          "deliveries": [
            {
              "batter": "P Khadka",
              "bowler": "G Goudie",
              "non_striker": "B Bhandari",
              "runs": {
                "batter": 1,
                "extras": 0,
                "total": 1
              }
            },
            {
              "batter": "B Bhandari",
              "bowler": "G Goudie",
              "non_striker": "P Khadka",
              "runs": {
                "batter": 2,
                "extras": 0,
                "total": 2
              }
            },
            {
              "batter": "B Bhandari",
              "bowler": "G Goudie",
              "non_striker": "P Khadka",
              "runs": {
                "batter": 1,
                "extras": 0,
                "total": 1
              }
            },
            {
              "batter": "P Khadka",
              "bowler": "G Goudie",
              "non_striker": "B Bhandari",
              "runs": {
                "batter": 4,
                "extras": 0,
                "total": 4
              }
            },
            {
              "batter": "P Khadka",
              "bowler": "G Goudie",
              "non_striker": "B Bhandari",
              "runs": {
                "batter": 0,
                "extras": 0,
                "total": 0
              }
            },
            {
              "batter": "P Khadka",
              "bowler": "G Goudie",
              "non_striker": "B Bhandari",
              "runs": {
                "batter": 0,
                "extras": 0,
                "total": 0
              }
            }
          ]
        },
        {
          "over": 8,
          "deliveries": [
            {
              "batter": "B Bhandari",
              "bowler": "I Wardlaw",
              "extras": {
                "wides": 1
              },
              "non_striker": "P Khadka",
              "runs": {
                "batter": 0,
                "extras": 1,
                "total": 1
              }
            },
            {
              "batter": "B Bhandari",
              "bowler": "I Wardlaw",
              "extras": {
                "legbyes": 1
              },
              "non_striker": "P Khadka",
              "runs": {
                "batter": 0,
                "extras": 1,
                "total": 1
              }
            },
            {
              "batter": "P Khadka",
              "bowler": "I Wardlaw",
              "non_striker": "B Bhandari",
              "runs": {
                "batter": 1,
                "extras": 0,
                "total": 1
              }
            },
            {
              "batter": "B Bhandari",
              "bowler": "I Wardlaw",
              "extras": {
                "wides": 1
              },
              "non_striker": "P Khadka",
              "runs": {
                "batter": 0,
                "extras": 1,
                "total": 1
              }
            },
            {
              "batter": "B Bhandari",
              "bowler": "I Wardlaw",
              "extras": {
                "wides": 1
              },
              "non_striker": "P Khadka",
              "runs": {
                "batter": 0,
                "extras": 1,
                "total": 1
              }
            },
            {
              "batter": "B Bhandari",
              "bowler": "I Wardlaw",
              "non_striker": "P Khadka",
              "runs": {
                "batter": 0,
                "extras": 0,
                "total": 0
              }
            },
            {
              "batter": "B Bhandari",
              "bowler": "I Wardlaw",
              "non_striker": "P Khadka",
              "runs": {
                "batter": 4,
                "extras": 0,
                "total": 4
              }
            },
            {
              "batter": "B Bhandari",
              "bowler": "I Wardlaw",
              "non_striker": "P Khadka",
              "runs": {
                "batter": 1,
                "extras": 0,
                "total": 1
              }
            },
            {
              "batter": "P Khadka",
              "bowler": "I Wardlaw",
              "non_striker": "B Bhandari",
              "runs": {
                "batter": 1,
                "extras": 0,
                "total": 1
              }
            }
          ]
        },
        {
          "over": 9,
          "deliveries": [
            {
              "batter": "P Khadka",
              "bowler": "RM Haq",
              "non_striker": "B Bhandari",
              "runs": {
                "batter": 0,
                "extras": 0,
                "total": 0
              }
            },
            {
              "batter": "P Khadka",
              "bowler": "RM Haq",
              "non_striker": "B Bhandari",
              "runs": {
                "batter": 1,
                "extras": 0,
                "total": 1
              }
            },
            {
              "batter": "B Bhandari",
              "bowler": "RM Haq",
              "non_striker": "P Khadka",
              "runs": {
                "batter": 0,
                "extras": 0,
                "total": 0
              }
            },
            {
              "batter": "B Bhandari",
              "bowler": "RM Haq",
              "non_striker": "P Khadka",
              "runs": {
                "batter": 0,
                "extras": 0,
                "total": 0
              }
            },
            {
              "batter": "B Bhandari",
              "bowler": "RM Haq",
              "non_striker": "P Khadka",
              "runs": {
                "batter": 0,
                "extras": 0,
                "total": 0
              }
            },
            {
              "batter": "B Bhandari",
              "bowler": "RM Haq",
              "non_striker": "P Khadka",
              "runs": {
                "batter": 0,
                "extras": 0,
                "total": 0
              }
            }
          ]
        },
        {
          "over": 10,
          "deliveries": [
            {
              "batter": "P Khadka",
              "bowler": "RML Taylor",
              "non_striker": "B Bhandari",
              "runs": {
                "batter": 0,
                "extras": 0,
                "total": 0
              }
            },
            {
              "batter": "P Khadka",
              "bowler": "RML Taylor",
              "non_striker": "B Bhandari",
              "runs": {
                "batter": 1,
                "extras": 0,
                "total": 1
              }
            },
            {
              "batter": "B Bhandari",
              "bowler": "RML Taylor",
              "extras": {
                "legbyes": 1
              },
              "non_striker": "P Khadka",
              "runs": {
                "batter": 0,
                "extras": 1,
                "total": 1
              }
            },
            {
              "batter": "P Khadka",
              "bowler": "RML Taylor",
              "non_striker": "B Bhandari",
              "runs": {
                "batter": 1,
                "extras": 0,
                "total": 1
              }
            },
            {
              "batter": "B Bhandari",
              "bowler": "RML Taylor",
              "non_striker": "P Khadka",
              "runs": {
                "batter": 4,
                "extras": 0,
                "total": 4
              }
            },
            {
              "batter": "B Bhandari",
              "bowler": "RML Taylor",
              "non_striker": "P Khadka",
              "runs": {
                "batter": 1,
                "extras": 0,
                "total": 1
              }
            }
          ]
        },
        {
          "over": 11,
          "deliveries": [
            {
              "batter": "B Bhandari",
              "bowler": "RM Haq",
              "non_striker": "P Khadka",
              "runs": {
                "batter": 6,
                "extras": 0,
                "total": 6
              }
            },
            {
              "batter": "B Bhandari",
              "bowler": "RM Haq",
              "non_striker": "P Khadka",
              "runs": {
                "batter": 0,
                "extras": 0,
                "total": 0
              }
            },
            {
              "batter": "B Bhandari",
              "bowler": "RM Haq",
              "non_striker": "P Khadka",
              "runs": {
                "batter": 0,
                "extras": 0,
                "total": 0
              }
            },
            {
              "batter": "B Bhandari",
              "bowler": "RM Haq",
              "non_striker": "P Khadka",
              "runs": {
                "batter": 6,
                "extras": 0,
                "total": 6
              }
            },
            {
              "batter": "B Bhandari",
              "bowler": "RM Haq",
              "non_striker": "P Khadka",
              "runs": {
                "batter": 0,
                "extras": 0,
                "total": 0
              }
            },
            {
              "batter": "B Bhandari",
              "bowler": "RM Haq",
              "non_striker": "P Khadka",
              "runs": {
                "batter": 1,
                "extras": 0,
                "total": 1
              }
            }
          ]
        },
        {
          "over": 12,
          "deliveries": [
            {
              "batter": "B Bhandari",
              "bowler": "SM Sharif",
              "non_striker": "P Khadka",
              "runs": {
                "batter": 1,
                "extras": 0,
                "total": 1
              }
            },
            {
              "batter": "P Khadka",
              "bowler": "SM Sharif",
              "non_striker": "B Bhandari",
              "runs": {
                "batter": 1,
                "extras": 0,
                "total": 1
              }
            },
            {
              "batter": "B Bhandari",
              "bowler": "SM Sharif",
              "non_striker": "P Khadka",
              "runs": {
                "batter": 0,
                "extras": 0,
                "total": 0
              },
              "wickets": [
                {
                  "kind": "caught",
                  "player_out": "B Bhandari",
                  "fielders": [
                    {
                      "name": "CS MacLeod"
                    }
                  ]
                }
              ]
            },
            {
              "batter": "S Vesawkar",
              "bowler": "SM Sharif",
              "extras": {
                "legbyes": 1
              },
              "non_striker": "P Khadka",
              "runs": {
                "batter": 0,
                "extras": 1,
                "total": 1
              }
            },
            {
              "batter": "P Khadka",
              "bowler": "SM Sharif",
              "non_striker": "S Vesawkar",
              "runs": {
                "batter": 0,
                "extras": 0,
                "total": 0
              }
            },
            {
              "batter": "P Khadka",
              "bowler": "SM Sharif",
              "non_striker": "S Vesawkar",
              "runs": {
                "batter": 1,
                "extras": 0,
                "total": 1
              }
            }
          ]
        },
        {
          "over": 13,
          "deliveries": [
            {
              "batter": "P Khadka",
              "bowler": "RM Haq",
              "non_striker": "S Vesawkar",
              "runs": {
                "batter": 4,
                "extras": 0,
                "total": 4
              }
            },
            {
              "batter": "P Khadka",
              "bowler": "RM Haq",
              "non_striker": "S Vesawkar",
              "runs": {
                "batter": 1,
                "extras": 0,
                "total": 1
              }
            },
            {
              "batter": "S Vesawkar",
              "bowler": "RM Haq",
              "non_striker": "P Khadka",
              "runs": {
                "batter": 0,
                "extras": 0,
                "total": 0
              }
            },
            {
              "batter": "S Vesawkar",
              "bowler": "RM Haq",
              "non_striker": "P Khadka",
              "runs": {
                "batter": 0,
                "extras": 0,
                "total": 0
              }
            },
            {
              "batter": "S Vesawkar",
              "bowler": "RM Haq",
              "non_striker": "P Khadka",
              "runs": {
                "batter": 1,
                "extras": 0,
                "total": 1
              }
            },
            {
              "batter": "P Khadka",
              "bowler": "RM Haq",
              "non_striker": "S Vesawkar",
              "runs": {
                "batter": 6,
                "extras": 0,
                "total": 6
              }
            }
          ]
        },
        {
          "over": 14,
          "deliveries": [
            {
              "batter": "S Vesawkar",
              "bowler": "RML Taylor",
              "non_striker": "P Khadka",
              "runs": {
                "batter": 1,
                "extras": 0,
                "total": 1
              }
            },
            {
              "batter": "P Khadka",
              "bowler": "RML Taylor",
              "non_striker": "S Vesawkar",
              "runs": {
                "batter": 1,
                "extras": 0,
                "total": 1
              }
            },
            {
              "batter": "S Vesawkar",
              "bowler": "RML Taylor",
              "non_striker": "P Khadka",
              "runs": {
                "batter": 1,
                "extras": 0,
                "total": 1
              }
            },
            {
              "batter": "P Khadka",
              "bowler": "RML Taylor",
              "non_striker": "S Vesawkar",
              "runs": {
                "batter": 0,
                "extras": 0,
                "total": 0
              }
            },
            {
              "batter": "P Khadka",
              "bowler": "RML Taylor",
              "non_striker": "S Vesawkar",
              "runs": {
                "batter": 1,
                "extras": 0,
                "total": 1
              }
            },
            {
              "batter": "S Vesawkar",
              "bowler": "RML Taylor",
              "non_striker": "P Khadka",
              "runs": {
                "batter": 1,
                "extras": 0,
                "total": 1
              }
            }
          ]
        },
        {
          "over": 15,
          "deliveries": [
            {
              "batter": "S Vesawkar",
              "bowler": "G Goudie",
              "non_striker": "P Khadka",
              "runs": {
                "batter": 1,
                "extras": 0,
                "total": 1
              }
            },
            {
              "batter": "P Khadka",
              "bowler": "G Goudie",
              "non_striker": "S Vesawkar",
              "runs": {
                "batter": 0,
                "extras": 0,
                "total": 0
              },
              "wickets": [
                {
                  "kind": "caught",
                  "player_out": "P Khadka",
                  "fielders": [
                    {
                      "name": "D Murphy"
                    }
                  ]
                }
              ]
            },
            {
              "batter": "S Vesawkar",
              "bowler": "G Goudie",
              "non_striker": "AK Mandal",
              "runs": {
                "batter": 2,
                "extras": 0,
                "total": 2
              }
            },
            {
              "batter": "S Vesawkar",
              "bowler": "G Goudie",
              "non_striker": "AK Mandal",
              "runs": {
                "batter": 1,
                "extras": 0,
                "total": 1
              }
            },
            {
              "batter": "AK Mandal",
              "bowler": "G Goudie",
              "non_striker": "S Vesawkar",
              "runs": {
                "batter": 0,
                "extras": 0,
                "total": 0
              }
            },
            {
              "batter": "AK Mandal",
              "bowler": "G Goudie",
              "non_striker": "S Vesawkar",
              "runs": {
                "batter": 0,
                "extras": 0,
                "total": 0
              }
            }
          ]
        },
        {
          "over": 16,
          "deliveries": [
            {
              "batter": "S Vesawkar",
              "bowler": "I Wardlaw",
              "non_striker": "AK Mandal",
              "runs": {
                "batter": 1,
                "extras": 0,
                "total": 1
              }
            },
            {
              "batter": "AK Mandal",
              "bowler": "I Wardlaw",
              "non_striker": "S Vesawkar",
              "runs": {
                "batter": 1,
                "extras": 0,
                "total": 1
              }
            },
            {
              "batter": "S Vesawkar",
              "bowler": "I Wardlaw",
              "non_striker": "AK Mandal",
              "runs": {
                "batter": 1,
                "extras": 0,
                "total": 1
              }
            },
            {
              "batter": "AK Mandal",
              "bowler": "I Wardlaw",
              "non_striker": "S Vesawkar",
              "runs": {
                "batter": 1,
                "extras": 0,
                "total": 1
              }
            },
            {
              "batter": "S Vesawkar",
              "bowler": "I Wardlaw",
              "non_striker": "AK Mandal",
              "runs": {
                "batter": 0,
                "extras": 0,
                "total": 0
              }
            },
            {
              "batter": "S Vesawkar",
              "bowler": "I Wardlaw",
              "non_striker": "AK Mandal",
              "runs": {
                "batter": 0,
                "extras": 0,
                "total": 0
              }
            }
          ]
        },
        {
          "over": 17,
          "deliveries": [
            {
              "batter": "AK Mandal",
              "bowler": "G Goudie",
              "non_striker": "S Vesawkar",
              "runs": {
                "batter": 1,
                "extras": 0,
                "total": 1
              }
            },
            {
              "batter": "S Vesawkar",
              "bowler": "G Goudie",
              "non_striker": "AK Mandal",
              "runs": {
                "batter": 1,
                "extras": 0,
                "total": 1
              }
            },
            {
              "batter": "AK Mandal",
              "bowler": "G Goudie",
              "non_striker": "S Vesawkar",
              "runs": {
                "batter": 4,
                "extras": 0,
                "total": 4
              }
            },
            {
              "batter": "AK Mandal",
              "bowler": "G Goudie",
              "non_striker": "S Vesawkar",
              "runs": {
                "batter": 1,
                "extras": 0,
                "total": 1
              }
            },
            {
              "batter": "S Vesawkar",
              "bowler": "G Goudie",
              "non_striker": "AK Mandal",
              "runs": {
                "batter": 0,
                "extras": 0,
                "total": 0
              }
            },
            {
              "batter": "S Vesawkar",
              "bowler": "G Goudie",
              "non_striker": "AK Mandal",
              "runs": {
                "batter": 4,
                "extras": 0,
                "total": 4
              }
            }
          ]
        },
        {
          "over": 18,
          "deliveries": [
            {
              "batter": "AK Mandal",
              "bowler": "I Wardlaw",
              "non_striker": "S Vesawkar",
              "runs": {
                "batter": 0,
                "extras": 0,
                "total": 0
              },
              "wickets": [
                {
                  "kind": "lbw",
                  "player_out": "AK Mandal"
                }
              ]
            },
            {
              "batter": "B Regmi",
              "bowler": "I Wardlaw",
              "non_striker": "S Vesawkar",
              "runs": {
                "batter": 0,
                "extras": 0,
                "total": 0
              }
            },
            {
              "batter": "B Regmi",
              "bowler": "I Wardlaw",
              "non_striker": "S Vesawkar",
              "runs": {
                "batter": 4,
                "extras": 0,
                "total": 4
              }
            },
            {
              "batter": "B Regmi",
              "bowler": "I Wardlaw",
              "extras": {
                "legbyes": 1
              },
              "non_striker": "S Vesawkar",
              "runs": {
                "batter": 0,
                "extras": 1,
                "total": 1
              }
            },
            {
              "batter": "S Vesawkar",
              "bowler": "I Wardlaw",
              "non_striker": "B Regmi",
              "runs": {
                "batter": 1,
                "extras": 0,
                "total": 1
              }
            },
            {
              "batter": "B Regmi",
              "bowler": "I Wardlaw",
              "non_striker": "S Vesawkar",
              "runs": {
                "batter": 1,
                "extras": 0,
                "total": 1
              }
            }
          ]
        },
        {
          "over": 19,
          "deliveries": [
            {
              "batter": "B Regmi",
              "bowler": "SM Sharif",
              "non_striker": "S Vesawkar",
              "runs": {
                "batter": 6,
                "extras": 0,
                "total": 6
              }
            },
            {
              "batter": "B Regmi",
              "bowler": "SM Sharif",
              "non_striker": "S Vesawkar",
              "runs": {
                "batter": 1,
                "extras": 0,
                "total": 1
              }
            },
            {
              "batter": "S Vesawkar",
              "bowler": "SM Sharif",
              "non_striker": "B Regmi",
              "runs": {
                "batter": 0,
                "extras": 0,
                "total": 0
              },
              "wickets": [
                {
                  "kind": "caught",
                  "player_out": "S Vesawkar",
                  "fielders": [
                    {
                      "name": "KJ Coetzer"
                    }
                  ]
                }
              ]
            },
            {
              "batter": "SP Gauchan",
              "bowler": "SM Sharif",
              "non_striker": "B Regmi",
              "runs": {
                "batter": 1,
                "extras": 0,
                "total": 1
              }
            },
            {
              "batter": "B Regmi",
              "bowler": "SM Sharif",
              "non_striker": "SP Gauchan",
              "runs": {
                "batter": 1,
                "extras": 0,
                "total": 1
              }
            },
            {
              "batter": "SP Gauchan",
              "bowler": "SM Sharif",
              "extras": {
                "byes": 1
              },
              "non_striker": "B Regmi",
              "runs": {
                "batter": 0,
                "extras": 1,
                "total": 1
              }
            }
          ]
        }
      ],
      "powerplays": [
        {
          "from": 0.1,
          "to": 5.7,
          "type": "mandatory"
        }
      ]
    },
    {
      "team": "Scotland",
      "overs": [
        {
          "over": 0,
          "deliveries": [
            {
              "batter": "RD Berrington",
              "bowler": "A Bhattarai",
              "non_striker": "CS MacLeod",
              "runs": {
                "batter": 0,
                "extras": 0,
                "total": 0
              }
            },
            {
              "batter": "RD Berrington",
              "bowler": "A Bhattarai",
              "non_striker": "CS MacLeod",
              "runs": {
                "batter": 0,
                "extras": 0,
                "total": 0
              }
            },
            {
              "batter": "RD Berrington",
              "bowler": "A Bhattarai",
              "non_striker": "CS MacLeod",
              "runs": {
                "batter": 1,
                "extras": 0,
                "total": 1
              }
            },
            {
              "batter": "CS MacLeod",
              "bowler": "A Bhattarai",
              "non_striker": "RD Berrington",
              "runs": {
                "batter": 0,
                "extras": 0,
                "total": 0
              }
            },
            {
              "batter": "CS MacLeod",
              "bowler": "A Bhattarai",
              "non_striker": "RD Berrington",
              "runs": {
                "batter": 0,
                "extras": 0,
                "total": 0
              }
            },
            {
              "batter": "CS MacLeod",
              "bowler": "A Bhattarai",
              "non_striker": "RD Berrington",
              "runs": {
                "batter": 1,
                "extras": 0,
                "total": 1
              }
            }
          ]
        },
        {
          "over": 1,
          "deliveries": [
            {
              "batter": "CS MacLeod",
              "bowler": "JK Mukhiya",
              "non_striker": "RD Berrington",
              "runs": {
                "batter": 0,
                "extras": 0,
                "total": 0
              }
            },
            {
              "batter": "CS MacLeod",
              "bowler": "JK Mukhiya",
              "non_striker": "RD Berrington",
              "runs": {
                "batter": 0,
                "extras": 0,
                "total": 0
              }
            },
            {
              "batter": "CS MacLeod",
              "bowler": "JK Mukhiya",
              "non_striker": "RD Berrington",
              "runs": {
                "batter": 4,
                "extras": 0,
                "total": 4
              }
            },
            {
              "batter": "CS MacLeod",
              "bowler": "JK Mukhiya",
              "non_striker": "RD Berrington",
              "runs": {
                "batter": 4,
                "extras": 0,
                "total": 4
              }
            },
            {
              "batter": "CS MacLeod",
              "bowler": "JK Mukhiya",
              "non_striker": "RD Berrington",
              "runs": {
                "batter": 0,
                "extras": 0,
                "total": 0
              }
            },
            {
              "batter": "CS MacLeod",
              "bowler": "JK Mukhiya",
              "non_striker": "RD Berrington",
              "runs": {
                "batter": 1,
                "extras": 0,
                "total": 1
              }
            }
          ]
        },
        {
          "over": 2,
          "deliveries": [
            {
              "batter": "CS MacLeod",
              "bowler": "A Bhattarai",
              "non_striker": "RD Berrington",
              "runs": {
                "batter": 1,
                "extras": 0,
                "total": 1
              }
            },
            {
              "batter": "RD Berrington",
              "bowler": "A Bhattarai",
              "non_striker": "CS MacLeod",
              "runs": {
                "batter": 0,
                "extras": 0,
                "total": 0
              }
            },
            {
              "batter": "RD Berrington",
              "bowler": "A Bhattarai",
              "non_striker": "CS MacLeod",
              "runs": {
                "batter": 4,
                "extras": 0,
                "total": 4
              }
            },
            {
              "batter": "RD Berrington",
              "bowler": "A Bhattarai",
              "non_striker": "CS MacLeod",
              "runs": {
                "batter": 0,
                "extras": 0,
                "total": 0
              }
            },
            {
              "batter": "RD Berrington",
              "bowler": "A Bhattarai",
              "non_striker": "CS MacLeod",
              "runs": {
                "batter": 0,
                "extras": 0,
                "total": 0
              }
            },
            {
              "batter": "RD Berrington",
              "bowler": "A Bhattarai",
              "non_striker": "CS MacLeod",
              "runs": {
                "batter": 0,
                "extras": 0,
                "total": 0
              }
            }
          ]
        },
        {
          "over": 3,
          "deliveries": [
            {
              "batter": "CS MacLeod",
              "bowler": "B Regmi",
              "non_striker": "RD Berrington",
              "runs": {
                "batter": 1,
                "extras": 0,
                "total": 1
              }
            },
            {
              "batter": "RD Berrington",
              "bowler": "B Regmi",
              "non_striker": "CS MacLeod",
              "runs": {
                "batter": 0,
                "extras": 0,
                "total": 0
              }
            },
            {
              "batter": "RD Berrington",
              "bowler": "B Regmi",
              "non_striker": "CS MacLeod",
              "runs": {
                "batter": 0,
                "extras": 0,
                "total": 0
              },
              "wickets": [
                {
                  "kind": "stumped",
                  "player_out": "RD Berrington",
                  "fielders": [
                    {
                      "name": "SP Khakurel"
                    }
                  ]
                }
              ]
            },
            {
              "batter": "MW Machan",
              "bowler": "B Regmi",
              "non_striker": "CS MacLeod",
              "runs": {
                "batter": 0,
                "extras": 0,
                "total": 0
              }
            },
            {
              "batter": "MW Machan",
              "bowler": "B Regmi",
              "non_striker": "CS MacLeod",
              "runs": {
                "batter": 1,
                "extras": 0,
                "total": 1
              }
            },
            {
              "batter": "CS MacLeod",
              "bowler": "B Regmi",
              "extras": {
                "legbyes": 1
              },
              "non_striker": "MW Machan",
              "runs": {
                "batter": 0,
                "extras": 1,
                "total": 1
              }
            }
          ]
        },
        {
          "over": 4,
          "deliveries": [
            {
              "batter": "CS MacLeod",
              "bowler": "JK Mukhiya",
              "non_striker": "MW Machan",
              "runs": {
                "batter": 0,
                "extras": 0,
                "total": 0
              }
            },
            {
              "batter": "CS MacLeod",
              "bowler": "JK Mukhiya",
              "non_striker": "MW Machan",
              "runs": {
                "batter": 0,
                "extras": 0,
                "total": 0
              }
            },
            {
              "batter": "CS MacLeod",
              "bowler": "JK Mukhiya",
              "non_striker": "MW Machan",
              "runs": {
                "batter": 1,
                "extras": 0,
                "total": 1
              }
            },
            {
              "batter": "MW Machan",
              "bowler": "JK Mukhiya",
              "non_striker": "CS MacLeod",
              "runs": {
                "batter": 0,
                "extras": 0,
                "total": 0
              }
            },
            {
              "batter": "MW Machan",
              "bowler": "JK Mukhiya",
              "non_striker": "CS MacLeod",
              "runs": {
                "batter": 4,
                "extras": 0,
                "total": 4
              }
            },
            {
              "batter": "MW Machan",
              "bowler": "JK Mukhiya",
              "non_striker": "CS MacLeod",
              "runs": {
                "batter": 0,
                "extras": 0,
                "total": 0
              }
            }
          ]
        },
        {
          "over": 5,
          "deliveries": [
            {
              "batter": "CS MacLeod",
              "bowler": "Sagar Pun",
              "non_striker": "MW Machan",
              "runs": {
                "batter": 1,
                "extras": 0,
                "total": 1
              }
            },
            {
              "batter": "MW Machan",
              "bowler": "Sagar Pun",
              "non_striker": "CS MacLeod",
              "runs": {
                "batter": 4,
                "extras": 0,
                "total": 4
              }
            },
            {
              "batter": "MW Machan",
              "bowler": "Sagar Pun",
              "non_striker": "CS MacLeod",
              "runs": {
                "batter": 1,
                "extras": 0,
                "total": 1
              }
            },
            {
              "batter": "CS MacLeod",
              "bowler": "Sagar Pun",
              "non_striker": "MW Machan",
              "runs": {
                "batter": 2,
                "extras": 0,
                "total": 2
              }
            },
            {
              "batter": "CS MacLeod",
              "bowler": "Sagar Pun",
              "non_striker": "MW Machan",
              "runs": {
                "batter": 1,
                "extras": 0,
                "total": 1
              }
            },
            {
              "batter": "MW Machan",
              "bowler": "Sagar Pun",
              "non_striker": "CS MacLeod",
              "runs": {
                "batter": 1,
                "extras": 0,
                "total": 1
              }
            }
          ]
        },
        {
          "over": 6,
          "deliveries": [
            {
              "batter": "MW Machan",
              "bowler": "SP Gauchan",
              "non_striker": "CS MacLeod",
              "runs": {
                "batter": 1,
                "extras": 0,
                "total": 1
              }
            },
            {
              "batter": "CS MacLeod",
              "bowler": "SP Gauchan",
              "non_striker": "MW Machan",
              "runs": {
                "batter": 1,
                "extras": 0,
                "total": 1
              }
            },
            {
              "batter": "MW Machan",
              "bowler": "SP Gauchan",
              "non_striker": "CS MacLeod",
              "runs": {
                "batter": 1,
                "extras": 0,
                "total": 1
              }
            },
            {
              "batter": "CS MacLeod",
              "bowler": "SP Gauchan",
              "non_striker": "MW Machan",
              "runs": {
                "batter": 1,
                "extras": 0,
                "total": 1
              }
            },
            {
              "batter": "MW Machan",
              "bowler": "SP Gauchan",
              "non_striker": "CS MacLeod",
              "runs": {
                "batter": 4,
                "extras": 0,
                "total": 4
              }
            },
            {
              "batter": "MW Machan",
              "bowler": "SP Gauchan",
              "non_striker": "CS MacLeod",
              "runs": {
                "batter": 0,
                "extras": 0,
                "total": 0
              }
            }
          ]
        },
        {
          "over": 7,
          "deliveries": [
            {
              "batter": "MW Machan",
              "bowler": "Sagar Pun",
              "non_striker": "CS MacLeod",
              "runs": {
                "batter": 1,
                "extras": 0,
                "total": 1
              }
            },
            {
              "batter": "CS MacLeod",
              "bowler": "Sagar Pun",
              "non_striker": "MW Machan",
              "runs": {
                "batter": 2,
                "extras": 0,
                "total": 2
              }
            },
            {
              "batter": "CS MacLeod",
              "bowler": "Sagar Pun",
              "non_striker": "MW Machan",
              "runs": {
                "batter": 2,
                "extras": 0,
                "total": 2
              }
            },
            {
              "batter": "CS MacLeod",
              "bowler": "Sagar Pun",
              "non_striker": "MW Machan",
              "runs": {
                "batter": 0,
                "extras": 0,
                "total": 0
              }
            },
            {
              "batter": "CS MacLeod",
              "bowler": "Sagar Pun",
              "non_striker": "MW Machan",
              "runs": {
                "batter": 1,
                "extras": 0,
                "total": 1
              }
            },
            {
              "batter": "MW Machan",
              "bowler": "Sagar Pun",
              "non_striker": "CS MacLeod",
              "runs": {
                "batter": 1,
                "extras": 0,
                "total": 1
              }
            }
          ]
        },
        {
          "over": 8,
          "deliveries": [
            {
              "batter": "CS MacLeod",
              "bowler": "B Regmi",
              "non_striker": "MW Machan",
              "runs": {
                "batter": 4,
                "extras": 0,
                "total": 4
              }
            },
            {
              "batter": "CS MacLeod",
              "bowler": "B Regmi",
              "non_striker": "MW Machan",
              "runs": {
                "batter": 1,
                "extras": 0,
                "total": 1
              }
            },
            {
              "batter": "MW Machan",
              "bowler": "B Regmi",
              "non_striker": "CS MacLeod",
              "runs": {
                "batter": 1,
                "extras": 0,
                "total": 1
              }
            },
            {
              "batter": "CS MacLeod",
              "bowler": "B Regmi",
              "non_striker": "MW Machan",
              "runs": {
                "batter": 1,
                "extras": 0,
                "total": 1
              }
            },
            {
              "batter": "MW Machan",
              "bowler": "B Regmi",
              "non_striker": "CS MacLeod",
              "runs": {
                "batter": 6,
                "extras": 0,
                "total": 6
              }
            },
            {
              "batter": "MW Machan",
              "bowler": "B Regmi",
              "non_striker": "CS MacLeod",
              "runs": {
                "batter": 1,
                "extras": 0,
                "total": 1
              }
            }
          ]
        },
        {
          "over": 9,
          "deliveries": [
            {
              "batter": "MW Machan",
              "bowler": "P Khadka",
              "non_striker": "CS MacLeod",
              "runs": {
                "batter": 1,
                "extras": 0,
                "total": 1
              }
            },
            {
              "batter": "CS MacLeod",
              "bowler": "P Khadka",
              "non_striker": "MW Machan",
              "runs": {
                "batter": 0,
                "extras": 0,
                "total": 0
              }
            },
            {
              "batter": "CS MacLeod",
              "bowler": "P Khadka",
              "non_striker": "MW Machan",
              "runs": {
                "batter": 1,
                "extras": 0,
                "total": 1
              }
            },
            {
              "batter": "MW Machan",
              "bowler": "P Khadka",
              "non_striker": "CS MacLeod",
              "runs": {
                "batter": 0,
                "extras": 0,
                "total": 0
              },
              "wickets": [
                {
                  "kind": "caught and bowled",
                  "player_out": "MW Machan"
                }
              ]
            },
            {
              "batter": "KJ Coetzer",
              "bowler": "P Khadka",
              "non_striker": "CS MacLeod",
              "runs": {
                "batter": 0,
                "extras": 0,
                "total": 0
              }
            },
            {
              "batter": "KJ Coetzer",
              "bowler": "P Khadka",
              "non_striker": "CS MacLeod",
              "runs": {
                "batter": 1,
                "extras": 0,
                "total": 1
              }
            }
          ]
        },
        {
          "over": 10,
          "deliveries": [
            {
              "batter": "KJ Coetzer",
              "bowler": "SP Gauchan",
              "non_striker": "CS MacLeod",
              "runs": {
                "batter": 1,
                "extras": 0,
                "total": 1
              }
            },
            {
              "batter": "CS MacLeod",
              "bowler": "SP Gauchan",
              "non_striker": "KJ Coetzer",
              "runs": {
                "batter": 1,
                "extras": 0,
                "total": 1
              }
            },
            {
              "batter": "KJ Coetzer",
              "bowler": "SP Gauchan",
              "non_striker": "CS MacLeod",
              "runs": {
                "batter": 0,
                "extras": 0,
                "total": 0
              }
            },
            {
              "batter": "KJ Coetzer",
              "bowler": "SP Gauchan",
              "non_striker": "CS MacLeod",
              "runs": {
                "batter": 2,
                "extras": 0,
                "total": 2
              }
            },
            {
              "batter": "KJ Coetzer",
              "bowler": "SP Gauchan",
              "non_striker": "CS MacLeod",
              "runs": {
                "batter": 0,
                "extras": 0,
                "total": 0
              }
            },
            {
              "batter": "KJ Coetzer",
              "bowler": "SP Gauchan",
              "non_striker": "CS MacLeod",
              "runs": {
                "batter": 4,
                "extras": 0,
                "total": 4
              }
            }
          ]
        },
        {
          "over": 11,
          "deliveries": [
            {
              "batter": "CS MacLeod",
              "bowler": "P Khadka",
              "non_striker": "KJ Coetzer",
              "runs": {
                "batter": 4,
                "extras": 0,
                "total": 4
              }
            },
            {
              "batter": "CS MacLeod",
              "bowler": "P Khadka",
              "non_striker": "KJ Coetzer",
              "runs": {
                "batter": 2,
                "extras": 0,
                "total": 2
              }
            },
            {
              "batter": "CS MacLeod",
              "bowler": "P Khadka",
              "non_striker": "KJ Coetzer",
              "runs": {
                "batter": 1,
                "extras": 0,
                "total": 1
              }
            },
            {
              "batter": "KJ Coetzer",
              "bowler": "P Khadka",
              "non_striker": "CS MacLeod",
              "runs": {
                "batter": 0,
                "extras": 0,
                "total": 0
              }
            },
            {
              "batter": "KJ Coetzer",
              "bowler": "P Khadka",
              "non_striker": "CS MacLeod",
              "runs": {
                "batter": 1,
                "extras": 0,
                "total": 1
              }
            },
            {
              "batter": "CS MacLeod",
              "bowler": "P Khadka",
              "non_striker": "KJ Coetzer",
              "runs": {
                "batter": 0,
                "extras": 0,
                "total": 0
              }
            }
          ]
        },
        {
          "over": 12,
          "deliveries": [
            {
              "batter": "KJ Coetzer",
              "bowler": "SP Gauchan",
              "non_striker": "CS MacLeod",
              "runs": {
                "batter": 1,
                "extras": 0,
                "total": 1
              }
            },
            {
              "batter": "CS MacLeod",
              "bowler": "SP Gauchan",
              "non_striker": "KJ Coetzer",
              "runs": {
                "batter": 1,
                "extras": 0,
                "total": 1
              }
            },
            {
              "batter": "KJ Coetzer",
              "bowler": "SP Gauchan",
              "non_striker": "CS MacLeod",
              "runs": {
                "batter": 1,
                "extras": 0,
                "total": 1
              }
            },
            {
              "batter": "CS MacLeod",
              "bowler": "SP Gauchan",
              "non_striker": "KJ Coetzer",
              "runs": {
                "batter": 0,
                "extras": 0,
                "total": 0
              }
            },
            {
              "batter": "CS MacLeod",
              "bowler": "SP Gauchan",
              "non_striker": "KJ Coetzer",
              "runs": {
                "batter": 2,
                "extras": 0,
                "total": 2
              }
            },
            {
              "batter": "CS MacLeod",
              "bowler": "SP Gauchan",
              "non_striker": "KJ Coetzer",
              "runs": {
                "batter": 0,
                "extras": 0,
                "total": 0
              }
            }
          ]
        },
        {
          "over": 13,
          "deliveries": [
            {
              "batter": "KJ Coetzer",
              "bowler": "P Khadka",
              "non_striker": "CS MacLeod",
              "runs": {
                "batter": 1,
                "extras": 0,
                "total": 1
              }
            },
            {
              "batter": "CS MacLeod",
              "bowler": "P Khadka",
              "non_striker": "KJ Coetzer",
              "runs": {
                "batter": 0,
                "extras": 0,
                "total": 0
              }
            },
            {
              "batter": "CS MacLeod",
              "bowler": "P Khadka",
              "non_striker": "KJ Coetzer",
              "runs": {
                "batter": 1,
                "extras": 0,
                "total": 1
              }
            },
            {
              "batter": "KJ Coetzer",
              "bowler": "P Khadka",
              "non_striker": "CS MacLeod",
              "runs": {
                "batter": 0,
                "extras": 0,
                "total": 0
              }
            },
            {
              "batter": "KJ Coetzer",
              "bowler": "P Khadka",
              "non_striker": "CS MacLeod",
              "runs": {
                "batter": 1,
                "extras": 0,
                "total": 1
              }
            },
            {
              "batter": "CS MacLeod",
              "bowler": "P Khadka",
              "extras": {
                "legbyes": 1
              },
              "non_striker": "KJ Coetzer",
              "runs": {
                "batter": 0,
                "extras": 1,
                "total": 1
              }
            }
          ]
        },
        {
          "over": 14,
          "deliveries": [
            {
              "batter": "CS MacLeod",
              "bowler": "B Regmi",
              "non_striker": "KJ Coetzer",
              "runs": {
                "batter": 6,
                "extras": 0,
                "total": 6
              }
            },
            {
              "batter": "CS MacLeod",
              "bowler": "B Regmi",
              "non_striker": "KJ Coetzer",
              "runs": {
                "batter": 1,
                "extras": 0,
                "total": 1
              }
            },
            {
              "batter": "KJ Coetzer",
              "bowler": "B Regmi",
              "non_striker": "CS MacLeod",
              "runs": {
                "batter": 1,
                "extras": 0,
                "total": 1
              }
            },
            {
              "batter": "CS MacLeod",
              "bowler": "B Regmi",
              "non_striker": "KJ Coetzer",
              "runs": {
                "batter": 1,
                "extras": 0,
                "total": 1
              }
            },
            {
              "batter": "KJ Coetzer",
              "bowler": "B Regmi",
              "non_striker": "CS MacLeod",
              "runs": {
                "batter": 1,
                "extras": 0,
                "total": 1
              }
            },
            {
              "batter": "CS MacLeod",
              "bowler": "B Regmi",
              "non_striker": "KJ Coetzer",
              "runs": {
                "batter": 1,
                "extras": 0,
                "total": 1
              }
            }
          ]
        },
        {
          "over": 15,
          "deliveries": [
            {
              "batter": "CS MacLeod",
              "bowler": "P Khadka",
              "non_striker": "KJ Coetzer",
              "runs": {
                "batter": 0,
                "extras": 0,
                "total": 0
              }
            },
            {
              "batter": "CS MacLeod",
              "bowler": "P Khadka",
              "non_striker": "KJ Coetzer",
              "runs": {
                "batter": 4,
                "extras": 0,
                "total": 4
              }
            },
            {
              "batter": "CS MacLeod",
              "bowler": "P Khadka",
              "non_striker": "KJ Coetzer",
              "runs": {
                "batter": 1,
                "extras": 0,
                "total": 1
              }
            },
            {
              "batter": "KJ Coetzer",
              "bowler": "P Khadka",
              "non_striker": "CS MacLeod",
              "runs": {
                "batter": 1,
                "extras": 0,
                "total": 1
              }
            },
            {
              "batter": "CS MacLeod",
              "bowler": "P Khadka",
              "non_striker": "KJ Coetzer",
              "runs": {
                "batter": 2,
                "extras": 0,
                "total": 2
              }
            },
            {
              "batter": "CS MacLeod",
              "bowler": "P Khadka",
              "non_striker": "KJ Coetzer",
              "runs": {
                "batter": 1,
                "extras": 0,
                "total": 1
              }
            }
          ]
        },
        {
          "over": 16,
          "deliveries": [
            {
              "batter": "CS MacLeod",
              "bowler": "A Bhattarai",
              "non_striker": "KJ Coetzer",
              "runs": {
                "batter": 1,
                "extras": 0,
                "total": 1
              }
            },
            {
              "batter": "KJ Coetzer",
              "bowler": "A Bhattarai",
              "non_striker": "CS MacLeod",
              "runs": {
                "batter": 1,
                "extras": 0,
                "total": 1
              }
            },
            {
              "batter": "CS MacLeod",
              "bowler": "A Bhattarai",
              "non_striker": "KJ Coetzer",
              "runs": {
                "batter": 0,
                "extras": 0,
                "total": 0
              }
            },
            {
              "batter": "CS MacLeod",
              "bowler": "A Bhattarai",
              "non_striker": "KJ Coetzer",
              "runs": {
                "batter": 2,
                "extras": 0,
                "total": 2
              }
            },
            {
              "batter": "CS MacLeod",
              "bowler": "A Bhattarai",
              "non_striker": "KJ Coetzer",
              "runs": {
                "batter": 6,
                "extras": 0,
                "total": 6
              }
            },
            {
              "batter": "CS MacLeod",
              "bowler": "A Bhattarai",
              "non_striker": "KJ Coetzer",
              "runs": {
                "batter": 1,
                "extras": 0,
                "total": 1
              }
            }
          ]
        },
        {
          "over": 17,
          "deliveries": [
            {
              "batter": "CS MacLeod",
              "bowler": "JK Mukhiya",
              "non_striker": "KJ Coetzer",
              "runs": {
                "batter": 0,
                "extras": 0,
                "total": 0
              }
            },
            {
              "batter": "CS MacLeod",
              "bowler": "JK Mukhiya",
              "non_striker": "KJ Coetzer",
              "runs": {
                "batter": 1,
                "extras": 0,
                "total": 1
              }
            },
            {
              "batter": "KJ Coetzer",
              "bowler": "JK Mukhiya",
              "non_striker": "CS MacLeod",
              "runs": {
                "batter": 1,
                "extras": 0,
                "total": 1
              }
            },
            {
              "batter": "CS MacLeod",
              "bowler": "JK Mukhiya",
              "non_striker": "KJ Coetzer",
              "runs": {
                "batter": 0,
                "extras": 0,
                "total": 0
              }
            },
            {
              "batter": "CS MacLeod",
              "bowler": "JK Mukhiya",
              "non_striker": "KJ Coetzer",
              "runs": {
                "batter": 1,
                "extras": 0,
                "total": 1
              }
            },
            {
              "batter": "KJ Coetzer",
              "bowler": "JK Mukhiya",
              "non_striker": "CS MacLeod",
              "runs": {
                "batter": 0,
                "extras": 0,
                "total": 0
              }
            }
          ]
        },
        {
          "over": 18,
          "deliveries": [
            {
              "batter": "CS MacLeod",
              "bowler": "A Bhattarai",
              "non_striker": "KJ Coetzer",
              "runs": {
                "batter": 6,
                "extras": 0,
                "total": 6
              }
            },
            {
              "batter": "CS MacLeod",
              "bowler": "A Bhattarai",
              "non_striker": "KJ Coetzer",
              "runs": {
                "batter": 0,
                "extras": 0,
                "total": 0
              }
            },
            {
              "batter": "CS MacLeod",
              "bowler": "A Bhattarai",
              "non_striker": "KJ Coetzer",
              "runs": {
                "batter": 2,
                "extras": 0,
                "total": 2
              }
            },
            {
              "batter": "CS MacLeod",
              "bowler": "A Bhattarai",
              "non_striker": "KJ Coetzer",
              "runs": {
                "batter": 1,
                "extras": 0,
                "total": 1
              }
            },
            {
              "batter": "KJ Coetzer",
              "bowler": "A Bhattarai",
              "non_striker": "CS MacLeod",
              "runs": {
                "batter": 2,
                "extras": 0,
                "total": 2
              }
            },
            {
              "batter": "KJ Coetzer",
              "bowler": "A Bhattarai",
              "non_striker": "CS MacLeod",
              "runs": {
                "batter": 0,
                "extras": 0,
                "total": 0
              }
            }
          ]
        },
        {
          "over": 19,
          "deliveries": [
            {
              "batter": "CS MacLeod",
              "bowler": "B Regmi",
              "non_striker": "KJ Coetzer",
              "runs": {
                "batter": 1,
                "extras": 0,
                "total": 1
              }
            },
            {
              "batter": "KJ Coetzer",
              "bowler": "B Regmi",
              "extras": {
                "legbyes": 1
              },
              "non_striker": "CS MacLeod",
              "runs": {
                "batter": 0,
                "extras": 1,
                "total": 1
              }
            }
          ]
        }
      ],
      "powerplays": [
        {
          "from": 0.1,
          "to": 5.6,
          "type": "mandatory"
        }
      ],
      "target": {
        "overs": 20,
        "runs": 138
      }
    }
  ]
}