{
  "meta": {
    "data_version": "1.0.0",
    "created": "2013-12-31",
    "revision": 2
  },
  "info": {
    "balls_per_over": 6,
    "city": "Abu Dhabi",
    "dates": [
      "2013-11-16"
    ],
    "event": {
      "group": "A",
      "match_number": 12,
      "name": "ICC World Twenty20 Qualifier"
    },
    "gender": "male",
    "match_type": "IT20",
    "officials": {
      "match_referees": [
        "D Govindjee"
      ],
      "reserve_umpires": [
        "Zaheer-ul-Haq"
      ],
      "umpires": [
        "SJ Davis",
        "Shozab Raza"
      ]
    },
    "outcome": {
      "by": {
        "wickets": 4
      },
      "winner": "Hong Kong"
    },
    "overs": 20,
    "player_of_match": [
      "Haseeb Amjad"
    ],
    "players": {
      "Hong Kong": [
        "Irfan Ahmed",
        "Waqas Barkat",
        "JJ Atkinson",
        "MS Chapman",
        "Nizakat Khan",
        "Babar Hayat",
        "Munir Dar",
        "Tanwir Afzal",
        "Haseeb Amjad",
        "Aizaz Khan",
        "Nadeem Ahmed"
      ],
      "Uganda": [
        "HB Kayondo",
        "RG Mukasa",
        "HS Almuzahim",
        "J Sebanja",
        "PM Selowa",
        "DK Arinaitwe",
        "RG Okia",
        "F Nsubuga",
        "P Ochan",
        "C Waiswa",
        "B Masaba"
      ]
    },
    "registry": {
      "people": {
        "Aizaz Khan": "f6c2659d",
        "B Masaba": "f33cfd25",
        "Babar Hayat": "fbb657bb",
        "C Waiswa": "18db3f22",
        "D Govindjee": "8b4c4069",
        "DK Arinaitwe": "e77e96de",
        "F Nsubuga": "87e33d07",
        "HB Kayondo": "d26858c0",
        "HS Almuzahim": "9cb01ea6",
        "Haseeb Amjad": "fb0abc20",
        "Irfan Ahmed": "5c124657",
        "J Sebanja": "1e78c51c",
        "JJ Atkinson": "bf2d865c",
        "MS Chapman": "7fa12533",
        "Munir Dar": "04029c44",
        "Nadeem Ahmed": "023f6b02",
        "Nizakat Khan": "e3eb9e46",
        "P Ochan": "a8942d26",
        "PM Selowa": "1f36276b",
        "RG Mukasa": "011f6b42",
        "RG Okia": "62d180f3",
        "SJ Davis": "bc71b0b2",
        "Shozab Raza": "153c67dc",
        "Tanwir Afzal": "5f5ca1a7",
        "Waqas Barkat": "a2eac9df",
        "Zaheer-ul-Haq": "74ca6ff6"
      }
    },
    "season": "2013/14",
    "team_type": "international",
    "teams": [
      "Uganda",
      "Hong Kong"
    ],
    "toss": {
      "decision": "bat",
      "winner": "Uganda"
    },
    "venue": "Abu Dhabi Oval 1"
  },
  "innings": [
    {
      "team": "Uganda",
      "overs": [
        {
          "over": 0,
          "deliveries": [
            {
              "batter": "HB Kayondo",
              "bowler": "Tanwir Afzal",
              "non_striker": "RG Mukasa",
              "runs": {
                "batter": 1,
                "extras": 0,
                "total": 1
              }
            },
            {
              "batter": "RG Mukasa",
              "bowler": "Tanwir Afzal",
              "non_striker": "HB Kayondo",
              "runs": {
                "batter": 0,
                "extras": 0,
                "total": 0
              }
            },
            {
              "batter": "RG Mukasa",
              "bowler": "Tanwir Afzal",
              "non_striker": "HB Kayondo",
              "runs": {
                "batter": 0,
                "extras": 0,
                "total": 0
              }
            },
            {
              "batter": "RG Mukasa",
              "bowler": "Tanwir Afzal",
              "non_striker": "HB Kayondo",
              "runs": {
                "batter": 4,
                "extras": 0,
                "total": 4
              }
            },
            {
              "batter": "RG Mukasa",
              "bowler": "Tanwir Afzal",
              "non_striker": "HB Kayondo",
              "runs": {
                "batter": 0,
                "extras": 0,
                "total": 0
              },
              "wickets": [
                {
                  "kind": "lbw",
                  "player_out": "RG Mukasa"
                }
              ]
            },
            {
              "batter": "HS Almuzahim",
              "bowler": "Tanwir Afzal",
              "non_striker": "HB Kayondo",
              "runs": {
                "batter": 0,
                "extras": 0,
                "total": 0
              }
            }
          ]
        },
        {
          "over": 1,
          "deliveries": [
            {
              "batter": "HB Kayondo",
              "bowler": "Haseeb Amjad",
              "non_striker": "HS Almuzahim",
              "runs": {
                "batter": 0,
                "extras": 0,
                "total": 0
              }
            },
            {
              "batter": "HB Kayondo",
              "bowler": "Haseeb Amjad",
              "non_striker": "HS Almuzahim",
              "runs": {
                "batter": 0,
                "extras": 0,
                "total": 0
              }
            },
            {
              "batter": "HB Kayondo",
              "bowler": "Haseeb Amjad",
              "non_striker": "HS Almuzahim",
              "runs": {
                "batter": 0,
                "extras": 0,
                "total": 0
              }
            },
            {
              "batter": "HB Kayondo",
              "bowler": "Haseeb Amjad",
              "non_striker": "HS Almuzahim",
              "runs": {
                "batter": 0,
                "extras": 0,
                "total": 0
              }
            },
            {
              "batter": "HB Kayondo",
              "bowler": "Haseeb Amjad",
              "non_striker": "HS Almuzahim",
              "runs": {
                "batter": 0,
                "extras": 0,
                "total": 0
              }
            },
            {
              "batter": "HB Kayondo",
              "bowler": "Haseeb Amjad",
              "non_striker": "HS Almuzahim",
              "runs": {
                "batter": 0,
                "extras": 0,
                "total": 0
              }
            }
          ]
        },
        {
          "over": 2,
          "deliveries": [
            {
              "batter": "HS Almuzahim",
              "bowler": "Tanwir Afzal",
              "non_striker": "HB Kayondo",
              "runs": {
                "batter": 1,
                "extras": 0,
                "total": 1
              }
            },
            {
              "batter": "HB Kayondo",
              "bowler": "Tanwir Afzal",
              "non_striker": "HS Almuzahim",
              "runs": {
                "batter": 0,
                "extras": 0,
                "total": 0
              },
              "wickets": [
                {
                  "kind": "bowled",
                  "player_out": "HB Kayondo"
                }
              ]
            },
            {
              "batter": "J Sebanja",
              "bowler": "Tanwir Afzal",
              "non_striker": "HS Almuzahim",
              "runs": {
                "batter": 0,
                "extras": 0,
                "total": 0
              }
            },
            {
              "batter": "J Sebanja",
              "bowler": "Tanwir Afzal",
              "non_striker": "HS Almuzahim",
              "runs": {
                "batter": 0,
                "extras": 0,
                "total": 0
              }
            },
            {
              "batter": "J Sebanja",
              "bowler": "Tanwir Afzal",
              "non_striker": "HS Almuzahim",
              "runs": {
                "batter": 0,
                "extras": 0,
                "total": 0
              }
            },
            {
              "batter": "J Sebanja",
              "bowler": "Tanwir Afzal",
              "non_striker": "HS Almuzahim",
              "runs": {
                "batter": 0,
                "extras": 0,
                "total": 0
              },
              "wickets": [
                {
                  "kind": "caught",
                  "player_out": "J Sebanja",
                  "fielders": [
                    {
                      "name": "Nizakat Khan"
                    }
                  ]
                }
              ]
            }
          ]
        },
        {
          "over": 3,
          "deliveries": [
            {
              "batter": "PM Selowa",
              "bowler": "Munir Dar",
              "non_striker": "HS Almuzahim",
              "runs": {
                "batter": 0,
                "extras": 0,
                "total": 0
              }
            },
            {
              "batter": "PM Selowa",
              "bowler": "Munir Dar",
              "non_striker": "HS Almuzahim",
              "runs": {
                "batter": 0,
                "extras": 0,
                "total": 0
              }
            },
            {
              "batter": "PM Selowa",
              "bowler": "Munir Dar",
              "non_striker": "HS Almuzahim",
              "runs": {
                "batter": 0,
                "extras": 0,
                "total": 0
              }
            },
            {
              "batter": "PM Selowa",
              "bowler": "Munir Dar",
              "non_striker": "HS Almuzahim",
              "runs": {
                "batter": 0,
                "extras": 0,
                "total": 0
              }
            },
            {
              "batter": "PM Selowa",
              "bowler": "Munir Dar",
              "non_striker": "HS Almuzahim",
              "runs": {
                "batter": 0,
                "extras": 0,
                "total": 0
              }
            },
            {
              "batter": "PM Selowa",
              "bowler": "Munir Dar",
              "non_striker": "HS Almuzahim",
              "runs": {
                "batter": 0,
                "extras": 0,
                "total": 0
              }
            }
          ]
        },
        {
          "over": 4,
          "deliveries": [
            {
              "batter": "HS Almuzahim",
              "bowler": "Tanwir Afzal",
              "non_striker": "PM Selowa",
              "runs": {
                "batter": 0,
                "extras": 0,
                "total": 0
              }
            },
            {
              "batter": "HS Almuzahim",
              "bowler": "Tanwir Afzal",
              "extras": {
                "legbyes": 1
              },
              "non_striker": "PM Selowa",
              "runs": {
                "batter": 0,
                "extras": 1,
                "total": 1
              }
            },
            {
              "batter": "PM Selowa",
              "bowler": "Tanwir Afzal",
              "non_striker": "HS Almuzahim",
              "runs": {
                "batter": 1,
                "extras": 0,
                "total": 1
              }
            },
            {
              "batter": "HS Almuzahim",
              "bowler": "Tanwir Afzal",
              "non_striker": "PM Selowa",
              "runs": {
                "batter": 4,
                "extras": 0,
                "total": 4
              }
            },
            {
              "batter": "HS Almuzahim",
              "bowler": "Tanwir Afzal",
              "non_striker": "PM Selowa",
              "runs": {
                "batter": 1,
                "extras": 0,
                "total": 1
              }
            },
            {
              "batter": "PM Selowa",
              "bowler": "Tanwir Afzal",
              "non_striker": "HS Almuzahim",
              "runs": {
                "batter": 0,
                "extras": 0,
                "total": 0
              }
            }
          ]
        },
        {
          "over": 5,
          "deliveries": [
            {
              "batter": "HS Almuzahim",
              "bowler": "Munir Dar",
              "non_striker": "PM Selowa",
              "runs": {
                "batter": 0,
                "extras": 0,
                "total": 0
              }
            },
            {
              "batter": "HS Almuzahim",
              "bowler": "Munir Dar",
              "non_striker": "PM Selowa",
              "runs": {
                "batter": 0,
                "extras": 0,
                "total": 0
              }
            },
            {
              "batter": "HS Almuzahim",
              "bowler": "Munir Dar",
              "non_striker": "PM Selowa",
              "runs": {
                "batter": 1,
                "extras": 0,
                "total": 1
              }
            },
            {
              "batter": "PM Selowa",
              "bowler": "Munir Dar",
              "non_striker": "HS Almuzahim",
              "runs": {
                "batter": 2,
                "extras": 0,
                "total": 2
              }
            },
            {
              "batter": "PM Selowa",
              "bowler": "Munir Dar",
              "non_striker": "HS Almuzahim",
              "runs": {
                "batter": 4,
                "extras": 0,
                "total": 4
              }
            },
            {
              "batter": "PM Selowa",
              "bowler": "Munir Dar",
              "non_striker": "HS Almuzahim",
              "runs": {
                "batter": 1,
                "extras": 0,
                "total": 1
              }
            }
          ]
        },
        {
          "over": 6,
          "deliveries": [
            {
              "batter": "PM Selowa",
              "bowler": "Tanwir Afzal",
              "non_striker": "HS Almuzahim",
              "runs": {
                "batter": 0,
                "extras": 0,
                "total": 0
              },
              "wickets": [
                {
                  "kind": "run out",
                  "player_out": "HS Almuzahim",
                  "fielders": [
                    {
                      "name": "Nadeem Ahmed"
                    }
                  ]
                }
              ]
            },
            {
              "batter": "PM Selowa",
              "bowler": "Tanwir Afzal",
              "non_striker": "DK Arinaitwe",
              "runs": {
                "batter": 0,
                "extras": 0,
                "total": 0
              }
            },
            {
              "batter": "PM Selowa",
              "bowler": "Tanwir Afzal",
              "non_striker": "DK Arinaitwe",
              "runs": {
                "batter": 0,
                "extras": 0,
                "total": 0
              }
            },
            {
              "batter": "PM Selowa",
              "bowler": "Tanwir Afzal",
              "non_striker": "DK Arinaitwe",
              "runs": {
                "batter": 0,
                "extras": 0,
                "total": 0
              }
            },
            {
              "batter": "PM Selowa",
              "bowler": "Tanwir Afzal",
              "non_striker": "DK Arinaitwe",
              "runs": {
                "batter": 0,
                "extras": 0,
                "total": 0
              }
            },
            {
              "batter": "PM Selowa",
              "bowler": "Tanwir Afzal",
              "non_striker": "DK Arinaitwe",
              "runs": {
                "batter": 0,
                "extras": 0,
                "total": 0
              }
            }
          ]
        },
        {
          "over": 7,
          "deliveries": [
            {
              "batter": "DK Arinaitwe",
              "bowler": "Nadeem Ahmed",
              "non_striker": "PM Selowa",
              "runs": {
                "batter": 0,
                "extras": 0,
                "total": 0
              }
            },
            {
              "batter": "DK Arinaitwe",
              "bowler": "Nadeem Ahmed",
              "non_striker": "PM Selowa",
              "runs": {
                "batter": 0,
                "extras": 0,
                "total": 0
              }
            },
            {
              "batter": "DK Arinaitwe",
              "bowler": "Nadeem Ahmed",
              "non_striker": "PM Selowa",
              "runs": {
                "batter": 1,
                "extras": 0,
                "total": 1
              }
            },
            {
              "batter": "PM Selowa",
              "bowler": "Nadeem Ahmed",
              "non_striker": "DK Arinaitwe",
              "runs": {
                "batter": 0,
                "extras": 0,
                "total": 0
              }
            },
            {
              "batter": "PM Selowa",
              "bowler": "Nadeem Ahmed",
              "non_striker": "DK Arinaitwe",
              "runs": {
                "batter": 1,
                "extras": 0,
                "total": 1
              }
            },
            {
              "batter": "DK Arinaitwe",
              "bowler": "Nadeem Ahmed",
              "non_striker": "PM Selowa",
              "runs": {
                "batter": 0,
                "extras": 0,
                "total": 0
              }
            }
          ]
        },
        {
          "over": 8,
          "deliveries": [
            {
              "batter": "PM Selowa",
              "bowler": "Aizaz Khan",
              "non_striker": "DK Arinaitwe",
              "runs": {
                "batter": 1,
                "extras": 0,
                "total": 1
              }
            },
            {
              "batter": "DK Arinaitwe",
              "bowler": "Aizaz Khan",
              "extras": {
                "noballs": 1
              },
              "non_striker": "PM Selowa",
              "runs": {
                "batter": 1,
                "extras": 1,
                "total": 2
              }
            },
            {
              "batter": "PM Selowa",
              "bowler": "Aizaz Khan",
              "extras": {
                "wides": 1
              },
              "non_striker": "DK Arinaitwe",
              "runs": {
                "batter": 0,
                "extras": 1,
                "total": 1
              }
            },
            {
              "batter": "PM Selowa",
              "bowler": "Aizaz Khan",
              "non_striker": "DK Arinaitwe",
              "runs": {
                "batter": 2,
                "extras": 0,
                "total": 2
              }
            },
            {
              "batter": "PM Selowa",
              "bowler": "Aizaz Khan",
              "non_striker": "DK Arinaitwe",
              "runs": {
                "batter": 1,
                "extras": 0,
                "total": 1
              }
            },
            {
              "batter": "DK Arinaitwe",
              "bowler": "Aizaz Khan",
              "extras": {
                "wides": 1
              },
              "non_striker": "PM Selowa",
              "runs": {
                "batter": 0,
                "extras": 1,
                "total": 1
              }
            },
            {
              "batter": "DK Arinaitwe",
              "bowler": "Aizaz Khan",
              "non_striker": "PM Selowa",
              "runs": {
                "batter": 0,
                "extras": 0,
                "total": 0
              }
            },
            {
              "batter": "DK Arinaitwe",
              "bowler": "Aizaz Khan",
              "non_striker": "PM Selowa",
              "runs": {
                "batter": 0,
                "extras": 0,
                "total": 0
              }
            },
            {
              "batter": "DK Arinaitwe",
              "bowler": "Aizaz Khan",
              "non_striker": "PM Selowa",
              "runs": {
                "batter": 1,
                "extras": 0,
                "total": 1
              }
            }
          ]
        },
        {
          "over": 9,
          "deliveries": [
            {
              "batter": "DK Arinaitwe",
              "bowler": "Nadeem Ahmed",
              "non_striker": "PM Selowa",
              "runs": {
                "batter": 1,
                "extras": 0,
                "total": 1
              }
            },
            {
              "batter": "PM Selowa",
              "bowler": "Nadeem Ahmed",
              "non_striker": "DK Arinaitwe",
              "runs": {
                "batter": 0,
                "extras": 0,
                "total": 0
              }
            },
            {
              "batter": "PM Selowa",
              "bowler": "Nadeem Ahmed",
              "non_striker": "DK Arinaitwe",
              "runs": {
                "batter": 0,
                "extras": 0,
                "total": 0
              }
            },
            {
              "batter": "PM Selowa",
              "bowler": "Nadeem Ahmed",
              "non_striker": "DK Arinaitwe",
              "runs": {
                "batter": 6,
                "extras": 0,
                "total": 6
              }
            },
            {
              "batter": "PM Selowa",
              "bowler": "Nadeem Ahmed",
              "non_striker": "DK Arinaitwe",
              "runs": {
                "batter": 2,
                "extras": 0,
                "total": 2
              }
            },
            {
              "batter": "PM Selowa",
              "bowler": "Nadeem Ahmed",
              "non_striker": "DK Arinaitwe",
              "runs": {
                "batter": 0,
                "extras": 0,
                "total": 0
              },
              "wickets": [
                {
                  "kind": "caught and bowled",
                  "player_out": "PM Selowa"
                }
              ]
            }
          ]
        },
        {
          "over": 10,
          "deliveries": [
            {
              "batter": "DK Arinaitwe",
              "bowler": "Nizakat Khan",
              "non_striker": "RG Okia",
              "runs": {
                "batter": 1,
                "extras": 0,
                "total": 1
              }
            },
            {
              "batter": "RG Okia",
              "bowler": "Nizakat Khan",
              "non_striker": "DK Arinaitwe",
              "runs": {
                "batter": 3,
                "extras": 0,
                "total": 3
              }
            },
            {
              "batter": "DK Arinaitwe",
              "bowler": "Nizakat Khan",
              "non_striker": "RG Okia",
              "runs": {
                "batter": 1,
                "extras": 0,
                "total": 1
              }
            },
            {
              "batter": "RG Okia",
              "bowler": "Nizakat Khan",
              "non_striker": "DK Arinaitwe",
              "runs": {
                "batter": 0,
                "extras": 0,
                "total": 0
              }
            },
            {
              "batter": "RG Okia",
              "bowler": "Nizakat Khan",
              "non_striker": "DK Arinaitwe",
              "runs": {
                "batter": 0,
                "extras": 0,
                "total": 0
              }
            },
            {
              "batter": "RG Okia",
              "bowler": "Nizakat Khan",
              "non_striker": "DK Arinaitwe",
              "runs": {
                "batter": 0,
                "extras": 0,
                "total": 0
              }
            }
          ]
        },
        {
          "over": 11,
          "deliveries": [
            {
              "batter": "DK Arinaitwe",
              "bowler": "Haseeb Amjad",
              "non_striker": "RG Okia",
              "runs": {
                "batter": 0,
                "extras": 0,
                "total": 0
              }
            },
            {
              "batter": "DK Arinaitwe",
              "bowler": "Haseeb Amjad",
              "non_striker": "RG Okia",
              "runs": {
                "batter": 1,
                "extras": 0,
                "total": 1
              }
            },
            {
              "batter": "RG Okia",
              "bowler": "Haseeb Amjad",
              "non_striker": "DK Arinaitwe",
              "runs": {
                "batter": 0,
                "extras": 0,
                "total": 0
              }
            },
            {
              "batter": "RG Okia",
              "bowler": "Haseeb Amjad",
              "non_striker": "DK Arinaitwe",
              "runs": {
                "batter": 1,
                "extras": 0,
                "total": 1
              }
            },
            {
              "batter": "DK Arinaitwe",
              "bowler": "Haseeb Amjad",
              "non_striker": "RG Okia",
              "runs": {
                "batter": 1,
                "extras": 0,
                "total": 1
              }
            },
            {
              "batter": "RG Okia",
              "bowler": "Haseeb Amjad",
              "non_striker": "DK Arinaitwe",
              "runs": {
                "batter": 0,
                "extras": 0,
                "total": 0
              }
            }
          ]
        },
        {
          "over": 12,
          "deliveries": [
            {
              "batter": "DK Arinaitwe",
              "bowler": "Irfan Ahmed",
              "non_striker": "RG Okia",
              "runs": {
                "batter": 0,
                "extras": 0,
                "total": 0
              }
            },
            {
              "batter": "DK Arinaitwe",
              "bowler": "Irfan Ahmed",
              "non_striker": "RG Okia",
              "runs": {
                "batter": 2,
                "extras": 0,
                "total": 2
              }
            },
            {
              "batter": "DK Arinaitwe",
              "bowler": "Irfan Ahmed",
              "non_striker": "RG Okia",
              "runs": {
                "batter": 1,
                "extras": 0,
                "total": 1
              }
            },
            {
              "batter": "RG Okia",
              "bowler": "Irfan Ahmed",
              "non_striker": "DK Arinaitwe",
              "runs": {
                "batter": 1,
                "extras": 0,
                "total": 1
              }
            },
            {
              "batter": "RG Okia",
              "bowler": "Irfan Ahmed",
              "non_striker": "DK Arinaitwe",
              "runs": {
                "batter": 0,
                "extras": 0,
                "total": 0
              }
            },
            {
              "batter": "RG Okia",
              "bowler": "Irfan Ahmed",
              "non_striker": "DK Arinaitwe",
              "runs": {
                "batter": 1,
                "extras": 0,
                "total": 1
              }
            }
          ]
        },
        {
          "over": 13,
          "deliveries": [
            {
              "batter": "RG Okia",
              "bowler": "Nadeem Ahmed",
              "non_striker": "DK Arinaitwe",
              "runs": {
                "batter": 0,
                "extras": 0,
                "total": 0
              }
            },
            {
              "batter": "RG Okia",
              "bowler": "Nadeem Ahmed",
              "non_striker": "DK Arinaitwe",
              "runs": {
                "batter": 1,
                "extras": 0,
                "total": 1
              }
            },
            {
              "batter": "DK Arinaitwe",
              "bowler": "Nadeem Ahmed",
              "non_striker": "RG Okia",
              "runs": {
                "batter": 1,
                "extras": 0,
                "total": 1
              },
              "wickets": [
                {
                  "kind": "run out",
                  "player_out": "DK Arinaitwe",
                  "fielders": [
                    {
                      "name": "MS Chapman"
                    }
                  ]
                }
              ]
            },
            {
              "batter": "F Nsubuga",
              "bowler": "Nadeem Ahmed",
              "non_striker": "RG Okia",
              "runs": {
                "batter": 1,
                "extras": 0,
                "total": 1
              }
            },
            {
              "batter": "RG Okia",
              "bowler": "Nadeem Ahmed",
              "non_striker": "F Nsubuga",
              "runs": {
                "batter": 6,
                "extras": 0,
                "total": 6
              }
            },
            {
              "batter": "RG Okia",
              "bowler": "Nadeem Ahmed",
              "non_striker": "F Nsubuga",
              "runs": {
                "batter": 0,
                "extras": 0,
                "total": 0
              }
            }
          ]
        },
        {
          "over": 14,
          "deliveries": [
            {
              "batter": "F Nsubuga",
              "bowler": "Irfan Ahmed",
              "non_striker": "RG Okia",
              "runs": {
                "batter": 1,
                "extras": 0,
                "total": 1
              }
            },
            {
              "batter": "RG Okia",
              "bowler": "Irfan Ahmed",
              "non_striker": "F Nsubuga",
              "runs": {
                "batter": 1,
                "extras": 0,
                "total": 1
              }
            },
            {
              "batter": "F Nsubuga",
              "bowler": "Irfan Ahmed",
              "non_striker": "RG Okia",
              "runs": {
                "batter": 1,
                "extras": 0,
                "total": 1
              }
            },
            {
              "batter": "RG Okia",
              "bowler": "Irfan Ahmed",
              "non_striker": "F Nsubuga",
              "runs": {
                "batter": 1,
                "extras": 0,
                "total": 1
              }
            },
            {
              "batter": "F Nsubuga",
              "bowler": "Irfan Ahmed",
              "non_striker": "RG Okia",
              "runs": {
                "batter": 4,
                "extras": 0,
                "total": 4
              }
            },
            {
              "batter": "F Nsubuga",
              "bowler": "Irfan Ahmed",
              "non_striker": "RG Okia",
              "runs": {
                "batter": 0,
                "extras": 0,
                "total": 0
              }
            }
          ]
        },
        {
          "over": 15,
          "deliveries": [
            {
              "batter": "RG Okia",
              "bowler": "Munir Dar",
              "non_striker": "F Nsubuga",
              "runs": {
                "batter": 1,
                "extras": 0,
                "total": 1
              }
            },
            {
              "batter": "F Nsubuga",
              "bowler": "Munir Dar",
              "non_striker": "RG Okia",
              "runs": {
                "batter": 0,
                "extras": 0,
                "total": 0
              }
            },
            {
              "batter": "F Nsubuga",
              "bowler": "Munir Dar",
              "non_striker": "RG Okia",
              "runs": {
                "batter": 1,
                "extras": 0,
                "total": 1
              }
            },
            {
              "batter": "RG Okia",
              "bowler": "Munir Dar",
              "non_striker": "F Nsubuga",
              "runs": {
                "batter": 1,
                "extras": 0,
                "total": 1
              }
            },
            {
              "batter": "F Nsubuga",
              "bowler": "Munir Dar",
              "non_striker": "RG Okia",
              "runs": {
                "batter": 0,
                "extras": 0,
                "total": 0
              },
              "wickets": [
                {
                  "kind": "caught",
                  "player_out": "F Nsubuga",
                  "fielders": [
                    {
                      "name": "Nizakat Khan"
                    }
                  ]
                }
              ]
            },
            {
              "batter": "RG Okia",
              "bowler": "Munir Dar",
              "non_striker": "P Ochan",
              "runs": {
                "batter": 1,
                "extras": 0,
                "total": 1
              }
            }
          ]
        },
        {
          "over": 16,
          "deliveries": [
            {
              "batter": "RG Okia",
              "bowler": "Haseeb Amjad",
              "non_striker": "P Ochan",
              "runs": {
                "batter": 1,
                "extras": 0,
                "total": 1
              }
            },
            {
              "batter": "P Ochan",
              "bowler": "Haseeb Amjad",
              "non_striker": "RG Okia",
              "runs": {
                "batter": 0,
                "extras": 0,
                "total": 0
              }
            },
            {
              "batter": "P Ochan",
              "bowler": "Haseeb Amjad",
              "extras": {
                "wides": 1
              },
              "non_striker": "RG Okia",
              "runs": {
                "batter": 0,
                "extras": 1,
                "total": 1
              }
            },
            {
              "batter": "P Ochan",
              "bowler": "Haseeb Amjad",
              "non_striker": "RG Okia",
              "runs": {
                "batter": 0,
                "extras": 0,
                "total": 0
              }
            },
            {
              "batter": "P Ochan",
              "bowler": "Haseeb Amjad",
              "non_striker": "RG Okia",
              "runs": {
                "batter": 1,
                "extras": 0,
                "total": 1
              }
            },
            {
              "batter": "RG Okia",
              "bowler": "Haseeb Amjad",
              "non_striker": "P Ochan",
              "runs": {
                "batter": 1,
                "extras": 0,
                "total": 1
              }
            },
            {
              "batter": "P Ochan",
              "bowler": "Haseeb Amjad",
              "non_striker": "RG Okia",
              "runs": {
                "batter": 0,
                "extras": 0,
                "total": 0
              },
              "wickets": [
                {
                  "kind": "bowled",
                  "player_out": "P Ochan"
                }
              ]
            }
          ]
        },
        {
          "over": 17,
          "deliveries": [
            {
              "batter": "RG Okia",
              "bowler": "Nadeem Ahmed",
              "non_striker": "C Waiswa",
              "runs": {
                "batter": 0,
                "extras": 0,
                "total": 0
              }
            },
            {
              "batter": "RG Okia",
              "bowler": "Nadeem Ahmed",
              "non_striker": "C Waiswa",
              "runs": {
                "batter": 1,
                "extras": 0,
                "total": 1
              }
            },
            {
              "batter": "C Waiswa",
              "bowler": "Nadeem Ahmed",
              "non_striker": "RG Okia",
              "runs": {
                "batter": 0,
                "extras": 0,
                "total": 0
              }
            },
            {
              "batter": "C Waiswa",
              "bowler": "Nadeem Ahmed",
              "non_striker": "RG Okia",
              "runs": {
                "batter": 1,
                "extras": 0,
                "total": 1
              }
            },
            {
              "batter": "RG Okia",
              "bowler": "Nadeem Ahmed",
              "non_striker": "C Waiswa",
              "runs": {
                "batter": 0,
                "extras": 0,
                "total": 0
              }
            },
            {
              "batter": "RG Okia",
              "bowler": "Nadeem Ahmed",
              "non_striker": "C Waiswa",
              "runs": {
                "batter": 2,
                "extras": 0,
                "total": 2
              }
            }
          ]
        },
        {
          "over": 18,
          "deliveries": [
            {
              "batter": "C Waiswa",
              "bowler": "Haseeb Amjad",
              "extras": {
                "legbyes": 1
              },
              "non_striker": "RG Okia",
              "runs": {
                "batter": 0,
                "extras": 1,
                "total": 1
              }
            },
            {
              "batter": "RG Okia",
              "bowler": "Haseeb Amjad",
              "non_striker": "C Waiswa",
              "runs": {
                "batter": 1,
                "extras": 0,
                "total": 1
              }
            },
            {
              "batter": "C Waiswa",
              "bowler": "Haseeb Amjad",
              "non_striker": "RG Okia",
              "runs": {
                "batter": 1,
                "extras": 0,
                "total": 1
              }
            },
            {
              "batter": "RG Okia",
              "bowler": "Haseeb Amjad",
              "non_striker": "C Waiswa",
              "runs": {
                "batter": 1,
                "extras": 0,
                "total": 1
              }
            },
            {
              "batter": "C Waiswa",
              "bowler": "Haseeb Amjad",
              "non_striker": "RG Okia",
              "runs": {
                "batter": 4,
                "extras": 0,
                "total": 4
              }
            },
            {
              "batter": "C Waiswa",
              "bowler": "Haseeb Amjad",
              "non_striker": "RG Okia",
              "runs": {
                "batter": 1,
                "extras": 0,
                "total": 1
              }
            }
          ]
        },
        {
          "over": 19,
          "deliveries": [
            {
              "batter": "C Waiswa",
              "bowler": "Munir Dar",
              "non_striker": "RG Okia",
              "runs": {
                "batter": 4,
                "extras": 0,
                "total": 4
              }
            },
            {
              "batter": "C Waiswa",
              "bowler": "Munir Dar",
              "non_striker": "RG Okia",
              "runs": {
                "batter": 2,
                "extras": 0,
                "total": 2
              }
            },
            {
              "batter": "C Waiswa",
              "bowler": "Munir Dar",
              "non_striker": "RG Okia",
              "runs": {
                "batter": 0,
                "extras": 0,
                "total": 0
              },
              "wickets": [
                {
                  "kind": "run out",
                  "player_out": "C Waiswa",
                  "fielders": [
                    {
                      "name": "JJ Atkinson"
                    }
                  ]
                }
              ]
            },
            {
              "batter": "B Masaba",
              "bowler": "Munir Dar",
              "non_striker": "RG Okia",
              "runs": {
                "batter": 1,
                "extras": 0,
                "total": 1
              }
            },
            {
              "batter": "RG Okia",
              "bowler": "Munir Dar",
              "non_striker": "B Masaba",
              "runs": {
                "batter": 6,
                "extras": 0,
                "total": 6
              }
            },
            {
              "batter": "RG Okia",
              "bowler": "Munir Dar",
              "non_striker": "B Masaba",
              "runs": {
                "batter": 0,
                "extras": 0,
                "total": 0
              },
              "wickets": [
                {
                  "kind": "caught",
                  "player_out": "RG Okia",
                  "fielders": [
                    {
                      "name": "Nizakat Khan"
                    }
                  ]
                }
              ]
            }
          ]
        }
      ],
      "powerplays": [
        {
          "from": 0.1,
          "to": 5.6,
          "type": "mandatory"
        }
      ]
    },
    {
      "team": "Hong Kong",
      "overs": [
        {
          "over": 0,
          "deliveries": [
            {
              "batter": "Irfan Ahmed",
              "bowler": "C Waiswa",
              "non_striker": "Waqas Barkat",
              "runs": {
                "batter": 1,
                "extras": 0,
                "total": 1
              }
            },
            {
              "batter": "Waqas Barkat",
              "bowler": "C Waiswa",
              "non_striker": "Irfan Ahmed",
              "runs": {
                "batter": 0,
                "extras": 0,
                "total": 0
              }
            },
            {
              "batter": "Waqas Barkat",
              "bowler": "C Waiswa",
              "non_striker": "Irfan Ahmed",
              "runs": {
                "batter": 0,
                "extras": 0,
                "total": 0
              }
            },
            {
              "batter": "Waqas Barkat",
              "bowler": "C Waiswa",
              "non_striker": "Irfan Ahmed",
              "runs": {
                "batter": 0,
                "extras": 0,
                "total": 0
              }
            },
            {
              "batter": "Waqas Barkat",
              "bowler": "C Waiswa",
              "non_striker": "Irfan Ahmed",
              "runs": {
                "batter": 0,
                "extras": 0,
                "total": 0
              }
            },
            {
              "batter": "Waqas Barkat",
              "bowler": "C Waiswa",
              "non_striker": "Irfan Ahmed",
              "runs": {
                "batter": 0,
                "extras": 0,
                "total": 0
              }
            }
          ]
        },
        {
          "over": 1,
          "deliveries": [
            {
              "batter": "Irfan Ahmed",
              "bowler": "P Ochan",
              "non_striker": "Waqas Barkat",
              "runs": {
                "batter": 4,
                "extras": 0,
                "total": 4
              }
            },
            {
              "batter": "Irfan Ahmed",
              "bowler": "P Ochan",
              "non_striker": "Waqas Barkat",
              "runs": {
                "batter": 2,
                "extras": 0,
                "total": 2
              }
            },
            {
              "batter": "Irfan Ahmed",
              "bowler": "P Ochan",
              "non_striker": "Waqas Barkat",
              "runs": {
                "batter": 1,
                "extras": 0,
                "total": 1
              }
            },
            {
              "batter": "Waqas Barkat",
              "bowler": "P Ochan",
              "non_striker": "Irfan Ahmed",
              "runs": {
                "batter": 1,
                "extras": 0,
                "total": 1
              }
            },
            {
              "batter": "Irfan Ahmed",
              "bowler": "P Ochan",
              "non_striker": "Waqas Barkat",
              "runs": {
                "batter": 1,
                "extras": 0,
                "total": 1
              }
            },
            {
              "batter": "Waqas Barkat",
              "bowler": "P Ochan",
              "non_striker": "Irfan Ahmed",
              "runs": {
                "batter": 0,
                "extras": 0,
                "total": 0
              }
            }
          ]
        },
        {
          "over": 2,
          "deliveries": [
            {
              "batter": "Irfan Ahmed",
              "bowler": "C Waiswa",
              "non_striker": "Waqas Barkat",
              "runs": {
                "batter": 0,
                "extras": 0,
                "total": 0
              }
            },
            {
              "batter": "Irfan Ahmed",
              "bowler": "C Waiswa",
              "extras": {
                "wides": 1
              },
              "non_striker": "Waqas Barkat",
              "runs": {
                "batter": 0,
                "extras": 1,
                "total": 1
              }
            },
            {
              "batter": "Irfan Ahmed",
              "bowler": "C Waiswa",
              "non_striker": "Waqas Barkat",
              "runs": {
                "batter": 0,
                "extras": 0,
                "total": 0
              }
            },
            {
              "batter": "Irfan Ahmed",
              "bowler": "C Waiswa",
              "non_striker": "Waqas Barkat",
              "runs": {
                "batter": 0,
                "extras": 0,
                "total": 0
              }
            },
            {
              "batter": "Irfan Ahmed",
              "bowler": "C Waiswa",
              "non_striker": "Waqas Barkat",
              "runs": {
                "batter": 0,
                "extras": 0,
                "total": 0
              }
            },
            {
              "batter": "Irfan Ahmed",
              "bowler": "C Waiswa",
              "non_striker": "Waqas Barkat",
              "runs": {
                "batter": 0,
                "extras": 0,
                "total": 0
              }
            },
            {
              "batter": "Irfan Ahmed",
              "bowler": "C Waiswa",
              "extras": {
                "legbyes": 1
              },
              "non_striker": "Waqas Barkat",
              "runs": {
                "batter": 0,
                "extras": 1,
                "total": 1
              }
            }
          ]
        },
        {
          "over": 3,
          "deliveries": [
            {
              "batter": "Irfan Ahmed",
              "bowler": "J Sebanja",
              "extras": {
                "noballs": 1
              },
              "non_striker": "Waqas Barkat",
              "runs": {
                "batter": 4,
                "extras": 1,
                "total": 5
              }
            },
            {
              "batter": "Irfan Ahmed",
              "bowler": "J Sebanja",
              "non_striker": "Waqas Barkat",
              "runs": {
                "batter": 6,
                "extras": 0,
                "total": 6
              }
            },
            {
              "batter": "Irfan Ahmed",
              "bowler": "J Sebanja",
              "non_striker": "Waqas Barkat",
              "runs": {
                "batter": 1,
                "extras": 0,
                "total": 1
              }
            },
            {
              "batter": "Waqas Barkat",
              "bowler": "J Sebanja",
              "non_striker": "Irfan Ahmed",
              "runs": {
                "batter": 0,
                "extras": 0,
                "total": 0
              }
            },
            {
              "batter": "Waqas Barkat",
              "bowler": "J Sebanja",
              "non_striker": "Irfan Ahmed",
              "runs": {
                "batter": 1,
                "extras": 0,
                "total": 1
              }
            },
            {
              "batter": "Irfan Ahmed",
              "bowler": "J Sebanja",
              "non_striker": "Waqas Barkat",
              "runs": {
                "batter": 0,
                "extras": 0,
                "total": 0
              }
            },
            {
              "batter": "Irfan Ahmed",
              "bowler": "J Sebanja",
              "non_striker": "Waqas Barkat",
              "runs": {
                "batter": 0,
                "extras": 0,
                "total": 0
              }
            }
          ]
        },
        {
          "over": 4,
          "deliveries": [
            {
              "batter": "Waqas Barkat",
              "bowler": "F Nsubuga",
              "non_striker": "Irfan Ahmed",
              "runs": {
                "batter": 4,
                "extras": 0,
                "total": 4
              }
            },
            {
              "batter": "Waqas Barkat",
              "bowler": "F Nsubuga",
              "non_striker": "Irfan Ahmed",
              "runs": {
                "batter": 1,
                "extras": 0,
                "total": 1
              }
            },
            {
              "batter": "Irfan Ahmed",
              "bowler": "F Nsubuga",
              "extras": {
                "wides": 2
              },
              "non_striker": "Waqas Barkat",
              "runs": {
                "batter": 0,
                "extras": 2,
                "total": 2
              }
            },
            {
              "batter": "Waqas Barkat",
              "bowler": "F Nsubuga",
              "non_striker": "Irfan Ahmed",
              "runs": {
                "batter": 4,
                "extras": 0,
                "total": 4
              }
            },
            {
              "batter": "Waqas Barkat",
              "bowler": "F Nsubuga",
              "non_striker": "Irfan Ahmed",
              "runs": {
                "batter": 1,
                "extras": 0,
                "total": 1
              }
            },
            {
              "batter": "Irfan Ahmed",
              "bowler": "F Nsubuga",
              "non_striker": "Waqas Barkat",
              "runs": {
                "batter": 0,
                "extras": 0,
                "total": 0
              }
            },
            {
              "batter": "Irfan Ahmed",
              "bowler": "F Nsubuga",
              "non_striker": "Waqas Barkat",
              "runs": {
                "batter": 0,
                "extras": 0,
                "total": 0
              }
            }
          ]
        },
        {
          "over": 5,
          "deliveries": [
            {
              "batter": "Waqas Barkat",
              "bowler": "P Ochan",
              "non_striker": "Irfan Ahmed",
              "runs": {
                "batter": 0,
                "extras": 0,
                "total": 0
              }
            },
            {
              "batter": "Waqas Barkat",
              "bowler": "P Ochan",
              "non_striker": "Irfan Ahmed",
              "runs": {
                "batter": 0,
                "extras": 0,
                "total": 0
              },
              "wickets": [
                {
                  "kind": "caught",
                  "player_out": "Waqas Barkat",
                  "fielders": [
                    {
                      "name": "F Nsubuga"
                    }
                  ]
                }
              ]
            },
            {
              "batter": "Irfan Ahmed",
              "bowler": "P Ochan",
              "non_striker": "JJ Atkinson",
              "runs": {
                "batter": 0,
                "extras": 0,
                "total": 0
              }
            },
            {
              "batter": "Irfan Ahmed",
              "bowler": "P Ochan",
              "extras": {
                "wides": 1
              },
              "non_striker": "JJ Atkinson",
              "runs": {
                "batter": 0,
                "extras": 1,
                "total": 1
              }
            },
            {
              "batter": "Irfan Ahmed",
              "bowler": "P Ochan",
              "non_striker": "JJ Atkinson",
              "runs": {
                "batter": 0,
                "extras": 0,
                "total": 0
              }
            },
            {
              "batter": "Irfan Ahmed",
              "bowler": "P Ochan",
              "non_striker": "JJ Atkinson",
              "runs": {
                "batter": 0,
                "extras": 0,
                "total": 0
              }
            },
            {
              "batter": "Irfan Ahmed",
              "bowler": "P Ochan",
              "non_striker": "JJ Atkinson",
              "runs": {
                "batter": 4,
                "extras": 0,
                "total": 4
              }
            }
          ]
        },
        {
          "over": 6,
          "deliveries": [
            {
              "batter": "JJ Atkinson",
              "bowler": "F Nsubuga",
              "non_striker": "Irfan Ahmed",
              "runs": {
                "batter": 1,
                "extras": 0,
                "total": 1
              }
            },
            {
              "batter": "Irfan Ahmed",
              "bowler": "F Nsubuga",
              "non_striker": "JJ Atkinson",
              "runs": {
                "batter": 0,
                "extras": 0,
                "total": 0
              }
            },
            {
              "batter": "Irfan Ahmed",
              "bowler": "F Nsubuga",
              "non_striker": "JJ Atkinson",
              "runs": {
                "batter": 0,
                "extras": 0,
                "total": 0
              }
            },
            {
              "batter": "Irfan Ahmed",
              "bowler": "F Nsubuga",
              "non_striker": "JJ Atkinson",
              "runs": {
                "batter": 1,
                "extras": 0,
                "total": 1
              }
            },
            {
              "batter": "JJ Atkinson",
              "bowler": "F Nsubuga",
              "non_striker": "Irfan Ahmed",
              "runs": {
                "batter": 0,
                "extras": 0,
                "total": 0
              }
            },
            {
              "batter": "JJ Atkinson",
              "bowler": "F Nsubuga",
              "non_striker": "Irfan Ahmed",
              "runs": {
                "batter": 1,
                "extras": 0,
                "total": 1
              }
            }
          ]
        },
        {
          "over": 7,
          "deliveries": [
            {
              "batter": "JJ Atkinson",
              "bowler": "DK Arinaitwe",
              "non_striker": "Irfan Ahmed",
              "runs": {
                "batter": 0,
                "extras": 0,
                "total": 0
              }
            },
            {
              "batter": "JJ Atkinson",
              "bowler": "DK Arinaitwe",
              "non_striker": "Irfan Ahmed",
              "runs": {
                "batter": 0,
                "extras": 0,
                "total": 0
              }
            },
            {
              "batter": "JJ Atkinson",
              "bowler": "DK Arinaitwe",
              "non_striker": "Irfan Ahmed",
              "runs": {
                "batter": 1,
                "extras": 0,
                "total": 1
              }
            },
            {
              "batter": "Irfan Ahmed",
              "bowler": "DK Arinaitwe",
              "non_striker": "JJ Atkinson",
              "runs": {
                "batter": 0,
                "extras": 0,
                "total": 0
              }
            },
            {
              "batter": "Irfan Ahmed",
              "bowler": "DK Arinaitwe",
              "non_striker": "JJ Atkinson",
              "runs": {
                "batter": 1,
                "extras": 0,
                "total": 1
              }
            },
            {
              "batter": "JJ Atkinson",
              "bowler": "DK Arinaitwe",
              "non_striker": "Irfan Ahmed",
              "runs": {
                "batter": 0,
                "extras": 0,
                "total": 0
              }
            }
          ]
        },
        {
          "over": 8,
          "deliveries": [
            {
              "batter": "Irfan Ahmed",
              "bowler": "F Nsubuga",
              "non_striker": "JJ Atkinson",
              "runs": {
                "batter": 1,
                "extras": 0,
                "total": 1
              }
            },
            {
              "batter": "JJ Atkinson",
              "bowler": "F Nsubuga",
              "non_striker": "Irfan Ahmed",
              "runs": {
                "batter": 0,
                "extras": 0,
                "total": 0
              }
            },
            {
              "batter": "JJ Atkinson",
              "bowler": "F Nsubuga",
              "non_striker": "Irfan Ahmed",
              "runs": {
                "batter": 0,
                "extras": 0,
                "total": 0
              }
            },
            {
              "batter": "JJ Atkinson",
              "bowler": "F Nsubuga",
              "non_striker": "Irfan Ahmed",
              "runs": {
                "batter": 1,
                "extras": 0,
                "total": 1
              }
            },
            {
              "batter": "Irfan Ahmed",
              "bowler": "F Nsubuga",
              "non_striker": "JJ Atkinson",
              "runs": {
                "batter": 0,
                "extras": 0,
                "total": 0
              },
              "wickets": [
                {
                  "kind": "bowled",
                  "player_out": "Irfan Ahmed"
                }
              ]
            },
            {
              "batter": "MS Chapman",
              "bowler": "F Nsubuga",
              "non_striker": "JJ Atkinson",
              "runs": {
                "batter": 0,
                "extras": 0,
                "total": 0
              }
            }
          ]
        },
        {
          "over": 9,
          "deliveries": [
            {
              "batter": "JJ Atkinson",
              "bowler": "DK Arinaitwe",
              "non_striker": "MS Chapman",
              "runs": {
                "batter": 1,
                "extras": 0,
                "total": 1
              }
            },
            {
              "batter": "MS Chapman",
              "bowler": "DK Arinaitwe",
              "non_striker": "JJ Atkinson",
              "runs": {
                "batter": 0,
                "extras": 0,
                "total": 0
              }
            },
            {
              "batter": "MS Chapman",
              "bowler": "DK Arinaitwe",
              "non_striker": "JJ Atkinson",
              "runs": {
                "batter": 4,
                "extras": 0,
                "total": 4
              }
            },
            {
              "batter": "MS Chapman",
              "bowler": "DK Arinaitwe",
              "non_striker": "JJ Atkinson",
              "runs": {
                "batter": 0,
                "extras": 0,
                "total": 0
              }
            },
            {
              "batter": "MS Chapman",
              "bowler": "DK Arinaitwe",
              "non_striker": "JJ Atkinson",
              "runs": {
                "batter": 0,
                "extras": 0,
                "total": 0
              }
            },
            {
              "batter": "MS Chapman",
              "bowler": "DK Arinaitwe",
              "non_striker": "JJ Atkinson",
              "runs": {
                "batter": 2,
                "extras": 0,
                "total": 2
              }
            }
          ]
        },
        {
          "over": 10,
          "deliveries": [
            {
              "batter": "JJ Atkinson",
              "bowler": "RG Mukasa",
              "non_striker": "MS Chapman",
              "runs": {
                "batter": 0,
                "extras": 0,
                "total": 0
              }
            },
            {
              "batter": "JJ Atkinson",
              "bowler": "RG Mukasa",
              "non_striker": "MS Chapman",
              "runs": {
                "batter": 0,
                "extras": 0,
                "total": 0
              },
              "wickets": [
                {
                  "kind": "lbw",
                  "player_out": "JJ Atkinson"
                }
              ]
            },
            {
              "batter": "Nizakat Khan",
              "bowler": "RG Mukasa",
              "non_striker": "MS Chapman",
              "runs": {
                "batter": 1,
                "extras": 0,
                "total": 1
              }
            },
            {
              "batter": "MS Chapman",
              "bowler": "RG Mukasa",
              "non_striker": "Nizakat Khan",
              "runs": {
                "batter": 0,
                "extras": 0,
                "total": 0
              },
              "wickets": [
                {
                  "kind": "caught",
                  "player_out": "MS Chapman",
                  "fielders": [
                    {
                      "name": "PM Selowa"
                    }
                  ]
                }
              ]
            },
            {
              "batter": "Babar Hayat",
              "bowler": "RG Mukasa",
              "non_striker": "Nizakat Khan",
              "runs": {
                "batter": 0,
                "extras": 0,
                "total": 0
              },
              "wickets": [
                {
                  "kind": "caught",
                  "player_out": "Babar Hayat",
                  "fielders": [
                    {
                      "name": "PM Selowa"
                    }
                  ]
                }
              ]
            },
            {
              "batter": "Munir Dar",
              "bowler": "RG Mukasa",
              "non_striker": "Nizakat Khan",
              "runs": {
                "batter": 0,
                "extras": 0,
                "total": 0
              }
            }
          ]
        },
        {
          "over": 11,
          "deliveries": [
            {
              "batter": "Nizakat Khan",
              "bowler": "DK Arinaitwe",
              "non_striker": "Munir Dar",
              "runs": {
                "batter": 0,
                "extras": 0,
                "total": 0
              }
            },
            {
              "batter": "Nizakat Khan",
              "bowler": "DK Arinaitwe",
              "non_striker": "Munir Dar",
              "runs": {
                "batter": 0,
                "extras": 0,
                "total": 0
              }
            },
            {
              "batter": "Nizakat Khan",
              "bowler": "DK Arinaitwe",
              "non_striker": "Munir Dar",
              "runs": {
                "batter": 1,
                "extras": 0,
                "total": 1
              }
            },
            {
              "batter": "Munir Dar",
              "bowler": "DK Arinaitwe",
              "non_striker": "Nizakat Khan",
              "runs": {
                "batter": 0,
                "extras": 0,
                "total": 0
              }
            },
            {
              "batter": "Munir Dar",
              "bowler": "DK Arinaitwe",
              "non_striker": "Nizakat Khan",
              "runs": {
                "batter": 2,
                "extras": 0,
                "total": 2
              }
            },
            {
              "batter": "Munir Dar",
              "bowler": "DK Arinaitwe",
              "non_striker": "Nizakat Khan",
              "runs": {
                "batter": 1,
                "extras": 0,
                "total": 1
              }
            }
          ]
        },
        {
          "over": 12,
          "deliveries": [
            {
              "batter": "Munir Dar",
              "bowler": "RG Mukasa",
              "non_striker": "Nizakat Khan",
              "runs": {
                "batter": 1,
                "extras": 0,
                "total": 1
              }
            },
            {
              "batter": "Nizakat Khan",
              "bowler": "RG Mukasa",
              "non_striker": "Munir Dar",
              "runs": {
                "batter": 0,
                "extras": 0,
                "total": 0
              }
            },
            {
              "batter": "Nizakat Khan",
              "bowler": "RG Mukasa",
              "non_striker": "Munir Dar",
              "runs": {
                "batter": 1,
                "extras": 0,
                "total": 1
              }
            },
            {
              "batter": "Munir Dar",
              "bowler": "RG Mukasa",
              "non_striker": "Nizakat Khan",
              "runs": {
                "batter": 0,
                "extras": 0,
                "total": 0
              }
            },
            {
              "batter": "Munir Dar",
              "bowler": "RG Mukasa",
              "non_striker": "Nizakat Khan",
              "runs": {
                "batter": 1,
                "extras": 0,
                "total": 1
              }
            },
            {
              "batter": "Nizakat Khan",
              "bowler": "RG Mukasa",
              "non_striker": "Munir Dar",
              "runs": {
                "batter": 0,
                "extras": 0,
                "total": 0
              }
            }
          ]
        },
        {
          "over": 13,
          "deliveries": [
            {
              "batter": "Munir Dar",
              "bowler": "DK Arinaitwe",
              "non_striker": "Nizakat Khan",
              "runs": {
                "batter": 1,
                "extras": 0,
                "total": 1
              }
            },
            {
              "batter": "Nizakat Khan",
              "bowler": "DK Arinaitwe",
              "non_striker": "Munir Dar",
              "runs": {
                "batter": 2,
                "extras": 0,
                "total": 2
              }
            },
            {
              "batter": "Nizakat Khan",
              "bowler": "DK Arinaitwe",
              "non_striker": "Munir Dar",
              "runs": {
                "batter": 0,
                "extras": 0,
                "total": 0
              }
            },
            {
              "batter": "Nizakat Khan",
              "bowler": "DK Arinaitwe",
              "non_striker": "Munir Dar",
              "runs": {
                "batter": 0,
                "extras": 0,
                "total": 0
              }
            },
            {
              "batter": "Nizakat Khan",
              "bowler": "DK Arinaitwe",
              "non_striker": "Munir Dar",
              "runs": {
                "batter": 0,
                "extras": 0,
                "total": 0
              }
            },
            {
              "batter": "Nizakat Khan",
              "bowler": "DK Arinaitwe",
              "non_striker": "Munir Dar",
              "runs": {
                "batter": 0,
                "extras": 0,
                "total": 0
              }
            }
          ]
        },
        {
          "over": 14,
          "deliveries": [
            {
              "batter": "Munir Dar",
              "bowler": "RG Mukasa",
              "non_striker": "Nizakat Khan",
              "runs": {
                "batter": 1,
                "extras": 0,
                "total": 1
              }
            },
            {
              "batter": "Nizakat Khan",
              "bowler": "RG Mukasa",
              "non_striker": "Munir Dar",
              "runs": {
                "batter": 1,
                "extras": 0,
                "total": 1
              }
            },
            {
              "batter": "Munir Dar",
              "bowler": "RG Mukasa",
              "non_striker": "Nizakat Khan",
              "runs": {
                "batter": 0,
                "extras": 0,
                "total": 0
              },
              "wickets": [
                {
                  "kind": "stumped",
                  "player_out": "Munir Dar",
                  "fielders": [
                    {
                      "name": "PM Selowa"
                    }
                  ]
                }
              ]
            },
            {
              "batter": "Tanwir Afzal",
              "bowler": "RG Mukasa",
              "non_striker": "Nizakat Khan",
              "runs": {
                "batter": 1,
                "extras": 0,
                "total": 1
              }
            },
            {
              "batter": "Nizakat Khan",
              "bowler": "RG Mukasa",
              "non_striker": "Tanwir Afzal",
              "runs": {
                "batter": 0,
                "extras": 0,
                "total": 0
              }
            },
            {
              "batter": "Nizakat Khan",
              "bowler": "RG Mukasa",
              "non_striker": "Tanwir Afzal",
              "runs": {
                "batter": 1,
                "extras": 0,
                "total": 1
              }
            }
          ]
        },
        {
          "over": 15,
          "deliveries": [
            {
              "batter": "Nizakat Khan",
              "bowler": "F Nsubuga",
              "non_striker": "Tanwir Afzal",
              "runs": {
                "batter": 0,
                "extras": 0,
                "total": 0
              }
            },
            {
              "batter": "Nizakat Khan",
              "bowler": "F Nsubuga",
              "non_striker": "Tanwir Afzal",
              "runs": {
                "batter": 1,
                "extras": 0,
                "total": 1
              }
            },
            {
              "batter": "Tanwir Afzal",
              "bowler": "F Nsubuga",
              "non_striker": "Nizakat Khan",
              "runs": {
                "batter": 0,
                "extras": 0,
                "total": 0
              }
            },
            {
              "batter": "Tanwir Afzal",
              "bowler": "F Nsubuga",
              "non_striker": "Nizakat Khan",
              "runs": {
                "batter": 1,
                "extras": 0,
                "total": 1
              }
            },
            {
              "batter": "Nizakat Khan",
              "bowler": "F Nsubuga",
              "non_striker": "Tanwir Afzal",
              "runs": {
                "batter": 4,
                "extras": 0,
                "total": 4
              }
            },
            {
              "batter": "Nizakat Khan",
              "bowler": "F Nsubuga",
              "non_striker": "Tanwir Afzal",
              "runs": {
                "batter": 1,
                "extras": 0,
                "total": 1
              }
            }
          ]
        },
        {
          "over": 16,
          "deliveries": [
            {
              "batter": "Nizakat Khan",
              "bowler": "RG Mukasa",
              "non_striker": "Tanwir Afzal",
              "runs": {
                "batter": 0,
                "extras": 0,
                "total": 0
              }
            },
            {
              "batter": "Nizakat Khan",
              "bowler": "RG Mukasa",
              "non_striker": "Tanwir Afzal",
              "runs": {
                "batter": 1,
                "extras": 0,
                "total": 1
              }
            },
            {
              "batter": "Tanwir Afzal",
              "bowler": "RG Mukasa",
              "non_striker": "Nizakat Khan",
              "runs": {
                "batter": 2,
                "extras": 0,
                "total": 2
              }
            },
            {
              "batter": "Tanwir Afzal",
              "bowler": "RG Mukasa",
              "extras": {
                "byes": 2
              },
              "non_striker": "Nizakat Khan",
              "runs": {
                "batter": 0,
                "extras": 2,
                "total": 2
              }
            },
            {
              "batter": "Tanwir Afzal",
              "bowler": "RG Mukasa",
              "non_striker": "Nizakat Khan",
              "runs": {
                "batter": 6,
                "extras": 0,
                "total": 6
              }
            },
            {
              "batter": "Tanwir Afzal",
              "bowler": "RG Mukasa",
              "non_striker": "Nizakat Khan",
              "runs": {
                "batter": 6,
                "extras": 0,
                "total": 6
              }
            }
          ]
        },
        {
          "over": 17,
          "deliveries": [
            {
              "batter": "Nizakat Khan",
              "bowler": "C Waiswa",
              "non_striker": "Tanwir Afzal",
              "runs": {
                "batter": 1,
                "extras": 0,
                "total": 1
              }
            },
            {
              "batter": "Tanwir Afzal",
              "bowler": "C Waiswa",
              "non_striker": "Nizakat Khan",
              "runs": {
                "batter": 1,
                "extras": 0,
                "total": 1
              }
            },
            {
              "batter": "Nizakat Khan",
              "bowler": "C Waiswa",
              "non_striker": "Tanwir Afzal",
              "runs": {
                "batter": 1,
                "extras": 0,
                "total": 1
              }
            },
            {
              "batter": "Tanwir Afzal",
              "bowler": "C Waiswa",
              "non_striker": "Nizakat Khan",
              "runs": {
                "batter": 0,
                "extras": 0,
                "total": 0
              }
            },
            {
              "batter": "Tanwir Afzal",
              "bowler": "C Waiswa",
              "non_striker": "Nizakat Khan",
              "runs": {
                "batter": 4,
                "extras": 0,
                "total": 4
              }
            },
            {
              "batter": "Tanwir Afzal",
              "bowler": "C Waiswa",
              "non_striker": "Nizakat Khan",
              "runs": {
                "batter": 1,
                "extras": 0,
                "total": 1
              }
            }
          ]
        },
        {
          "over": 18,
          "deliveries": [
            {
              "batter": "Tanwir Afzal",
              "bowler": "B Masaba",
              "non_striker": "Nizakat Khan",
              "runs": {
                "batter": 4,
                "extras": 0,
                "total": 4
              }
            }
          ]
        }
      ],
      "powerplays": [
        {
          "from": 0.1,
          "to": 5.7,
          "type": "mandatory"
        }
      ],
      "target": {
        "overs": 20,
        "runs": 106
      }
    }
  ]
}