{
  "meta": {
    "data_version": "1.0.0",
    "created": "2013-12-15",
    "revision": 1
  },
  "info": {
    "balls_per_over": 6,
    "city": "Abu Dhabi",
    "dates": [
      "2013-11-30"
    ],
    "event": {
      "name": "ICC World Twenty20 Qualifier",
      "stage": "3rd Place Play-Off"
    },
    "gender": "male",
    "match_type": "IT20",
    "officials": {
      "match_referees": [
        "GF Labrooy"
      ],
      "reserve_umpires": [
        "GO Brathwaite"
      ],
      "tv_umpires": [
        "AT Holdstock"
      ],
      "umpires": [
        "REJ Martinesz",
        "JS Wilson"
      ]
    },
    "outcome": {
      "by": {
        "wickets": 5
      },
      "winner": "Nepal"
    },
    "overs": 20,
    "player_of_match": [
      "B Regmi"
    ],
    "players": {
      "Nepal": [
        "Sagar Pun",
        "SP Khakurel",
        "G Malla",
        "P Khadka",
        "S Vesawkar",
        "B Bhandari",
        "AK Mandal",
        "B Regmi",
        "SP Gauchan",
        "JK Mukhiya",
        "A Karn"
      ],
      "United Arab Emirates": [
        "Abdul Shakoor",
        "Amjad Javed",
        "Khurram Khan",
        "Rohan Mustafa",
        "Shaiman Anwar",
        "SP Patil",
        "Mohammad Shafiq",
        "Nasir Aziz",
        "AM Guruge",
        "Kamran Shazad",
        "EHSN Silva"
      ]
    },
    "registry": {
      "people": {
        "A Karn": "357f5314",
        "AK Mandal": "defd49f6",
        "AM Guruge": "26534b48",
        "AT Holdstock": "6fa3258c",
        "Abdul Shakoor": "7b9b9aef",
        "Amjad Javed": "18eaf2fa",
        "B Bhandari": "82342b13",
        "B Regmi": "98d05440",
        "EHSN Silva": "7572bf45",
        "G Malla": "b2e1d224",
        "GF Labrooy": "8e088dbc",
        "GO Brathwaite": "1ace56d4",
        "JK Mukhiya": "f8dcfe4e",
        "JS Wilson": "d7f3b72f",
        "Kamran Shazad": "75186c24",
        "Khurram Khan": "ae6746e0",
        "Mohammad Shafiq": "86d327a3",
        "Nasir Aziz": "e70a0811",
        "P Khadka": "12c3ba4d",
        "REJ Martinesz": "140cdf29",
        "Rohan Mustafa": "d1988788",
        "S Vesawkar": "3de06845",
        "SP Gauchan": "2d8aae2f",
        "SP Khakurel": "9a6b71d1",
        "SP Patil": "f5c198fb",
        "Sagar Pun": "3c4007d3",
        "Shaiman Anwar": "e9630504"
      }
    },
    "season": "2013/14",
    "team_type": "international",
    "teams": [
      "United Arab Emirates",
      "Nepal"
    ],
    "toss": {
      "decision": "field",
      "winner": "Nepal"
    },
    "venue": "Sheikh Zayed Stadium"
  },
  "innings": [
    {
      "team": "United Arab Emirates",
      "overs": [
        {
          "over": 0,
          "deliveries": [
            {
              "batter": "Abdul Shakoor",
              "bowler": "A Karn",
              "non_striker": "Amjad Javed",
              "runs": {
                "batter": 0,
                "extras": 0,
                "total": 0
              }
            },
            {
              "batter": "Abdul Shakoor",
              "bowler": "A Karn",
              "non_striker": "Amjad Javed",
              "runs": {
                "batter": 0,
                "extras": 0,
                "total": 0
              }
            },
            {
              "batter": "Abdul Shakoor",
              "bowler": "A Karn",
              "non_striker": "Amjad Javed",
              "runs": {
                "batter": 0,
                "extras": 0,
                "total": 0
              }
            },
            {
              "batter": "Abdul Shakoor",
              "bowler": "A Karn",
              "non_striker": "Amjad Javed",
              "runs": {
                "batter": 1,
                "extras": 0,
                "total": 1
              }
            },
            {
              "batter": "Amjad Javed",
              "bowler": "A Karn",
              "non_striker": "Abdul Shakoor",
              "runs": {
                "batter": 4,
                "extras": 0,
                "total": 4
              }
            },
            {
              "batter": "Amjad Javed",
              "bowler": "A Karn",
              "non_striker": "Abdul Shakoor",
              "runs": {
                "batter": 0,
                "extras": 0,
                "total": 0
              }
            }
          ]
        },
        {
          "over": 1,
          "deliveries": [
            {
              "batter": "Abdul Shakoor",
              "bowler": "JK Mukhiya",
              "non_striker": "Amjad Javed",
              "runs": {
                "batter": 0,
                "extras": 0,
                "total": 0
              }
            },
            {
              "batter": "Abdul Shakoor",
              "bowler": "JK Mukhiya",
              "non_striker": "Amjad Javed",
              "runs": {
                "batter": 0,
                "extras": 0,
                "total": 0
              }
            },
            {
              "batter": "Abdul Shakoor",
              "bowler": "JK Mukhiya",
              "non_striker": "Amjad Javed",
              "runs": {
                "batter": 0,
                "extras": 0,
                "total": 0
              }
            },
            {
              "batter": "Abdul Shakoor",
              "bowler": "JK Mukhiya",
              "non_striker": "Amjad Javed",
              "runs": {
                "batter": 1,
                "extras": 0,
                "total": 1
              }
            },
            {
              "batter": "Amjad Javed",
              "bowler": "JK Mukhiya",
              "non_striker": "Abdul Shakoor",
              "runs": {
                "batter": 1,
                "extras": 0,
                "total": 1
              }
            },
            {
              "batter": "Abdul Shakoor",
              "bowler": "JK Mukhiya",
              "non_striker": "Amjad Javed",
              "runs": {
                "batter": 0,
                "extras": 0,
                "total": 0
              }
            }
          ]
        },
        {
          "over": 2,
          "deliveries": [
            {
              "batter": "Amjad Javed",
              "bowler": "A Karn",
              "non_striker": "Abdul Shakoor",
              "runs": {
                "batter": 2,
                "extras": 0,
                "total": 2
              }
            },
            {
              "batter": "Amjad Javed",
              "bowler": "A Karn",
              "non_striker": "Abdul Shakoor",
              "runs": {
                "batter": 1,
                "extras": 0,
                "total": 1
              }
            },
            {
              "batter": "Abdul Shakoor",
              "bowler": "A Karn",
              "non_striker": "Amjad Javed",
              "runs": {
                "batter": 0,
                "extras": 0,
                "total": 0
              }
            },
            {
              "batter": "Abdul Shakoor",
              "bowler": "A Karn",
              "non_striker": "Amjad Javed",
              "runs": {
                "batter": 0,
                "extras": 0,
                "total": 0
              }
            },
            {
              "batter": "Abdul Shakoor",
              "bowler": "A Karn",
              "non_striker": "Amjad Javed",
              "runs": {
                "batter": 0,
                "extras": 0,
                "total": 0
              }
            },
            {
              "batter": "Abdul Shakoor",
              "bowler": "A Karn",
              "non_striker": "Amjad Javed",
              "runs": {
                "batter": 0,
                "extras": 0,
                "total": 0
              }
            }
          ]
        },
        {
          "over": 3,
          "deliveries": [
            {
              "batter": "Amjad Javed",
              "bowler": "JK Mukhiya",
              "non_striker": "Abdul Shakoor",
              "runs": {
                "batter": 1,
                "extras": 0,
                "total": 1
              }
            },
            {
              "batter": "Abdul Shakoor",
              "bowler": "JK Mukhiya",
              "non_striker": "Amjad Javed",
              "runs": {
                "batter": 6,
                "extras": 0,
                "total": 6
              }
            },
            {
              "batter": "Abdul Shakoor",
              "bowler": "JK Mukhiya",
              "non_striker": "Amjad Javed",
              "runs": {
                "batter": 0,
                "extras": 0,
                "total": 0
              }
            },
            {
              "batter": "Abdul Shakoor",
              "bowler": "JK Mukhiya",
              "non_striker": "Amjad Javed",
              "runs": {
                "batter": 1,
                "extras": 0,
                "total": 1
              }
            },
            {
              "batter": "Amjad Javed",
              "bowler": "JK Mukhiya",
              "non_striker": "Abdul Shakoor",
              "runs": {
                "batter": 4,
                "extras": 0,
                "total": 4
              }
            },
            {
              "batter": "Amjad Javed",
              "bowler": "JK Mukhiya",
              "non_striker": "Abdul Shakoor",
              "runs": {
                "batter": 0,
                "extras": 0,
                "total": 0
              }
            }
          ]
        },
        {
          "over": 4,
          "deliveries": [
            {
              "batter": "Abdul Shakoor",
              "bowler": "A Karn",
              "non_striker": "Amjad Javed",
              "runs": {
                "batter": 0,
                "extras": 0,
                "total": 0
              }
            },
            {
              "batter": "Abdul Shakoor",
              "bowler": "A Karn",
              "non_striker": "Amjad Javed",
              "runs": {
                "batter": 0,
                "extras": 0,
                "total": 0
              }
            },
            {
              "batter": "Abdul Shakoor",
              "bowler": "A Karn",
              "non_striker": "Amjad Javed",
              "runs": {
                "batter": 0,
                "extras": 0,
                "total": 0
              }
            },
            {
              "batter": "Abdul Shakoor",
              "bowler": "A Karn",
              "non_striker": "Amjad Javed",
              "runs": {
                "batter": 0,
                "extras": 0,
                "total": 0
              }
            },
            {
              "batter": "Abdul Shakoor",
              "bowler": "A Karn",
              "non_striker": "Amjad Javed",
              "runs": {
                "batter": 2,
                "extras": 0,
                "total": 2
              }
            },
            {
              "batter": "Abdul Shakoor",
              "bowler": "A Karn",
              "non_striker": "Amjad Javed",
              "runs": {
                "batter": 0,
                "extras": 0,
                "total": 0
              }
            }
          ]
        },
        {
          "over": 5,
          "deliveries": [
            {
              "batter": "Amjad Javed",
              "bowler": "B Regmi",
              "non_striker": "Abdul Shakoor",
              "runs": {
                "batter": 1,
                "extras": 0,
                "total": 1
              }
            },
            {
              "batter": "Abdul Shakoor",
              "bowler": "B Regmi",
              "non_striker": "Amjad Javed",
              "runs": {
                "batter": 1,
                "extras": 0,
                "total": 1
              }
            },
            {
              "batter": "Amjad Javed",
              "bowler": "B Regmi",
              "non_striker": "Abdul Shakoor",
              "runs": {
                "batter": 0,
                "extras": 0,
                "total": 0
              },
              "wickets": [
                {
                  "kind": "bowled",
                  "player_out": "Amjad Javed"
                }
              ]
            },
            {
              "batter": "Khurram Khan",
              "bowler": "B Regmi",
              "non_striker": "Abdul Shakoor",
              "runs": {
                "batter": 1,
                "extras": 0,
                "total": 1
              }
            },
            {
              "batter": "Abdul Shakoor",
              "bowler": "B Regmi",
              "non_striker": "Khurram Khan",
              "runs": {
                "batter": 1,
                "extras": 0,
                "total": 1
              }
            },
            {
              "batter": "Khurram Khan",
              "bowler": "B Regmi",
              "non_striker": "Abdul Shakoor",
              "runs": {
                "batter": 0,
                "extras": 0,
                "total": 0
              },
              "wickets": [
                {
                  "kind": "bowled",
                  "player_out": "Khurram Khan"
                }
              ]
            }
          ]
        },
        {
          "over": 6,
          "deliveries": [
            {
              "batter": "Abdul Shakoor",
              "bowler": "P Khadka",
              "non_striker": "Rohan Mustafa",
              "runs": {
                "batter": 0,
                "extras": 0,
                "total": 0
              }
            },
            {
              "batter": "Abdul Shakoor",
              "bowler": "P Khadka",
              "non_striker": "Rohan Mustafa",
              "runs": {
                "batter": 1,
                "extras": 0,
                "total": 1
              }
            },
            {
              "batter": "Rohan Mustafa",
              "bowler": "P Khadka",
              "non_striker": "Abdul Shakoor",
              "runs": {
                "batter": 1,
                "extras": 0,
                "total": 1
              }
            },
            {
              "batter": "Abdul Shakoor",
              "bowler": "P Khadka",
              "non_striker": "Rohan Mustafa",
              "runs": {
                "batter": 1,
                "extras": 0,
                "total": 1
              }
            },
            {
              "batter": "Rohan Mustafa",
              "bowler": "P Khadka",
              "non_striker": "Abdul Shakoor",
              "runs": {
                "batter": 4,
                "extras": 0,
                "total": 4
              }
            },
            {
              "batter": "Rohan Mustafa",
              "bowler": "P Khadka",
              "non_striker": "Abdul Shakoor",
              "runs": {
                "batter": 1,
                "extras": 0,
                "total": 1
              }
            }
          ]
        },
        {
          "over": 7,
          "deliveries": [
            {
              "batter": "Rohan Mustafa",
              "bowler": "B Regmi",
              "non_striker": "Abdul Shakoor",
              "runs": {
                "batter": 1,
                "extras": 0,
                "total": 1
              }
            },
            {
              "batter": "Abdul Shakoor",
              "bowler": "B Regmi",
              "non_striker": "Rohan Mustafa",
              "runs": {
                "batter": 1,
                "extras": 0,
                "total": 1
              }
            },
            {
              "batter": "Rohan Mustafa",
              "bowler": "B Regmi",
              "non_striker": "Abdul Shakoor",
              "runs": {
                "batter": 1,
                "extras": 0,
                "total": 1
              }
            },
            {
              "batter": "Abdul Shakoor",
              "bowler": "B Regmi",
              "non_striker": "Rohan Mustafa",
              "runs": {
                "batter": 0,
                "extras": 0,
                "total": 0
              }
            },
            {
              "batter": "Abdul Shakoor",
              "bowler": "B Regmi",
              "non_striker": "Rohan Mustafa",
              "runs": {
                "batter": 1,
                "extras": 0,
                "total": 1
              }
            },
            {
              "batter": "Rohan Mustafa",
              "bowler": "B Regmi",
              "non_striker": "Abdul Shakoor",
              "runs": {
                "batter": 1,
                "extras": 0,
                "total": 1
              }
            }
          ]
        },
        {
          "over": 8,
          "deliveries": [
            {
              "batter": "Rohan Mustafa",
              "bowler": "P Khadka",
              "non_striker": "Abdul Shakoor",
              "runs": {
                "batter": 1,
                "extras": 0,
                "total": 1
              }
            },
            {
              "batter": "Abdul Shakoor",
              "bowler": "P Khadka",
              "non_striker": "Rohan Mustafa",
              "runs": {
                "batter": 1,
                "extras": 0,
                "total": 1
              }
            },
            {
              "batter": "Rohan Mustafa",
              "bowler": "P Khadka",
              "non_striker": "Abdul Shakoor",
              "runs": {
                "batter": 1,
                "extras": 0,
                "total": 1
              }
            },
            {
              "batter": "Abdul Shakoor",
              "bowler": "P Khadka",
              "non_striker": "Rohan Mustafa",
              "runs": {
                "batter": 1,
                "extras": 0,
                "total": 1
              }
            },
            {
              "batter": "Rohan Mustafa",
              "bowler": "P Khadka",
              "non_striker": "Abdul Shakoor",
              "runs": {
                "batter": 0,
                "extras": 0,
                "total": 0
              }
            },
            {
              "batter": "Rohan Mustafa",
              "bowler": "P Khadka",
              "non_striker": "Abdul Shakoor",
              "runs": {
                "batter": 2,
                "extras": 0,
                "total": 2
              }
            }
          ]
        },
        {
          "over": 9,
          "deliveries": [
            {
              "batter": "Abdul Shakoor",
              "bowler": "SP Gauchan",
              "non_striker": "Rohan Mustafa",
              "runs": {
                "batter": 1,
                "extras": 0,
                "total": 1
              }
            },
            {
              "batter": "Rohan Mustafa",
              "bowler": "SP Gauchan",
              "non_striker": "Abdul Shakoor",
              "runs": {
                "batter": 1,
                "extras": 0,
                "total": 1
              }
            },
            {
              "batter": "Abdul Shakoor",
              "bowler": "SP Gauchan",
              "non_striker": "Rohan Mustafa",
              "runs": {
                "batter": 4,
                "extras": 0,
                "total": 4
              }
            },
            {
              "batter": "Abdul Shakoor",
              "bowler": "SP Gauchan",
              "non_striker": "Rohan Mustafa",
              "runs": {
                "batter": 1,
                "extras": 0,
                "total": 1
              }
            },
            {
              "batter": "Rohan Mustafa",
              "bowler": "SP Gauchan",
              "non_striker": "Abdul Shakoor",
              "runs": {
                "batter": 0,
                "extras": 0,
                "total": 0
              }
            },
            {
              "batter": "Rohan Mustafa",
              "bowler": "SP Gauchan",
              "non_striker": "Abdul Shakoor",
              "runs": {
                "batter": 1,
                "extras": 0,
                "total": 1
              }
            }
          ]
        },
        {
          "over": 10,
          "deliveries": [
            {
              "batter": "Rohan Mustafa",
              "bowler": "Sagar Pun",
              "non_striker": "Abdul Shakoor",
              "runs": {
                "batter": 1,
                "extras": 0,
                "total": 1
              }
            },
            {
              "batter": "Abdul Shakoor",
              "bowler": "Sagar Pun",
              "non_striker": "Rohan Mustafa",
              "runs": {
                "batter": 1,
                "extras": 0,
                "total": 1
              }
            },
            {
              "batter": "Rohan Mustafa",
              "bowler": "Sagar Pun",
              "non_striker": "Abdul Shakoor",
              "runs": {
                "batter": 0,
                "extras": 0,
                "total": 0
              }
            },
            {
              "batter": "Rohan Mustafa",
              "bowler": "Sagar Pun",
              "non_striker": "Abdul Shakoor",
              "runs": {
                "batter": 4,
                "extras": 0,
                "total": 4
              }
            },
            {
              "batter": "Rohan Mustafa",
              "bowler": "Sagar Pun",
              "non_striker": "Abdul Shakoor",
              "runs": {
                "batter": 2,
                "extras": 0,
                "total": 2
              }
            },
            {
              "batter": "Rohan Mustafa",
              "bowler": "Sagar Pun",
              "non_striker": "Abdul Shakoor",
              "runs": {
                "batter": 2,
                "extras": 0,
                "total": 2
              }
            }
          ]
        },
        {
          "over": 11,
          "deliveries": [
            {
              "batter": "Abdul Shakoor",
              "bowler": "SP Gauchan",
              "non_striker": "Rohan Mustafa",
              "runs": {
                "batter": 1,
                "extras": 0,
                "total": 1
              }
            },
            {
              "batter": "Rohan Mustafa",
              "bowler": "SP Gauchan",
              "non_striker": "Abdul Shakoor",
              "runs": {
                "batter": 0,
                "extras": 0,
                "total": 0
              },
              "wickets": [
                {
                  "kind": "stumped",
                  "player_out": "Rohan Mustafa",
                  "fielders": [
                    {
                      "name": "SP Khakurel"
                    }
                  ]
                }
              ]
            },
            {
              "batter": "Shaiman Anwar",
              "bowler": "SP Gauchan",
              "non_striker": "Abdul Shakoor",
              "runs": {
                "batter": 0,
                "extras": 0,
                "total": 0
              }
            },
            {
              "batter": "Shaiman Anwar",
              "bowler": "SP Gauchan",
              "non_striker": "Abdul Shakoor",
              "runs": {
                "batter": 1,
                "extras": 0,
                "total": 1
              }
            },
            {
              "batter": "Abdul Shakoor",
              "bowler": "SP Gauchan",
              "non_striker": "Shaiman Anwar",
              "runs": {
                "batter": 1,
                "extras": 0,
                "total": 1
              }
            },
            {
              "batter": "Shaiman Anwar",
              "bowler": "SP Gauchan",
              "non_striker": "Abdul Shakoor",
              "runs": {
                "batter": 2,
                "extras": 0,
                "total": 2
              }
            }
          ]
        },
        {
          "over": 12,
          "deliveries": [
            {
              "batter": "Abdul Shakoor",
              "bowler": "B Regmi",
              "non_striker": "Shaiman Anwar",
              "runs": {
                "batter": 0,
                "extras": 0,
                "total": 0
              },
              "wickets": [
                {
                  "kind": "caught",
                  "player_out": "Abdul Shakoor",
                  "fielders": [
                    {
                      "name": "AK Mandal"
                    }
                  ]
                }
              ]
            },
            {
              "batter": "Shaiman Anwar",
              "bowler": "B Regmi",
              "non_striker": "SP Patil",
              "runs": {
                "batter": 0,
                "extras": 0,
                "total": 0
              }
            },
            {
              "batter": "Shaiman Anwar",
              "bowler": "B Regmi",
              "non_striker": "SP Patil",
              "runs": {
                "batter": 1,
                "extras": 0,
                "total": 1
              }
            },
            {
              "batter": "SP Patil",
              "bowler": "B Regmi",
              "non_striker": "Shaiman Anwar",
              "runs": {
                "batter": 1,
                "extras": 0,
                "total": 1
              }
            },
            {
              "batter": "Shaiman Anwar",
              "bowler": "B Regmi",
              "non_striker": "SP Patil",
              "runs": {
                "batter": 0,
                "extras": 0,
                "total": 0
              }
            },
            {
              "batter": "Shaiman Anwar",
              "bowler": "B Regmi",
              "non_striker": "SP Patil",
              "runs": {
                "batter": 1,
                "extras": 0,
                "total": 1
              }
            }
          ]
        },
        {
          "over": 13,
          "deliveries": [
            {
              "batter": "Shaiman Anwar",
              "bowler": "SP Gauchan",
              "non_striker": "SP Patil",
              "runs": {
                "batter": 2,
                "extras": 0,
                "total": 2
              }
            },
            {
              "batter": "Shaiman Anwar",
              "bowler": "SP Gauchan",
              "non_striker": "SP Patil",
              "runs": {
                "batter": 4,
                "extras": 0,
                "total": 4
              }
            },
            {
              "batter": "Shaiman Anwar",
              "bowler": "SP Gauchan",
              "non_striker": "SP Patil",
              "runs": {
                "batter": 4,
                "extras": 0,
                "total": 4
              }
            },
            {
              "batter": "Shaiman Anwar",
              "bowler": "SP Gauchan",
              "non_striker": "SP Patil",
              "runs": {
                "batter": 6,
                "extras": 0,
                "total": 6
              }
            },
            {
              "batter": "Shaiman Anwar",
              "bowler": "SP Gauchan",
              "non_striker": "SP Patil",
              "runs": {
                "batter": 1,
                "extras": 0,
                "total": 1
              }
            },
            {
              "batter": "SP Patil",
              "bowler": "SP Gauchan",
              "non_striker": "Shaiman Anwar",
              "runs": {
                "batter": 1,
                "extras": 0,
                "total": 1
              }
            }
          ]
        },
        {
          "over": 14,
          "deliveries": [
            {
              "batter": "SP Patil",
              "bowler": "P Khadka",
              "non_striker": "Shaiman Anwar",
              "runs": {
                "batter": 2,
                "extras": 0,
                "total": 2
              }
            },
            {
              "batter": "SP Patil",
              "bowler": "P Khadka",
              "non_striker": "Shaiman Anwar",
              "runs": {
                "batter": 2,
                "extras": 0,
                "total": 2
              }
            },
            {
              "batter": "SP Patil",
              "bowler": "P Khadka",
              "non_striker": "Shaiman Anwar",
              "runs": {
                "batter": 1,
                "extras": 0,
                "total": 1
              }
            },
            {
              "batter": "Shaiman Anwar",
              "bowler": "P Khadka",
              "extras": {
                "legbyes": 1
              },
              "non_striker": "SP Patil",
              "runs": {
                "batter": 0,
                "extras": 1,
                "total": 1
              }
            },
            {
              "batter": "SP Patil",
              "bowler": "P Khadka",
              "non_striker": "Shaiman Anwar",
              "runs": {
                "batter": 0,
                "extras": 0,
                "total": 0
              }
            },
            {
              "batter": "SP Patil",
              "bowler": "P Khadka",
              "non_striker": "Shaiman Anwar",
              "runs": {
                "batter": 1,
                "extras": 0,
                "total": 1
              }
            }
          ]
        },
        {
          "over": 15,
          "deliveries": [
            {
              "batter": "SP Patil",
              "bowler": "B Regmi",
              "non_striker": "Shaiman Anwar",
              "runs": {
                "batter": 1,
                "extras": 0,
                "total": 1
              }
            },
            {
              "batter": "Shaiman Anwar",
              "bowler": "B Regmi",
              "non_striker": "SP Patil",
              "runs": {
                "batter": 0,
                "extras": 0,
                "total": 0
              }
            },
            {
              "batter": "Shaiman Anwar",
              "bowler": "B Regmi",
              "non_striker": "SP Patil",
              "runs": {
                "batter": 2,
                "extras": 0,
                "total": 2
              }
            },
            {
              "batter": "Shaiman Anwar",
              "bowler": "B Regmi",
              "non_striker": "SP Patil",
              "runs": {
                "batter": 0,
                "extras": 0,
                "total": 0
              },
              "wickets": [
                {
                  "kind": "bowled",
                  "player_out": "Shaiman Anwar"
                }
              ]
            },
            {
              "batter": "Mohammad Shafiq",
              "bowler": "B Regmi",
              "non_striker": "SP Patil",
              "runs": {
                "batter": 0,
                "extras": 0,
                "total": 0
              }
            },
            {
              "batter": "Mohammad Shafiq",
              "bowler": "B Regmi",
              "non_striker": "SP Patil",
              "runs": {
                "batter": 1,
                "extras": 0,
                "total": 1
              }
            }
          ]
        },
        {
          "over": 16,
          "deliveries": [
            {
              "batter": "Mohammad Shafiq",
              "bowler": "JK Mukhiya",
              "non_striker": "SP Patil",
              "runs": {
                "batter": 1,
                "extras": 0,
                "total": 1
              }
            },
            {
              "batter": "SP Patil",
              "bowler": "JK Mukhiya",
              "non_striker": "Mohammad Shafiq",
              "runs": {
                "batter": 4,
                "extras": 0,
                "total": 4
              }
            },
            {
              "batter": "SP Patil",
              "bowler": "JK Mukhiya",
              "non_striker": "Mohammad Shafiq",
              "runs": {
                "batter": 2,
                "extras": 0,
                "total": 2
              }
            },
            {
              "batter": "SP Patil",
              "bowler": "JK Mukhiya",
              "extras": {
                "legbyes": 1
              },
              "non_striker": "Mohammad Shafiq",
              "runs": {
                "batter": 0,
                "extras": 1,
                "total": 1
              }
            },
            {
              "batter": "Mohammad Shafiq",
              "bowler": "JK Mukhiya",
              "non_striker": "SP Patil",
              "runs": {
                "batter": 0,
                "extras": 0,
                "total": 0
              }
            },
            {
              "batter": "Mohammad Shafiq",
              "bowler": "JK Mukhiya",
              "non_striker": "SP Patil",
              "runs": {
                "batter": 1,
                "extras": 0,
                "total": 1
              }
            }
          ]
        },
        {
          "over": 17,
          "deliveries": [
            {
              "batter": "Mohammad Shafiq",
              "bowler": "A Karn",
              "non_striker": "SP Patil",
              "runs": {
                "batter": 0,
                "extras": 0,
                "total": 0
              }
            },
            {
              "batter": "Mohammad Shafiq",
              "bowler": "A Karn",
              "non_striker": "SP Patil",
              "runs": {
                "batter": 4,
                "extras": 0,
                "total": 4
              }
            },
            {
              "batter": "Mohammad Shafiq",
              "bowler": "A Karn",
              "non_striker": "SP Patil",
              "runs": {
                "batter": 1,
                "extras": 0,
                "total": 1
              }
            },
            {
              "batter": "SP Patil",
              "bowler": "A Karn",
              "non_striker": "Mohammad Shafiq",
              "runs": {
                "batter": 1,
                "extras": 0,
                "total": 1
              }
            },
            {
              "batter": "Mohammad Shafiq",
              "bowler": "A Karn",
              "non_striker": "SP Patil",
              "runs": {
                "batter": 0,
                "extras": 0,
                "total": 0
              }
            },
            {
              "batter": "Mohammad Shafiq",
              "bowler": "A Karn",
              "non_striker": "SP Patil",
              "runs": {
                "batter": 1,
                "extras": 0,
                "total": 1
              }
            }
          ]
        },
        {
          "over": 18,
          "deliveries": [
            {
              "batter": "Mohammad Shafiq",
              "bowler": "JK Mukhiya",
              "non_striker": "SP Patil",
              "runs": {
                "batter": 1,
                "extras": 0,
                "total": 1
              }
            },
            {
              "batter": "SP Patil",
              "bowler": "JK Mukhiya",
              "non_striker": "Mohammad Shafiq",
              "runs": {
                "batter": 1,
                "extras": 0,
                "total": 1
              }
            },
            {
              "batter": "Mohammad Shafiq",
              "bowler": "JK Mukhiya",
              "non_striker": "SP Patil",
              "runs": {
                "batter": 1,
                "extras": 0,
                "total": 1
              }
            },
            {
              "batter": "SP Patil",
              "bowler": "JK Mukhiya",
              "non_striker": "Mohammad Shafiq",
              "runs": {
                "batter": 1,
                "extras": 0,
                "total": 1
              }
            },
            {
              "batter": "Mohammad Shafiq",
              "bowler": "JK Mukhiya",
              "non_striker": "SP Patil",
              "runs": {
                "batter": 1,
                "extras": 0,
                "total": 1
              }
            },
            {
              "batter": "SP Patil",
              "bowler": "JK Mukhiya",
              "non_striker": "Mohammad Shafiq",
              "runs": {
                "batter": 2,
                "extras": 0,
                "total": 2
              }
            }
          ]
        },
        {
          "over": 19,
          "deliveries": [
            {
              "batter": "Mohammad Shafiq",
              "bowler": "P Khadka",
              "non_striker": "SP Patil",
              "runs": {
                "batter": 1,
                "extras": 0,
                "total": 1
              }
            },
            {
              "batter": "SP Patil",
              "bowler": "P Khadka",
              "non_striker": "Mohammad Shafiq",
              "runs": {
                "batter": 1,
                "extras": 0,
                "total": 1
              }
            },
            {
              "batter": "Mohammad Shafiq",
              "bowler": "P Khadka",
              "non_striker": "SP Patil",
              "runs": {
                "batter": 2,
                "extras": 0,
                "total": 2
              }
            },
            {
              "batter": "Mohammad Shafiq",
              "bowler": "P Khadka",
              "non_striker": "SP Patil",
              "runs": {
                "batter": 0,
                "extras": 0,
                "total": 0
              }
            },
            {
              "batter": "Mohammad Shafiq",
              "bowler": "P Khadka",
              "non_striker": "SP Patil",
              "runs": {
                "batter": 1,
                "extras": 0,
                "total": 1
              }
            },
            {
              "batter": "SP Patil",
              "bowler": "P Khadka",
              "non_striker": "Mohammad Shafiq",
              "runs": {
                "batter": 1,
                "extras": 0,
                "total": 1
              }
            }
          ]
        }
      ],
      "powerplays": [
        {
          "from": 0.1,
          "to": 5.6,
          "type": "mandatory"
        }
      ]
    },
    {
      "team": "Nepal",
      "overs": [
        {
          "over": 0,
          "deliveries": [
            {
              "batter": "Sagar Pun",
              "bowler": "EHSN Silva",
              "non_striker": "SP Khakurel",
              "runs": {
                "batter": 0,
                "extras": 0,
                "total": 0
              }
            },
            {
              "batter": "Sagar Pun",
              "bowler": "EHSN Silva",
              "non_striker": "SP Khakurel",
              "runs": {
                "batter": 1,
                "extras": 0,
                "total": 1
              }
            },
            {
              "batter": "SP Khakurel",
              "bowler": "EHSN Silva",
              "non_striker": "Sagar Pun",
              "runs": {
                "batter": 1,
                "extras": 0,
                "total": 1
              }
            },
            {
              "batter": "Sagar Pun",
              "bowler": "EHSN Silva",
              "non_striker": "SP Khakurel",
              "runs": {
                "batter": 1,
                "extras": 0,
                "total": 1
              }
            },
            {
              "batter": "SP Khakurel",
              "bowler": "EHSN Silva",
              "non_striker": "Sagar Pun",
              "runs": {
                "batter": 0,
                "extras": 0,
                "total": 0
              }
            },
            {
              "batter": "SP Khakurel",
              "bowler": "EHSN Silva",
              "non_striker": "Sagar Pun",
              "runs": {
                "batter": 0,
                "extras": 0,
                "total": 0
              }
            }
          ]
        },
        {
          "over": 1,
          "deliveries": [
            {
              "batter": "Sagar Pun",
              "bowler": "AM Guruge",
              "extras": {
                "legbyes": 4
              },
              "non_striker": "SP Khakurel",
              "runs": {
                "batter": 0,
                "extras": 4,
                "total": 4
              }
            },
            {
              "batter": "Sagar Pun",
              "bowler": "AM Guruge",
              "non_striker": "SP Khakurel",
              "runs": {
                "batter": 1,
                "extras": 0,
                "total": 1
              }
            },
            {
              "batter": "SP Khakurel",
              "bowler": "AM Guruge",
              "non_striker": "Sagar Pun",
              "runs": {
                "batter": 0,
                "extras": 0,
                "total": 0
              }
            },
            {
              "batter": "SP Khakurel",
              "bowler": "AM Guruge",
              "non_striker": "Sagar Pun",
              "runs": {
                "batter": 0,
                "extras": 0,
                "total": 0
              }
            },
            {
              "batter": "SP Khakurel",
              "bowler": "AM Guruge",
              "non_striker": "Sagar Pun",
              "runs": {
                "batter": 1,
                "extras": 0,
                "total": 1
              }
            },
            {
              "batter": "Sagar Pun",
              "bowler": "AM Guruge",
              "non_striker": "SP Khakurel",
              "runs": {
                "batter": 1,
                "extras": 0,
                "total": 1
              }
            }
          ]
        },
        {
          "over": 2,
          "deliveries": [
            {
              "batter": "Sagar Pun",
              "bowler": "EHSN Silva",
              "non_striker": "SP Khakurel",
              "runs": {
                "batter": 0,
                "extras": 0,
                "total": 0
              }
            },
            {
              "batter": "Sagar Pun",
              "bowler": "EHSN Silva",
              "non_striker": "SP Khakurel",
              "runs": {
                "batter": 0,
                "extras": 0,
                "total": 0
              }
            },
            {
              "batter": "Sagar Pun",
              "bowler": "EHSN Silva",
              "non_striker": "SP Khakurel",
              "runs": {
                "batter": 4,
                "extras": 0,
                "total": 4
              }
            },
            {
              "batter": "Sagar Pun",
              "bowler": "EHSN Silva",
              "non_striker": "SP Khakurel",
              "runs": {
                "batter": 1,
                "extras": 0,
                "total": 1
              }
            },
            {
              "batter": "SP Khakurel",
              "bowler": "EHSN Silva",
              "non_striker": "Sagar Pun",
              "runs": {
                "batter": 1,
                "extras": 0,
                "total": 1
              }
            },
            {
              "batter": "Sagar Pun",
              "bowler": "EHSN Silva",
              "non_striker": "SP Khakurel",
              "runs": {
                "batter": 0,
                "extras": 0,
                "total": 0
              }
            }
          ]
        },
        {
          "over": 3,
          "deliveries": [
            {
              "batter": "SP Khakurel",
              "bowler": "AM Guruge",
              "non_striker": "Sagar Pun",
              "runs": {
                "batter": 0,
                "extras": 0,
                "total": 0
              }
            },
            {
              "batter": "SP Khakurel",
              "bowler": "AM Guruge",
              "extras": {
                "wides": 2
              },
              "non_striker": "Sagar Pun",
              "runs": {
                "batter": 0,
                "extras": 2,
                "total": 2
              }
            },
            {
              "batter": "Sagar Pun",
              "bowler": "AM Guruge",
              "non_striker": "SP Khakurel",
              "runs": {
                "batter": 2,
                "extras": 0,
                "total": 2
              }
            },
            {
              "batter": "Sagar Pun",
              "bowler": "AM Guruge",
              "non_striker": "SP Khakurel",
              "runs": {
                "batter": 0,
                "extras": 0,
                "total": 0
              }
            },
            {
              "batter": "Sagar Pun",
              "bowler": "AM Guruge",
              "non_striker": "SP Khakurel",
              "runs": {
                "batter": 4,
                "extras": 0,
                "total": 4
              }
            },
            {
              "batter": "Sagar Pun",
              "bowler": "AM Guruge",
              "non_striker": "SP Khakurel",
              "runs": {
                "batter": 0,
                "extras": 0,
                "total": 0
              }
            },
            {
              "batter": "Sagar Pun",
              "bowler": "AM Guruge",
              "non_striker": "SP Khakurel",
              "runs": {
                "batter": 4,
                "extras": 0,
                "total": 4
              }
            }
          ]
        },
        {
          "over": 4,
          "deliveries": [
            {
              "batter": "SP Khakurel",
              "bowler": "EHSN Silva",
              "non_striker": "Sagar Pun",
              "runs": {
                "batter": 0,
                "extras": 0,
                "total": 0
              }
            },
            {
              "batter": "SP Khakurel",
              "bowler": "EHSN Silva",
              "non_striker": "Sagar Pun",
              "runs": {
                "batter": 0,
                "extras": 0,
                "total": 0
              }
            },
            {
              "batter": "SP Khakurel",
              "bowler": "EHSN Silva",
              "non_striker": "Sagar Pun",
              "runs": {
                "batter": 0,
                "extras": 0,
                "total": 0
              }
            },
            {
              "batter": "SP Khakurel",
              "bowler": "EHSN Silva",
              "non_striker": "Sagar Pun",
              "runs": {
                "batter": 1,
                "extras": 0,
                "total": 1
              }
            },
            {
              "batter": "Sagar Pun",
              "bowler": "EHSN Silva",
              "non_striker": "SP Khakurel",
              "runs": {
                "batter": 0,
                "extras": 0,
                "total": 0
              }
            },
            {
              "batter": "Sagar Pun",
              "bowler": "EHSN Silva",
              "non_striker": "SP Khakurel",
              "runs": {
                "batter": 0,
                "extras": 0,
                "total": 0
              },
              "wickets": [
                {
                  "kind": "caught",
                  "player_out": "Sagar Pun",
                  "fielders": [
                    {
                      "name": "Abdul Shakoor"
                    }
                  ]
                }
              ]
            }
          ]
        },
        {
          "over": 5,
          "deliveries": [
            {
              "batter": "G Malla",
              "bowler": "AM Guruge",
              "non_striker": "SP Khakurel",
              "runs": {
                "batter": 0,
                "extras": 0,
                "total": 0
              }
            },
            {
              "batter": "G Malla",
              "bowler": "AM Guruge",
              "non_striker": "SP Khakurel",
              "runs": {
                "batter": 0,
                "extras": 0,
                "total": 0
              }
            },
            {
              "batter": "G Malla",
              "bowler": "AM Guruge",
              "non_striker": "SP Khakurel",
              "runs": {
                "batter": 2,
                "extras": 0,
                "total": 2
              }
            },
            {
              "batter": "G Malla",
              "bowler": "AM Guruge",
              "non_striker": "SP Khakurel",
              "runs": {
                "batter": 1,
                "extras": 0,
                "total": 1
              }
            },
            {
              "batter": "SP Khakurel",
              "bowler": "AM Guruge",
              "non_striker": "G Malla",
              "runs": {
                "batter": 1,
                "extras": 0,
                "total": 1
              }
            },
            {
              "batter": "G Malla",
              "bowler": "AM Guruge",
              "non_striker": "SP Khakurel",
              "runs": {
                "batter": 0,
                "extras": 0,
                "total": 0
              }
            }
          ]
        },
        {
          "over": 6,
          "deliveries": [
            {
              "batter": "SP Khakurel",
              "bowler": "Kamran Shazad",
              "non_striker": "G Malla",
              "runs": {
                "batter": 0,
                "extras": 0,
                "total": 0
              }
            },
            {
              "batter": "SP Khakurel",
              "bowler": "Kamran Shazad",
              "non_striker": "G Malla",
              "runs": {
                "batter": 0,
                "extras": 0,
                "total": 0
              }
            },
            {
              "batter": "SP Khakurel",
              "bowler": "Kamran Shazad",
              "non_striker": "G Malla",
              "runs": {
                "batter": 0,
                "extras": 0,
                "total": 0
              }
            },
            {
              "batter": "SP Khakurel",
              "bowler": "Kamran Shazad",
              "non_striker": "G Malla",
              "runs": {
                "batter": 0,
                "extras": 0,
                "total": 0
              }
            },
            {
              "batter": "SP Khakurel",
              "bowler": "Kamran Shazad",
              "non_striker": "G Malla",
              "runs": {
                "batter": 0,
                "extras": 0,
                "total": 0
              }
            },
            {
              "batter": "SP Khakurel",
              "bowler": "Kamran Shazad",
              "non_striker": "G Malla",
              "runs": {
                "batter": 4,
                "extras": 0,
                "total": 4
              }
            }
          ]
        },
        {
          "over": 7,
          "deliveries": [
            {
              "batter": "G Malla",
              "bowler": "Amjad Javed",
              "non_striker": "SP Khakurel",
              "runs": {
                "batter": 1,
                "extras": 0,
                "total": 1
              }
            },
            {
              "batter": "SP Khakurel",
              "bowler": "Amjad Javed",
              "non_striker": "G Malla",
              "runs": {
                "batter": 0,
                "extras": 0,
                "total": 0
              }
            },
            {
              "batter": "SP Khakurel",
              "bowler": "Amjad Javed",
              "non_striker": "G Malla",
              "runs": {
                "batter": 0,
                "extras": 0,
                "total": 0
              }
            },
            {
              "batter": "SP Khakurel",
              "bowler": "Amjad Javed",
              "non_striker": "G Malla",
              "runs": {
                "batter": 2,
                "extras": 0,
                "total": 2
              }
            },
            {
              "batter": "SP Khakurel",
              "bowler": "Amjad Javed",
              "non_striker": "G Malla",
              "runs": {
                "batter": 1,
                "extras": 0,
                "total": 1
              }
            },
            {
              "batter": "G Malla",
              "bowler": "Amjad Javed",
              "non_striker": "SP Khakurel",
              "runs": {
                "batter": 0,
                "extras": 0,
                "total": 0
              }
            }
          ]
        },
        {
          "over": 8,
          "deliveries": [
            {
              "batter": "SP Khakurel",
              "bowler": "Kamran Shazad",
              "non_striker": "G Malla",
              "runs": {
                "batter": 1,
                "extras": 0,
                "total": 1
              }
            },
            {
              "batter": "G Malla",
              "bowler": "Kamran Shazad",
              "non_striker": "SP Khakurel",
              "runs": {
                "batter": 0,
                "extras": 0,
                "total": 0
              },
              "wickets": [
                {
                  "kind": "caught",
                  "player_out": "G Malla",
                  "fielders": [
                    {
                      "name": "Amjad Javed"
                    }
                  ]
                }
              ]
            },
            {
              "batter": "SP Khakurel",
              "bowler": "Kamran Shazad",
              "non_striker": "P Khadka",
              "runs": {
                "batter": 1,
                "extras": 0,
                "total": 1
              }
            },
            {
              "batter": "P Khadka",
              "bowler": "Kamran Shazad",
              "non_striker": "SP Khakurel",
              "runs": {
                "batter": 0,
                "extras": 0,
                "total": 0
              }
            },
            {
              "batter": "P Khadka",
              "bowler": "Kamran Shazad",
              "extras": {
                "wides": 1
              },
              "non_striker": "SP Khakurel",
              "runs": {
                "batter": 0,
                "extras": 1,
                "total": 1
              }
            },
            {
              "batter": "P Khadka",
              "bowler": "Kamran Shazad",
              "non_striker": "SP Khakurel",
              "runs": {
                "batter": 1,
                "extras": 0,
                "total": 1
              }
            },
            {
              "batter": "SP Khakurel",
              "bowler": "Kamran Shazad",
              "non_striker": "P Khadka",
              "runs": {
                "batter": 1,
                "extras": 0,
                "total": 1
              }
            }
          ]
        },
        {
          "over": 9,
          "deliveries": [
            {
              "batter": "SP Khakurel",
              "bowler": "Amjad Javed",
              "non_striker": "P Khadka",
              "runs": {
                "batter": 1,
                "extras": 0,
                "total": 1
              }
            },
            {
              "batter": "P Khadka",
              "bowler": "Amjad Javed",
              "non_striker": "SP Khakurel",
              "runs": {
                "batter": 0,
                "extras": 0,
                "total": 0
              }
            },
            {
              "batter": "P Khadka",
              "bowler": "Amjad Javed",
              "non_striker": "SP Khakurel",
              "runs": {
                "batter": 1,
                "extras": 0,
                "total": 1
              }
            },
            {
              "batter": "SP Khakurel",
              "bowler": "Amjad Javed",
              "non_striker": "P Khadka",
              "runs": {
                "batter": 0,
                "extras": 0,
                "total": 0
              }
            },
            {
              "batter": "SP Khakurel",
              "bowler": "Amjad Javed",
              "non_striker": "P Khadka",
              "runs": {
                "batter": 0,
                "extras": 0,
                "total": 0
              }
            },
            {
              "batter": "SP Khakurel",
              "bowler": "Amjad Javed",
              "non_striker": "P Khadka",
              "runs": {
                "batter": 1,
                "extras": 0,
                "total": 1
              }
            }
          ]
        },
        {
          "over": 10,
          "deliveries": [
            {
              "batter": "SP Khakurel",
              "bowler": "Nasir Aziz",
              "non_striker": "P Khadka",
              "runs": {
                "batter": 1,
                "extras": 0,
                "total": 1
              }
            },
            {
              "batter": "P Khadka",
              "bowler": "Nasir Aziz",
              "non_striker": "SP Khakurel",
              "runs": {
                "batter": 0,
                "extras": 0,
                "total": 0
              },
              "wickets": [
                {
                  "kind": "lbw",
                  "player_out": "P Khadka"
                }
              ]
            },
            {
              "batter": "S Vesawkar",
              "bowler": "Nasir Aziz",
              "non_striker": "SP Khakurel",
              "runs": {
                "batter": 0,
                "extras": 0,
                "total": 0
              }
            },
            {
              "batter": "S Vesawkar",
              "bowler": "Nasir Aziz",
              "non_striker": "SP Khakurel",
              "runs": {
                "batter": 0,
                "extras": 0,
                "total": 0
              }
            },
            {
              "batter": "S Vesawkar",
              "bowler": "Nasir Aziz",
              "non_striker": "SP Khakurel",
              "runs": {
                "batter": 4,
                "extras": 0,
                "total": 4
              }
            },
            {
              "batter": "S Vesawkar",
              "bowler": "Nasir Aziz",
              "non_striker": "SP Khakurel",
              "runs": {
                "batter": 1,
                "extras": 0,
                "total": 1
              }
            }
          ]
        },
        {
          "over": 11,
          "deliveries": [
            {
              "batter": "S Vesawkar",
              "bowler": "Amjad Javed",
              "non_striker": "SP Khakurel",
              "runs": {
                "batter": 0,
                "extras": 0,
                "total": 0
              }
            },
            {
              "batter": "S Vesawkar",
              "bowler": "Amjad Javed",
              "non_striker": "SP Khakurel",
              "runs": {
                "batter": 4,
                "extras": 0,
                "total": 4
              }
            },
            {
              "batter": "S Vesawkar",
              "bowler": "Amjad Javed",
              "non_striker": "SP Khakurel",
              "runs": {
                "batter": 0,
                "extras": 0,
                "total": 0
              }
            },
            {
              "batter": "S Vesawkar",
              "bowler": "Amjad Javed",
              "non_striker": "SP Khakurel",
              "runs": {
                "batter": 1,
                "extras": 0,
                "total": 1
              }
            },
            {
              "batter": "SP Khakurel",
              "bowler": "Amjad Javed",
              "non_striker": "S Vesawkar",
              "runs": {
                "batter": 0,
                "extras": 0,
                "total": 0
              }
            },
            {
              "batter": "SP Khakurel",
              "bowler": "Amjad Javed",
              "non_striker": "S Vesawkar",
              "runs": {
                "batter": 1,
                "extras": 0,
                "total": 1
              }
            }
          ]
        },
        {
          "over": 12,
          "deliveries": [
            {
              "batter": "SP Khakurel",
              "bowler": "Nasir Aziz",
              "non_striker": "S Vesawkar",
              "runs": {
                "batter": 1,
                "extras": 0,
                "total": 1
              }
            },
            {
              "batter": "S Vesawkar",
              "bowler": "Nasir Aziz",
              "non_striker": "SP Khakurel",
              "runs": {
                "batter": 1,
                "extras": 0,
                "total": 1
              }
            },
            {
              "batter": "SP Khakurel",
              "bowler": "Nasir Aziz",
              "non_striker": "S Vesawkar",
              "runs": {
                "batter": 1,
                "extras": 0,
                "total": 1
              }
            },
            {
              "batter": "S Vesawkar",
              "bowler": "Nasir Aziz",
              "non_striker": "SP Khakurel",
              "runs": {
                "batter": 4,
                "extras": 0,
                "total": 4
              }
            },
            {
              "batter": "S Vesawkar",
              "bowler": "Nasir Aziz",
              "non_striker": "SP Khakurel",
              "runs": {
                "batter": 2,
                "extras": 0,
                "total": 2
              }
            },
            {
              "batter": "S Vesawkar",
              "bowler": "Nasir Aziz",
              "non_striker": "SP Khakurel",
              "runs": {
                "batter": 0,
                "extras": 0,
                "total": 0
              }
            }
          ]
        },
        {
          "over": 13,
          "deliveries": [
            {
              "batter": "SP Khakurel",
              "bowler": "Rohan Mustafa",
              "non_striker": "S Vesawkar",
              "runs": {
                "batter": 4,
                "extras": 0,
                "total": 4
              }
            },
            {
              "batter": "SP Khakurel",
              "bowler": "Rohan Mustafa",
              "non_striker": "S Vesawkar",
              "runs": {
                "batter": 2,
                "extras": 0,
                "total": 2
              }
            },
            {
              "batter": "SP Khakurel",
              "bowler": "Rohan Mustafa",
              "non_striker": "S Vesawkar",
              "runs": {
                "batter": 1,
                "extras": 0,
                "total": 1
              }
            },
            {
              "batter": "S Vesawkar",
              "bowler": "Rohan Mustafa",
              "non_striker": "SP Khakurel",
              "runs": {
                "batter": 1,
                "extras": 0,
                "total": 1
              }
            },
            {
              "batter": "SP Khakurel",
              "bowler": "Rohan Mustafa",
              "non_striker": "S Vesawkar",
              "runs": {
                "batter": 0,
                "extras": 0,
                "total": 0
              }
            },
            {
              "batter": "SP Khakurel",
              "bowler": "Rohan Mustafa",
              "non_striker": "S Vesawkar",
              "runs": {
                "batter": 1,
                "extras": 0,
                "total": 1
              }
            }
          ]
        },
        {
          "over": 14,
          "deliveries": [
            {
              "batter": "SP Khakurel",
              "bowler": "Khurram Khan",
              "non_striker": "S Vesawkar",
              "runs": {
                "batter": 4,
                "extras": 0,
                "total": 4
              }
            },
            {
              "batter": "SP Khakurel",
              "bowler": "Khurram Khan",
              "non_striker": "S Vesawkar",
              "runs": {
                "batter": 1,
                "extras": 0,
                "total": 1
              }
            },
            {
              "batter": "S Vesawkar",
              "bowler": "Khurram Khan",
              "non_striker": "SP Khakurel",
              "runs": {
                "batter": 1,
                "extras": 0,
                "total": 1
              }
            },
            {
              "batter": "SP Khakurel",
              "bowler": "Khurram Khan",
              "non_striker": "S Vesawkar",
              "runs": {
                "batter": 1,
                "extras": 0,
                "total": 1
              }
            },
            {
              "batter": "S Vesawkar",
              "bowler": "Khurram Khan",
              "non_striker": "SP Khakurel",
              "runs": {
                "batter": 1,
                "extras": 0,
                "total": 1
              }
            },
            {
              "batter": "SP Khakurel",
              "bowler": "Khurram Khan",
              "extras": {
                "wides": 5
              },
              "non_striker": "S Vesawkar",
              "runs": {
                "batter": 0,
                "extras": 5,
                "total": 5
              }
            },
            {
              "batter": "SP Khakurel",
              "bowler": "Khurram Khan",
              "non_striker": "S Vesawkar",
              "runs": {
                "batter": 2,
                "extras": 0,
                "total": 2
              }
            }
          ]
        },
        {
          "over": 15,
          "deliveries": [
            {
              "batter": "S Vesawkar",
              "bowler": "Kamran Shazad",
              "non_striker": "SP Khakurel",
              "runs": {
                "batter": 0,
                "extras": 0,
                "total": 0
              }
            },
            {
              "batter": "S Vesawkar",
              "bowler": "Kamran Shazad",
              "non_striker": "SP Khakurel",
              "runs": {
                "batter": 1,
                "extras": 0,
                "total": 1
              }
            },
            {
              "batter": "SP Khakurel",
              "bowler": "Kamran Shazad",
              "non_striker": "S Vesawkar",
              "runs": {
                "batter": 1,
                "extras": 0,
                "total": 1
              }
            },
            {
              "batter": "S Vesawkar",
              "bowler": "Kamran Shazad",
              "non_striker": "SP Khakurel",
              "runs": {
                "batter": 1,
                "extras": 0,
                "total": 1
              }
            },
            {
              "batter": "SP Khakurel",
              "bowler": "Kamran Shazad",
              "non_striker": "S Vesawkar",
              "runs": {
                "batter": 0,
                "extras": 0,
                "total": 0
              },
              "wickets": [
                {
                  "kind": "caught",
                  "player_out": "SP Khakurel",
                  "fielders": [
                    {
                      "name": "Rohan Mustafa"
                    }
                  ]
                }
              ]
            },
            {
              "batter": "S Vesawkar",
              "bowler": "Kamran Shazad",
              "non_striker": "B Bhandari",
              "runs": {
                "batter": 0,
                "extras": 0,
                "total": 0
              }
            }
          ]
        },
        {
          "over": 16,
          "deliveries": [
            {
              "batter": "B Bhandari",
              "bowler": "Amjad Javed",
              "non_striker": "S Vesawkar",
              "runs": {
                "batter": 0,
                "extras": 0,
                "total": 0
              }
            },
            {
              "batter": "B Bhandari",
              "bowler": "Amjad Javed",
              "non_striker": "S Vesawkar",
              "runs": {
                "batter": 0,
                "extras": 0,
                "total": 0
              },
              "wickets": [
                {
                  "kind": "caught",
                  "player_out": "B Bhandari",
                  "fielders": [
                    {
                      "name": "Mohammad Shafiq"
                    }
                  ]
                }
              ]
            },
            {
              "batter": "AK Mandal",
              "bowler": "Amjad Javed",
              "non_striker": "S Vesawkar",
              "runs": {
                "batter": 0,
                "extras": 0,
                "total": 0
              }
            },
            {
              "batter": "AK Mandal",
              "bowler": "Amjad Javed",
              "non_striker": "S Vesawkar",
              "runs": {
                "batter": 1,
                "extras": 0,
                "total": 1
              }
            },
            {
              "batter": "S Vesawkar",
              "bowler": "Amjad Javed",
              "non_striker": "AK Mandal",
              "runs": {
                "batter": 0,
                "extras": 0,
                "total": 0
              }
            },
            {
              "batter": "S Vesawkar",
              "bowler": "Amjad Javed",
              "non_striker": "AK Mandal",
              "runs": {
                "batter": 1,
                "extras": 0,
                "total": 1
              }
            }
          ]
        },
        {
          "over": 17,
          "deliveries": [
            {
              "batter": "S Vesawkar",
              "bowler": "Kamran Shazad",
              "non_striker": "AK Mandal",
              "runs": {
                "batter": 1,
                "extras": 0,
                "total": 1
              }
            },
            {
              "batter": "AK Mandal",
              "bowler": "Kamran Shazad",
              "non_striker": "S Vesawkar",
              "runs": {
                "batter": 1,
                "extras": 0,
                "total": 1
              }
            },
            {
              "batter": "S Vesawkar",
              "bowler": "Kamran Shazad",
              "extras": {
                "legbyes": 1
              },
              "non_striker": "AK Mandal",
              "runs": {
                "batter": 0,
                "extras": 1,
                "total": 1
              }
            },
            {
              "batter": "AK Mandal",
              "bowler": "Kamran Shazad",
              "non_striker": "S Vesawkar",
              "runs": {
                "batter": 4,
                "extras": 0,
                "total": 4
              }
            },
            {
              "batter": "AK Mandal",
              "bowler": "Kamran Shazad",
              "non_striker": "S Vesawkar",
              "runs": {
                "batter": 4,
                "extras": 0,
                "total": 4
              }
            },
            {
              "batter": "AK Mandal",
              "bowler": "Kamran Shazad",
              "non_striker": "S Vesawkar",
              "runs": {
                "batter": 0,
                "extras": 0,
                "total": 0
              }
            }
          ]
        },
        {
          "over": 18,
          "deliveries": [
            {
              "batter": "S Vesawkar",
              "bowler": "AM Guruge",
              "extras": {
                "legbyes": 1
              },
              "non_striker": "AK Mandal",
              "runs": {
                "batter": 0,
                "extras": 1,
                "total": 1
              }
            },
            {
              "batter": "AK Mandal",
              "bowler": "AM Guruge",
              "non_striker": "S Vesawkar",
              "runs": {
                "batter": 2,
                "extras": 0,
                "total": 2
              }
            },
            {
              "batter": "AK Mandal",
              "bowler": "AM Guruge",
              "non_striker": "S Vesawkar",
              "runs": {
                "batter": 1,
                "extras": 0,
                "total": 1
              }
            },
            {
              "batter": "S Vesawkar",
              "bowler": "AM Guruge",
              "non_striker": "AK Mandal",
              "runs": {
                "batter": 6,
                "extras": 0,
                "total": 6
              }
            },
            {
              "batter": "S Vesawkar",
              "bowler": "AM Guruge",
              "non_striker": "AK Mandal",
              "runs": {
                "batter": 0,
                "extras": 0,
                "total": 0
              }
            },
            {
              "batter": "S Vesawkar",
              "bowler": "AM Guruge",
              "non_striker": "AK Mandal",
              "runs": {
                "batter": 1,
                "extras": 0,
                "total": 1
              }
            }
          ]
        },
        {
          "over": 19,
          "deliveries": [
            {
              "batter": "S Vesawkar",
              "bowler": "EHSN Silva",
              "non_striker": "AK Mandal",
              "runs": {
                "batter": 6,
                "extras": 0,
                "total": 6
              }
            },
            {
              "batter": "S Vesawkar",
              "bowler": "EHSN Silva",
              "non_striker": "AK Mandal",
              "runs": {
                "batter": 6,
                "extras": 0,
                "total": 6
              }
            }
          ]
        }
      ],
      "powerplays": [
        {
          "from": 0.1,
          "to": 5.6,
          "type": "mandatory"
        }
      ],
      "target": {
        "overs": 20,
        "runs": 132
      }
    }
  ]
}