{
  "meta": {
    "data_version": "1.0.0",
    "created": "2013-12-17",
    "revision": 1
  },
  "info": {
    "balls_per_over": 6,
    "city": "Dubai",
    "dates": [
      "2013-11-26"
    ],
    "event": {
      "name": "ICC World Twenty20 Qualifier",
      "stage": "13th Place Play-Off"
    },
    "gender": "male",
    "match_type": "IT20",
    "officials": {
      "match_referees": [
        "GF Labrooy"
      ],
      "reserve_umpires": [
        "BB Pradhan"
      ],
      "umpires": [
        "Sharfuddoula",
        "Shozab Raza"
      ]
    },
    "outcome": {
      "by": {
        "runs": 11
      },
      "winner": "Uganda"
    },
    "overs": 20,
    "player_of_match": [
      "HS Almuzahim"
    ],
    "players": {
      "Bermuda": [
        "DC Stovell",
        "T Manders",
        "DL Hemp",
        "JJ Tucker",
        "MO Jones",
        "AC Douglas",
        "TS Fray",
        "DL Brangman",
        "C Burgess",
        "KS Leverock",
        "KE Bashir"
      ],
      "Uganda": [
        "RG Mukasa",
        "AS Kyobe",
        "HS Almuzahim",
        "PM Selowa",
        "DK Arinaitwe",
        "RG Okia",
        "F Nsubuga",
        "J Sebanja",
        "B Masaba",
        "H Ssenyondo",
        "R Otim"
      ]
    },
    "registry": {
      "people": {
        "AC Douglas": "f86ce673",
        "AS Kyobe": "fcfffcd5",
        "B Masaba": "f33cfd25",
        "BB Pradhan": "8603d942",
        "C Burgess": "d8c6111c",
        "DC Stovell": "7f6c2dae",
        "DK Arinaitwe": "e77e96de",
        "DL Brangman": "dab18aa5",
        "DL Hemp": "cb263798",
        "F Nsubuga": "87e33d07",
        "GF Labrooy": "8e088dbc",
        "H Ssenyondo": "2b7609f1",
        "HS Almuzahim": "9cb01ea6",
        "J Sebanja": "1e78c51c",
        "JJ Tucker": "bceb1b07",
        "KE Bashir": "4cfc2dc0",
        "KS Leverock": "e1592949",
        "MO Jones": "0e0afd8b",
        "PM Selowa": "1f36276b",
        "R Otim": "111e207a",
        "RG Mukasa": "011f6b42",
        "RG Okia": "62d180f3",
        "Sharfuddoula": "63896abb",
        "Shozab Raza": "153c67dc",
        "T Manders": "6d2b9724",
        "TS Fray": "c7537f8a"
      }
    },
    "season": "2013/14",
    "team_type": "international",
    "teams": [
      "Bermuda",
      "Uganda"
    ],
    "toss": {
      "decision": "bat",
      "winner": "Uganda"
    },
    "venue": "ICC Academy Ground No 2"
  },
  "innings": [
    {
      "team": "Uganda",
      "overs": [
        {
          "over": 0,
          "deliveries": [
            {
              "batter": "RG Mukasa",
              "bowler": "MO Jones",
              "extras": {
                "wides": 1
              },
              "non_striker": "AS Kyobe",
              "runs": {
                "batter": 0,
                "extras": 1,
                "total": 1
              }
            },
            {
              "batter": "RG Mukasa",
              "bowler": "MO Jones",
              "non_striker": "AS Kyobe",
              "runs": {
                "batter": 0,
                "extras": 0,
                "total": 0
              }
            },
            {
              "batter": "RG Mukasa",
              "bowler": "MO Jones",
              "non_striker": "AS Kyobe",
              "runs": {
                "batter": 4,
                "extras": 0,
                "total": 4
              }
            },
            {
              "batter": "RG Mukasa",
              "bowler": "MO Jones",
              "non_striker": "AS Kyobe",
              "runs": {
                "batter": 0,
                "extras": 0,
                "total": 0
              }
            },
            {
              "batter": "RG Mukasa",
              "bowler": "MO Jones",
              "extras": {
                "wides": 1
              },
              "non_striker": "AS Kyobe",
              "runs": {
                "batter": 0,
                "extras": 1,
                "total": 1
              }
            },
            {
              "batter": "RG Mukasa",
              "bowler": "MO Jones",
              "non_striker": "AS Kyobe",
              "runs": {
                "batter": 2,
                "extras": 0,
                "total": 2
              }
            },
            {
              "batter": "RG Mukasa",
              "bowler": "MO Jones",
              "non_striker": "AS Kyobe",
              "runs": {
                "batter": 1,
                "extras": 0,
                "total": 1
              }
            },
            {
              "batter": "AS Kyobe",
              "bowler": "MO Jones",
              "non_striker": "RG Mukasa",
              "runs": {
                "batter": 0,
                "extras": 0,
                "total": 0
              }
            }
          ]
        },
        {
          "over": 1,
          "deliveries": [
            {
              "batter": "RG Mukasa",
              "bowler": "KE Bashir",
              "non_striker": "AS Kyobe",
              "runs": {
                "batter": 0,
                "extras": 0,
                "total": 0
              }
            },
            {
              "batter": "RG Mukasa",
              "bowler": "KE Bashir",
              "non_striker": "AS Kyobe",
              "runs": {
                "batter": 0,
                "extras": 0,
                "total": 0
              }
            },
            {
              "batter": "RG Mukasa",
              "bowler": "KE Bashir",
              "non_striker": "AS Kyobe",
              "runs": {
                "batter": 2,
                "extras": 0,
                "total": 2
              }
            },
            {
              "batter": "RG Mukasa",
              "bowler": "KE Bashir",
              "non_striker": "AS Kyobe",
              "runs": {
                "batter": 1,
                "extras": 0,
                "total": 1
              }
            },
            {
              "batter": "AS Kyobe",
              "bowler": "KE Bashir",
              "non_striker": "RG Mukasa",
              "runs": {
                "batter": 0,
                "extras": 0,
                "total": 0
              }
            },
            {
              "batter": "AS Kyobe",
              "bowler": "KE Bashir",
              "non_striker": "RG Mukasa",
              "runs": {
                "batter": 1,
                "extras": 0,
                "total": 1
              }
            }
          ]
        },
        {
          "over": 2,
          "deliveries": [
            {
              "batter": "AS Kyobe",
              "bowler": "KS Leverock",
              "non_striker": "RG Mukasa",
              "runs": {
                "batter": 1,
                "extras": 0,
                "total": 1
              }
            },
            {
              "batter": "RG Mukasa",
              "bowler": "KS Leverock",
              "extras": {
                "wides": 1
              },
              "non_striker": "AS Kyobe",
              "runs": {
                "batter": 0,
                "extras": 1,
                "total": 1
              }
            },
            {
              "batter": "RG Mukasa",
              "bowler": "KS Leverock",
              "non_striker": "AS Kyobe",
              "runs": {
                "batter": 0,
                "extras": 0,
                "total": 0
              }
            },
            {
              "batter": "RG Mukasa",
              "bowler": "KS Leverock",
              "non_striker": "AS Kyobe",
              "runs": {
                "batter": 3,
                "extras": 0,
                "total": 3
              }
            },
            {
              "batter": "AS Kyobe",
              "bowler": "KS Leverock",
              "non_striker": "RG Mukasa",
              "runs": {
                "batter": 0,
                "extras": 0,
                "total": 0
              }
            },
            {
              "batter": "AS Kyobe",
              "bowler": "KS Leverock",
              "non_striker": "RG Mukasa",
              "runs": {
                "batter": 0,
                "extras": 0,
                "total": 0
              }
            },
            {
              "batter": "AS Kyobe",
              "bowler": "KS Leverock",
              "non_striker": "RG Mukasa",
              "runs": {
                "batter": 0,
                "extras": 0,
                "total": 0
              }
            }
          ]
        },
        {
          "over": 3,
          "deliveries": [
            {
              "batter": "RG Mukasa",
              "bowler": "KE Bashir",
              "non_striker": "AS Kyobe",
              "runs": {
                "batter": 1,
                "extras": 0,
                "total": 1
              }
            },
            {
              "batter": "AS Kyobe",
              "bowler": "KE Bashir",
              "non_striker": "RG Mukasa",
              "runs": {
                "batter": 0,
                "extras": 0,
                "total": 0
              },
              "wickets": [
                {
                  "kind": "caught",
                  "player_out": "AS Kyobe",
                  "fielders": [
                    {
                      "name": "AC Douglas"
                    }
                  ]
                }
              ]
            },
            {
              "batter": "RG Mukasa",
              "bowler": "KE Bashir",
              "non_striker": "HS Almuzahim",
              "runs": {
                "batter": 1,
                "extras": 0,
                "total": 1
              }
            },
            {
              "batter": "HS Almuzahim",
              "bowler": "KE Bashir",
              "non_striker": "RG Mukasa",
              "runs": {
                "batter": 0,
                "extras": 0,
                "total": 0
              }
            },
            {
              "batter": "HS Almuzahim",
              "bowler": "KE Bashir",
              "non_striker": "RG Mukasa",
              "runs": {
                "batter": 0,
                "extras": 0,
                "total": 0
              }
            },
            {
              "batter": "HS Almuzahim",
              "bowler": "KE Bashir",
              "non_striker": "RG Mukasa",
              "runs": {
                "batter": 0,
                "extras": 0,
                "total": 0
              }
            }
          ]
        },
        {
          "over": 4,
          "deliveries": [
            {
              "batter": "RG Mukasa",
              "bowler": "KS Leverock",
              "non_striker": "HS Almuzahim",
              "runs": {
                "batter": 1,
                "extras": 0,
                "total": 1
              }
            },
            {
              "batter": "HS Almuzahim",
              "bowler": "KS Leverock",
              "non_striker": "RG Mukasa",
              "runs": {
                "batter": 1,
                "extras": 0,
                "total": 1
              }
            },
            {
              "batter": "RG Mukasa",
              "bowler": "KS Leverock",
              "non_striker": "HS Almuzahim",
              "runs": {
                "batter": 4,
                "extras": 0,
                "total": 4
              }
            },
            {
              "batter": "RG Mukasa",
              "bowler": "KS Leverock",
              "non_striker": "HS Almuzahim",
              "runs": {
                "batter": 0,
                "extras": 0,
                "total": 0
              }
            },
            {
              "batter": "RG Mukasa",
              "bowler": "KS Leverock",
              "non_striker": "HS Almuzahim",
              "runs": {
                "batter": 1,
                "extras": 0,
                "total": 1
              }
            },
            {
              "batter": "HS Almuzahim",
              "bowler": "KS Leverock",
              "non_striker": "RG Mukasa",
              "runs": {
                "batter": 0,
                "extras": 0,
                "total": 0
              }
            }
          ]
        },
        {
          "over": 5,
          "deliveries": [
            {
              "batter": "RG Mukasa",
              "bowler": "KE Bashir",
              "non_striker": "HS Almuzahim",
              "runs": {
                "batter": 1,
                "extras": 0,
                "total": 1
              }
            },
            {
              "batter": "HS Almuzahim",
              "bowler": "KE Bashir",
              "non_striker": "RG Mukasa",
              "runs": {
                "batter": 0,
                "extras": 0,
                "total": 0
              }
            },
            {
              "batter": "HS Almuzahim",
              "bowler": "KE Bashir",
              "non_striker": "RG Mukasa",
              "runs": {
                "batter": 0,
                "extras": 0,
                "total": 0
              }
            },
            {
              "batter": "HS Almuzahim",
              "bowler": "KE Bashir",
              "non_striker": "RG Mukasa",
              "runs": {
                "batter": 0,
                "extras": 0,
                "total": 0
              }
            },
            {
              "batter": "HS Almuzahim",
              "bowler": "KE Bashir",
              "non_striker": "RG Mukasa",
              "runs": {
                "batter": 0,
                "extras": 0,
                "total": 0
              }
            },
            {
              "batter": "HS Almuzahim",
              "bowler": "KE Bashir",
              "non_striker": "RG Mukasa",
              "runs": {
                "batter": 0,
                "extras": 0,
                "total": 0
              }
            }
          ]
        },
        {
          "over": 6,
          "deliveries": [
            {
              "batter": "RG Mukasa",
              "bowler": "KS Leverock",
              "non_striker": "HS Almuzahim",
              "runs": {
                "batter": 0,
                "extras": 0,
                "total": 0
              }
            },
            {
              "batter": "RG Mukasa",
              "bowler": "KS Leverock",
              "non_striker": "HS Almuzahim",
              "runs": {
                "batter": 0,
                "extras": 0,
                "total": 0
              },
              "wickets": [
                {
                  "kind": "caught",
                  "player_out": "RG Mukasa",
                  "fielders": [
                    {
                      "name": "JJ Tucker"
                    }
                  ]
                }
              ]
            },
            {
              "batter": "PM Selowa",
              "bowler": "KS Leverock",
              "non_striker": "HS Almuzahim",
              "runs": {
                "batter": 2,
                "extras": 0,
                "total": 2
              }
            },
            {
              "batter": "PM Selowa",
              "bowler": "KS Leverock",
              "non_striker": "HS Almuzahim",
              "runs": {
                "batter": 0,
                "extras": 0,
                "total": 0
              }
            },
            {
              "batter": "PM Selowa",
              "bowler": "KS Leverock",
              "non_striker": "HS Almuzahim",
              "runs": {
                "batter": 0,
                "extras": 0,
                "total": 0
              }
            },
            {
              "batter": "PM Selowa",
              "bowler": "KS Leverock",
              "non_striker": "HS Almuzahim",
              "runs": {
                "batter": 0,
                "extras": 0,
                "total": 0
              }
            }
          ]
        },
        {
          "over": 7,
          "deliveries": [
            {
              "batter": "HS Almuzahim",
              "bowler": "DC Stovell",
              "non_striker": "PM Selowa",
              "runs": {
                "batter": 1,
                "extras": 0,
                "total": 1
              }
            },
            {
              "batter": "PM Selowa",
              "bowler": "DC Stovell",
              "non_striker": "HS Almuzahim",
              "runs": {
                "batter": 4,
                "extras": 0,
                "total": 4
              }
            },
            {
              "batter": "PM Selowa",
              "bowler": "DC Stovell",
              "non_striker": "HS Almuzahim",
              "runs": {
                "batter": 1,
                "extras": 0,
                "total": 1
              }
            },
            {
              "batter": "HS Almuzahim",
              "bowler": "DC Stovell",
              "non_striker": "PM Selowa",
              "runs": {
                "batter": 0,
                "extras": 0,
                "total": 0
              }
            },
            {
              "batter": "HS Almuzahim",
              "bowler": "DC Stovell",
              "non_striker": "PM Selowa",
              "runs": {
                "batter": 1,
                "extras": 0,
                "total": 1
              }
            },
            {
              "batter": "PM Selowa",
              "bowler": "DC Stovell",
              "non_striker": "HS Almuzahim",
              "runs": {
                "batter": 0,
                "extras": 0,
                "total": 0
              },
              "wickets": [
                {
                  "kind": "bowled",
                  "player_out": "PM Selowa"
                }
              ]
            }
          ]
        },
        {
          "over": 8,
          "deliveries": [
            {
              "batter": "HS Almuzahim",
              "bowler": "DL Brangman",
              "non_striker": "DK Arinaitwe",
              "runs": {
                "batter": 0,
                "extras": 0,
                "total": 0
              }
            },
            {
              "batter": "HS Almuzahim",
              "bowler": "DL Brangman",
              "non_striker": "DK Arinaitwe",
              "runs": {
                "batter": 1,
                "extras": 0,
                "total": 1
              }
            },
            {
              "batter": "DK Arinaitwe",
              "bowler": "DL Brangman",
              "non_striker": "HS Almuzahim",
              "runs": {
                "batter": 0,
                "extras": 0,
                "total": 0
              }
            },
            {
              "batter": "DK Arinaitwe",
              "bowler": "DL Brangman",
              "non_striker": "HS Almuzahim",
              "runs": {
                "batter": 1,
                "extras": 0,
                "total": 1
              }
            },
            {
              "batter": "HS Almuzahim",
              "bowler": "DL Brangman",
              "non_striker": "DK Arinaitwe",
              "runs": {
                "batter": 0,
                "extras": 0,
                "total": 0
              }
            },
            {
              "batter": "HS Almuzahim",
              "bowler": "DL Brangman",
              "non_striker": "DK Arinaitwe",
              "runs": {
                "batter": 1,
                "extras": 0,
                "total": 1
              }
            }
          ]
        },
        {
          "over": 9,
          "deliveries": [
            {
              "batter": "HS Almuzahim",
              "bowler": "DC Stovell",
              "non_striker": "DK Arinaitwe",
              "runs": {
                "batter": 1,
                "extras": 0,
                "total": 1
              }
            },
            {
              "batter": "DK Arinaitwe",
              "bowler": "DC Stovell",
              "non_striker": "HS Almuzahim",
              "runs": {
                "batter": 0,
                "extras": 0,
                "total": 0
              }
            },
            {
              "batter": "DK Arinaitwe",
              "bowler": "DC Stovell",
              "non_striker": "HS Almuzahim",
              "runs": {
                "batter": 1,
                "extras": 0,
                "total": 1
              }
            },
            {
              "batter": "HS Almuzahim",
              "bowler": "DC Stovell",
              "non_striker": "DK Arinaitwe",
              "runs": {
                "batter": 1,
                "extras": 0,
                "total": 1
              }
            },
            {
              "batter": "DK Arinaitwe",
              "bowler": "DC Stovell",
              "non_striker": "HS Almuzahim",
              "runs": {
                "batter": 1,
                "extras": 0,
                "total": 1
              }
            },
            {
              "batter": "HS Almuzahim",
              "bowler": "DC Stovell",
              "non_striker": "DK Arinaitwe",
              "runs": {
                "batter": 1,
                "extras": 0,
                "total": 1
              }
            }
          ]
        },
        {
          "over": 10,
          "deliveries": [
            {
              "batter": "HS Almuzahim",
              "bowler": "DL Brangman",
              "non_striker": "DK Arinaitwe",
              "runs": {
                "batter": 0,
                "extras": 0,
                "total": 0
              }
            },
            {
              "batter": "HS Almuzahim",
              "bowler": "DL Brangman",
              "non_striker": "DK Arinaitwe",
              "runs": {
                "batter": 1,
                "extras": 0,
                "total": 1
              }
            },
            {
              "batter": "DK Arinaitwe",
              "bowler": "DL Brangman",
              "non_striker": "HS Almuzahim",
              "runs": {
                "batter": 1,
                "extras": 0,
                "total": 1
              }
            },
            {
              "batter": "HS Almuzahim",
              "bowler": "DL Brangman",
              "non_striker": "DK Arinaitwe",
              "runs": {
                "batter": 1,
                "extras": 0,
                "total": 1
              }
            },
            {
              "batter": "DK Arinaitwe",
              "bowler": "DL Brangman",
              "non_striker": "HS Almuzahim",
              "runs": {
                "batter": 1,
                "extras": 0,
                "total": 1
              }
            },
            {
              "batter": "HS Almuzahim",
              "bowler": "DL Brangman",
              "non_striker": "DK Arinaitwe",
              "runs": {
                "batter": 1,
                "extras": 0,
                "total": 1
              }
            }
          ]
        },
        {
          "over": 11,
          "deliveries": [
            {
              "batter": "HS Almuzahim",
              "bowler": "DC Stovell",
              "non_striker": "DK Arinaitwe",
              "runs": {
                "batter": 4,
                "extras": 0,
                "total": 4
              }
            },
            {
              "batter": "HS Almuzahim",
              "bowler": "DC Stovell",
              "non_striker": "DK Arinaitwe",
              "runs": {
                "batter": 0,
                "extras": 0,
                "total": 0
              }
            },
            {
              "batter": "HS Almuzahim",
              "bowler": "DC Stovell",
              "extras": {
                "wides": 1
              },
              "non_striker": "DK Arinaitwe",
              "runs": {
                "batter": 0,
                "extras": 1,
                "total": 1
              }
            },
            {
              "batter": "HS Almuzahim",
              "bowler": "DC Stovell",
              "non_striker": "DK Arinaitwe",
              "runs": {
                "batter": 1,
                "extras": 0,
                "total": 1
              }
            },
            {
              "batter": "DK Arinaitwe",
              "bowler": "DC Stovell",
              "non_striker": "HS Almuzahim",
              "runs": {
                "batter": 2,
                "extras": 0,
                "total": 2
              }
            },
            {
              "batter": "DK Arinaitwe",
              "bowler": "DC Stovell",
              "non_striker": "HS Almuzahim",
              "runs": {
                "batter": 1,
                "extras": 0,
                "total": 1
              }
            },
            {
              "batter": "HS Almuzahim",
              "bowler": "DC Stovell",
              "non_striker": "DK Arinaitwe",
              "runs": {
                "batter": 0,
                "extras": 0,
                "total": 0
              }
            }
          ]
        },
        {
          "over": 12,
          "deliveries": [
            {
              "batter": "DK Arinaitwe",
              "bowler": "DL Brangman",
              "non_striker": "HS Almuzahim",
              "runs": {
                "batter": 1,
                "extras": 0,
                "total": 1
              }
            },
            {
              "batter": "HS Almuzahim",
              "bowler": "DL Brangman",
              "non_striker": "DK Arinaitwe",
              "runs": {
                "batter": 6,
                "extras": 0,
                "total": 6
              }
            },
            {
              "batter": "HS Almuzahim",
              "bowler": "DL Brangman",
              "non_striker": "DK Arinaitwe",
              "runs": {
                "batter": 0,
                "extras": 0,
                "total": 0
              }
            },
            {
              "batter": "HS Almuzahim",
              "bowler": "DL Brangman",
              "non_striker": "DK Arinaitwe",
              "runs": {
                "batter": 2,
                "extras": 0,
                "total": 2
              }
            },
            {
              "batter": "HS Almuzahim",
              "bowler": "DL Brangman",
              "non_striker": "DK Arinaitwe",
              "runs": {
                "batter": 0,
                "extras": 0,
                "total": 0
              }
            },
            {
              "batter": "HS Almuzahim",
              "bowler": "DL Brangman",
              "non_striker": "DK Arinaitwe",
              "runs": {
                "batter": 1,
                "extras": 0,
                "total": 1
              }
            }
          ]
        },
        {
          "over": 13,
          "deliveries": [
            {
              "batter": "HS Almuzahim",
              "bowler": "DC Stovell",
              "non_striker": "DK Arinaitwe",
              "runs": {
                "batter": 4,
                "extras": 0,
                "total": 4
              }
            },
            {
              "batter": "HS Almuzahim",
              "bowler": "DC Stovell",
              "non_striker": "DK Arinaitwe",
              "runs": {
                "batter": 4,
                "extras": 0,
                "total": 4
              }
            },
            {
              "batter": "HS Almuzahim",
              "bowler": "DC Stovell",
              "extras": {
                "wides": 1
              },
              "non_striker": "DK Arinaitwe",
              "runs": {
                "batter": 0,
                "extras": 1,
                "total": 1
              }
            },
            {
              "batter": "HS Almuzahim",
              "bowler": "DC Stovell",
              "non_striker": "DK Arinaitwe",
              "runs": {
                "batter": 2,
                "extras": 0,
                "total": 2
              }
            },
            {
              "batter": "HS Almuzahim",
              "bowler": "DC Stovell",
              "non_striker": "DK Arinaitwe",
              "runs": {
                "batter": 1,
                "extras": 0,
                "total": 1
              }
            },
            {
              "batter": "DK Arinaitwe",
              "bowler": "DC Stovell",
              "non_striker": "HS Almuzahim",
              "runs": {
                "batter": 1,
                "extras": 0,
                "total": 1
              }
            },
            {
              "batter": "HS Almuzahim",
              "bowler": "DC Stovell",
              "non_striker": "DK Arinaitwe",
              "runs": {
                "batter": 4,
                "extras": 0,
                "total": 4
              }
            }
          ]
        },
        {
          "over": 14,
          "deliveries": [
            {
              "batter": "DK Arinaitwe",
              "bowler": "DL Brangman",
              "non_striker": "HS Almuzahim",
              "runs": {
                "batter": 1,
                "extras": 0,
                "total": 1
              }
            },
            {
              "batter": "HS Almuzahim",
              "bowler": "DL Brangman",
              "non_striker": "DK Arinaitwe",
              "runs": {
                "batter": 0,
                "extras": 0,
                "total": 0
              }
            },
            {
              "batter": "HS Almuzahim",
              "bowler": "DL Brangman",
              "non_striker": "DK Arinaitwe",
              "runs": {
                "batter": 1,
                "extras": 0,
                "total": 1
              }
            },
            {
              "batter": "DK Arinaitwe",
              "bowler": "DL Brangman",
              "non_striker": "HS Almuzahim",
              "runs": {
                "batter": 0,
                "extras": 0,
                "total": 0
              }
            },
            {
              "batter": "DK Arinaitwe",
              "bowler": "DL Brangman",
              "non_striker": "HS Almuzahim",
              "runs": {
                "batter": 1,
                "extras": 0,
                "total": 1
              }
            },
            {
              "batter": "HS Almuzahim",
              "bowler": "DL Brangman",
              "non_striker": "DK Arinaitwe",
              "runs": {
                "batter": 1,
                "extras": 0,
                "total": 1
              }
            }
          ]
        },
        {
          "over": 15,
          "deliveries": [
            {
              "batter": "HS Almuzahim",
              "bowler": "JJ Tucker",
              "non_striker": "DK Arinaitwe",
              "runs": {
                "batter": 1,
                "extras": 0,
                "total": 1
              }
            },
            {
              "batter": "DK Arinaitwe",
              "bowler": "JJ Tucker",
              "non_striker": "HS Almuzahim",
              "runs": {
                "batter": 1,
                "extras": 0,
                "total": 1
              }
            },
            {
              "batter": "HS Almuzahim",
              "bowler": "JJ Tucker",
              "non_striker": "DK Arinaitwe",
              "runs": {
                "batter": 1,
                "extras": 0,
                "total": 1
              }
            },
            {
              "batter": "DK Arinaitwe",
              "bowler": "JJ Tucker",
              "non_striker": "HS Almuzahim",
              "runs": {
                "batter": 1,
                "extras": 0,
                "total": 1
              }
            },
            {
              "batter": "HS Almuzahim",
              "bowler": "JJ Tucker",
              "non_striker": "DK Arinaitwe",
              "runs": {
                "batter": 1,
                "extras": 0,
                "total": 1
              }
            },
            {
              "batter": "DK Arinaitwe",
              "bowler": "JJ Tucker",
              "non_striker": "HS Almuzahim",
              "runs": {
                "batter": 0,
                "extras": 0,
                "total": 0
              },
              "wickets": [
                {
                  "kind": "bowled",
                  "player_out": "DK Arinaitwe"
                }
              ]
            }
          ]
        },
        {
          "over": 16,
          "deliveries": [
            {
              "batter": "HS Almuzahim",
              "bowler": "AC Douglas",
              "non_striker": "RG Okia",
              "runs": {
                "batter": 0,
                "extras": 0,
                "total": 0
              },
              "wickets": [
                {
                  "kind": "caught",
                  "player_out": "HS Almuzahim",
                  "fielders": [
                    {
                      "name": "T Manders"
                    }
                  ]
                }
              ]
            },
            {
              "batter": "RG Okia",
              "bowler": "AC Douglas",
              "non_striker": "F Nsubuga",
              "runs": {
                "batter": 2,
                "extras": 0,
                "total": 2
              }
            },
            {
              "batter": "RG Okia",
              "bowler": "AC Douglas",
              "non_striker": "F Nsubuga",
              "runs": {
                "batter": 0,
                "extras": 0,
                "total": 0
              }
            },
            {
              "batter": "RG Okia",
              "bowler": "AC Douglas",
              "non_striker": "F Nsubuga",
              "runs": {
                "batter": 1,
                "extras": 0,
                "total": 1
              }
            },
            {
              "batter": "F Nsubuga",
              "bowler": "AC Douglas",
              "non_striker": "RG Okia",
              "runs": {
                "batter": 2,
                "extras": 0,
                "total": 2
              }
            },
            {
              "batter": "F Nsubuga",
              "bowler": "AC Douglas",
              "non_striker": "RG Okia",
              "runs": {
                "batter": 1,
                "extras": 0,
                "total": 1
              }
            }
          ]
        },
        {
          "over": 17,
          "deliveries": [
            {
              "batter": "F Nsubuga",
              "bowler": "JJ Tucker",
              "non_striker": "RG Okia",
              "runs": {
                "batter": 0,
                "extras": 0,
                "total": 0
              }
            },
            {
              "batter": "F Nsubuga",
              "bowler": "JJ Tucker",
              "non_striker": "RG Okia",
              "runs": {
                "batter": 1,
                "extras": 0,
                "total": 1
              }
            },
            {
              "batter": "RG Okia",
              "bowler": "JJ Tucker",
              "non_striker": "F Nsubuga",
              "runs": {
                "batter": 1,
                "extras": 0,
                "total": 1
              }
            },
            {
              "batter": "F Nsubuga",
              "bowler": "JJ Tucker",
              "non_striker": "RG Okia",
              "runs": {
                "batter": 1,
                "extras": 0,
                "total": 1
              }
            },
            {
              "batter": "RG Okia",
              "bowler": "JJ Tucker",
              "non_striker": "F Nsubuga",
              "runs": {
                "batter": 0,
                "extras": 0,
                "total": 0
              }
            },
            {
              "batter": "RG Okia",
              "bowler": "JJ Tucker",
              "non_striker": "F Nsubuga",
              "runs": {
                "batter": 2,
                "extras": 0,
                "total": 2
              }
            }
          ]
        },
        {
          "over": 18,
          "deliveries": [
            {
              "batter": "F Nsubuga",
              "bowler": "KS Leverock",
              "non_striker": "RG Okia",
              "runs": {
                "batter": 0,
                "extras": 0,
                "total": 0
              },
              "wickets": [
                {
                  "kind": "bowled",
                  "player_out": "F Nsubuga"
                }
              ]
            },
            {
              "batter": "J Sebanja",
              "bowler": "KS Leverock",
              "non_striker": "RG Okia",
              "runs": {
                "batter": 1,
                "extras": 0,
                "total": 1
              }
            },
            {
              "batter": "RG Okia",
              "bowler": "KS Leverock",
              "non_striker": "J Sebanja",
              "runs": {
                "batter": 1,
                "extras": 0,
                "total": 1
              }
            },
            {
              "batter": "J Sebanja",
              "bowler": "KS Leverock",
              "non_striker": "RG Okia",
              "runs": {
                "batter": 1,
                "extras": 0,
                "total": 1
              }
            },
            {
              "batter": "RG Okia",
              "bowler": "KS Leverock",
              "non_striker": "J Sebanja",
              "runs": {
                "batter": 6,
                "extras": 0,
                "total": 6
              }
            },
            {
              "batter": "RG Okia",
              "bowler": "KS Leverock",
              "non_striker": "J Sebanja",
              "runs": {
                "batter": 1,
                "extras": 0,
                "total": 1
              }
            }
          ]
        },
        {
          "over": 19,
          "deliveries": [
            {
              "batter": "RG Okia",
              "bowler": "JJ Tucker",
              "non_striker": "J Sebanja",
              "runs": {
                "batter": 6,
                "extras": 0,
                "total": 6
              }
            },
            {
              "batter": "RG Okia",
              "bowler": "JJ Tucker",
              "non_striker": "J Sebanja",
              "runs": {
                "batter": 1,
                "extras": 0,
                "total": 1
              }
            },
            {
              "batter": "J Sebanja",
              "bowler": "JJ Tucker",
              "non_striker": "RG Okia",
              "runs": {
                "batter": 6,
                "extras": 0,
                "total": 6
              }
            },
            {
              "batter": "J Sebanja",
              "bowler": "JJ Tucker",
              "non_striker": "RG Okia",
              "runs": {
                "batter": 4,
                "extras": 0,
                "total": 4
              }
            },
            {
              "batter": "J Sebanja",
              "bowler": "JJ Tucker",
              "non_striker": "RG Okia",
              "runs": {
                "batter": 1,
                "extras": 0,
                "total": 1
              }
            },
            {
              "batter": "RG Okia",
              "bowler": "JJ Tucker",
              "non_striker": "J Sebanja",
              "runs": {
                "batter": 0,
                "extras": 0,
                "total": 0
              },
              "wickets": [
                {
                  "kind": "caught and bowled",
                  "player_out": "RG Okia"
                }
              ]
            }
          ]
        }
      ],
      "powerplays": [
        {
          "from": 0.1,
          "to": 5.6,
          "type": "mandatory"
        }
      ]
    },
    {
      "team": "Bermuda",
      "overs": [
        {
          "over": 0,
          "deliveries": [
            {
              "batter": "DC Stovell",
              "bowler": "F Nsubuga",
              "non_striker": "T Manders",
              "runs": {
                "batter": 1,
                "extras": 0,
                "total": 1
              }
            },
            {
              "batter": "T Manders",
              "bowler": "F Nsubuga",
              "non_striker": "DC Stovell",
              "runs": {
                "batter": 0,
                "extras": 0,
                "total": 0
              }
            },
            {
              "batter": "T Manders",
              "bowler": "F Nsubuga",
              "non_striker": "DC Stovell",
              "runs": {
                "batter": 4,
                "extras": 0,
                "total": 4
              }
            },
            {
              "batter": "T Manders",
              "bowler": "F Nsubuga",
              "non_striker": "DC Stovell",
              "runs": {
                "batter": 2,
                "extras": 0,
                "total": 2
              }
            },
            {
              "batter": "T Manders",
              "bowler": "F Nsubuga",
              "non_striker": "DC Stovell",
              "runs": {
                "batter": 0,
                "extras": 0,
                "total": 0
              }
            },
            {
              "batter": "T Manders",
              "bowler": "F Nsubuga",
              "non_striker": "DC Stovell",
              "runs": {
                "batter": 0,
                "extras": 0,
                "total": 0
              }
            }
          ]
        },
        {
          "over": 1,
          "deliveries": [
            {
              "batter": "DC Stovell",
              "bowler": "B Masaba",
              "non_striker": "T Manders",
              "runs": {
                "batter": 4,
                "extras": 0,
                "total": 4
              }
            },
            {
              "batter": "DC Stovell",
              "bowler": "B Masaba",
              "non_striker": "T Manders",
              "runs": {
                "batter": 4,
                "extras": 0,
                "total": 4
              }
            },
            {
              "batter": "DC Stovell",
              "bowler": "B Masaba",
              "non_striker": "T Manders",
              "runs": {
                "batter": 0,
                "extras": 0,
                "total": 0
              }
            },
            {
              "batter": "DC Stovell",
              "bowler": "B Masaba",
              "non_striker": "T Manders",
              "runs": {
                "batter": 0,
                "extras": 0,
                "total": 0
              }
            },
            {
              "batter": "DC Stovell",
              "bowler": "B Masaba",
              "non_striker": "T Manders",
              "runs": {
                "batter": 0,
                "extras": 0,
                "total": 0
              },
              "wickets": [
                {
                  "kind": "bowled",
                  "player_out": "DC Stovell"
                }
              ]
            },
            {
              "batter": "DL Hemp",
              "bowler": "B Masaba",
              "non_striker": "T Manders",
              "runs": {
                "batter": 4,
                "extras": 0,
                "total": 4
              }
            }
          ]
        },
        {
          "over": 2,
          "deliveries": [
            {
              "batter": "T Manders",
              "bowler": "F Nsubuga",
              "non_striker": "DL Hemp",
              "runs": {
                "batter": 0,
                "extras": 0,
                "total": 0
              }
            },
            {
              "batter": "T Manders",
              "bowler": "F Nsubuga",
              "non_striker": "DL Hemp",
              "runs": {
                "batter": 0,
                "extras": 0,
                "total": 0
              }
            },
            {
              "batter": "T Manders",
              "bowler": "F Nsubuga",
              "non_striker": "DL Hemp",
              "runs": {
                "batter": 1,
                "extras": 0,
                "total": 1
              }
            },
            {
              "batter": "DL Hemp",
              "bowler": "F Nsubuga",
              "non_striker": "T Manders",
              "runs": {
                "batter": 0,
                "extras": 0,
                "total": 0
              }
            },
            {
              "batter": "DL Hemp",
              "bowler": "F Nsubuga",
              "non_striker": "T Manders",
              "runs": {
                "batter": 0,
                "extras": 0,
                "total": 0
              }
            },
            {
              "batter": "DL Hemp",
              "bowler": "F Nsubuga",
              "non_striker": "T Manders",
              "runs": {
                "batter": 0,
                "extras": 0,
                "total": 0
              }
            }
          ]
        },
        {
          "over": 3,
          "deliveries": [
            {
              "batter": "T Manders",
              "bowler": "RG Mukasa",
              "non_striker": "DL Hemp",
              "runs": {
                "batter": 0,
                "extras": 0,
                "total": 0
              }
            },
            {
              "batter": "T Manders",
              "bowler": "RG Mukasa",
              "non_striker": "DL Hemp",
              "runs": {
                "batter": 0,
                "extras": 0,
                "total": 0
              }
            },
            {
              "batter": "T Manders",
              "bowler": "RG Mukasa",
              "non_striker": "DL Hemp",
              "runs": {
                "batter": 1,
                "extras": 0,
                "total": 1
              }
            },
            {
              "batter": "DL Hemp",
              "bowler": "RG Mukasa",
              "non_striker": "T Manders",
              "runs": {
                "batter": 0,
                "extras": 0,
                "total": 0
              }
            },
            {
              "batter": "DL Hemp",
              "bowler": "RG Mukasa",
              "non_striker": "T Manders",
              "runs": {
                "batter": 0,
                "extras": 0,
                "total": 0
              }
            },
            {
              "batter": "DL Hemp",
              "bowler": "RG Mukasa",
              "non_striker": "T Manders",
              "runs": {
                "batter": 0,
                "extras": 0,
                "total": 0
              }
            }
          ]
        },
        {
          "over": 4,
          "deliveries": [
            {
              "batter": "T Manders",
              "bowler": "F Nsubuga",
              "non_striker": "DL Hemp",
              "runs": {
                "batter": 0,
                "extras": 0,
                "total": 0
              }
            },
            {
              "batter": "T Manders",
              "bowler": "F Nsubuga",
              "non_striker": "DL Hemp",
              "runs": {
                "batter": 1,
                "extras": 0,
                "total": 1
              }
            },
            {
              "batter": "DL Hemp",
              "bowler": "F Nsubuga",
              "non_striker": "T Manders",
              "runs": {
                "batter": 0,
                "extras": 0,
                "total": 0
              }
            },
            {
              "batter": "DL Hemp",
              "bowler": "F Nsubuga",
              "non_striker": "T Manders",
              "runs": {
                "batter": 0,
                "extras": 0,
                "total": 0
              }
            },
            {
              "batter": "DL Hemp",
              "bowler": "F Nsubuga",
              "non_striker": "T Manders",
              "runs": {
                "batter": 0,
                "extras": 0,
                "total": 0
              }
            },
            {
              "batter": "DL Hemp",
              "bowler": "F Nsubuga",
              "non_striker": "T Manders",
              "runs": {
                "batter": 0,
                "extras": 0,
                "total": 0
              }
            }
          ]
        },
        {
          "over": 5,
          "deliveries": [
            {
              "batter": "T Manders",
              "bowler": "RG Mukasa",
              "non_striker": "DL Hemp",
              "runs": {
                "batter": 0,
                "extras": 0,
                "total": 0
              }
            },
            {
              "batter": "T Manders",
              "bowler": "RG Mukasa",
              "non_striker": "DL Hemp",
              "runs": {
                "batter": 4,
                "extras": 0,
                "total": 4
              }
            },
            {
              "batter": "T Manders",
              "bowler": "RG Mukasa",
              "non_striker": "DL Hemp",
              "runs": {
                "batter": 1,
                "extras": 0,
                "total": 1
              }
            },
            {
              "batter": "DL Hemp",
              "bowler": "RG Mukasa",
              "non_striker": "T Manders",
              "runs": {
                "batter": 0,
                "extras": 0,
                "total": 0
              }
            },
            {
              "batter": "DL Hemp",
              "bowler": "RG Mukasa",
              "non_striker": "T Manders",
              "runs": {
                "batter": 0,
                "extras": 0,
                "total": 0
              }
            },
            {
              "batter": "DL Hemp",
              "bowler": "RG Mukasa",
              "non_striker": "T Manders",
              "runs": {
                "batter": 0,
                "extras": 0,
                "total": 0
              }
            }
          ]
        },
        {
          "over": 6,
          "deliveries": [
            {
              "batter": "T Manders",
              "bowler": "DK Arinaitwe",
              "non_striker": "DL Hemp",
              "runs": {
                "batter": 0,
                "extras": 0,
                "total": 0
              }
            },
            {
              "batter": "T Manders",
              "bowler": "DK Arinaitwe",
              "non_striker": "DL Hemp",
              "runs": {
                "batter": 1,
                "extras": 0,
                "total": 1
              }
            },
            {
              "batter": "DL Hemp",
              "bowler": "DK Arinaitwe",
              "non_striker": "T Manders",
              "runs": {
                "batter": 1,
                "extras": 0,
                "total": 1
              }
            },
            {
              "batter": "T Manders",
              "bowler": "DK Arinaitwe",
              "non_striker": "DL Hemp",
              "runs": {
                "batter": 0,
                "extras": 0,
                "total": 0
              }
            },
            {
              "batter": "T Manders",
              "bowler": "DK Arinaitwe",
              "non_striker": "DL Hemp",
              "runs": {
                "batter": 1,
                "extras": 0,
                "total": 1
              }
            },
            {
              "batter": "DL Hemp",
              "bowler": "DK Arinaitwe",
              "non_striker": "T Manders",
              "runs": {
                "batter": 0,
                "extras": 0,
                "total": 0
              }
            }
          ]
        },
        {
          "over": 7,
          "deliveries": [
            {
              "batter": "T Manders",
              "bowler": "H Ssenyondo",
              "non_striker": "DL Hemp",
              "runs": {
                "batter": 1,
                "extras": 0,
                "total": 1
              }
            },
            {
              "batter": "DL Hemp",
              "bowler": "H Ssenyondo",
              "non_striker": "T Manders",
              "runs": {
                "batter": 0,
                "extras": 0,
                "total": 0
              }
            },
            {
              "batter": "DL Hemp",
              "bowler": "H Ssenyondo",
              "non_striker": "T Manders",
              "runs": {
                "batter": 1,
                "extras": 0,
                "total": 1
              }
            },
            {
              "batter": "T Manders",
              "bowler": "H Ssenyondo",
              "non_striker": "DL Hemp",
              "runs": {
                "batter": 1,
                "extras": 0,
                "total": 1
              }
            },
            {
              "batter": "DL Hemp",
              "bowler": "H Ssenyondo",
              "non_striker": "T Manders",
              "runs": {
                "batter": 1,
                "extras": 0,
                "total": 1
              }
            },
            {
              "batter": "T Manders",
              "bowler": "H Ssenyondo",
              "non_striker": "DL Hemp",
              "runs": {
                "batter": 0,
                "extras": 0,
                "total": 0
              },
              "wickets": [
                {
                  "kind": "caught",
                  "player_out": "T Manders",
                  "fielders": [
                    {
                      "name": "RG Mukasa"
                    }
                  ]
                }
              ]
            }
          ]
        },
        {
          "over": 8,
          "deliveries": [
            {
              "batter": "DL Hemp",
              "bowler": "DK Arinaitwe",
              "non_striker": "JJ Tucker",
              "runs": {
                "batter": 0,
                "extras": 0,
                "total": 0
              }
            },
            {
              "batter": "DL Hemp",
              "bowler": "DK Arinaitwe",
              "non_striker": "JJ Tucker",
              "runs": {
                "batter": 2,
                "extras": 0,
                "total": 2
              }
            },
            {
              "batter": "DL Hemp",
              "bowler": "DK Arinaitwe",
              "non_striker": "JJ Tucker",
              "runs": {
                "batter": 1,
                "extras": 0,
                "total": 1
              }
            },
            {
              "batter": "JJ Tucker",
              "bowler": "DK Arinaitwe",
              "non_striker": "DL Hemp",
              "runs": {
                "batter": 0,
                "extras": 0,
                "total": 0
              }
            },
            {
              "batter": "JJ Tucker",
              "bowler": "DK Arinaitwe",
              "non_striker": "DL Hemp",
              "runs": {
                "batter": 1,
                "extras": 0,
                "total": 1
              }
            },
            {
              "batter": "DL Hemp",
              "bowler": "DK Arinaitwe",
              "non_striker": "JJ Tucker",
              "runs": {
                "batter": 4,
                "extras": 0,
                "total": 4
              }
            }
          ]
        },
        {
          "over": 9,
          "deliveries": [
            {
              "batter": "JJ Tucker",
              "bowler": "H Ssenyondo",
              "non_striker": "DL Hemp",
              "runs": {
                "batter": 1,
                "extras": 0,
                "total": 1
              }
            },
            {
              "batter": "DL Hemp",
              "bowler": "H Ssenyondo",
              "non_striker": "JJ Tucker",
              "runs": {
                "batter": 1,
                "extras": 0,
                "total": 1
              }
            },
            {
              "batter": "JJ Tucker",
              "bowler": "H Ssenyondo",
              "non_striker": "DL Hemp",
              "runs": {
                "batter": 1,
                "extras": 0,
                "total": 1
              }
            },
            {
              "batter": "DL Hemp",
              "bowler": "H Ssenyondo",
              "non_striker": "JJ Tucker",
              "runs": {
                "batter": 4,
                "extras": 0,
                "total": 4
              }
            },
            {
              "batter": "DL Hemp",
              "bowler": "H Ssenyondo",
              "non_striker": "JJ Tucker",
              "runs": {
                "batter": 1,
                "extras": 0,
                "total": 1
              }
            },
            {
              "batter": "JJ Tucker",
              "bowler": "H Ssenyondo",
              "non_striker": "DL Hemp",
              "runs": {
                "batter": 1,
                "extras": 0,
                "total": 1
              }
            }
          ]
        },
        {
          "over": 10,
          "deliveries": [
            {
              "batter": "JJ Tucker",
              "bowler": "DK Arinaitwe",
              "non_striker": "DL Hemp",
              "runs": {
                "batter": 1,
                "extras": 0,
                "total": 1
              }
            },
            {
              "batter": "DL Hemp",
              "bowler": "DK Arinaitwe",
              "non_striker": "JJ Tucker",
              "runs": {
                "batter": 0,
                "extras": 0,
                "total": 0
              }
            },
            {
              "batter": "DL Hemp",
              "bowler": "DK Arinaitwe",
              "non_striker": "JJ Tucker",
              "runs": {
                "batter": 2,
                "extras": 0,
                "total": 2
              }
            },
            {
              "batter": "DL Hemp",
              "bowler": "DK Arinaitwe",
              "non_striker": "JJ Tucker",
              "runs": {
                "batter": 1,
                "extras": 0,
                "total": 1
              }
            },
            {
              "batter": "JJ Tucker",
              "bowler": "DK Arinaitwe",
              "non_striker": "DL Hemp",
              "runs": {
                "batter": 1,
                "extras": 0,
                "total": 1
              }
            },
            {
              "batter": "DL Hemp",
              "bowler": "DK Arinaitwe",
              "non_striker": "JJ Tucker",
              "runs": {
                "batter": 1,
                "extras": 0,
                "total": 1
              }
            }
          ]
        },
        {
          "over": 11,
          "deliveries": [
            {
              "batter": "DL Hemp",
              "bowler": "H Ssenyondo",
              "non_striker": "JJ Tucker",
              "runs": {
                "batter": 4,
                "extras": 0,
                "total": 4
              }
            },
            {
              "batter": "DL Hemp",
              "bowler": "H Ssenyondo",
              "non_striker": "JJ Tucker",
              "runs": {
                "batter": 0,
                "extras": 0,
                "total": 0
              }
            },
            {
              "batter": "DL Hemp",
              "bowler": "H Ssenyondo",
              "non_striker": "JJ Tucker",
              "runs": {
                "batter": 1,
                "extras": 0,
                "total": 1
              }
            },
            {
              "batter": "JJ Tucker",
              "bowler": "H Ssenyondo",
              "non_striker": "DL Hemp",
              "runs": {
                "batter": 2,
                "extras": 0,
                "total": 2
              }
            },
            {
              "batter": "JJ Tucker",
              "bowler": "H Ssenyondo",
              "non_striker": "DL Hemp",
              "runs": {
                "batter": 0,
                "extras": 0,
                "total": 0
              }
            },
            {
              "batter": "JJ Tucker",
              "bowler": "H Ssenyondo",
              "non_striker": "DL Hemp",
              "runs": {
                "batter": 0,
                "extras": 0,
                "total": 0
              }
            }
          ]
        },
        {
          "over": 12,
          "deliveries": [
            {
              "batter": "DL Hemp",
              "bowler": "DK Arinaitwe",
              "non_striker": "JJ Tucker",
              "runs": {
                "batter": 1,
                "extras": 0,
                "total": 1
              }
            },
            {
              "batter": "JJ Tucker",
              "bowler": "DK Arinaitwe",
              "non_striker": "DL Hemp",
              "runs": {
                "batter": 1,
                "extras": 0,
                "total": 1
              }
            },
            {
              "batter": "DL Hemp",
              "bowler": "DK Arinaitwe",
              "non_striker": "JJ Tucker",
              "runs": {
                "batter": 4,
                "extras": 0,
                "total": 4
              }
            },
            {
              "batter": "DL Hemp",
              "bowler": "DK Arinaitwe",
              "non_striker": "JJ Tucker",
              "runs": {
                "batter": 1,
                "extras": 0,
                "total": 1
              }
            },
            {
              "batter": "JJ Tucker",
              "bowler": "DK Arinaitwe",
              "non_striker": "DL Hemp",
              "runs": {
                "batter": 1,
                "extras": 0,
                "total": 1
              }
            },
            {
              "batter": "DL Hemp",
              "bowler": "DK Arinaitwe",
              "extras": {
                "legbyes": 1
              },
              "non_striker": "JJ Tucker",
              "runs": {
                "batter": 0,
                "extras": 1,
                "total": 1
              }
            }
          ]
        },
        {
          "over": 13,
          "deliveries": [
            {
              "batter": "DL Hemp",
              "bowler": "H Ssenyondo",
              "non_striker": "JJ Tucker",
              "runs": {
                "batter": 0,
                "extras": 0,
                "total": 0
              }
            },
            {
              "batter": "DL Hemp",
              "bowler": "H Ssenyondo",
              "non_striker": "JJ Tucker",
              "runs": {
                "batter": 1,
                "extras": 0,
                "total": 1
              }
            },
            {
              "batter": "JJ Tucker",
              "bowler": "H Ssenyondo",
              "non_striker": "DL Hemp",
              "runs": {
                "batter": 1,
                "extras": 0,
                "total": 1
              }
            },
            {
              "batter": "DL Hemp",
              "bowler": "H Ssenyondo",
              "non_striker": "JJ Tucker",
              "runs": {
                "batter": 1,
                "extras": 0,
                "total": 1
              }
            },
            {
              "batter": "JJ Tucker",
              "bowler": "H Ssenyondo",
              "non_striker": "DL Hemp",
              "runs": {
                "batter": 0,
                "extras": 0,
                "total": 0
              }
            },
            {
              "batter": "JJ Tucker",
              "bowler": "H Ssenyondo",
              "extras": {
                "byes": 1
              },
              "non_striker": "DL Hemp",
              "runs": {
                "batter": 0,
                "extras": 1,
                "total": 1
              }
            }
          ]
        },
        {
          "over": 14,
          "deliveries": [
            {
              "batter": "JJ Tucker",
              "bowler": "B Masaba",
              "non_striker": "DL Hemp",
              "runs": {
                "batter": 3,
                "extras": 0,
                "total": 3
              }
            },
            {
              "batter": "DL Hemp",
              "bowler": "B Masaba",
              "non_striker": "JJ Tucker",
              "runs": {
                "batter": 1,
                "extras": 0,
                "total": 1
              }
            },
            {
              "batter": "JJ Tucker",
              "bowler": "B Masaba",
              "non_striker": "DL Hemp",
              "runs": {
                "batter": 1,
                "extras": 0,
                "total": 1
              }
            },
            {
              "batter": "DL Hemp",
              "bowler": "B Masaba",
              "non_striker": "JJ Tucker",
              "runs": {
                "batter": 1,
                "extras": 0,
                "total": 1
              }
            },
            {
              "batter": "JJ Tucker",
              "bowler": "B Masaba",
              "non_striker": "DL Hemp",
              "runs": {
                "batter": 1,
                "extras": 0,
                "total": 1
              }
            },
            {
              "batter": "DL Hemp",
              "bowler": "B Masaba",
              "non_striker": "JJ Tucker",
              "runs": {
                "batter": 4,
                "extras": 0,
                "total": 4
              }
            }
          ]
        },
        {
          "over": 15,
          "deliveries": [
            {
              "batter": "JJ Tucker",
              "bowler": "RG Mukasa",
              "non_striker": "DL Hemp",
              "runs": {
                "batter": 4,
                "extras": 0,
                "total": 4
              }
            },
            {
              "batter": "JJ Tucker",
              "bowler": "RG Mukasa",
              "non_striker": "DL Hemp",
              "runs": {
                "batter": 1,
                "extras": 0,
                "total": 1
              }
            },
            {
              "batter": "DL Hemp",
              "bowler": "RG Mukasa",
              "non_striker": "JJ Tucker",
              "runs": {
                "batter": 4,
                "extras": 0,
                "total": 4
              }
            },
            {
              "batter": "DL Hemp",
              "bowler": "RG Mukasa",
              "non_striker": "JJ Tucker",
              "runs": {
                "batter": 1,
                "extras": 0,
                "total": 1
              }
            },
            {
              "batter": "JJ Tucker",
              "bowler": "RG Mukasa",
              "non_striker": "DL Hemp",
              "runs": {
                "batter": 1,
                "extras": 0,
                "total": 1
              }
            },
            {
              "batter": "DL Hemp",
              "bowler": "RG Mukasa",
              "non_striker": "JJ Tucker",
              "runs": {
                "batter": 0,
                "extras": 0,
                "total": 0
              }
            }
          ]
        },
        {
          "over": 16,
          "deliveries": [
            {
              "batter": "JJ Tucker",
              "bowler": "J Sebanja",
              "non_striker": "DL Hemp",
              "runs": {
                "batter": 1,
                "extras": 0,
                "total": 1
              }
            },
            {
              "batter": "DL Hemp",
              "bowler": "J Sebanja",
              "non_striker": "JJ Tucker",
              "runs": {
                "batter": 0,
                "extras": 0,
                "total": 0
              }
            },
            {
              "batter": "DL Hemp",
              "bowler": "J Sebanja",
              "non_striker": "JJ Tucker",
              "runs": {
                "batter": 1,
                "extras": 0,
                "total": 1
              }
            },
            {
              "batter": "JJ Tucker",
              "bowler": "J Sebanja",
              "extras": {
                "byes": 1
              },
              "non_striker": "DL Hemp",
              "runs": {
                "batter": 0,
                "extras": 1,
                "total": 1
              }
            },
            {
              "batter": "DL Hemp",
              "bowler": "J Sebanja",
              "non_striker": "JJ Tucker",
              "runs": {
                "batter": 1,
                "extras": 0,
                "total": 1
              }
            },
            {
              "batter": "JJ Tucker",
              "bowler": "J Sebanja",
              "non_striker": "DL Hemp",
              "runs": {
                "batter": 1,
                "extras": 0,
                "total": 1
              }
            }
          ]
        },
        {
          "over": 17,
          "deliveries": [
            {
              "batter": "JJ Tucker",
              "bowler": "F Nsubuga",
              "non_striker": "DL Hemp",
              "runs": {
                "batter": 1,
                "extras": 0,
                "total": 1
              }
            },
            {
              "batter": "DL Hemp",
              "bowler": "F Nsubuga",
              "non_striker": "JJ Tucker",
              "runs": {
                "batter": 0,
                "extras": 0,
                "total": 0
              }
            },
            {
              "batter": "DL Hemp",
              "bowler": "F Nsubuga",
              "extras": {
                "legbyes": 1
              },
              "non_striker": "JJ Tucker",
              "runs": {
                "batter": 0,
                "extras": 1,
                "total": 1
              }
            },
            {
              "batter": "JJ Tucker",
              "bowler": "F Nsubuga",
              "non_striker": "DL Hemp",
              "runs": {
                "batter": 1,
                "extras": 0,
                "total": 1
              }
            },
            {
              "batter": "DL Hemp",
              "bowler": "F Nsubuga",
              "non_striker": "JJ Tucker",
              "runs": {
                "batter": 1,
                "extras": 0,
                "total": 1
              }
            },
            {
              "batter": "JJ Tucker",
              "bowler": "F Nsubuga",
              "non_striker": "DL Hemp",
              "runs": {
                "batter": 0,
                "extras": 0,
                "total": 0
              }
            }
          ]
        },
        {
          "over": 18,
          "deliveries": [
            {
              "batter": "DL Hemp",
              "bowler": "J Sebanja",
              "non_striker": "JJ Tucker",
              "runs": {
                "batter": 1,
                "extras": 0,
                "total": 1
              }
            },
            {
              "batter": "JJ Tucker",
              "bowler": "J Sebanja",
              "non_striker": "DL Hemp",
              "runs": {
                "batter": 1,
                "extras": 0,
                "total": 1
              }
            },
            {
              "batter": "DL Hemp",
              "bowler": "J Sebanja",
              "non_striker": "JJ Tucker",
              "runs": {
                "batter": 1,
                "extras": 0,
                "total": 1
              }
            },
            {
              "batter": "JJ Tucker",
              "bowler": "J Sebanja",
              "non_striker": "DL Hemp",
              "runs": {
                "batter": 1,
                "extras": 0,
                "total": 1
              }
            },
            {
              "batter": "DL Hemp",
              "bowler": "J Sebanja",
              "non_striker": "JJ Tucker",
              "runs": {
                "batter": 0,
                "extras": 0,
                "total": 0
              },
              "wickets": [
                {
                  "kind": "caught",
                  "player_out": "DL Hemp",
                  "fielders": [
                    {
                      "name": "AS Kyobe"
                    }
                  ]
                }
              ]
            },
            {
              "batter": "JJ Tucker",
              "bowler": "J Sebanja",
              "non_striker": "MO Jones",
              "runs": {
                "batter": 0,
                "extras": 0,
                "total": 0
              }
            }
          ]
        },
        {
          "over": 19,
          "deliveries": [
            {
              "batter": "MO Jones",
              "bowler": "B Masaba",
              "non_striker": "JJ Tucker",
              "runs": {
                "batter": 6,
                "extras": 0,
                "total": 6
              }
            },
            {
              "batter": "MO Jones",
              "bowler": "B Masaba",
              "non_striker": "JJ Tucker",
              "runs": {
                "batter": 1,
                "extras": 0,
                "total": 1
              }
            },
            {
              "batter": "JJ Tucker",
              "bowler": "B Masaba",
              "non_striker": "MO Jones",
              "runs": {
                "batter": 2,
                "extras": 0,
                "total": 2
              }
            },
            {
              "batter": "JJ Tucker",
              "bowler": "B Masaba",
              "non_striker": "MO Jones",
              "runs": {
                "batter": 0,
                "extras": 0,
                "total": 0
              },
              "wickets": [
                {
                  "kind": "caught",
                  "player_out": "JJ Tucker",
                  "fielders": [
                    {
                      "name": "RG Mukasa"
                    }
                  ]
                }
              ]
            },
            {
              "batter": "AC Douglas",
              "bowler": "B Masaba",
              "non_striker": "MO Jones",
              "runs": {
                "batter": 1,
                "extras": 0,
                "total": 1
              }
            },
            {
              "batter": "MO Jones",
              "bowler": "B Masaba",
              "non_striker": "AC Douglas",
              "runs": {
                "batter": 1,
                "extras": 0,
                "total": 1
              }
            }
          ]
        }
      ],
      "powerplays": [
        {
          "from": 0.1,
          "to": 5.6,
          "type": "mandatory"
        }
      ],
      "target": {
        "overs": 20,
        "runs": 135
      }
    }
  ]
}