{
  "meta": {
    "data_version": "1.0.0",
    "created": "2013-12-16",
    "revision": 1
  },
  "info": {
    "balls_per_over": 6,
    "city": "Abu Dhabi",
    "dates": [
      "2013-11-28"
    ],
    "event": {
      "name": "ICC World Twenty20 Qualifier",
      "stage": "9th Place Play-Off"
    },
    "gender": "male",
    "match_type": "IT20",
    "officials": {
      "match_referees": [
        "D Govindjee"
      ],
      "reserve_umpires": [
        "DJ Walker"
      ],
      "umpires": [
        "GO Brathwaite",
        "C Shamshuddin"
      ]
    },
    "outcome": {
      "by": {
        "runs": 25
      },
      "winner": "Italy"
    },
    "overs": 20,
    "player_of_match": [
      "CS Sandri"
    ],
    "players": {
      "Italy": [
        "GK Berg",
        "AM Northcote",
        "PA Petricola",
        "DG Crowley",
        "CS Sandri",
        "BBJL Perera",
        "MG Raso",
        "WTN Fernando",
        "DSF Arsakulasuriya",
        "GRD Munasinghe",
        "MGSM Fernando"
      ],
      "Namibia": [
        "LP van der Westhuizen",
        "HN Ya France",
        "SF Burger",
        "CG Williams",
        "NRP Scholtz",
        "MG Erasmus",
        "JP Kotze",
        "C Viljoen",
        "L Klazinga",
        "S Groenewald",
        "BM Scholtz"
      ]
    },
    "registry": {
      "people": {
        "AM Northcote": "8cf570b0",
        "BBJL Perera": "c8c9d60b",
        "BM Scholtz": "e85d03d6",
        "C Shamshuddin": "0f9d921b",
        "C Viljoen": "f7b2cbe8",
        "CG Williams": "e16e7347",
        "CS Sandri": "b7ccb3c9",
        "D Govindjee": "8b4c4069",
        "DG Crowley": "1f1f93b5",
        "DJ Walker": "d4aea8ac",
        "DSF Arsakulasuriya": "35c4c7ed",
        "GK Berg": "42151725",
        "GO Brathwaite": "1ace56d4",
        "GRD Munasinghe": "eff8b730",
        "HN Ya France": "915264c2",
        "JP Kotze": "9f308dfc",
        "L Klazinga": "248b72c3",
        "LP van der Westhuizen": "292381e0",
        "MG Erasmus": "95a5e066",
        "MG Raso": "2dfaa85a",
        "MGSM Fernando": "658c2e71",
        "NRP Scholtz": "47e20f64",
        "PA Petricola": "d159bc7a",
        "S Groenewald": "15fabcbb",
        "SF Burger": "9ff7f691",
        "WTN Fernando": "ed7bdfec"
      }
    },
    "season": "2013/14",
    "team_type": "international",
    "teams": [
      "Italy",
      "Namibia"
    ],
    "toss": {
      "decision": "bat",
      "winner": "Italy"
    },
    "venue": "Sheikh Zayed Stadium Nursery 2"
  },
  "innings": [
    {
      "team": "Italy",
      "overs": [
        {
          "over": 0,
          "deliveries": [
            {
              "batter": "GK Berg",
              "bowler": "L Klazinga",
              "extras": {
                "noballs": 1
              },
              "non_striker": "AM Northcote",
              "runs": {
                "batter": 0,
                "extras": 1,
                "total": 1
              }
            },
            {
              "batter": "GK Berg",
              "bowler": "L Klazinga",
              "non_striker": "AM Northcote",
              "runs": {
                "batter": 1,
                "extras": 0,
                "total": 1
              }
            },
            {
              "batter": "AM Northcote",
              "bowler": "L Klazinga",
              "non_striker": "GK Berg",
              "runs": {
                "batter": 0,
                "extras": 0,
                "total": 0
              }
            },
            {
              "batter": "AM Northcote",
              "bowler": "L Klazinga",
              "non_striker": "GK Berg",
              "runs": {
                "batter": 0,
                "extras": 0,
                "total": 0
              }
            },
            {
              "batter": "AM Northcote",
              "bowler": "L Klazinga",
              "non_striker": "GK Berg",
              "runs": {
                "batter": 4,
                "extras": 0,
                "total": 4
              }
            },
            {
              "batter": "AM Northcote",
              "bowler": "L Klazinga",
              "non_striker": "GK Berg",
              "runs": {
                "batter": 1,
                "extras": 0,
                "total": 1
              }
            },
            {
              "batter": "GK Berg",
              "bowler": "L Klazinga",
              "non_striker": "AM Northcote",
              "runs": {
                "batter": 1,
                "extras": 0,
                "total": 1
              }
            }
          ]
        },
        {
          "over": 1,
          "deliveries": [
            {
              "batter": "GK Berg",
              "bowler": "C Viljoen",
              "non_striker": "AM Northcote",
              "runs": {
                "batter": 3,
                "extras": 0,
                "total": 3
              }
            },
            {
              "batter": "AM Northcote",
              "bowler": "C Viljoen",
              "extras": {
                "wides": 5
              },
              "non_striker": "GK Berg",
              "runs": {
                "batter": 0,
                "extras": 5,
                "total": 5
              }
            },
            {
              "batter": "AM Northcote",
              "bowler": "C Viljoen",
              "non_striker": "GK Berg",
              "runs": {
                "batter": 0,
                "extras": 0,
                "total": 0
              }
            },
            {
              "batter": "AM Northcote",
              "bowler": "C Viljoen",
              "non_striker": "GK Berg",
              "runs": {
                "batter": 0,
                "extras": 0,
                "total": 0
              }
            },
            {
              "batter": "AM Northcote",
              "bowler": "C Viljoen",
              "non_striker": "GK Berg",
              "runs": {
                "batter": 0,
                "extras": 0,
                "total": 0
              }
            },
            {
              "batter": "AM Northcote",
              "bowler": "C Viljoen",
              "extras": {
                "legbyes": 1
              },
              "non_striker": "GK Berg",
              "runs": {
                "batter": 0,
                "extras": 1,
                "total": 1
              }
            },
            {
              "batter": "GK Berg",
              "bowler": "C Viljoen",
              "non_striker": "AM Northcote",
              "runs": {
                "batter": 0,
                "extras": 0,
                "total": 0
              }
            }
          ]
        },
        {
          "over": 2,
          "deliveries": [
            {
              "batter": "AM Northcote",
              "bowler": "L Klazinga",
              "non_striker": "GK Berg",
              "runs": {
                "batter": 4,
                "extras": 0,
                "total": 4
              }
            },
            {
              "batter": "AM Northcote",
              "bowler": "L Klazinga",
              "extras": {
                "legbyes": 4
              },
              "non_striker": "GK Berg",
              "runs": {
                "batter": 0,
                "extras": 4,
                "total": 4
              }
            },
            {
              "batter": "AM Northcote",
              "bowler": "L Klazinga",
              "non_striker": "GK Berg",
              "runs": {
                "batter": 0,
                "extras": 0,
                "total": 0
              }
            },
            {
              "batter": "AM Northcote",
              "bowler": "L Klazinga",
              "non_striker": "GK Berg",
              "runs": {
                "batter": 2,
                "extras": 0,
                "total": 2
              }
            },
            {
              "batter": "AM Northcote",
              "bowler": "L Klazinga",
              "non_striker": "GK Berg",
              "runs": {
                "batter": 1,
                "extras": 0,
                "total": 1
              }
            },
            {
              "batter": "GK Berg",
              "bowler": "L Klazinga",
              "non_striker": "AM Northcote",
              "runs": {
                "batter": 4,
                "extras": 0,
                "total": 4
              }
            }
          ]
        },
        {
          "over": 3,
          "deliveries": [
            {
              "batter": "AM Northcote",
              "bowler": "C Viljoen",
              "non_striker": "GK Berg",
              "runs": {
                "batter": 0,
                "extras": 0,
                "total": 0
              }
            },
            {
              "batter": "AM Northcote",
              "bowler": "C Viljoen",
              "extras": {
                "legbyes": 1
              },
              "non_striker": "GK Berg",
              "runs": {
                "batter": 0,
                "extras": 1,
                "total": 1
              }
            },
            {
              "batter": "GK Berg",
              "bowler": "C Viljoen",
              "non_striker": "AM Northcote",
              "runs": {
                "batter": 0,
                "extras": 0,
                "total": 0
              },
              "wickets": [
                {
                  "kind": "bowled",
                  "player_out": "GK Berg"
                }
              ]
            },
            {
              "batter": "PA Petricola",
              "bowler": "C Viljoen",
              "non_striker": "AM Northcote",
              "runs": {
                "batter": 0,
                "extras": 0,
                "total": 0
              },
              "wickets": [
                {
                  "kind": "bowled",
                  "player_out": "PA Petricola"
                }
              ]
            },
            {
              "batter": "DG Crowley",
              "bowler": "C Viljoen",
              "non_striker": "AM Northcote",
              "runs": {
                "batter": 0,
                "extras": 0,
                "total": 0
              }
            },
            {
              "batter": "DG Crowley",
              "bowler": "C Viljoen",
              "non_striker": "AM Northcote",
              "runs": {
                "batter": 4,
                "extras": 0,
                "total": 4
              }
            }
          ]
        },
        {
          "over": 4,
          "deliveries": [
            {
              "batter": "AM Northcote",
              "bowler": "NRP Scholtz",
              "non_striker": "DG Crowley",
              "runs": {
                "batter": 1,
                "extras": 0,
                "total": 1
              }
            },
            {
              "batter": "DG Crowley",
              "bowler": "NRP Scholtz",
              "non_striker": "AM Northcote",
              "runs": {
                "batter": 1,
                "extras": 0,
                "total": 1
              }
            },
            {
              "batter": "AM Northcote",
              "bowler": "NRP Scholtz",
              "non_striker": "DG Crowley",
              "runs": {
                "batter": 1,
                "extras": 0,
                "total": 1
              }
            },
            {
              "batter": "DG Crowley",
              "bowler": "NRP Scholtz",
              "non_striker": "AM Northcote",
              "runs": {
                "batter": 1,
                "extras": 0,
                "total": 1
              }
            },
            {
              "batter": "AM Northcote",
              "bowler": "NRP Scholtz",
              "extras": {
                "wides": 1
              },
              "non_striker": "DG Crowley",
              "runs": {
                "batter": 0,
                "extras": 1,
                "total": 1
              }
            },
            {
              "batter": "AM Northcote",
              "bowler": "NRP Scholtz",
              "non_striker": "DG Crowley",
              "runs": {
                "batter": 0,
                "extras": 0,
                "total": 0
              }
            },
            {
              "batter": "AM Northcote",
              "bowler": "NRP Scholtz",
              "non_striker": "DG Crowley",
              "runs": {
                "batter": 1,
                "extras": 0,
                "total": 1
              }
            }
          ]
        },
        {
          "over": 5,
          "deliveries": [
            {
              "batter": "AM Northcote",
              "bowler": "C Viljoen",
              "non_striker": "DG Crowley",
              "runs": {
                "batter": 0,
                "extras": 0,
                "total": 0
              }
            },
            {
              "batter": "AM Northcote",
              "bowler": "C Viljoen",
              "non_striker": "DG Crowley",
              "runs": {
                "batter": 1,
                "extras": 0,
                "total": 1
              }
            },
            {
              "batter": "DG Crowley",
              "bowler": "C Viljoen",
              "non_striker": "AM Northcote",
              "runs": {
                "batter": 4,
                "extras": 0,
                "total": 4
              }
            },
            {
              "batter": "DG Crowley",
              "bowler": "C Viljoen",
              "non_striker": "AM Northcote",
              "runs": {
                "batter": 0,
                "extras": 0,
                "total": 0
              }
            },
            {
              "batter": "DG Crowley",
              "bowler": "C Viljoen",
              "non_striker": "AM Northcote",
              "runs": {
                "batter": 0,
                "extras": 0,
                "total": 0
              }
            },
            {
              "batter": "DG Crowley",
              "bowler": "C Viljoen",
              "non_striker": "AM Northcote",
              "runs": {
                "batter": 1,
                "extras": 0,
                "total": 1
              }
            }
          ]
        },
        {
          "over": 6,
          "deliveries": [
            {
              "batter": "DG Crowley",
              "bowler": "NRP Scholtz",
              "non_striker": "AM Northcote",
              "runs": {
                "batter": 0,
                "extras": 0,
                "total": 0
              }
            },
            {
              "batter": "DG Crowley",
              "bowler": "NRP Scholtz",
              "non_striker": "AM Northcote",
              "runs": {
                "batter": 0,
                "extras": 0,
                "total": 0
              }
            },
            {
              "batter": "DG Crowley",
              "bowler": "NRP Scholtz",
              "non_striker": "AM Northcote",
              "runs": {
                "batter": 4,
                "extras": 0,
                "total": 4
              }
            },
            {
              "batter": "DG Crowley",
              "bowler": "NRP Scholtz",
              "non_striker": "AM Northcote",
              "runs": {
                "batter": 1,
                "extras": 0,
                "total": 1
              }
            },
            {
              "batter": "AM Northcote",
              "bowler": "NRP Scholtz",
              "extras": {
                "wides": 1
              },
              "non_striker": "DG Crowley",
              "runs": {
                "batter": 0,
                "extras": 1,
                "total": 1
              }
            },
            {
              "batter": "AM Northcote",
              "bowler": "NRP Scholtz",
              "non_striker": "DG Crowley",
              "runs": {
                "batter": 1,
                "extras": 0,
                "total": 1
              }
            },
            {
              "batter": "DG Crowley",
              "bowler": "NRP Scholtz",
              "non_striker": "AM Northcote",
              "runs": {
                "batter": 2,
                "extras": 0,
                "total": 2
              }
            }
          ]
        },
        {
          "over": 7,
          "deliveries": [
            {
              "batter": "AM Northcote",
              "bowler": "BM Scholtz",
              "non_striker": "DG Crowley",
              "runs": {
                "batter": 1,
                "extras": 0,
                "total": 1
              }
            },
            {
              "batter": "DG Crowley",
              "bowler": "BM Scholtz",
              "non_striker": "AM Northcote",
              "runs": {
                "batter": 0,
                "extras": 0,
                "total": 0
              }
            },
            {
              "batter": "DG Crowley",
              "bowler": "BM Scholtz",
              "non_striker": "AM Northcote",
              "runs": {
                "batter": 0,
                "extras": 0,
                "total": 0
              }
            },
            {
              "batter": "DG Crowley",
              "bowler": "BM Scholtz",
              "non_striker": "AM Northcote",
              "runs": {
                "batter": 2,
                "extras": 0,
                "total": 2
              }
            },
            {
              "batter": "DG Crowley",
              "bowler": "BM Scholtz",
              "non_striker": "AM Northcote",
              "runs": {
                "batter": 1,
                "extras": 0,
                "total": 1
              }
            },
            {
              "batter": "AM Northcote",
              "bowler": "BM Scholtz",
              "non_striker": "DG Crowley",
              "runs": {
                "batter": 0,
                "extras": 0,
                "total": 0
              },
              "wickets": [
                {
                  "kind": "caught",
                  "player_out": "AM Northcote",
                  "fielders": [
                    {
                      "name": "C Viljoen"
                    }
                  ]
                }
              ]
            }
          ]
        },
        {
          "over": 8,
          "deliveries": [
            {
              "batter": "CS Sandri",
              "bowler": "SF Burger",
              "non_striker": "DG Crowley",
              "runs": {
                "batter": 1,
                "extras": 0,
                "total": 1
              }
            },
            {
              "batter": "DG Crowley",
              "bowler": "SF Burger",
              "non_striker": "CS Sandri",
              "runs": {
                "batter": 1,
                "extras": 0,
                "total": 1
              }
            },
            {
              "batter": "CS Sandri",
              "bowler": "SF Burger",
              "non_striker": "DG Crowley",
              "runs": {
                "batter": 2,
                "extras": 0,
                "total": 2
              }
            },
            {
              "batter": "CS Sandri",
              "bowler": "SF Burger",
              "non_striker": "DG Crowley",
              "runs": {
                "batter": 0,
                "extras": 0,
                "total": 0
              }
            },
            {
              "batter": "CS Sandri",
              "bowler": "SF Burger",
              "extras": {
                "wides": 1
              },
              "non_striker": "DG Crowley",
              "runs": {
                "batter": 0,
                "extras": 1,
                "total": 1
              }
            },
            {
              "batter": "CS Sandri",
              "bowler": "SF Burger",
              "non_striker": "DG Crowley",
              "runs": {
                "batter": 1,
                "extras": 0,
                "total": 1
              }
            },
            {
              "batter": "DG Crowley",
              "bowler": "SF Burger",
              "non_striker": "CS Sandri",
              "runs": {
                "batter": 1,
                "extras": 0,
                "total": 1
              }
            }
          ]
        },
        {
          "over": 9,
          "deliveries": [
            {
              "batter": "DG Crowley",
              "bowler": "BM Scholtz",
              "non_striker": "CS Sandri",
              "runs": {
                "batter": 1,
                "extras": 0,
                "total": 1
              }
            },
            {
              "batter": "CS Sandri",
              "bowler": "BM Scholtz",
              "non_striker": "DG Crowley",
              "runs": {
                "batter": 0,
                "extras": 0,
                "total": 0
              }
            },
            {
              "batter": "CS Sandri",
              "bowler": "BM Scholtz",
              "non_striker": "DG Crowley",
              "runs": {
                "batter": 0,
                "extras": 0,
                "total": 0
              }
            },
            {
              "batter": "CS Sandri",
              "bowler": "BM Scholtz",
              "non_striker": "DG Crowley",
              "runs": {
                "batter": 1,
                "extras": 0,
                "total": 1
              }
            },
            {
              "batter": "DG Crowley",
              "bowler": "BM Scholtz",
              "non_striker": "CS Sandri",
              "runs": {
                "batter": 0,
                "extras": 0,
                "total": 0
              }
            },
            {
              "batter": "DG Crowley",
              "bowler": "BM Scholtz",
              "non_striker": "CS Sandri",
              "runs": {
                "batter": 1,
                "extras": 0,
                "total": 1
              }
            }
          ]
        },
        {
          "over": 10,
          "deliveries": [
            {
              "batter": "DG Crowley",
              "bowler": "SF Burger",
              "extras": {
                "legbyes": 1
              },
              "non_striker": "CS Sandri",
              "runs": {
                "batter": 0,
                "extras": 1,
                "total": 1
              }
            },
            {
              "batter": "CS Sandri",
              "bowler": "SF Burger",
              "non_striker": "DG Crowley",
              "runs": {
                "batter": 1,
                "extras": 0,
                "total": 1
              }
            },
            {
              "batter": "DG Crowley",
              "bowler": "SF Burger",
              "non_striker": "CS Sandri",
              "runs": {
                "batter": 1,
                "extras": 0,
                "total": 1
              }
            },
            {
              "batter": "CS Sandri",
              "bowler": "SF Burger",
              "non_striker": "DG Crowley",
              "runs": {
                "batter": 0,
                "extras": 0,
                "total": 0
              }
            },
            {
              "batter": "CS Sandri",
              "bowler": "SF Burger",
              "non_striker": "DG Crowley",
              "runs": {
                "batter": 1,
                "extras": 0,
                "total": 1
              }
            },
            {
              "batter": "DG Crowley",
              "bowler": "SF Burger",
              "non_striker": "CS Sandri",
              "runs": {
                "batter": 1,
                "extras": 0,
                "total": 1
              }
            }
          ]
        },
        {
          "over": 11,
          "deliveries": [
            {
              "batter": "DG Crowley",
              "bowler": "BM Scholtz",
              "non_striker": "CS Sandri",
              "runs": {
                "batter": 0,
                "extras": 0,
                "total": 0
              }
            },
            {
              "batter": "DG Crowley",
              "bowler": "BM Scholtz",
              "non_striker": "CS Sandri",
              "runs": {
                "batter": 1,
                "extras": 0,
                "total": 1
              }
            },
            {
              "batter": "CS Sandri",
              "bowler": "BM Scholtz",
              "non_striker": "DG Crowley",
              "runs": {
                "batter": 0,
                "extras": 0,
                "total": 0
              }
            },
            {
              "batter": "CS Sandri",
              "bowler": "BM Scholtz",
              "non_striker": "DG Crowley",
              "runs": {
                "batter": 1,
                "extras": 0,
                "total": 1
              }
            },
            {
              "batter": "DG Crowley",
              "bowler": "BM Scholtz",
              "non_striker": "CS Sandri",
              "runs": {
                "batter": 1,
                "extras": 0,
                "total": 1
              }
            },
            {
              "batter": "CS Sandri",
              "bowler": "BM Scholtz",
              "non_striker": "DG Crowley",
              "runs": {
                "batter": 0,
                "extras": 0,
                "total": 0
              }
            }
          ]
        },
        {
          "over": 12,
          "deliveries": [
            {
              "batter": "DG Crowley",
              "bowler": "LP van der Westhuizen",
              "non_striker": "CS Sandri",
              "runs": {
                "batter": 1,
                "extras": 0,
                "total": 1
              }
            },
            {
              "batter": "CS Sandri",
              "bowler": "LP van der Westhuizen",
              "non_striker": "DG Crowley",
              "runs": {
                "batter": 1,
                "extras": 0,
                "total": 1
              }
            },
            {
              "batter": "DG Crowley",
              "bowler": "LP van der Westhuizen",
              "non_striker": "CS Sandri",
              "runs": {
                "batter": 1,
                "extras": 0,
                "total": 1
              }
            },
            {
              "batter": "CS Sandri",
              "bowler": "LP van der Westhuizen",
              "non_striker": "DG Crowley",
              "runs": {
                "batter": 1,
                "extras": 0,
                "total": 1
              }
            },
            {
              "batter": "DG Crowley",
              "bowler": "LP van der Westhuizen",
              "non_striker": "CS Sandri",
              "runs": {
                "batter": 1,
                "extras": 0,
                "total": 1
              }
            },
            {
              "batter": "CS Sandri",
              "bowler": "LP van der Westhuizen",
              "non_striker": "DG Crowley",
              "runs": {
                "batter": 6,
                "extras": 0,
                "total": 6
              }
            }
          ]
        },
        {
          "over": 13,
          "deliveries": [
            {
              "batter": "DG Crowley",
              "bowler": "BM Scholtz",
              "non_striker": "CS Sandri",
              "runs": {
                "batter": 0,
                "extras": 0,
                "total": 0
              },
              "wickets": [
                {
                  "kind": "bowled",
                  "player_out": "DG Crowley"
                }
              ]
            },
            {
              "batter": "BBJL Perera",
              "bowler": "BM Scholtz",
              "non_striker": "CS Sandri",
              "runs": {
                "batter": 0,
                "extras": 0,
                "total": 0
              }
            },
            {
              "batter": "BBJL Perera",
              "bowler": "BM Scholtz",
              "non_striker": "CS Sandri",
              "runs": {
                "batter": 1,
                "extras": 0,
                "total": 1
              }
            },
            {
              "batter": "CS Sandri",
              "bowler": "BM Scholtz",
              "non_striker": "BBJL Perera",
              "runs": {
                "batter": 1,
                "extras": 0,
                "total": 1
              }
            },
            {
              "batter": "BBJL Perera",
              "bowler": "BM Scholtz",
              "non_striker": "CS Sandri",
              "runs": {
                "batter": 1,
                "extras": 0,
                "total": 1
              }
            },
            {
              "batter": "CS Sandri",
              "bowler": "BM Scholtz",
              "non_striker": "BBJL Perera",
              "runs": {
                "batter": 1,
                "extras": 0,
                "total": 1
              }
            }
          ]
        },
        {
          "over": 14,
          "deliveries": [
            {
              "batter": "CS Sandri",
              "bowler": "LP van der Westhuizen",
              "extras": {
                "wides": 1
              },
              "non_striker": "BBJL Perera",
              "runs": {
                "batter": 0,
                "extras": 1,
                "total": 1
              }
            },
            {
              "batter": "CS Sandri",
              "bowler": "LP van der Westhuizen",
              "non_striker": "BBJL Perera",
              "runs": {
                "batter": 0,
                "extras": 0,
                "total": 0
              }
            },
            {
              "batter": "CS Sandri",
              "bowler": "LP van der Westhuizen",
              "extras": {
                "legbyes": 1
              },
              "non_striker": "BBJL Perera",
              "runs": {
                "batter": 0,
                "extras": 1,
                "total": 1
              }
            },
            {
              "batter": "BBJL Perera",
              "bowler": "LP van der Westhuizen",
              "non_striker": "CS Sandri",
              "runs": {
                "batter": 0,
                "extras": 0,
                "total": 0
              },
              "wickets": [
                {
                  "kind": "caught",
                  "player_out": "BBJL Perera",
                  "fielders": [
                    {
                      "name": "L Klazinga"
                    }
                  ]
                }
              ]
            },
            {
              "batter": "CS Sandri",
              "bowler": "LP van der Westhuizen",
              "non_striker": "MG Raso",
              "runs": {
                "batter": 0,
                "extras": 0,
                "total": 0
              }
            },
            {
              "batter": "CS Sandri",
              "bowler": "LP van der Westhuizen",
              "non_striker": "MG Raso",
              "runs": {
                "batter": 1,
                "extras": 0,
                "total": 1
              }
            },
            {
              "batter": "MG Raso",
              "bowler": "LP van der Westhuizen",
              "non_striker": "CS Sandri",
              "runs": {
                "batter": 2,
                "extras": 0,
                "total": 2
              }
            }
          ]
        },
        {
          "over": 15,
          "deliveries": [
            {
              "batter": "CS Sandri",
              "bowler": "S Groenewald",
              "non_striker": "MG Raso",
              "runs": {
                "batter": 0,
                "extras": 0,
                "total": 0
              }
            },
            {
              "batter": "CS Sandri",
              "bowler": "S Groenewald",
              "non_striker": "MG Raso",
              "runs": {
                "batter": 2,
                "extras": 0,
                "total": 2
              }
            },
            {
              "batter": "CS Sandri",
              "bowler": "S Groenewald",
              "non_striker": "MG Raso",
              "runs": {
                "batter": 1,
                "extras": 0,
                "total": 1
              }
            },
            {
              "batter": "MG Raso",
              "bowler": "S Groenewald",
              "non_striker": "CS Sandri",
              "runs": {
                "batter": 1,
                "extras": 0,
                "total": 1
              }
            },
            {
              "batter": "CS Sandri",
              "bowler": "S Groenewald",
              "non_striker": "MG Raso",
              "runs": {
                "batter": 1,
                "extras": 0,
                "total": 1
              }
            },
            {
              "batter": "MG Raso",
              "bowler": "S Groenewald",
              "non_striker": "CS Sandri",
              "runs": {
                "batter": 3,
                "extras": 0,
                "total": 3
              }
            }
          ]
        },
        {
          "over": 16,
          "deliveries": [
            {
              "batter": "MG Raso",
              "bowler": "LP van der Westhuizen",
              "non_striker": "CS Sandri",
              "runs": {
                "batter": 0,
                "extras": 0,
                "total": 0
              }
            },
            {
              "batter": "MG Raso",
              "bowler": "LP van der Westhuizen",
              "non_striker": "CS Sandri",
              "runs": {
                "batter": 1,
                "extras": 0,
                "total": 1
              }
            },
            {
              "batter": "CS Sandri",
              "bowler": "LP van der Westhuizen",
              "non_striker": "MG Raso",
              "runs": {
                "batter": 4,
                "extras": 0,
                "total": 4
              }
            },
            {
              "batter": "CS Sandri",
              "bowler": "LP van der Westhuizen",
              "non_striker": "MG Raso",
              "runs": {
                "batter": 0,
                "extras": 0,
                "total": 0
              },
              "wickets": [
                {
                  "kind": "run out",
                  "player_out": "MG Raso",
                  "fielders": [
                    {
                      "name": "SF Burger"
                    }
                  ]
                }
              ]
            },
            {
              "batter": "WTN Fernando",
              "bowler": "LP van der Westhuizen",
              "non_striker": "CS Sandri",
              "runs": {
                "batter": 0,
                "extras": 0,
                "total": 0
              }
            },
            {
              "batter": "WTN Fernando",
              "bowler": "LP van der Westhuizen",
              "non_striker": "CS Sandri",
              "runs": {
                "batter": 0,
                "extras": 0,
                "total": 0
              }
            }
          ]
        },
        {
          "over": 17,
          "deliveries": [
            {
              "batter": "CS Sandri",
              "bowler": "NRP Scholtz",
              "non_striker": "WTN Fernando",
              "runs": {
                "batter": 1,
                "extras": 0,
                "total": 1
              }
            },
            {
              "batter": "WTN Fernando",
              "bowler": "NRP Scholtz",
              "non_striker": "CS Sandri",
              "runs": {
                "batter": 1,
                "extras": 0,
                "total": 1
              }
            },
            {
              "batter": "CS Sandri",
              "bowler": "NRP Scholtz",
              "non_striker": "WTN Fernando",
              "runs": {
                "batter": 1,
                "extras": 0,
                "total": 1
              }
            },
            {
              "batter": "WTN Fernando",
              "bowler": "NRP Scholtz",
              "non_striker": "CS Sandri",
              "runs": {
                "batter": 1,
                "extras": 0,
                "total": 1
              }
            },
            {
              "batter": "CS Sandri",
              "bowler": "NRP Scholtz",
              "non_striker": "WTN Fernando",
              "runs": {
                "batter": 0,
                "extras": 0,
                "total": 0
              },
              "wickets": [
                {
                  "kind": "run out",
                  "player_out": "WTN Fernando",
                  "fielders": [
                    {
                      "name": "CG Williams"
                    }
                  ]
                }
              ]
            },
            {
              "batter": "DSF Arsakulasuriya",
              "bowler": "NRP Scholtz",
              "non_striker": "CS Sandri",
              "runs": {
                "batter": 0,
                "extras": 0,
                "total": 0
              }
            }
          ]
        },
        {
          "over": 18,
          "deliveries": [
            {
              "batter": "CS Sandri",
              "bowler": "LP van der Westhuizen",
              "non_striker": "DSF Arsakulasuriya",
              "runs": {
                "batter": 2,
                "extras": 0,
                "total": 2
              }
            },
            {
              "batter": "CS Sandri",
              "bowler": "LP van der Westhuizen",
              "non_striker": "DSF Arsakulasuriya",
              "runs": {
                "batter": 1,
                "extras": 0,
                "total": 1
              }
            },
            {
              "batter": "DSF Arsakulasuriya",
              "bowler": "LP van der Westhuizen",
              "extras": {
                "wides": 1
              },
              "non_striker": "CS Sandri",
              "runs": {
                "batter": 0,
                "extras": 1,
                "total": 1
              }
            },
            {
              "batter": "DSF Arsakulasuriya",
              "bowler": "LP van der Westhuizen",
              "non_striker": "CS Sandri",
              "runs": {
                "batter": 1,
                "extras": 0,
                "total": 1
              }
            },
            {
              "batter": "CS Sandri",
              "bowler": "LP van der Westhuizen",
              "non_striker": "DSF Arsakulasuriya",
              "runs": {
                "batter": 2,
                "extras": 0,
                "total": 2
              }
            },
            {
              "batter": "CS Sandri",
              "bowler": "LP van der Westhuizen",
              "non_striker": "DSF Arsakulasuriya",
              "runs": {
                "batter": 0,
                "extras": 0,
                "total": 0
              },
              "wickets": [
                {
                  "kind": "caught",
                  "player_out": "CS Sandri",
                  "fielders": [
                    {
                      "name": "JP Kotze"
                    }
                  ]
                }
              ]
            },
            {
              "batter": "GRD Munasinghe",
              "bowler": "LP van der Westhuizen",
              "non_striker": "DSF Arsakulasuriya",
              "runs": {
                "batter": 0,
                "extras": 0,
                "total": 0
              }
            }
          ]
        },
        {
          "over": 19,
          "deliveries": [
            {
              "batter": "DSF Arsakulasuriya",
              "bowler": "NRP Scholtz",
              "non_striker": "GRD Munasinghe",
              "runs": {
                "batter": 0,
                "extras": 0,
                "total": 0
              },
              "wickets": [
                {
                  "kind": "run out",
                  "player_out": "GRD Munasinghe",
                  "fielders": [
                    {
                      "name": "NRP Scholtz"
                    }
                  ]
                }
              ]
            },
            {
              "batter": "DSF Arsakulasuriya",
              "bowler": "NRP Scholtz",
              "non_striker": "MGSM Fernando",
              "runs": {
                "batter": 2,
                "extras": 0,
                "total": 2
              }
            },
            {
              "batter": "DSF Arsakulasuriya",
              "bowler": "NRP Scholtz",
              "non_striker": "MGSM Fernando",
              "runs": {
                "batter": 0,
                "extras": 0,
                "total": 0
              }
            },
            {
              "batter": "DSF Arsakulasuriya",
              "bowler": "NRP Scholtz",
              "non_striker": "MGSM Fernando",
              "runs": {
                "batter": 0,
                "extras": 0,
                "total": 0
              }
            },
            {
              "batter": "DSF Arsakulasuriya",
              "bowler": "NRP Scholtz",
              "non_striker": "MGSM Fernando",
              "runs": {
                "batter": 2,
                "extras": 0,
                "total": 2
              }
            },
            {
              "batter": "DSF Arsakulasuriya",
              "bowler": "NRP Scholtz",
              "non_striker": "MGSM Fernando",
              "runs": {
                "batter": 2,
                "extras": 0,
                "total": 2
              }
            }
          ]
        }
      ],
      "powerplays": [
        {
          "from": 0.1,
          "to": 5.6,
          "type": "mandatory"
        }
      ]
    },
    {
      "team": "Namibia",
      "overs": [
        {
          "over": 0,
          "deliveries": [
            {
              "batter": "LP van der Westhuizen",
              "bowler": "GRD Munasinghe",
              "non_striker": "HN Ya France",
              "runs": {
                "batter": 1,
                "extras": 0,
                "total": 1
              }
            },
            {
              "batter": "HN Ya France",
              "bowler": "GRD Munasinghe",
              "non_striker": "LP van der Westhuizen",
              "runs": {
                "batter": 0,
                "extras": 0,
                "total": 0
              }
            },
            {
              "batter": "HN Ya France",
              "bowler": "GRD Munasinghe",
              "extras": {
                "wides": 1
              },
              "non_striker": "LP van der Westhuizen",
              "runs": {
                "batter": 0,
                "extras": 1,
                "total": 1
              }
            },
            {
              "batter": "HN Ya France",
              "bowler": "GRD Munasinghe",
              "non_striker": "LP van der Westhuizen",
              "runs": {
                "batter": 0,
                "extras": 0,
                "total": 0
              }
            },
            {
              "batter": "HN Ya France",
              "bowler": "GRD Munasinghe",
              "non_striker": "LP van der Westhuizen",
              "runs": {
                "batter": 2,
                "extras": 0,
                "total": 2
              }
            },
            {
              "batter": "HN Ya France",
              "bowler": "GRD Munasinghe",
              "non_striker": "LP van der Westhuizen",
              "runs": {
                "batter": 1,
                "extras": 0,
                "total": 1
              }
            },
            {
              "batter": "LP van der Westhuizen",
              "bowler": "GRD Munasinghe",
              "non_striker": "HN Ya France",
              "runs": {
                "batter": 0,
                "extras": 0,
                "total": 0
              }
            }
          ]
        },
        {
          "over": 1,
          "deliveries": [
            {
              "batter": "HN Ya France",
              "bowler": "DG Crowley",
              "non_striker": "LP van der Westhuizen",
              "runs": {
                "batter": 0,
                "extras": 0,
                "total": 0
              }
            },
            {
              "batter": "HN Ya France",
              "bowler": "DG Crowley",
              "non_striker": "LP van der Westhuizen",
              "runs": {
                "batter": 0,
                "extras": 0,
                "total": 0
              }
            },
            {
              "batter": "HN Ya France",
              "bowler": "DG Crowley",
              "non_striker": "LP van der Westhuizen",
              "runs": {
                "batter": 0,
                "extras": 0,
                "total": 0
              }
            },
            {
              "batter": "HN Ya France",
              "bowler": "DG Crowley",
              "non_striker": "LP van der Westhuizen",
              "runs": {
                "batter": 4,
                "extras": 0,
                "total": 4
              }
            },
            {
              "batter": "HN Ya France",
              "bowler": "DG Crowley",
              "non_striker": "LP van der Westhuizen",
              "runs": {
                "batter": 1,
                "extras": 0,
                "total": 1
              }
            },
            {
              "batter": "LP van der Westhuizen",
              "bowler": "DG Crowley",
              "non_striker": "HN Ya France",
              "runs": {
                "batter": 0,
                "extras": 0,
                "total": 0
              }
            }
          ]
        },
        {
          "over": 2,
          "deliveries": [
            {
              "batter": "HN Ya France",
              "bowler": "GRD Munasinghe",
              "non_striker": "LP van der Westhuizen",
              "runs": {
                "batter": 1,
                "extras": 0,
                "total": 1
              }
            },
            {
              "batter": "LP van der Westhuizen",
              "bowler": "GRD Munasinghe",
              "non_striker": "HN Ya France",
              "runs": {
                "batter": 0,
                "extras": 0,
                "total": 0
              },
              "wickets": [
                {
                  "kind": "bowled",
                  "player_out": "LP van der Westhuizen"
                }
              ]
            },
            {
              "batter": "SF Burger",
              "bowler": "GRD Munasinghe",
              "non_striker": "HN Ya France",
              "runs": {
                "batter": 0,
                "extras": 0,
                "total": 0
              }
            },
            {
              "batter": "SF Burger",
              "bowler": "GRD Munasinghe",
              "non_striker": "HN Ya France",
              "runs": {
                "batter": 1,
                "extras": 0,
                "total": 1
              }
            },
            {
              "batter": "HN Ya France",
              "bowler": "GRD Munasinghe",
              "non_striker": "SF Burger",
              "runs": {
                "batter": 1,
                "extras": 0,
                "total": 1
              }
            },
            {
              "batter": "SF Burger",
              "bowler": "GRD Munasinghe",
              "non_striker": "HN Ya France",
              "runs": {
                "batter": 1,
                "extras": 0,
                "total": 1
              }
            }
          ]
        },
        {
          "over": 3,
          "deliveries": [
            {
              "batter": "SF Burger",
              "bowler": "DG Crowley",
              "non_striker": "HN Ya France",
              "runs": {
                "batter": 1,
                "extras": 0,
                "total": 1
              }
            },
            {
              "batter": "HN Ya France",
              "bowler": "DG Crowley",
              "non_striker": "SF Burger",
              "runs": {
                "batter": 0,
                "extras": 0,
                "total": 0
              }
            },
            {
              "batter": "HN Ya France",
              "bowler": "DG Crowley",
              "non_striker": "SF Burger",
              "runs": {
                "batter": 1,
                "extras": 0,
                "total": 1
              }
            },
            {
              "batter": "SF Burger",
              "bowler": "DG Crowley",
              "non_striker": "HN Ya France",
              "runs": {
                "batter": 1,
                "extras": 0,
                "total": 1
              }
            },
            {
              "batter": "HN Ya France",
              "bowler": "DG Crowley",
              "non_striker": "SF Burger",
              "runs": {
                "batter": 4,
                "extras": 0,
                "total": 4
              }
            },
            {
              "batter": "HN Ya France",
              "bowler": "DG Crowley",
              "non_striker": "SF Burger",
              "runs": {
                "batter": 0,
                "extras": 0,
                "total": 0
              }
            }
          ]
        },
        {
          "over": 4,
          "deliveries": [
            {
              "batter": "SF Burger",
              "bowler": "GK Berg",
              "non_striker": "HN Ya France",
              "runs": {
                "batter": 0,
                "extras": 0,
                "total": 0
              }
            },
            {
              "batter": "SF Burger",
              "bowler": "GK Berg",
              "non_striker": "HN Ya France",
              "runs": {
                "batter": 1,
                "extras": 0,
                "total": 1
              }
            },
            {
              "batter": "HN Ya France",
              "bowler": "GK Berg",
              "non_striker": "SF Burger",
              "runs": {
                "batter": 0,
                "extras": 0,
                "total": 0
              },
              "wickets": [
                {
                  "kind": "run out",
                  "player_out": "HN Ya France",
                  "fielders": [
                    {
                      "name": "PA Petricola"
                    }
                  ]
                }
              ]
            },
            {
              "batter": "CG Williams",
              "bowler": "GK Berg",
              "non_striker": "SF Burger",
              "runs": {
                "batter": 0,
                "extras": 0,
                "total": 0
              }
            },
            {
              "batter": "CG Williams",
              "bowler": "GK Berg",
              "non_striker": "SF Burger",
              "runs": {
                "batter": 0,
                "extras": 0,
                "total": 0
              }
            },
            {
              "batter": "CG Williams",
              "bowler": "GK Berg",
              "non_striker": "SF Burger",
              "runs": {
                "batter": 0,
                "extras": 0,
                "total": 0
              }
            }
          ]
        },
        {
          "over": 5,
          "deliveries": [
            {
              "batter": "SF Burger",
              "bowler": "CS Sandri",
              "non_striker": "CG Williams",
              "runs": {
                "batter": 0,
                "extras": 0,
                "total": 0
              }
            },
            {
              "batter": "SF Burger",
              "bowler": "CS Sandri",
              "extras": {
                "wides": 1
              },
              "non_striker": "CG Williams",
              "runs": {
                "batter": 0,
                "extras": 1,
                "total": 1
              }
            },
            {
              "batter": "SF Burger",
              "bowler": "CS Sandri",
              "non_striker": "CG Williams",
              "runs": {
                "batter": 1,
                "extras": 0,
                "total": 1
              }
            },
            {
              "batter": "CG Williams",
              "bowler": "CS Sandri",
              "non_striker": "SF Burger",
              "runs": {
                "batter": 1,
                "extras": 0,
                "total": 1
              }
            },
            {
              "batter": "SF Burger",
              "bowler": "CS Sandri",
              "non_striker": "CG Williams",
              "runs": {
                "batter": 0,
                "extras": 0,
                "total": 0
              },
              "wickets": [
                {
                  "kind": "caught",
                  "player_out": "SF Burger",
                  "fielders": [
                    {
                      "name": "AM Northcote"
                    }
                  ]
                }
              ]
            },
            {
              "batter": "NRP Scholtz",
              "bowler": "CS Sandri",
              "extras": {
                "legbyes": 1
              },
              "non_striker": "CG Williams",
              "runs": {
                "batter": 0,
                "extras": 1,
                "total": 1
              }
            },
            {
              "batter": "CG Williams",
              "bowler": "CS Sandri",
              "non_striker": "NRP Scholtz",
              "runs": {
                "batter": 0,
                "extras": 0,
                "total": 0
              }
            }
          ]
        },
        {
          "over": 6,
          "deliveries": [
            {
              "batter": "NRP Scholtz",
              "bowler": "GK Berg",
              "non_striker": "CG Williams",
              "runs": {
                "batter": 0,
                "extras": 0,
                "total": 0
              }
            },
            {
              "batter": "NRP Scholtz",
              "bowler": "GK Berg",
              "non_striker": "CG Williams",
              "runs": {
                "batter": 1,
                "extras": 0,
                "total": 1
              }
            },
            {
              "batter": "CG Williams",
              "bowler": "GK Berg",
              "non_striker": "NRP Scholtz",
              "runs": {
                "batter": 2,
                "extras": 0,
                "total": 2
              }
            },
            {
              "batter": "CG Williams",
              "bowler": "GK Berg",
              "non_striker": "NRP Scholtz",
              "runs": {
                "batter": 0,
                "extras": 0,
                "total": 0
              }
            },
            {
              "batter": "CG Williams",
              "bowler": "GK Berg",
              "non_striker": "NRP Scholtz",
              "runs": {
                "batter": 1,
                "extras": 0,
                "total": 1
              }
            },
            {
              "batter": "NRP Scholtz",
              "bowler": "GK Berg",
              "non_striker": "CG Williams",
              "runs": {
                "batter": 1,
                "extras": 0,
                "total": 1
              }
            }
          ]
        },
        {
          "over": 7,
          "deliveries": [
            {
              "batter": "NRP Scholtz",
              "bowler": "CS Sandri",
              "non_striker": "CG Williams",
              "runs": {
                "batter": 1,
                "extras": 0,
                "total": 1
              }
            },
            {
              "batter": "CG Williams",
              "bowler": "CS Sandri",
              "non_striker": "NRP Scholtz",
              "runs": {
                "batter": 1,
                "extras": 0,
                "total": 1
              }
            },
            {
              "batter": "NRP Scholtz",
              "bowler": "CS Sandri",
              "non_striker": "CG Williams",
              "runs": {
                "batter": 0,
                "extras": 0,
                "total": 0
              }
            },
            {
              "batter": "NRP Scholtz",
              "bowler": "CS Sandri",
              "non_striker": "CG Williams",
              "runs": {
                "batter": 0,
                "extras": 0,
                "total": 0
              }
            },
            {
              "batter": "NRP Scholtz",
              "bowler": "CS Sandri",
              "non_striker": "CG Williams",
              "runs": {
                "batter": 2,
                "extras": 0,
                "total": 2
              }
            },
            {
              "batter": "NRP Scholtz",
              "bowler": "CS Sandri",
              "non_striker": "CG Williams",
              "runs": {
                "batter": 0,
                "extras": 0,
                "total": 0
              }
            }
          ]
        },
        {
          "over": 8,
          "deliveries": [
            {
              "batter": "CG Williams",
              "bowler": "DSF Arsakulasuriya",
              "non_striker": "NRP Scholtz",
              "runs": {
                "batter": 4,
                "extras": 0,
                "total": 4
              }
            },
            {
              "batter": "CG Williams",
              "bowler": "DSF Arsakulasuriya",
              "non_striker": "NRP Scholtz",
              "runs": {
                "batter": 0,
                "extras": 0,
                "total": 0
              }
            },
            {
              "batter": "CG Williams",
              "bowler": "DSF Arsakulasuriya",
              "non_striker": "NRP Scholtz",
              "runs": {
                "batter": 0,
                "extras": 0,
                "total": 0
              },
              "wickets": [
                {
                  "kind": "lbw",
                  "player_out": "CG Williams"
                }
              ]
            },
            {
              "batter": "MG Erasmus",
              "bowler": "DSF Arsakulasuriya",
              "non_striker": "NRP Scholtz",
              "runs": {
                "batter": 1,
                "extras": 0,
                "total": 1
              }
            },
            {
              "batter": "NRP Scholtz",
              "bowler": "DSF Arsakulasuriya",
              "non_striker": "MG Erasmus",
              "runs": {
                "batter": 1,
                "extras": 0,
                "total": 1
              }
            },
            {
              "batter": "MG Erasmus",
              "bowler": "DSF Arsakulasuriya",
              "non_striker": "NRP Scholtz",
              "runs": {
                "batter": 1,
                "extras": 0,
                "total": 1
              }
            }
          ]
        },
        {
          "over": 9,
          "deliveries": [
            {
              "batter": "MG Erasmus",
              "bowler": "MGSM Fernando",
              "non_striker": "NRP Scholtz",
              "runs": {
                "batter": 0,
                "extras": 0,
                "total": 0
              }
            },
            {
              "batter": "MG Erasmus",
              "bowler": "MGSM Fernando",
              "non_striker": "NRP Scholtz",
              "runs": {
                "batter": 0,
                "extras": 0,
                "total": 0
              }
            },
            {
              "batter": "MG Erasmus",
              "bowler": "MGSM Fernando",
              "non_striker": "NRP Scholtz",
              "runs": {
                "batter": 1,
                "extras": 0,
                "total": 1
              }
            },
            {
              "batter": "NRP Scholtz",
              "bowler": "MGSM Fernando",
              "non_striker": "MG Erasmus",
              "runs": {
                "batter": 0,
                "extras": 0,
                "total": 0
              }
            },
            {
              "batter": "NRP Scholtz",
              "bowler": "MGSM Fernando",
              "non_striker": "MG Erasmus",
              "runs": {
                "batter": 1,
                "extras": 0,
                "total": 1
              }
            },
            {
              "batter": "MG Erasmus",
              "bowler": "MGSM Fernando",
              "non_striker": "NRP Scholtz",
              "runs": {
                "batter": 0,
                "extras": 0,
                "total": 0
              }
            }
          ]
        },
        {
          "over": 10,
          "deliveries": [
            {
              "batter": "NRP Scholtz",
              "bowler": "DSF Arsakulasuriya",
              "non_striker": "MG Erasmus",
              "runs": {
                "batter": 2,
                "extras": 0,
                "total": 2
              }
            },
            {
              "batter": "NRP Scholtz",
              "bowler": "DSF Arsakulasuriya",
              "non_striker": "MG Erasmus",
              "runs": {
                "batter": 1,
                "extras": 0,
                "total": 1
              }
            },
            {
              "batter": "MG Erasmus",
              "bowler": "DSF Arsakulasuriya",
              "non_striker": "NRP Scholtz",
              "runs": {
                "batter": 0,
                "extras": 0,
                "total": 0
              }
            },
            {
              "batter": "MG Erasmus",
              "bowler": "DSF Arsakulasuriya",
              "non_striker": "NRP Scholtz",
              "runs": {
                "batter": 1,
                "extras": 0,
                "total": 1
              }
            },
            {
              "batter": "NRP Scholtz",
              "bowler": "DSF Arsakulasuriya",
              "non_striker": "MG Erasmus",
              "runs": {
                "batter": 2,
                "extras": 0,
                "total": 2
              }
            },
            {
              "batter": "NRP Scholtz",
              "bowler": "DSF Arsakulasuriya",
              "non_striker": "MG Erasmus",
              "runs": {
                "batter": 2,
                "extras": 0,
                "total": 2
              }
            }
          ]
        },
        {
          "over": 11,
          "deliveries": [
            {
              "batter": "MG Erasmus",
              "bowler": "MGSM Fernando",
              "non_striker": "NRP Scholtz",
              "runs": {
                "batter": 2,
                "extras": 0,
                "total": 2
              }
            },
            {
              "batter": "MG Erasmus",
              "bowler": "MGSM Fernando",
              "non_striker": "NRP Scholtz",
              "runs": {
                "batter": 1,
                "extras": 0,
                "total": 1
              }
            },
            {
              "batter": "NRP Scholtz",
              "bowler": "MGSM Fernando",
              "non_striker": "MG Erasmus",
              "runs": {
                "batter": 1,
                "extras": 0,
                "total": 1
              }
            },
            {
              "batter": "MG Erasmus",
              "bowler": "MGSM Fernando",
              "non_striker": "NRP Scholtz",
              "runs": {
                "batter": 1,
                "extras": 0,
                "total": 1
              }
            },
            {
              "batter": "NRP Scholtz",
              "bowler": "MGSM Fernando",
              "non_striker": "MG Erasmus",
              "runs": {
                "batter": 0,
                "extras": 0,
                "total": 0
              }
            },
            {
              "batter": "NRP Scholtz",
              "bowler": "MGSM Fernando",
              "non_striker": "MG Erasmus",
              "runs": {
                "batter": 2,
                "extras": 0,
                "total": 2
              }
            }
          ]
        },
        {
          "over": 12,
          "deliveries": [
            {
              "batter": "MG Erasmus",
              "bowler": "DG Crowley",
              "non_striker": "NRP Scholtz",
              "runs": {
                "batter": 2,
                "extras": 0,
                "total": 2
              }
            },
            {
              "batter": "MG Erasmus",
              "bowler": "DG Crowley",
              "non_striker": "NRP Scholtz",
              "runs": {
                "batter": 1,
                "extras": 0,
                "total": 1
              }
            },
            {
              "batter": "NRP Scholtz",
              "bowler": "DG Crowley",
              "non_striker": "MG Erasmus",
              "runs": {
                "batter": 2,
                "extras": 0,
                "total": 2
              }
            },
            {
              "batter": "NRP Scholtz",
              "bowler": "DG Crowley",
              "non_striker": "MG Erasmus",
              "runs": {
                "batter": 1,
                "extras": 0,
                "total": 1
              }
            },
            {
              "batter": "MG Erasmus",
              "bowler": "DG Crowley",
              "non_striker": "NRP Scholtz",
              "runs": {
                "batter": 2,
                "extras": 0,
                "total": 2
              }
            },
            {
              "batter": "MG Erasmus",
              "bowler": "DG Crowley",
              "non_striker": "NRP Scholtz",
              "runs": {
                "batter": 0,
                "extras": 0,
                "total": 0
              }
            }
          ]
        },
        {
          "over": 13,
          "deliveries": [
            {
              "batter": "NRP Scholtz",
              "bowler": "MGSM Fernando",
              "non_striker": "MG Erasmus",
              "runs": {
                "batter": 2,
                "extras": 0,
                "total": 2
              }
            },
            {
              "batter": "NRP Scholtz",
              "bowler": "MGSM Fernando",
              "non_striker": "MG Erasmus",
              "runs": {
                "batter": 1,
                "extras": 0,
                "total": 1
              }
            },
            {
              "batter": "MG Erasmus",
              "bowler": "MGSM Fernando",
              "non_striker": "NRP Scholtz",
              "runs": {
                "batter": 1,
                "extras": 0,
                "total": 1
              }
            },
            {
              "batter": "NRP Scholtz",
              "bowler": "MGSM Fernando",
              "non_striker": "MG Erasmus",
              "runs": {
                "batter": 0,
                "extras": 0,
                "total": 0
              }
            },
            {
              "batter": "NRP Scholtz",
              "bowler": "MGSM Fernando",
              "non_striker": "MG Erasmus",
              "runs": {
                "batter": 1,
                "extras": 0,
                "total": 1
              }
            },
            {
              "batter": "MG Erasmus",
              "bowler": "MGSM Fernando",
              "non_striker": "NRP Scholtz",
              "runs": {
                "batter": 1,
                "extras": 0,
                "total": 1
              }
            }
          ]
        },
        {
          "over": 14,
          "deliveries": [
            {
              "batter": "MG Erasmus",
              "bowler": "GK Berg",
              "non_striker": "NRP Scholtz",
              "runs": {
                "batter": 2,
                "extras": 0,
                "total": 2
              }
            },
            {
              "batter": "MG Erasmus",
              "bowler": "GK Berg",
              "non_striker": "NRP Scholtz",
              "runs": {
                "batter": 0,
                "extras": 0,
                "total": 0
              }
            },
            {
              "batter": "MG Erasmus",
              "bowler": "GK Berg",
              "non_striker": "NRP Scholtz",
              "runs": {
                "batter": 1,
                "extras": 0,
                "total": 1
              }
            },
            {
              "batter": "NRP Scholtz",
              "bowler": "GK Berg",
              "non_striker": "MG Erasmus",
              "runs": {
                "batter": 1,
                "extras": 0,
                "total": 1
              }
            },
            {
              "batter": "MG Erasmus",
              "bowler": "GK Berg",
              "non_striker": "NRP Scholtz",
              "runs": {
                "batter": 0,
                "extras": 0,
                "total": 0
              }
            },
            {
              "batter": "MG Erasmus",
              "bowler": "GK Berg",
              "non_striker": "NRP Scholtz",
              "runs": {
                "batter": 1,
                "extras": 0,
                "total": 1
              }
            }
          ]
        },
        {
          "over": 15,
          "deliveries": [
            {
              "batter": "MG Erasmus",
              "bowler": "CS Sandri",
              "non_striker": "NRP Scholtz",
              "runs": {
                "batter": 1,
                "extras": 0,
                "total": 1
              }
            },
            {
              "batter": "NRP Scholtz",
              "bowler": "CS Sandri",
              "non_striker": "MG Erasmus",
              "runs": {
                "batter": 0,
                "extras": 0,
                "total": 0
              },
              "wickets": [
                {
                  "kind": "caught",
                  "player_out": "NRP Scholtz",
                  "fielders": [
                    {
                      "name": "PA Petricola"
                    }
                  ]
                }
              ]
            },
            {
              "batter": "MG Erasmus",
              "bowler": "CS Sandri",
              "non_striker": "JP Kotze",
              "runs": {
                "batter": 0,
                "extras": 0,
                "total": 0
              }
            },
            {
              "batter": "MG Erasmus",
              "bowler": "CS Sandri",
              "non_striker": "JP Kotze",
              "runs": {
                "batter": 1,
                "extras": 0,
                "total": 1
              }
            },
            {
              "batter": "JP Kotze",
              "bowler": "CS Sandri",
              "non_striker": "MG Erasmus",
              "runs": {
                "batter": 0,
                "extras": 0,
                "total": 0
              }
            },
            {
              "batter": "JP Kotze",
              "bowler": "CS Sandri",
              "non_striker": "MG Erasmus",
              "runs": {
                "batter": 0,
                "extras": 0,
                "total": 0
              }
            }
          ]
        },
        {
          "over": 16,
          "deliveries": [
            {
              "batter": "MG Erasmus",
              "bowler": "GRD Munasinghe",
              "non_striker": "JP Kotze",
              "runs": {
                "batter": 1,
                "extras": 0,
                "total": 1
              }
            },
            {
              "batter": "JP Kotze",
              "bowler": "GRD Munasinghe",
              "non_striker": "MG Erasmus",
              "runs": {
                "batter": 6,
                "extras": 0,
                "total": 6
              }
            },
            {
              "batter": "JP Kotze",
              "bowler": "GRD Munasinghe",
              "non_striker": "MG Erasmus",
              "runs": {
                "batter": 4,
                "extras": 0,
                "total": 4
              }
            },
            {
              "batter": "JP Kotze",
              "bowler": "GRD Munasinghe",
              "non_striker": "MG Erasmus",
              "runs": {
                "batter": 0,
                "extras": 0,
                "total": 0
              },
              "wickets": [
                {
                  "kind": "caught",
                  "player_out": "JP Kotze",
                  "fielders": [
                    {
                      "name": "CS Sandri"
                    }
                  ]
                }
              ]
            },
            {
              "batter": "C Viljoen",
              "bowler": "GRD Munasinghe",
              "non_striker": "MG Erasmus",
              "runs": {
                "batter": 1,
                "extras": 0,
                "total": 1
              }
            },
            {
              "batter": "MG Erasmus",
              "bowler": "GRD Munasinghe",
              "non_striker": "C Viljoen",
              "runs": {
                "batter": 0,
                "extras": 0,
                "total": 0
              }
            }
          ]
        },
        {
          "over": 17,
          "deliveries": [
            {
              "batter": "C Viljoen",
              "bowler": "CS Sandri",
              "non_striker": "MG Erasmus",
              "runs": {
                "batter": 0,
                "extras": 0,
                "total": 0
              },
              "wickets": [
                {
                  "kind": "run out",
                  "player_out": "C Viljoen",
                  "fielders": [
                    {
                      "name": "GRD Munasinghe"
                    }
                  ]
                }
              ]
            },
            {
              "batter": "MG Erasmus",
              "bowler": "CS Sandri",
              "non_striker": "L Klazinga",
              "runs": {
                "batter": 1,
                "extras": 0,
                "total": 1
              }
            },
            {
              "batter": "L Klazinga",
              "bowler": "CS Sandri",
              "non_striker": "MG Erasmus",
              "runs": {
                "batter": 0,
                "extras": 0,
                "total": 0
              }
            },
            {
              "batter": "L Klazinga",
              "bowler": "CS Sandri",
              "non_striker": "MG Erasmus",
              "runs": {
                "batter": 0,
                "extras": 0,
                "total": 0
              }
            },
            {
              "batter": "L Klazinga",
              "bowler": "CS Sandri",
              "non_striker": "MG Erasmus",
              "runs": {
                "batter": 1,
                "extras": 0,
                "total": 1
              }
            },
            {
              "batter": "MG Erasmus",
              "bowler": "CS Sandri",
              "non_striker": "L Klazinga",
              "runs": {
                "batter": 1,
                "extras": 0,
                "total": 1
              }
            }
          ]
        },
        {
          "over": 18,
          "deliveries": [
            {
              "batter": "MG Erasmus",
              "bowler": "GRD Munasinghe",
              "non_striker": "L Klazinga",
              "runs": {
                "batter": 1,
                "extras": 0,
                "total": 1
              }
            },
            {
              "batter": "L Klazinga",
              "bowler": "GRD Munasinghe",
              "non_striker": "MG Erasmus",
              "runs": {
                "batter": 1,
                "extras": 0,
                "total": 1
              }
            },
            {
              "batter": "MG Erasmus",
              "bowler": "GRD Munasinghe",
              "non_striker": "L Klazinga",
              "runs": {
                "batter": 1,
                "extras": 0,
                "total": 1
              }
            },
            {
              "batter": "L Klazinga",
              "bowler": "GRD Munasinghe",
              "non_striker": "MG Erasmus",
              "runs": {
                "batter": 4,
                "extras": 0,
                "total": 4
              }
            },
            {
              "batter": "L Klazinga",
              "bowler": "GRD Munasinghe",
              "non_striker": "MG Erasmus",
              "runs": {
                "batter": 1,
                "extras": 0,
                "total": 1
              }
            },
            {
              "batter": "MG Erasmus",
              "bowler": "GRD Munasinghe",
              "non_striker": "L Klazinga",
              "runs": {
                "batter": 1,
                "extras": 0,
                "total": 1
              }
            }
          ]
        },
        {
          "over": 19,
          "deliveries": [
            {
              "batter": "MG Erasmus",
              "bowler": "GK Berg",
              "non_striker": "L Klazinga",
              "runs": {
                "batter": 1,
                "extras": 0,
                "total": 1
              }
            },
            {
              "batter": "L Klazinga",
              "bowler": "GK Berg",
              "non_striker": "MG Erasmus",
              "runs": {
                "batter": 0,
                "extras": 0,
                "total": 0
              },
              "wickets": [
                {
                  "kind": "bowled",
                  "player_out": "L Klazinga"
                }
              ]
            },
            {
              "batter": "S Groenewald",
              "bowler": "GK Berg",
              "non_striker": "MG Erasmus",
              "runs": {
                "batter": 0,
                "extras": 0,
                "total": 0
              },
              "wickets": [
                {
                  "kind": "bowled",
                  "player_out": "S Groenewald"
                }
              ]
            },
            {
              "batter": "BM Scholtz",
              "bowler": "GK Berg",
              "non_striker": "MG Erasmus",
              "runs": {
                "batter": 0,
                "extras": 0,
                "total": 0
              },
              "wickets": [
                {
                  "kind": "bowled",
                  "player_out": "BM Scholtz"
                }
              ]
            }
          ]
        }
      ],
      "powerplays": [
        {
          "from": 0.1,
          "to": 5.7,
          "type": "mandatory"
        }
      ],
      "target": {
        "overs": 20,
        "runs": 131
      }
    }
  ]
}