{
  "meta": {
    "data_version": "1.0.0",
    "created": "2014-09-21",
    "revision": 3
  },
  "info": {
    "balls_per_over": 6,
    "city": "Incheon",
    "dates": [
      "2014-09-21"
    ],
    "event": {
      "group": "D",
      "match_number": 4,
      "name": "Asian Games Women's Cricket Competition"
    },
    "gender": "female",
    "match_type": "IT20",
    "missing": [
      "player_of_match"
    ],
    "officials": {
      "match_referees": [
        "Aminul Islam"
      ],
      "reserve_umpires": [
        "L Jingmin"
      ],
      "umpires": [
        "Sarika Prasad",
        "B Ramani"
      ]
    },
    "outcome": {
      "by": {
        "wickets": 6
      },
      "winner": "Thailand"
    },
    "overs": 20,
    "players": {
      "Nepal": [
        "K Shrestha",
        "SR Magar",
        "Nary Thapa",
        "S Magar",
        "RC Belbashi",
        "MM Chaudhary",
        "I Barma",
        "R Rawal",
        "Karuna Bhandari",
        "S Khadka",
        "Mamta Thapa"
      ],
      "Thailand": [
        "N Chantam",
        "N Boochatham",
        "N Chaiwai",
        "P Prathanmitr",
        "S Saengsakaorat",
        "C Sutthiruang",
        "S Laomi",
        "W Liengprasert",
        "S Saenya",
        "R Sangsoma",
        "N Srisuwan"
      ]
    },
    "registry": {
      "people": {
        "Aminul Islam": "8f82bd30",
        "B Ramani": "92ad5353",
        "C Sutthiruang": "f6ddfe08",
        "I Barma": "521abce2",
        "K Shrestha": "119de50f",
        "Karuna Bhandari": "c68fc575",
        "L Jingmin": "d092845d",
        "MM Chaudhary": "f4b9d4e0",
        "Mamta Thapa": "c4f7bc53",
        "N Boochatham": "58acb320",
        "N Chaiwai": "0825e4b3",
        "N Chantam": "b5626ff7",
        "N Srisuwan": "688f78a7",
        "Nary Thapa": "d24e69f5",
        "P Prathanmitr": "5fd81581",
        "R Rawal": "db39155a",
        "R Sangsoma": "e1aa1469",
        "RC Belbashi": "dfdaca74",
        "S Khadka": "c96e51ba",
        "S Laomi": "4b15618c",
        "S Magar": "4fc3790e",
        "S Saengsakaorat": "6214c0c6",
        "S Saenya": "befa9863",
        "SR Magar": "61c22ad0",
        "Sarika Prasad": "8ff397fa",
        "W Liengprasert": "4dabe716"
      }
    },
    "season": "2014/15",
    "team_type": "international",
    "teams": [
      "Nepal",
      "Thailand"
    ],
    "toss": {
      "decision": "field",
      "winner": "Thailand"
    },
    "venue": "Yeonhui Cricket Ground"
  },
  "innings": [
    {
      "team": "Nepal",
      "overs": [
        {
          "over": 0,
          "deliveries": [
            {
              "batter": "K Shrestha",
              "bowler": "C Sutthiruang",
              "non_striker": "SR Magar",
              "runs": {
                "batter": 0,
                "extras": 0,
                "total": 0
              }
            },
            {
              "batter": "K Shrestha",
              "bowler": "C Sutthiruang",
              "non_striker": "SR Magar",
              "runs": {
                "batter": 0,
                "extras": 0,
                "total": 0
              }
            },
            {
              "batter": "K Shrestha",
              "bowler": "C Sutthiruang",
              "non_striker": "SR Magar",
              "runs": {
                "batter": 0,
                "extras": 0,
                "total": 0
              }
            },
            {
              "batter": "K Shrestha",
              "bowler": "C Sutthiruang",
              "non_striker": "SR Magar",
              "runs": {
                "batter": 0,
                "extras": 0,
                "total": 0
              }
            },
            {
              "batter": "K Shrestha",
              "bowler": "C Sutthiruang",
              "non_striker": "SR Magar",
              "runs": {
                "batter": 0,
                "extras": 0,
                "total": 0
              }
            },
            {
              "batter": "K Shrestha",
              "bowler": "C Sutthiruang",
              "non_striker": "SR Magar",
              "runs": {
                "batter": 0,
                "extras": 0,
                "total": 0
              }
            }
          ]
        },
        {
          "over": 1,
          "deliveries": [
            {
              "batter": "SR Magar",
              "bowler": "N Chantam",
              "non_striker": "K Shrestha",
              "runs": {
                "batter": 0,
                "extras": 0,
                "total": 0
              }
            },
            {
              "batter": "SR Magar",
              "bowler": "N Chantam",
              "non_striker": "K Shrestha",
              "runs": {
                "batter": 1,
                "extras": 0,
                "total": 1
              }
            },
            {
              "batter": "K Shrestha",
              "bowler": "N Chantam",
              "extras": {
                "wides": 1
              },
              "non_striker": "SR Magar",
              "runs": {
                "batter": 0,
                "extras": 1,
                "total": 1
              }
            },
            {
              "batter": "K Shrestha",
              "bowler": "N Chantam",
              "non_striker": "SR Magar",
              "runs": {
                "batter": 0,
                "extras": 0,
                "total": 0
              }
            },
            {
              "batter": "K Shrestha",
              "bowler": "N Chantam",
              "non_striker": "SR Magar",
              "runs": {
                "batter": 2,
                "extras": 0,
                "total": 2
              }
            },
            {
              "batter": "K Shrestha",
              "bowler": "N Chantam",
              "non_striker": "SR Magar",
              "runs": {
                "batter": 0,
                "extras": 0,
                "total": 0
              }
            },
            {
              "batter": "K Shrestha",
              "bowler": "N Chantam",
              "non_striker": "SR Magar",
              "runs": {
                "batter": 1,
                "extras": 0,
                "total": 1
              }
            }
          ]
        },
        {
          "over": 2,
          "deliveries": [
            {
              "batter": "K Shrestha",
              "bowler": "C Sutthiruang",
              "non_striker": "SR Magar",
              "runs": {
                "batter": 0,
                "extras": 0,
                "total": 0
              }
            },
            {
              "batter": "K Shrestha",
              "bowler": "C Sutthiruang",
              "non_striker": "SR Magar",
              "runs": {
                "batter": 0,
                "extras": 0,
                "total": 0
              },
              "wickets": [
                {
                  "kind": "bowled",
                  "player_out": "K Shrestha"
                }
              ]
            },
            {
              "batter": "Nary Thapa",
              "bowler": "C Sutthiruang",
              "non_striker": "SR Magar",
              "runs": {
                "batter": 0,
                "extras": 0,
                "total": 0
              }
            },
            {
              "batter": "Nary Thapa",
              "bowler": "C Sutthiruang",
              "non_striker": "SR Magar",
              "runs": {
                "batter": 4,
                "extras": 0,
                "total": 4
              }
            },
            {
              "batter": "Nary Thapa",
              "bowler": "C Sutthiruang",
              "non_striker": "SR Magar",
              "runs": {
                "batter": 0,
                "extras": 0,
                "total": 0
              }
            },
            {
              "batter": "Nary Thapa",
              "bowler": "C Sutthiruang",
              "non_striker": "SR Magar",
              "runs": {
                "batter": 1,
                "extras": 0,
                "total": 1
              }
            }
          ]
        },
        {
          "over": 3,
          "deliveries": [
            {
              "batter": "Nary Thapa",
              "bowler": "N Chantam",
              "non_striker": "SR Magar",
              "runs": {
                "batter": 0,
                "extras": 0,
                "total": 0
              }
            },
            {
              "batter": "Nary Thapa",
              "bowler": "N Chantam",
              "non_striker": "SR Magar",
              "runs": {
                "batter": 0,
                "extras": 0,
                "total": 0
              }
            },
            {
              "batter": "Nary Thapa",
              "bowler": "N Chantam",
              "non_striker": "SR Magar",
              "runs": {
                "batter": 0,
                "extras": 0,
                "total": 0
              }
            },
            {
              "batter": "Nary Thapa",
              "bowler": "N Chantam",
              "non_striker": "SR Magar",
              "runs": {
                "batter": 0,
                "extras": 0,
                "total": 0
              },
              "wickets": [
                {
                  "kind": "run out",
                  "player_out": "SR Magar",
                  "fielders": [
                    {
                      "name": "S Laomi"
                    },
                    {
                      "name": "P Prathanmitr"
                    }
                  ]
                }
              ]
            },
            {
              "batter": "S Magar",
              "bowler": "N Chantam",
              "non_striker": "Nary Thapa",
              "runs": {
                "batter": 0,
                "extras": 0,
                "total": 0
              }
            },
            {
              "batter": "S Magar",
              "bowler": "N Chantam",
              "non_striker": "Nary Thapa",
              "runs": {
                "batter": 0,
                "extras": 0,
                "total": 0
              }
            }
          ]
        },
        {
          "over": 4,
          "deliveries": [
            {
              "batter": "Nary Thapa",
              "bowler": "C Sutthiruang",
              "non_striker": "S Magar",
              "runs": {
                "batter": 0,
                "extras": 0,
                "total": 0
              }
            },
            {
              "batter": "Nary Thapa",
              "bowler": "C Sutthiruang",
              "non_striker": "S Magar",
              "runs": {
                "batter": 1,
                "extras": 0,
                "total": 1
              }
            },
            {
              "batter": "S Magar",
              "bowler": "C Sutthiruang",
              "non_striker": "Nary Thapa",
              "runs": {
                "batter": 0,
                "extras": 0,
                "total": 0
              }
            },
            {
              "batter": "S Magar",
              "bowler": "C Sutthiruang",
              "extras": {
                "wides": 1
              },
              "non_striker": "Nary Thapa",
              "runs": {
                "batter": 0,
                "extras": 1,
                "total": 1
              }
            },
            {
              "batter": "S Magar",
              "bowler": "C Sutthiruang",
              "non_striker": "Nary Thapa",
              "runs": {
                "batter": 0,
                "extras": 0,
                "total": 0
              }
            },
            {
              "batter": "S Magar",
              "bowler": "C Sutthiruang",
              "non_striker": "Nary Thapa",
              "runs": {
                "batter": 0,
                "extras": 0,
                "total": 0
              }
            },
            {
              "batter": "S Magar",
              "bowler": "C Sutthiruang",
              "non_striker": "Nary Thapa",
              "runs": {
                "batter": 0,
                "extras": 0,
                "total": 0
              }
            }
          ]
        },
        {
          "over": 5,
          "deliveries": [
            {
              "batter": "Nary Thapa",
              "bowler": "W Liengprasert",
              "extras": {
                "wides": 1
              },
              "non_striker": "S Magar",
              "runs": {
                "batter": 0,
                "extras": 1,
                "total": 1
              }
            },
            {
              "batter": "Nary Thapa",
              "bowler": "W Liengprasert",
              "non_striker": "S Magar",
              "runs": {
                "batter": 0,
                "extras": 0,
                "total": 0
              }
            },
            {
              "batter": "Nary Thapa",
              "bowler": "W Liengprasert",
              "non_striker": "S Magar",
              "runs": {
                "batter": 1,
                "extras": 0,
                "total": 1
              }
            },
            {
              "batter": "S Magar",
              "bowler": "W Liengprasert",
              "non_striker": "Nary Thapa",
              "runs": {
                "batter": 0,
                "extras": 0,
                "total": 0
              },
              "wickets": [
                {
                  "kind": "caught",
                  "player_out": "S Magar",
                  "fielders": [
                    {
                      "name": "N Boochatham"
                    }
                  ]
                }
              ]
            },
            {
              "batter": "RC Belbashi",
              "bowler": "W Liengprasert",
              "non_striker": "Nary Thapa",
              "runs": {
                "batter": 0,
                "extras": 0,
                "total": 0
              }
            },
            {
              "batter": "RC Belbashi",
              "bowler": "W Liengprasert",
              "non_striker": "Nary Thapa",
              "runs": {
                "batter": 0,
                "extras": 0,
                "total": 0
              }
            },
            {
              "batter": "RC Belbashi",
              "bowler": "W Liengprasert",
              "non_striker": "Nary Thapa",
              "runs": {
                "batter": 0,
                "extras": 0,
                "total": 0
              }
            }
          ]
        },
        {
          "over": 6,
          "deliveries": [
            {
              "batter": "Nary Thapa",
              "bowler": "R Sangsoma",
              "non_striker": "RC Belbashi",
              "runs": {
                "batter": 0,
                "extras": 0,
                "total": 0
              }
            },
            {
              "batter": "Nary Thapa",
              "bowler": "R Sangsoma",
              "non_striker": "RC Belbashi",
              "runs": {
                "batter": 0,
                "extras": 0,
                "total": 0
              }
            },
            {
              "batter": "Nary Thapa",
              "bowler": "R Sangsoma",
              "non_striker": "RC Belbashi",
              "runs": {
                "batter": 0,
                "extras": 0,
                "total": 0
              }
            },
            {
              "batter": "Nary Thapa",
              "bowler": "R Sangsoma",
              "non_striker": "RC Belbashi",
              "runs": {
                "batter": 0,
                "extras": 0,
                "total": 0
              }
            },
            {
              "batter": "Nary Thapa",
              "bowler": "R Sangsoma",
              "non_striker": "RC Belbashi",
              "runs": {
                "batter": 0,
                "extras": 0,
                "total": 0
              }
            },
            {
              "batter": "Nary Thapa",
              "bowler": "R Sangsoma",
              "non_striker": "RC Belbashi",
              "runs": {
                "batter": 0,
                "extras": 0,
                "total": 0
              }
            }
          ]
        },
        {
          "over": 7,
          "deliveries": [
            {
              "batter": "RC Belbashi",
              "bowler": "W Liengprasert",
              "non_striker": "Nary Thapa",
              "runs": {
                "batter": 0,
                "extras": 0,
                "total": 0
              }
            },
            {
              "batter": "RC Belbashi",
              "bowler": "W Liengprasert",
              "non_striker": "Nary Thapa",
              "runs": {
                "batter": 0,
                "extras": 0,
                "total": 0
              }
            },
            {
              "batter": "RC Belbashi",
              "bowler": "W Liengprasert",
              "non_striker": "Nary Thapa",
              "runs": {
                "batter": 0,
                "extras": 0,
                "total": 0
              }
            },
            {
              "batter": "RC Belbashi",
              "bowler": "W Liengprasert",
              "non_striker": "Nary Thapa",
              "runs": {
                "batter": 1,
                "extras": 0,
                "total": 1
              }
            },
            {
              "batter": "Nary Thapa",
              "bowler": "W Liengprasert",
              "extras": {
                "wides": 1
              },
              "non_striker": "RC Belbashi",
              "runs": {
                "batter": 0,
                "extras": 1,
                "total": 1
              }
            },
            {
              "batter": "Nary Thapa",
              "bowler": "W Liengprasert",
              "non_striker": "RC Belbashi",
              "runs": {
                "batter": 0,
                "extras": 0,
                "total": 0
              }
            },
            {
              "batter": "Nary Thapa",
              "bowler": "W Liengprasert",
              "non_striker": "RC Belbashi",
              "runs": {
                "batter": 0,
                "extras": 0,
                "total": 0
              }
            }
          ]
        },
        {
          "over": 8,
          "deliveries": [
            {
              "batter": "RC Belbashi",
              "bowler": "R Sangsoma",
              "non_striker": "Nary Thapa",
              "runs": {
                "batter": 0,
                "extras": 0,
                "total": 0
              }
            },
            {
              "batter": "RC Belbashi",
              "bowler": "R Sangsoma",
              "non_striker": "Nary Thapa",
              "runs": {
                "batter": 0,
                "extras": 0,
                "total": 0
              }
            },
            {
              "batter": "RC Belbashi",
              "bowler": "R Sangsoma",
              "non_striker": "Nary Thapa",
              "runs": {
                "batter": 0,
                "extras": 0,
                "total": 0
              }
            },
            {
              "batter": "RC Belbashi",
              "bowler": "R Sangsoma",
              "non_striker": "Nary Thapa",
              "runs": {
                "batter": 0,
                "extras": 0,
                "total": 0
              }
            },
            {
              "batter": "RC Belbashi",
              "bowler": "R Sangsoma",
              "non_striker": "Nary Thapa",
              "runs": {
                "batter": 0,
                "extras": 0,
                "total": 0
              }
            },
            {
              "batter": "RC Belbashi",
              "bowler": "R Sangsoma",
              "non_striker": "Nary Thapa",
              "runs": {
                "batter": 0,
                "extras": 0,
                "total": 0
              }
            }
          ]
        },
        {
          "over": 9,
          "deliveries": [
            {
              "batter": "Nary Thapa",
              "bowler": "W Liengprasert",
              "non_striker": "RC Belbashi",
              "runs": {
                "batter": 0,
                "extras": 0,
                "total": 0
              }
            },
            {
              "batter": "Nary Thapa",
              "bowler": "W Liengprasert",
              "non_striker": "RC Belbashi",
              "runs": {
                "batter": 1,
                "extras": 0,
                "total": 1
              }
            },
            {
              "batter": "RC Belbashi",
              "bowler": "W Liengprasert",
              "non_striker": "Nary Thapa",
              "runs": {
                "batter": 0,
                "extras": 0,
                "total": 0
              },
              "wickets": [
                {
                  "kind": "bowled",
                  "player_out": "RC Belbashi"
                }
              ]
            },
            {
              "batter": "MM Chaudhary",
              "bowler": "W Liengprasert",
              "non_striker": "Nary Thapa",
              "runs": {
                "batter": 0,
                "extras": 0,
                "total": 0
              }
            },
            {
              "batter": "MM Chaudhary",
              "bowler": "W Liengprasert",
              "non_striker": "Nary Thapa",
              "runs": {
                "batter": 0,
                "extras": 0,
                "total": 0
              }
            },
            {
              "batter": "MM Chaudhary",
              "bowler": "W Liengprasert",
              "non_striker": "Nary Thapa",
              "runs": {
                "batter": 0,
                "extras": 0,
                "total": 0
              }
            }
          ]
        },
        {
          "over": 10,
          "deliveries": [
            {
              "batter": "Nary Thapa",
              "bowler": "S Laomi",
              "non_striker": "MM Chaudhary",
              "runs": {
                "batter": 0,
                "extras": 0,
                "total": 0
              }
            },
            {
              "batter": "Nary Thapa",
              "bowler": "S Laomi",
              "non_striker": "MM Chaudhary",
              "runs": {
                "batter": 1,
                "extras": 0,
                "total": 1
              }
            },
            {
              "batter": "MM Chaudhary",
              "bowler": "S Laomi",
              "extras": {
                "wides": 1
              },
              "non_striker": "Nary Thapa",
              "runs": {
                "batter": 0,
                "extras": 1,
                "total": 1
              }
            },
            {
              "batter": "MM Chaudhary",
              "bowler": "S Laomi",
              "non_striker": "Nary Thapa",
              "runs": {
                "batter": 0,
                "extras": 0,
                "total": 0
              }
            },
            {
              "batter": "MM Chaudhary",
              "bowler": "S Laomi",
              "non_striker": "Nary Thapa",
              "runs": {
                "batter": 1,
                "extras": 0,
                "total": 1
              }
            },
            {
              "batter": "Nary Thapa",
              "bowler": "S Laomi",
              "extras": {
                "wides": 1
              },
              "non_striker": "MM Chaudhary",
              "runs": {
                "batter": 0,
                "extras": 1,
                "total": 1
              }
            },
            {
              "batter": "Nary Thapa",
              "bowler": "S Laomi",
              "non_striker": "MM Chaudhary",
              "runs": {
                "batter": 0,
                "extras": 0,
                "total": 0
              }
            },
            {
              "batter": "Nary Thapa",
              "bowler": "S Laomi",
              "non_striker": "MM Chaudhary",
              "runs": {
                "batter": 2,
                "extras": 0,
                "total": 2
              }
            }
          ]
        },
        {
          "over": 11,
          "deliveries": [
            {
              "batter": "MM Chaudhary",
              "bowler": "N Boochatham",
              "non_striker": "Nary Thapa",
              "runs": {
                "batter": 1,
                "extras": 0,
                "total": 1
              }
            },
            {
              "batter": "Nary Thapa",
              "bowler": "N Boochatham",
              "non_striker": "MM Chaudhary",
              "runs": {
                "batter": 0,
                "extras": 0,
                "total": 0
              }
            },
            {
              "batter": "Nary Thapa",
              "bowler": "N Boochatham",
              "non_striker": "MM Chaudhary",
              "runs": {
                "batter": 1,
                "extras": 0,
                "total": 1
              }
            },
            {
              "batter": "MM Chaudhary",
              "bowler": "N Boochatham",
              "non_striker": "Nary Thapa",
              "runs": {
                "batter": 0,
                "extras": 0,
                "total": 0
              }
            },
            {
              "batter": "MM Chaudhary",
              "bowler": "N Boochatham",
              "non_striker": "Nary Thapa",
              "runs": {
                "batter": 0,
                "extras": 0,
                "total": 0
              }
            },
            {
              "batter": "MM Chaudhary",
              "bowler": "N Boochatham",
              "non_striker": "Nary Thapa",
              "runs": {
                "batter": 1,
                "extras": 0,
                "total": 1
              }
            }
          ]
        },
        {
          "over": 12,
          "deliveries": [
            {
              "batter": "MM Chaudhary",
              "bowler": "C Sutthiruang",
              "extras": {
                "wides": 1
              },
              "non_striker": "Nary Thapa",
              "runs": {
                "batter": 0,
                "extras": 1,
                "total": 1
              }
            },
            {
              "batter": "MM Chaudhary",
              "bowler": "C Sutthiruang",
              "non_striker": "Nary Thapa",
              "runs": {
                "batter": 2,
                "extras": 0,
                "total": 2
              }
            },
            {
              "batter": "MM Chaudhary",
              "bowler": "C Sutthiruang",
              "non_striker": "Nary Thapa",
              "runs": {
                "batter": 2,
                "extras": 0,
                "total": 2
              }
            },
            {
              "batter": "MM Chaudhary",
              "bowler": "C Sutthiruang",
              "non_striker": "Nary Thapa",
              "runs": {
                "batter": 0,
                "extras": 0,
                "total": 0
              }
            },
            {
              "batter": "MM Chaudhary",
              "bowler": "C Sutthiruang",
              "extras": {
                "wides": 1
              },
              "non_striker": "Nary Thapa",
              "runs": {
                "batter": 0,
                "extras": 1,
                "total": 1
              }
            },
            {
              "batter": "MM Chaudhary",
              "bowler": "C Sutthiruang",
              "non_striker": "Nary Thapa",
              "runs": {
                "batter": 0,
                "extras": 0,
                "total": 0
              }
            },
            {
              "batter": "MM Chaudhary",
              "bowler": "C Sutthiruang",
              "non_striker": "Nary Thapa",
              "runs": {
                "batter": 0,
                "extras": 0,
                "total": 0
              }
            },
            {
              "batter": "MM Chaudhary",
              "bowler": "C Sutthiruang",
              "extras": {
                "wides": 1
              },
              "non_striker": "Nary Thapa",
              "runs": {
                "batter": 0,
                "extras": 1,
                "total": 1
              }
            },
            {
              "batter": "MM Chaudhary",
              "bowler": "C Sutthiruang",
              "non_striker": "Nary Thapa",
              "runs": {
                "batter": 2,
                "extras": 0,
                "total": 2
              }
            }
          ]
        },
        {
          "over": 13,
          "deliveries": [
            {
              "batter": "Nary Thapa",
              "bowler": "N Boochatham",
              "non_striker": "MM Chaudhary",
              "runs": {
                "batter": 2,
                "extras": 0,
                "total": 2
              }
            },
            {
              "batter": "Nary Thapa",
              "bowler": "N Boochatham",
              "non_striker": "MM Chaudhary",
              "runs": {
                "batter": 0,
                "extras": 0,
                "total": 0
              }
            },
            {
              "batter": "Nary Thapa",
              "bowler": "N Boochatham",
              "non_striker": "MM Chaudhary",
              "runs": {
                "batter": 1,
                "extras": 0,
                "total": 1
              }
            },
            {
              "batter": "MM Chaudhary",
              "bowler": "N Boochatham",
              "non_striker": "Nary Thapa",
              "runs": {
                "batter": 0,
                "extras": 0,
                "total": 0
              }
            },
            {
              "batter": "MM Chaudhary",
              "bowler": "N Boochatham",
              "non_striker": "Nary Thapa",
              "runs": {
                "batter": 1,
                "extras": 0,
                "total": 1
              }
            },
            {
              "batter": "Nary Thapa",
              "bowler": "N Boochatham",
              "non_striker": "MM Chaudhary",
              "runs": {
                "batter": 0,
                "extras": 0,
                "total": 0
              }
            }
          ]
        },
        {
          "over": 14,
          "deliveries": [
            {
              "batter": "MM Chaudhary",
              "bowler": "N Chantam",
              "non_striker": "Nary Thapa",
              "runs": {
                "batter": 0,
                "extras": 0,
                "total": 0
              }
            },
            {
              "batter": "MM Chaudhary",
              "bowler": "N Chantam",
              "non_striker": "Nary Thapa",
              "runs": {
                "batter": 0,
                "extras": 0,
                "total": 0
              }
            },
            {
              "batter": "MM Chaudhary",
              "bowler": "N Chantam",
              "non_striker": "Nary Thapa",
              "runs": {
                "batter": 0,
                "extras": 0,
                "total": 0
              }
            },
            {
              "batter": "MM Chaudhary",
              "bowler": "N Chantam",
              "non_striker": "Nary Thapa",
              "runs": {
                "batter": 1,
                "extras": 0,
                "total": 1
              }
            },
            {
              "batter": "Nary Thapa",
              "bowler": "N Chantam",
              "extras": {
                "wides": 1
              },
              "non_striker": "MM Chaudhary",
              "runs": {
                "batter": 0,
                "extras": 1,
                "total": 1
              }
            },
            {
              "batter": "Nary Thapa",
              "bowler": "N Chantam",
              "non_striker": "MM Chaudhary",
              "runs": {
                "batter": 0,
                "extras": 0,
                "total": 0
              }
            },
            {
              "batter": "Nary Thapa",
              "bowler": "N Chantam",
              "non_striker": "MM Chaudhary",
              "runs": {
                "batter": 1,
                "extras": 0,
                "total": 1
              }
            }
          ]
        },
        {
          "over": 15,
          "deliveries": [
            {
              "batter": "Nary Thapa",
              "bowler": "W Liengprasert",
              "non_striker": "MM Chaudhary",
              "runs": {
                "batter": 1,
                "extras": 0,
                "total": 1
              }
            },
            {
              "batter": "MM Chaudhary",
              "bowler": "W Liengprasert",
              "non_striker": "Nary Thapa",
              "runs": {
                "batter": 0,
                "extras": 0,
                "total": 0
              }
            },
            {
              "batter": "MM Chaudhary",
              "bowler": "W Liengprasert",
              "non_striker": "Nary Thapa",
              "runs": {
                "batter": 1,
                "extras": 0,
                "total": 1
              }
            },
            {
              "batter": "Nary Thapa",
              "bowler": "W Liengprasert",
              "non_striker": "MM Chaudhary",
              "runs": {
                "batter": 0,
                "extras": 0,
                "total": 0
              }
            },
            {
              "batter": "Nary Thapa",
              "bowler": "W Liengprasert",
              "non_striker": "MM Chaudhary",
              "runs": {
                "batter": 1,
                "extras": 0,
                "total": 1
              }
            },
            {
              "batter": "MM Chaudhary",
              "bowler": "W Liengprasert",
              "non_striker": "Nary Thapa",
              "runs": {
                "batter": 1,
                "extras": 0,
                "total": 1
              }
            }
          ]
        },
        {
          "over": 16,
          "deliveries": [
            {
              "batter": "MM Chaudhary",
              "bowler": "R Sangsoma",
              "non_striker": "Nary Thapa",
              "runs": {
                "batter": 0,
                "extras": 0,
                "total": 0
              }
            },
            {
              "batter": "MM Chaudhary",
              "bowler": "R Sangsoma",
              "non_striker": "Nary Thapa",
              "runs": {
                "batter": 0,
                "extras": 0,
                "total": 0
              }
            },
            {
              "batter": "MM Chaudhary",
              "bowler": "R Sangsoma",
              "non_striker": "Nary Thapa",
              "runs": {
                "batter": 0,
                "extras": 0,
                "total": 0
              }
            },
            {
              "batter": "MM Chaudhary",
              "bowler": "R Sangsoma",
              "non_striker": "Nary Thapa",
              "runs": {
                "batter": 1,
                "extras": 0,
                "total": 1
              }
            },
            {
              "batter": "Nary Thapa",
              "bowler": "R Sangsoma",
              "non_striker": "MM Chaudhary",
              "runs": {
                "batter": 0,
                "extras": 0,
                "total": 0
              }
            },
            {
              "batter": "Nary Thapa",
              "bowler": "R Sangsoma",
              "non_striker": "MM Chaudhary",
              "runs": {
                "batter": 0,
                "extras": 0,
                "total": 0
              },
              "wickets": [
                {
                  "kind": "lbw",
                  "player_out": "Nary Thapa"
                }
              ]
            }
          ]
        },
        {
          "over": 17,
          "deliveries": [
            {
              "batter": "MM Chaudhary",
              "bowler": "N Boochatham",
              "non_striker": "I Barma",
              "runs": {
                "batter": 1,
                "extras": 0,
                "total": 1
              }
            },
            {
              "batter": "I Barma",
              "bowler": "N Boochatham",
              "extras": {
                "legbyes": 1
              },
              "non_striker": "MM Chaudhary",
              "runs": {
                "batter": 0,
                "extras": 1,
                "total": 1
              }
            },
            {
              "batter": "MM Chaudhary",
              "bowler": "N Boochatham",
              "non_striker": "I Barma",
              "runs": {
                "batter": 0,
                "extras": 0,
                "total": 0
              }
            },
            {
              "batter": "MM Chaudhary",
              "bowler": "N Boochatham",
              "non_striker": "I Barma",
              "runs": {
                "batter": 2,
                "extras": 0,
                "total": 2
              }
            },
            {
              "batter": "MM Chaudhary",
              "bowler": "N Boochatham",
              "non_striker": "I Barma",
              "runs": {
                "batter": 0,
                "extras": 0,
                "total": 0
              },
              "wickets": [
                {
                  "kind": "caught",
                  "player_out": "MM Chaudhary",
                  "fielders": [
                    {
                      "name": "S Saengsakaorat"
                    }
                  ]
                }
              ]
            },
            {
              "batter": "I Barma",
              "bowler": "N Boochatham",
              "extras": {
                "wides": 1
              },
              "non_striker": "R Rawal",
              "runs": {
                "batter": 0,
                "extras": 1,
                "total": 1
              }
            },
            {
              "batter": "I Barma",
              "bowler": "N Boochatham",
              "non_striker": "R Rawal",
              "runs": {
                "batter": 0,
                "extras": 0,
                "total": 0
              }
            }
          ]
        },
        {
          "over": 18,
          "deliveries": [
            {
              "batter": "R Rawal",
              "bowler": "N Chantam",
              "non_striker": "I Barma",
              "runs": {
                "batter": 1,
                "extras": 0,
                "total": 1
              }
            },
            {
              "batter": "I Barma",
              "bowler": "N Chantam",
              "non_striker": "R Rawal",
              "runs": {
                "batter": 2,
                "extras": 0,
                "total": 2
              }
            },
            {
              "batter": "I Barma",
              "bowler": "N Chantam",
              "non_striker": "R Rawal",
              "runs": {
                "batter": 1,
                "extras": 0,
                "total": 1
              }
            },
            {
              "batter": "R Rawal",
              "bowler": "N Chantam",
              "non_striker": "I Barma",
              "runs": {
                "batter": 1,
                "extras": 0,
                "total": 1
              }
            },
            {
              "batter": "I Barma",
              "bowler": "N Chantam",
              "non_striker": "R Rawal",
              "runs": {
                "batter": 1,
                "extras": 0,
                "total": 1
              }
            },
            {
              "batter": "R Rawal",
              "bowler": "N Chantam",
              "non_striker": "I Barma",
              "runs": {
                "batter": 0,
                "extras": 0,
                "total": 0
              },
              "wickets": [
                {
                  "kind": "run out",
                  "player_out": "R Rawal",
                  "fielders": [
                    {
                      "name": "N Chaiwai"
                    }
                  ]
                }
              ]
            }
          ]
        },
        {
          "over": 19,
          "deliveries": [
            {
              "batter": "Karuna Bhandari",
              "bowler": "N Boochatham",
              "non_striker": "I Barma",
              "runs": {
                "batter": 1,
                "extras": 0,
                "total": 1
              }
            },
            {
              "batter": "I Barma",
              "bowler": "N Boochatham",
              "extras": {
                "wides": 1
              },
              "non_striker": "Karuna Bhandari",
              "runs": {
                "batter": 0,
                "extras": 1,
                "total": 1
              }
            },
            {
              "batter": "I Barma",
              "bowler": "N Boochatham",
              "non_striker": "Karuna Bhandari",
              "runs": {
                "batter": 1,
                "extras": 0,
                "total": 1
              }
            },
            {
              "batter": "Karuna Bhandari",
              "bowler": "N Boochatham",
              "non_striker": "I Barma",
              "runs": {
                "batter": 1,
                "extras": 0,
                "total": 1
              }
            },
            {
              "batter": "I Barma",
              "bowler": "N Boochatham",
              "non_striker": "Karuna Bhandari",
              "runs": {
                "batter": 1,
                "extras": 0,
                "total": 1
              }
            },
            {
              "batter": "Karuna Bhandari",
              "bowler": "N Boochatham",
              "non_striker": "I Barma",
              "runs": {
                "batter": 1,
                "extras": 0,
                "total": 1
              }
            },
            {
              "batter": "I Barma",
              "bowler": "N Boochatham",
              "non_striker": "Karuna Bhandari",
              "runs": {
                "batter": 0,
                "extras": 0,
                "total": 0
              },
              "wickets": [
                {
                  "kind": "run out",
                  "player_out": "Karuna Bhandari",
                  "fielders": [
                    {
                      "name": "P Prathanmitr"
                    },
                    {
                      "name": "N Boochatham"
                    }
                  ]
                }
              ]
            }
          ]
        }
      ],
      "powerplays": [
        {
          "from": 0.1,
          "to": 5.7,
          "type": "mandatory"
        }
      ]
    },
    {
      "team": "Thailand",
      "overs": [
        {
          "over": 0,
          "deliveries": [
            {
              "batter": "N Chantam",
              "bowler": "S Khadka",
              "non_striker": "N Boochatham",
              "runs": {
                "batter": 1,
                "extras": 0,
                "total": 1
              }
            },
            {
              "batter": "N Boochatham",
              "bowler": "S Khadka",
              "non_striker": "N Chantam",
              "runs": {
                "batter": 0,
                "extras": 0,
                "total": 0
              }
            },
            {
              "batter": "N Boochatham",
              "bowler": "S Khadka",
              "non_striker": "N Chantam",
              "runs": {
                "batter": 1,
                "extras": 0,
                "total": 1
              }
            },
            {
              "batter": "N Chantam",
              "bowler": "S Khadka",
              "non_striker": "N Boochatham",
              "runs": {
                "batter": 0,
                "extras": 0,
                "total": 0
              }
            },
            {
              "batter": "N Chantam",
              "bowler": "S Khadka",
              "non_striker": "N Boochatham",
              "runs": {
                "batter": 0,
                "extras": 0,
                "total": 0
              }
            },
            {
              "batter": "N Chantam",
              "bowler": "S Khadka",
              "non_striker": "N Boochatham",
              "runs": {
                "batter": 3,
                "extras": 0,
                "total": 3
              }
            }
          ]
        },
        {
          "over": 1,
          "deliveries": [
            {
              "batter": "N Chantam",
              "bowler": "RC Belbashi",
              "extras": {
                "wides": 1
              },
              "non_striker": "N Boochatham",
              "runs": {
                "batter": 0,
                "extras": 1,
                "total": 1
              }
            },
            {
              "batter": "N Chantam",
              "bowler": "RC Belbashi",
              "non_striker": "N Boochatham",
              "runs": {
                "batter": 0,
                "extras": 0,
                "total": 0
              }
            },
            {
              "batter": "N Chantam",
              "bowler": "RC Belbashi",
              "non_striker": "N Boochatham",
              "runs": {
                "batter": 1,
                "extras": 0,
                "total": 1
              }
            },
            {
              "batter": "N Boochatham",
              "bowler": "RC Belbashi",
              "non_striker": "N Chantam",
              "runs": {
                "batter": 0,
                "extras": 0,
                "total": 0
              }
            },
            {
              "batter": "N Boochatham",
              "bowler": "RC Belbashi",
              "non_striker": "N Chantam",
              "runs": {
                "batter": 0,
                "extras": 0,
                "total": 0
              }
            },
            {
              "batter": "N Boochatham",
              "bowler": "RC Belbashi",
              "non_striker": "N Chantam",
              "runs": {
                "batter": 1,
                "extras": 0,
                "total": 1
              }
            },
            {
              "batter": "N Chantam",
              "bowler": "RC Belbashi",
              "non_striker": "N Boochatham",
              "runs": {
                "batter": 0,
                "extras": 0,
                "total": 0
              }
            }
          ]
        },
        {
          "over": 2,
          "deliveries": [
            {
              "batter": "N Boochatham",
              "bowler": "S Khadka",
              "non_striker": "N Chantam",
              "runs": {
                "batter": 1,
                "extras": 0,
                "total": 1
              }
            },
            {
              "batter": "N Chantam",
              "bowler": "S Khadka",
              "non_striker": "N Boochatham",
              "runs": {
                "batter": 1,
                "extras": 0,
                "total": 1
              }
            },
            {
              "batter": "N Boochatham",
              "bowler": "S Khadka",
              "non_striker": "N Chantam",
              "runs": {
                "batter": 0,
                "extras": 0,
                "total": 0
              }
            },
            {
              "batter": "N Boochatham",
              "bowler": "S Khadka",
              "non_striker": "N Chantam",
              "runs": {
                "batter": 2,
                "extras": 0,
                "total": 2
              }
            },
            {
              "batter": "N Boochatham",
              "bowler": "S Khadka",
              "extras": {
                "noballs": 1
              },
              "non_striker": "N Chantam",
              "runs": {
                "batter": 0,
                "extras": 1,
                "total": 1
              }
            },
            {
              "batter": "N Boochatham",
              "bowler": "S Khadka",
              "non_striker": "N Chantam",
              "runs": {
                "batter": 0,
                "extras": 0,
                "total": 0
              }
            },
            {
              "batter": "N Boochatham",
              "bowler": "S Khadka",
              "non_striker": "N Chantam",
              "runs": {
                "batter": 0,
                "extras": 0,
                "total": 0
              }
            }
          ]
        },
        {
          "over": 3,
          "deliveries": [
            {
              "batter": "N Chantam",
              "bowler": "RC Belbashi",
              "non_striker": "N Boochatham",
              "runs": {
                "batter": 1,
                "extras": 0,
                "total": 1
              }
            },
            {
              "batter": "N Boochatham",
              "bowler": "RC Belbashi",
              "non_striker": "N Chantam",
              "runs": {
                "batter": 1,
                "extras": 0,
                "total": 1
              }
            },
            {
              "batter": "N Chantam",
              "bowler": "RC Belbashi",
              "non_striker": "N Boochatham",
              "runs": {
                "batter": 2,
                "extras": 0,
                "total": 2
              }
            },
            {
              "batter": "N Chantam",
              "bowler": "RC Belbashi",
              "non_striker": "N Boochatham",
              "runs": {
                "batter": 0,
                "extras": 0,
                "total": 0
              },
              "wickets": [
                {
                  "kind": "bowled",
                  "player_out": "N Chantam"
                }
              ]
            },
            {
              "batter": "N Chaiwai",
              "bowler": "RC Belbashi",
              "non_striker": "N Boochatham",
              "runs": {
                "batter": 1,
                "extras": 0,
                "total": 1
              }
            },
            {
              "batter": "N Boochatham",
              "bowler": "RC Belbashi",
              "non_striker": "N Chaiwai",
              "runs": {
                "batter": 0,
                "extras": 0,
                "total": 0
              }
            }
          ]
        },
        {
          "over": 4,
          "deliveries": [
            {
              "batter": "N Chaiwai",
              "bowler": "S Magar",
              "non_striker": "N Boochatham",
              "runs": {
                "batter": 0,
                "extras": 0,
                "total": 0
              },
              "wickets": [
                {
                  "kind": "lbw",
                  "player_out": "N Chaiwai"
                }
              ]
            },
            {
              "batter": "P Prathanmitr",
              "bowler": "S Magar",
              "non_striker": "N Boochatham",
              "runs": {
                "batter": 1,
                "extras": 0,
                "total": 1
              }
            },
            {
              "batter": "N Boochatham",
              "bowler": "S Magar",
              "non_striker": "P Prathanmitr",
              "runs": {
                "batter": 1,
                "extras": 0,
                "total": 1
              }
            },
            {
              "batter": "P Prathanmitr",
              "bowler": "S Magar",
              "extras": {
                "wides": 1
              },
              "non_striker": "N Boochatham",
              "runs": {
                "batter": 0,
                "extras": 1,
                "total": 1
              }
            },
            {
              "batter": "P Prathanmitr",
              "bowler": "S Magar",
              "non_striker": "N Boochatham",
              "runs": {
                "batter": 4,
                "extras": 0,
                "total": 4
              }
            },
            {
              "batter": "P Prathanmitr",
              "bowler": "S Magar",
              "non_striker": "N Boochatham",
              "runs": {
                "batter": 0,
                "extras": 0,
                "total": 0
              }
            },
            {
              "batter": "P Prathanmitr",
              "bowler": "S Magar",
              "non_striker": "N Boochatham",
              "runs": {
                "batter": 0,
                "extras": 0,
                "total": 0
              }
            }
          ]
        },
        {
          "over": 5,
          "deliveries": [
            {
              "batter": "N Boochatham",
              "bowler": "RC Belbashi",
              "non_striker": "P Prathanmitr",
              "runs": {
                "batter": 1,
                "extras": 0,
                "total": 1
              }
            },
            {
              "batter": "P Prathanmitr",
              "bowler": "RC Belbashi",
              "non_striker": "N Boochatham",
              "runs": {
                "batter": 0,
                "extras": 0,
                "total": 0
              }
            },
            {
              "batter": "P Prathanmitr",
              "bowler": "RC Belbashi",
              "non_striker": "N Boochatham",
              "runs": {
                "batter": 0,
                "extras": 0,
                "total": 0
              }
            },
            {
              "batter": "P Prathanmitr",
              "bowler": "RC Belbashi",
              "non_striker": "N Boochatham",
              "runs": {
                "batter": 0,
                "extras": 0,
                "total": 0
              }
            },
            {
              "batter": "P Prathanmitr",
              "bowler": "RC Belbashi",
              "non_striker": "N Boochatham",
              "runs": {
                "batter": 2,
                "extras": 0,
                "total": 2
              }
            },
            {
              "batter": "P Prathanmitr",
              "bowler": "RC Belbashi",
              "non_striker": "N Boochatham",
              "runs": {
                "batter": 0,
                "extras": 0,
                "total": 0
              }
            }
          ]
        },
        {
          "over": 6,
          "deliveries": [
            {
              "batter": "N Boochatham",
              "bowler": "S Magar",
              "non_striker": "P Prathanmitr",
              "runs": {
                "batter": 0,
                "extras": 0,
                "total": 0
              }
            },
            {
              "batter": "N Boochatham",
              "bowler": "S Magar",
              "non_striker": "P Prathanmitr",
              "runs": {
                "batter": 0,
                "extras": 0,
                "total": 0
              }
            },
            {
              "batter": "N Boochatham",
              "bowler": "S Magar",
              "non_striker": "P Prathanmitr",
              "runs": {
                "batter": 1,
                "extras": 0,
                "total": 1
              }
            },
            {
              "batter": "P Prathanmitr",
              "bowler": "S Magar",
              "non_striker": "N Boochatham",
              "runs": {
                "batter": 0,
                "extras": 0,
                "total": 0
              }
            },
            {
              "batter": "P Prathanmitr",
              "bowler": "S Magar",
              "non_striker": "N Boochatham",
              "runs": {
                "batter": 0,
                "extras": 0,
                "total": 0
              }
            },
            {
              "batter": "P Prathanmitr",
              "bowler": "S Magar",
              "non_striker": "N Boochatham",
              "runs": {
                "batter": 1,
                "extras": 0,
                "total": 1
              }
            }
          ]
        },
        {
          "over": 7,
          "deliveries": [
            {
              "batter": "P Prathanmitr",
              "bowler": "Karuna Bhandari",
              "non_striker": "N Boochatham",
              "runs": {
                "batter": 0,
                "extras": 0,
                "total": 0
              }
            },
            {
              "batter": "P Prathanmitr",
              "bowler": "Karuna Bhandari",
              "non_striker": "N Boochatham",
              "runs": {
                "batter": 0,
                "extras": 0,
                "total": 0
              }
            },
            {
              "batter": "P Prathanmitr",
              "bowler": "Karuna Bhandari",
              "non_striker": "N Boochatham",
              "runs": {
                "batter": 0,
                "extras": 0,
                "total": 0
              }
            },
            {
              "batter": "P Prathanmitr",
              "bowler": "Karuna Bhandari",
              "non_striker": "N Boochatham",
              "runs": {
                "batter": 1,
                "extras": 0,
                "total": 1
              }
            },
            {
              "batter": "N Boochatham",
              "bowler": "Karuna Bhandari",
              "non_striker": "P Prathanmitr",
              "runs": {
                "batter": 1,
                "extras": 0,
                "total": 1
              }
            },
            {
              "batter": "P Prathanmitr",
              "bowler": "Karuna Bhandari",
              "non_striker": "N Boochatham",
              "runs": {
                "batter": 1,
                "extras": 0,
                "total": 1
              }
            }
          ]
        },
        {
          "over": 8,
          "deliveries": [
            {
              "batter": "P Prathanmitr",
              "bowler": "S Magar",
              "non_striker": "N Boochatham",
              "runs": {
                "batter": 1,
                "extras": 0,
                "total": 1
              }
            },
            {
              "batter": "N Boochatham",
              "bowler": "S Magar",
              "extras": {
                "wides": 1
              },
              "non_striker": "P Prathanmitr",
              "runs": {
                "batter": 0,
                "extras": 1,
                "total": 1
              }
            },
            {
              "batter": "N Boochatham",
              "bowler": "S Magar",
              "non_striker": "P Prathanmitr",
              "runs": {
                "batter": 1,
                "extras": 0,
                "total": 1
              }
            },
            {
              "batter": "P Prathanmitr",
              "bowler": "S Magar",
              "non_striker": "N Boochatham",
              "runs": {
                "batter": 0,
                "extras": 0,
                "total": 0
              },
              "wickets": [
                {
                  "kind": "lbw",
                  "player_out": "P Prathanmitr"
                }
              ]
            },
            {
              "batter": "S Saengsakaorat",
              "bowler": "S Magar",
              "non_striker": "N Boochatham",
              "runs": {
                "batter": 0,
                "extras": 0,
                "total": 0
              }
            },
            {
              "batter": "S Saengsakaorat",
              "bowler": "S Magar",
              "non_striker": "N Boochatham",
              "runs": {
                "batter": 0,
                "extras": 0,
                "total": 0
              }
            },
            {
              "batter": "S Saengsakaorat",
              "bowler": "S Magar",
              "non_striker": "N Boochatham",
              "runs": {
                "batter": 0,
                "extras": 0,
                "total": 0
              }
            }
          ]
        },
        {
          "over": 9,
          "deliveries": [
            {
              "batter": "N Boochatham",
              "bowler": "Karuna Bhandari",
              "non_striker": "S Saengsakaorat",
              "runs": {
                "batter": 0,
                "extras": 0,
                "total": 0
              }
            },
            {
              "batter": "N Boochatham",
              "bowler": "Karuna Bhandari",
              "non_striker": "S Saengsakaorat",
              "runs": {
                "batter": 0,
                "extras": 0,
                "total": 0
              }
            },
            {
              "batter": "N Boochatham",
              "bowler": "Karuna Bhandari",
              "non_striker": "S Saengsakaorat",
              "runs": {
                "batter": 0,
                "extras": 0,
                "total": 0
              }
            },
            {
              "batter": "N Boochatham",
              "bowler": "Karuna Bhandari",
              "non_striker": "S Saengsakaorat",
              "runs": {
                "batter": 0,
                "extras": 0,
                "total": 0
              }
            },
            {
              "batter": "N Boochatham",
              "bowler": "Karuna Bhandari",
              "non_striker": "S Saengsakaorat",
              "runs": {
                "batter": 0,
                "extras": 0,
                "total": 0
              }
            },
            {
              "batter": "N Boochatham",
              "bowler": "Karuna Bhandari",
              "non_striker": "S Saengsakaorat",
              "runs": {
                "batter": 0,
                "extras": 0,
                "total": 0
              }
            }
          ]
        },
        {
          "over": 10,
          "deliveries": [
            {
              "batter": "S Saengsakaorat",
              "bowler": "S Magar",
              "non_striker": "N Boochatham",
              "runs": {
                "batter": 0,
                "extras": 0,
                "total": 0
              }
            },
            {
              "batter": "S Saengsakaorat",
              "bowler": "S Magar",
              "non_striker": "N Boochatham",
              "runs": {
                "batter": 0,
                "extras": 0,
                "total": 0
              }
            },
            {
              "batter": "S Saengsakaorat",
              "bowler": "S Magar",
              "non_striker": "N Boochatham",
              "runs": {
                "batter": 1,
                "extras": 0,
                "total": 1
              }
            },
            {
              "batter": "N Boochatham",
              "bowler": "S Magar",
              "non_striker": "S Saengsakaorat",
              "runs": {
                "batter": 0,
                "extras": 0,
                "total": 0
              }
            },
            {
              "batter": "N Boochatham",
              "bowler": "S Magar",
              "non_striker": "S Saengsakaorat",
              "runs": {
                "batter": 1,
                "extras": 0,
                "total": 1
              }
            },
            {
              "batter": "S Saengsakaorat",
              "bowler": "S Magar",
              "non_striker": "N Boochatham",
              "runs": {
                "batter": 2,
                "extras": 0,
                "total": 2
              }
            }
          ]
        },
        {
          "over": 11,
          "deliveries": [
            {
              "batter": "N Boochatham",
              "bowler": "Karuna Bhandari",
              "non_striker": "S Saengsakaorat",
              "runs": {
                "batter": 4,
                "extras": 0,
                "total": 4
              }
            },
            {
              "batter": "N Boochatham",
              "bowler": "Karuna Bhandari",
              "non_striker": "S Saengsakaorat",
              "runs": {
                "batter": 0,
                "extras": 0,
                "total": 0
              }
            },
            {
              "batter": "N Boochatham",
              "bowler": "Karuna Bhandari",
              "non_striker": "S Saengsakaorat",
              "runs": {
                "batter": 1,
                "extras": 0,
                "total": 1
              }
            },
            {
              "batter": "S Saengsakaorat",
              "bowler": "Karuna Bhandari",
              "non_striker": "N Boochatham",
              "runs": {
                "batter": 0,
                "extras": 0,
                "total": 0
              }
            },
            {
              "batter": "S Saengsakaorat",
              "bowler": "Karuna Bhandari",
              "non_striker": "N Boochatham",
              "runs": {
                "batter": 4,
                "extras": 0,
                "total": 4
              }
            },
            {
              "batter": "S Saengsakaorat",
              "bowler": "Karuna Bhandari",
              "non_striker": "N Boochatham",
              "runs": {
                "batter": 0,
                "extras": 0,
                "total": 0
              }
            }
          ]
        },
        {
          "over": 12,
          "deliveries": [
            {
              "batter": "N Boochatham",
              "bowler": "Nary Thapa",
              "extras": {
                "wides": 1
              },
              "non_striker": "S Saengsakaorat",
              "runs": {
                "batter": 0,
                "extras": 1,
                "total": 1
              }
            },
            {
              "batter": "N Boochatham",
              "bowler": "Nary Thapa",
              "non_striker": "S Saengsakaorat",
              "runs": {
                "batter": 1,
                "extras": 0,
                "total": 1
              }
            },
            {
              "batter": "S Saengsakaorat",
              "bowler": "Nary Thapa",
              "extras": {
                "wides": 1
              },
              "non_striker": "N Boochatham",
              "runs": {
                "batter": 0,
                "extras": 1,
                "total": 1
              }
            },
            {
              "batter": "S Saengsakaorat",
              "bowler": "Nary Thapa",
              "non_striker": "N Boochatham",
              "runs": {
                "batter": 0,
                "extras": 0,
                "total": 0
              }
            },
            {
              "batter": "S Saengsakaorat",
              "bowler": "Nary Thapa",
              "extras": {
                "noballs": 1
              },
              "non_striker": "N Boochatham",
              "runs": {
                "batter": 0,
                "extras": 1,
                "total": 1
              }
            },
            {
              "batter": "S Saengsakaorat",
              "bowler": "Nary Thapa",
              "non_striker": "N Boochatham",
              "runs": {
                "batter": 0,
                "extras": 0,
                "total": 0
              }
            },
            {
              "batter": "S Saengsakaorat",
              "bowler": "Nary Thapa",
              "non_striker": "N Boochatham",
              "runs": {
                "batter": 0,
                "extras": 0,
                "total": 0
              },
              "wickets": [
                {
                  "kind": "bowled",
                  "player_out": "S Saengsakaorat"
                }
              ]
            },
            {
              "batter": "C Sutthiruang",
              "bowler": "Nary Thapa",
              "non_striker": "N Boochatham",
              "runs": {
                "batter": 0,
                "extras": 0,
                "total": 0
              }
            },
            {
              "batter": "C Sutthiruang",
              "bowler": "Nary Thapa",
              "non_striker": "N Boochatham",
              "runs": {
                "batter": 0,
                "extras": 0,
                "total": 0
              }
            }
          ]
        },
        {
          "over": 13,
          "deliveries": [
            {
              "batter": "N Boochatham",
              "bowler": "R Rawal",
              "non_striker": "C Sutthiruang",
              "runs": {
                "batter": 1,
                "extras": 0,
                "total": 1
              }
            },
            {
              "batter": "C Sutthiruang",
              "bowler": "R Rawal",
              "non_striker": "N Boochatham",
              "runs": {
                "batter": 1,
                "extras": 0,
                "total": 1
              }
            },
            {
              "batter": "N Boochatham",
              "bowler": "R Rawal",
              "non_striker": "C Sutthiruang",
              "runs": {
                "batter": 2,
                "extras": 0,
                "total": 2
              }
            },
            {
              "batter": "N Boochatham",
              "bowler": "R Rawal",
              "extras": {
                "wides": 1
              },
              "non_striker": "C Sutthiruang",
              "runs": {
                "batter": 0,
                "extras": 1,
                "total": 1
              }
            },
            {
              "batter": "N Boochatham",
              "bowler": "R Rawal",
              "non_striker": "C Sutthiruang",
              "runs": {
                "batter": 1,
                "extras": 0,
                "total": 1
              }
            },
            {
              "batter": "C Sutthiruang",
              "bowler": "R Rawal",
              "non_striker": "N Boochatham",
              "runs": {
                "batter": 1,
                "extras": 0,
                "total": 1
              }
            },
            {
              "batter": "N Boochatham",
              "bowler": "R Rawal",
              "extras": {
                "wides": 1
              },
              "non_striker": "C Sutthiruang",
              "runs": {
                "batter": 0,
                "extras": 1,
                "total": 1
              }
            },
            {
              "batter": "N Boochatham",
              "bowler": "R Rawal",
              "non_striker": "C Sutthiruang",
              "runs": {
                "batter": 0,
                "extras": 0,
                "total": 0
              }
            }
          ]
        },
        {
          "over": 14,
          "deliveries": [
            {
              "batter": "C Sutthiruang",
              "bowler": "Nary Thapa",
              "non_striker": "N Boochatham",
              "runs": {
                "batter": 1,
                "extras": 0,
                "total": 1
              }
            },
            {
              "batter": "N Boochatham",
              "bowler": "Nary Thapa",
              "non_striker": "C Sutthiruang",
              "runs": {
                "batter": 0,
                "extras": 0,
                "total": 0
              }
            },
            {
              "batter": "N Boochatham",
              "bowler": "Nary Thapa",
              "non_striker": "C Sutthiruang",
              "runs": {
                "batter": 0,
                "extras": 0,
                "total": 0
              }
            },
            {
              "batter": "N Boochatham",
              "bowler": "Nary Thapa",
              "non_striker": "C Sutthiruang",
              "runs": {
                "batter": 0,
                "extras": 0,
                "total": 0
              }
            },
            {
              "batter": "N Boochatham",
              "bowler": "Nary Thapa",
              "non_striker": "C Sutthiruang",
              "runs": {
                "batter": 0,
                "extras": 0,
                "total": 0
              }
            },
            {
              "batter": "N Boochatham",
              "bowler": "Nary Thapa",
              "non_striker": "C Sutthiruang",
              "runs": {
                "batter": 1,
                "extras": 0,
                "total": 1
              }
            }
          ]
        },
        {
          "over": 15,
          "deliveries": [
            {
              "batter": "N Boochatham",
              "bowler": "RC Belbashi",
              "non_striker": "C Sutthiruang",
              "runs": {
                "batter": 1,
                "extras": 0,
                "total": 1
              }
            },
            {
              "batter": "C Sutthiruang",
              "bowler": "RC Belbashi",
              "extras": {
                "legbyes": 1
              },
              "non_striker": "N Boochatham",
              "runs": {
                "batter": 0,
                "extras": 1,
                "total": 1
              }
            }
          ]
        }
      ],
      "powerplays": [
        {
          "from": 0.1,
          "to": 5.6,
          "type": "mandatory"
        }
      ],
      "target": {
        "overs": 20,
        "runs": 65
      }
    }
  ]
}