{
  "meta": {
    "data_version": "1.0.0",
    "created": "2014-09-22",
    "revision": 3
  },
  "info": {
    "balls_per_over": 6,
    "city": "Incheon",
    "dates": [
      "2014-09-22"
    ],
    "event": {
      "group": "C",
      "match_number": 6,
      "name": "Asian Games Women's Cricket Competition"
    },
    "gender": "female",
    "match_type": "IT20",
    "missing": [
      "player_of_match"
    ],
    "officials": {
      "match_referees": [
        "RJ Ratnayake"
      ],
      "reserve_umpires": [
        "B Ramani"
      ],
      "umpires": [
        "L Jingmin",
        "BB Pradhan"
      ]
    },
    "outcome": {
      "by": {
        "runs": 35
      },
      "winner": "Hong Kong"
    },
    "overs": 20,
    "players": {
      "Hong Kong": [
        "Sze Wan Yip",
        "KK Gill",
        "M Hill",
        "KY Chan",
        "IA Gidwani",
        "WK Lai",
        "KLG Li",
        "JM Davies",
        "YS To",
        "Chan Sau Har",
        "Chan Ka Man"
      ],
      "South Korea": [
        "Hyeji Jeong",
        "Eunjin Lee",
        "Jeongyoon Kim",
        "Seungmin Song",
        "Na An",
        "Jina Lee",
        "Jinseup Park",
        "Inyeong Oh",
        "Mijin Hu",
        "Ahram Jeong",
        "Yebin Ka"
      ]
    },
    "registry": {
      "people": {
        "Ahram Jeong": "9f97c98d",
        "B Ramani": "92ad5353",
        "BB Pradhan": "8603d942",
        "Chan Ka Man": "c4022bff",
        "Chan Sau Har": "3c567308",
        "Eunjin Lee": "6a237871",
        "Hyeji Jeong": "9bb84924",
        "IA Gidwani": "80fdc330",
        "Inyeong Oh": "f26d8405",
        "JM Davies": "18016785",
        "Jeongyoon Kim": "91bf6c14",
        "Jina Lee": "74afa297",
        "Jinseup Park": "1459a86c",
        "KK Gill": "b3f390aa",
        "KLG Li": "e607fb68",
        "KY Chan": "6348c6e9",
        "L Jingmin": "d092845d",
        "M Hill": "bf5e7711",
        "Mijin Hu": "2cc9c4d2",
        "Na An": "229292b5",
        "RJ Ratnayake": "09e8f3ca",
        "Seungmin Song": "38476559",
        "Sze Wan Yip": "69591727",
        "WK Lai": "6ab99b17",
        "YS To": "73db1940",
        "Yebin Ka": "ae918b70"
      }
    },
    "season": "2014/15",
    "team_type": "international",
    "teams": [
      "South Korea",
      "Hong Kong"
    ],
    "toss": {
      "decision": "bat",
      "winner": "Hong Kong"
    },
    "venue": "Yeonhui Cricket Ground"
  },
  "innings": [
    {
      "team": "Hong Kong",
      "overs": [
        {
          "over": 0,
          "deliveries": [
            {
              "batter": "Sze Wan Yip",
              "bowler": "Seungmin Song",
              "non_striker": "KK Gill",
              "runs": {
                "batter": 0,
                "extras": 0,
                "total": 0
              }
            },
            {
              "batter": "Sze Wan Yip",
              "bowler": "Seungmin Song",
              "non_striker": "KK Gill",
              "runs": {
                "batter": 0,
                "extras": 0,
                "total": 0
              }
            },
            {
              "batter": "Sze Wan Yip",
              "bowler": "Seungmin Song",
              "extras": {
                "wides": 1
              },
              "non_striker": "KK Gill",
              "runs": {
                "batter": 0,
                "extras": 1,
                "total": 1
              }
            },
            {
              "batter": "Sze Wan Yip",
              "bowler": "Seungmin Song",
              "non_striker": "KK Gill",
              "runs": {
                "batter": 0,
                "extras": 0,
                "total": 0
              }
            },
            {
              "batter": "Sze Wan Yip",
              "bowler": "Seungmin Song",
              "non_striker": "KK Gill",
              "runs": {
                "batter": 1,
                "extras": 0,
                "total": 1
              }
            },
            {
              "batter": "KK Gill",
              "bowler": "Seungmin Song",
              "non_striker": "Sze Wan Yip",
              "runs": {
                "batter": 0,
                "extras": 0,
                "total": 0
              }
            },
            {
              "batter": "KK Gill",
              "bowler": "Seungmin Song",
              "non_striker": "Sze Wan Yip",
              "runs": {
                "batter": 0,
                "extras": 0,
                "total": 0
              }
            }
          ]
        },
        {
          "over": 1,
          "deliveries": [
            {
              "batter": "Sze Wan Yip",
              "bowler": "Yebin Ka",
              "non_striker": "KK Gill",
              "runs": {
                "batter": 0,
                "extras": 0,
                "total": 0
              }
            },
            {
              "batter": "Sze Wan Yip",
              "bowler": "Yebin Ka",
              "non_striker": "KK Gill",
              "runs": {
                "batter": 1,
                "extras": 0,
                "total": 1
              }
            },
            {
              "batter": "KK Gill",
              "bowler": "Yebin Ka",
              "non_striker": "Sze Wan Yip",
              "runs": {
                "batter": 0,
                "extras": 0,
                "total": 0
              }
            },
            {
              "batter": "KK Gill",
              "bowler": "Yebin Ka",
              "non_striker": "Sze Wan Yip",
              "runs": {
                "batter": 3,
                "extras": 0,
                "total": 3
              }
            },
            {
              "batter": "Sze Wan Yip",
              "bowler": "Yebin Ka",
              "non_striker": "KK Gill",
              "runs": {
                "batter": 0,
                "extras": 0,
                "total": 0
              }
            },
            {
              "batter": "Sze Wan Yip",
              "bowler": "Yebin Ka",
              "extras": {
                "wides": 1
              },
              "non_striker": "KK Gill",
              "runs": {
                "batter": 0,
                "extras": 1,
                "total": 1
              }
            },
            {
              "batter": "Sze Wan Yip",
              "bowler": "Yebin Ka",
              "non_striker": "KK Gill",
              "runs": {
                "batter": 0,
                "extras": 0,
                "total": 0
              }
            }
          ]
        },
        {
          "over": 2,
          "deliveries": [
            {
              "batter": "KK Gill",
              "bowler": "Seungmin Song",
              "non_striker": "Sze Wan Yip",
              "runs": {
                "batter": 0,
                "extras": 0,
                "total": 0
              }
            },
            {
              "batter": "KK Gill",
              "bowler": "Seungmin Song",
              "non_striker": "Sze Wan Yip",
              "runs": {
                "batter": 1,
                "extras": 0,
                "total": 1
              }
            },
            {
              "batter": "Sze Wan Yip",
              "bowler": "Seungmin Song",
              "non_striker": "KK Gill",
              "runs": {
                "batter": 0,
                "extras": 0,
                "total": 0
              }
            },
            {
              "batter": "Sze Wan Yip",
              "bowler": "Seungmin Song",
              "non_striker": "KK Gill",
              "runs": {
                "batter": 1,
                "extras": 0,
                "total": 1
              }
            },
            {
              "batter": "KK Gill",
              "bowler": "Seungmin Song",
              "extras": {
                "wides": 1
              },
              "non_striker": "Sze Wan Yip",
              "runs": {
                "batter": 0,
                "extras": 1,
                "total": 1
              }
            },
            {
              "batter": "KK Gill",
              "bowler": "Seungmin Song",
              "extras": {
                "wides": 2
              },
              "non_striker": "Sze Wan Yip",
              "runs": {
                "batter": 0,
                "extras": 2,
                "total": 2
              }
            },
            {
              "batter": "Sze Wan Yip",
              "bowler": "Seungmin Song",
              "non_striker": "KK Gill",
              "runs": {
                "batter": 1,
                "extras": 0,
                "total": 1
              }
            },
            {
              "batter": "KK Gill",
              "bowler": "Seungmin Song",
              "non_striker": "Sze Wan Yip",
              "runs": {
                "batter": 1,
                "extras": 0,
                "total": 1
              }
            }
          ]
        },
        {
          "over": 3,
          "deliveries": [
            {
              "batter": "KK Gill",
              "bowler": "Yebin Ka",
              "non_striker": "Sze Wan Yip",
              "runs": {
                "batter": 0,
                "extras": 0,
                "total": 0
              }
            },
            {
              "batter": "KK Gill",
              "bowler": "Yebin Ka",
              "non_striker": "Sze Wan Yip",
              "runs": {
                "batter": 0,
                "extras": 0,
                "total": 0
              }
            },
            {
              "batter": "KK Gill",
              "bowler": "Yebin Ka",
              "non_striker": "Sze Wan Yip",
              "runs": {
                "batter": 2,
                "extras": 0,
                "total": 2
              }
            },
            {
              "batter": "KK Gill",
              "bowler": "Yebin Ka",
              "non_striker": "Sze Wan Yip",
              "runs": {
                "batter": 0,
                "extras": 0,
                "total": 0
              }
            },
            {
              "batter": "KK Gill",
              "bowler": "Yebin Ka",
              "non_striker": "Sze Wan Yip",
              "runs": {
                "batter": 0,
                "extras": 0,
                "total": 0
              }
            },
            {
              "batter": "KK Gill",
              "bowler": "Yebin Ka",
              "non_striker": "Sze Wan Yip",
              "runs": {
                "batter": 1,
                "extras": 0,
                "total": 1
              }
            }
          ]
        },
        {
          "over": 4,
          "deliveries": [
            {
              "batter": "KK Gill",
              "bowler": "Jinseup Park",
              "non_striker": "Sze Wan Yip",
              "runs": {
                "batter": 0,
                "extras": 0,
                "total": 0
              }
            },
            {
              "batter": "KK Gill",
              "bowler": "Jinseup Park",
              "non_striker": "Sze Wan Yip",
              "runs": {
                "batter": 1,
                "extras": 0,
                "total": 1
              }
            },
            {
              "batter": "Sze Wan Yip",
              "bowler": "Jinseup Park",
              "non_striker": "KK Gill",
              "runs": {
                "batter": 0,
                "extras": 0,
                "total": 0
              }
            },
            {
              "batter": "Sze Wan Yip",
              "bowler": "Jinseup Park",
              "non_striker": "KK Gill",
              "runs": {
                "batter": 0,
                "extras": 0,
                "total": 0
              }
            },
            {
              "batter": "Sze Wan Yip",
              "bowler": "Jinseup Park",
              "extras": {
                "wides": 1
              },
              "non_striker": "KK Gill",
              "runs": {
                "batter": 0,
                "extras": 1,
                "total": 1
              }
            },
            {
              "batter": "Sze Wan Yip",
              "bowler": "Jinseup Park",
              "non_striker": "KK Gill",
              "runs": {
                "batter": 0,
                "extras": 0,
                "total": 0
              }
            },
            {
              "batter": "Sze Wan Yip",
              "bowler": "Jinseup Park",
              "non_striker": "KK Gill",
              "runs": {
                "batter": 1,
                "extras": 0,
                "total": 1
              }
            }
          ]
        },
        {
          "over": 5,
          "deliveries": [
            {
              "batter": "Sze Wan Yip",
              "bowler": "Yebin Ka",
              "non_striker": "KK Gill",
              "runs": {
                "batter": 1,
                "extras": 0,
                "total": 1
              }
            },
            {
              "batter": "KK Gill",
              "bowler": "Yebin Ka",
              "non_striker": "Sze Wan Yip",
              "runs": {
                "batter": 2,
                "extras": 0,
                "total": 2
              }
            },
            {
              "batter": "KK Gill",
              "bowler": "Yebin Ka",
              "non_striker": "Sze Wan Yip",
              "runs": {
                "batter": 0,
                "extras": 0,
                "total": 0
              }
            },
            {
              "batter": "KK Gill",
              "bowler": "Yebin Ka",
              "non_striker": "Sze Wan Yip",
              "runs": {
                "batter": 1,
                "extras": 0,
                "total": 1
              }
            },
            {
              "batter": "Sze Wan Yip",
              "bowler": "Yebin Ka",
              "non_striker": "KK Gill",
              "runs": {
                "batter": 2,
                "extras": 0,
                "total": 2
              }
            },
            {
              "batter": "Sze Wan Yip",
              "bowler": "Yebin Ka",
              "extras": {
                "wides": 1
              },
              "non_striker": "KK Gill",
              "runs": {
                "batter": 0,
                "extras": 1,
                "total": 1
              }
            },
            {
              "batter": "Sze Wan Yip",
              "bowler": "Yebin Ka",
              "non_striker": "KK Gill",
              "runs": {
                "batter": 1,
                "extras": 0,
                "total": 1
              }
            }
          ]
        },
        {
          "over": 6,
          "deliveries": [
            {
              "batter": "Sze Wan Yip",
              "bowler": "Jinseup Park",
              "non_striker": "KK Gill",
              "runs": {
                "batter": 1,
                "extras": 0,
                "total": 1
              }
            },
            {
              "batter": "KK Gill",
              "bowler": "Jinseup Park",
              "non_striker": "Sze Wan Yip",
              "runs": {
                "batter": 4,
                "extras": 0,
                "total": 4
              }
            },
            {
              "batter": "KK Gill",
              "bowler": "Jinseup Park",
              "non_striker": "Sze Wan Yip",
              "runs": {
                "batter": 1,
                "extras": 0,
                "total": 1
              }
            },
            {
              "batter": "Sze Wan Yip",
              "bowler": "Jinseup Park",
              "non_striker": "KK Gill",
              "runs": {
                "batter": 1,
                "extras": 0,
                "total": 1
              }
            },
            {
              "batter": "KK Gill",
              "bowler": "Jinseup Park",
              "non_striker": "Sze Wan Yip",
              "runs": {
                "batter": 1,
                "extras": 0,
                "total": 1
              }
            },
            {
              "batter": "Sze Wan Yip",
              "bowler": "Jinseup Park",
              "non_striker": "KK Gill",
              "runs": {
                "batter": 0,
                "extras": 0,
                "total": 0
              }
            }
          ]
        },
        {
          "over": 7,
          "deliveries": [
            {
              "batter": "KK Gill",
              "bowler": "Inyeong Oh",
              "non_striker": "Sze Wan Yip",
              "runs": {
                "batter": 0,
                "extras": 0,
                "total": 0
              }
            },
            {
              "batter": "KK Gill",
              "bowler": "Inyeong Oh",
              "non_striker": "Sze Wan Yip",
              "runs": {
                "batter": 2,
                "extras": 0,
                "total": 2
              }
            },
            {
              "batter": "KK Gill",
              "bowler": "Inyeong Oh",
              "non_striker": "Sze Wan Yip",
              "runs": {
                "batter": 0,
                "extras": 0,
                "total": 0
              }
            },
            {
              "batter": "KK Gill",
              "bowler": "Inyeong Oh",
              "non_striker": "Sze Wan Yip",
              "runs": {
                "batter": 0,
                "extras": 0,
                "total": 0
              }
            },
            {
              "batter": "KK Gill",
              "bowler": "Inyeong Oh",
              "non_striker": "Sze Wan Yip",
              "runs": {
                "batter": 1,
                "extras": 0,
                "total": 1
              }
            },
            {
              "batter": "Sze Wan Yip",
              "bowler": "Inyeong Oh",
              "non_striker": "KK Gill",
              "runs": {
                "batter": 1,
                "extras": 0,
                "total": 1
              }
            }
          ]
        },
        {
          "over": 8,
          "deliveries": [
            {
              "batter": "Sze Wan Yip",
              "bowler": "Ahram Jeong",
              "non_striker": "KK Gill",
              "runs": {
                "batter": 1,
                "extras": 0,
                "total": 1
              }
            },
            {
              "batter": "KK Gill",
              "bowler": "Ahram Jeong",
              "non_striker": "Sze Wan Yip",
              "runs": {
                "batter": 0,
                "extras": 0,
                "total": 0
              }
            },
            {
              "batter": "KK Gill",
              "bowler": "Ahram Jeong",
              "non_striker": "Sze Wan Yip",
              "runs": {
                "batter": 1,
                "extras": 0,
                "total": 1
              }
            },
            {
              "batter": "Sze Wan Yip",
              "bowler": "Ahram Jeong",
              "non_striker": "KK Gill",
              "runs": {
                "batter": 1,
                "extras": 0,
                "total": 1
              }
            },
            {
              "batter": "KK Gill",
              "bowler": "Ahram Jeong",
              "non_striker": "Sze Wan Yip",
              "runs": {
                "batter": 1,
                "extras": 0,
                "total": 1
              }
            },
            {
              "batter": "Sze Wan Yip",
              "bowler": "Ahram Jeong",
              "extras": {
                "legbyes": 1
              },
              "non_striker": "KK Gill",
              "runs": {
                "batter": 0,
                "extras": 1,
                "total": 1
              }
            }
          ]
        },
        {
          "over": 9,
          "deliveries": [
            {
              "batter": "Sze Wan Yip",
              "bowler": "Inyeong Oh",
              "non_striker": "KK Gill",
              "runs": {
                "batter": 0,
                "extras": 0,
                "total": 0
              }
            },
            {
              "batter": "Sze Wan Yip",
              "bowler": "Inyeong Oh",
              "non_striker": "KK Gill",
              "runs": {
                "batter": 0,
                "extras": 0,
                "total": 0
              }
            },
            {
              "batter": "Sze Wan Yip",
              "bowler": "Inyeong Oh",
              "non_striker": "KK Gill",
              "runs": {
                "batter": 1,
                "extras": 0,
                "total": 1
              }
            },
            {
              "batter": "KK Gill",
              "bowler": "Inyeong Oh",
              "non_striker": "Sze Wan Yip",
              "runs": {
                "batter": 0,
                "extras": 0,
                "total": 0
              }
            },
            {
              "batter": "KK Gill",
              "bowler": "Inyeong Oh",
              "non_striker": "Sze Wan Yip",
              "runs": {
                "batter": 1,
                "extras": 0,
                "total": 1
              }
            },
            {
              "batter": "Sze Wan Yip",
              "bowler": "Inyeong Oh",
              "non_striker": "KK Gill",
              "runs": {
                "batter": 1,
                "extras": 0,
                "total": 1
              }
            }
          ]
        },
        {
          "over": 10,
          "deliveries": [
            {
              "batter": "Sze Wan Yip",
              "bowler": "Ahram Jeong",
              "non_striker": "KK Gill",
              "runs": {
                "batter": 1,
                "extras": 0,
                "total": 1
              }
            },
            {
              "batter": "KK Gill",
              "bowler": "Ahram Jeong",
              "non_striker": "Sze Wan Yip",
              "runs": {
                "batter": 2,
                "extras": 0,
                "total": 2
              }
            },
            {
              "batter": "KK Gill",
              "bowler": "Ahram Jeong",
              "non_striker": "Sze Wan Yip",
              "runs": {
                "batter": 0,
                "extras": 0,
                "total": 0
              }
            },
            {
              "batter": "KK Gill",
              "bowler": "Ahram Jeong",
              "extras": {
                "wides": 1
              },
              "non_striker": "Sze Wan Yip",
              "runs": {
                "batter": 0,
                "extras": 1,
                "total": 1
              }
            },
            {
              "batter": "KK Gill",
              "bowler": "Ahram Jeong",
              "non_striker": "Sze Wan Yip",
              "runs": {
                "batter": 0,
                "extras": 0,
                "total": 0
              }
            },
            {
              "batter": "KK Gill",
              "bowler": "Ahram Jeong",
              "non_striker": "Sze Wan Yip",
              "runs": {
                "batter": 1,
                "extras": 0,
                "total": 1
              }
            },
            {
              "batter": "Sze Wan Yip",
              "bowler": "Ahram Jeong",
              "non_striker": "KK Gill",
              "runs": {
                "batter": 0,
                "extras": 0,
                "total": 0
              },
              "wickets": [
                {
                  "kind": "run out",
                  "player_out": "Sze Wan Yip",
                  "fielders": [
                    {
                      "name": "Na An"
                    },
                    {
                      "name": "Inyeong Oh"
                    }
                  ]
                }
              ]
            }
          ]
        },
        {
          "over": 11,
          "deliveries": [
            {
              "batter": "M Hill",
              "bowler": "Inyeong Oh",
              "non_striker": "KK Gill",
              "runs": {
                "batter": 0,
                "extras": 0,
                "total": 0
              }
            },
            {
              "batter": "M Hill",
              "bowler": "Inyeong Oh",
              "non_striker": "KK Gill",
              "runs": {
                "batter": 0,
                "extras": 0,
                "total": 0
              }
            },
            {
              "batter": "M Hill",
              "bowler": "Inyeong Oh",
              "non_striker": "KK Gill",
              "runs": {
                "batter": 1,
                "extras": 0,
                "total": 1
              }
            },
            {
              "batter": "KK Gill",
              "bowler": "Inyeong Oh",
              "non_striker": "M Hill",
              "runs": {
                "batter": 1,
                "extras": 0,
                "total": 1
              }
            },
            {
              "batter": "M Hill",
              "bowler": "Inyeong Oh",
              "non_striker": "KK Gill",
              "runs": {
                "batter": 0,
                "extras": 0,
                "total": 0
              }
            },
            {
              "batter": "M Hill",
              "bowler": "Inyeong Oh",
              "extras": {
                "byes": 1
              },
              "non_striker": "KK Gill",
              "runs": {
                "batter": 0,
                "extras": 1,
                "total": 1
              }
            }
          ]
        },
        {
          "over": 12,
          "deliveries": [
            {
              "batter": "M Hill",
              "bowler": "Ahram Jeong",
              "non_striker": "KK Gill",
              "runs": {
                "batter": 0,
                "extras": 0,
                "total": 0
              }
            },
            {
              "batter": "M Hill",
              "bowler": "Ahram Jeong",
              "non_striker": "KK Gill",
              "runs": {
                "batter": 1,
                "extras": 0,
                "total": 1
              }
            },
            {
              "batter": "KK Gill",
              "bowler": "Ahram Jeong",
              "non_striker": "M Hill",
              "runs": {
                "batter": 2,
                "extras": 0,
                "total": 2
              }
            },
            {
              "batter": "KK Gill",
              "bowler": "Ahram Jeong",
              "non_striker": "M Hill",
              "runs": {
                "batter": 1,
                "extras": 0,
                "total": 1
              }
            },
            {
              "batter": "M Hill",
              "bowler": "Ahram Jeong",
              "non_striker": "KK Gill",
              "runs": {
                "batter": 1,
                "extras": 0,
                "total": 1
              }
            },
            {
              "batter": "KK Gill",
              "bowler": "Ahram Jeong",
              "non_striker": "M Hill",
              "runs": {
                "batter": 0,
                "extras": 0,
                "total": 0
              }
            }
          ]
        },
        {
          "over": 13,
          "deliveries": [
            {
              "batter": "M Hill",
              "bowler": "Inyeong Oh",
              "non_striker": "KK Gill",
              "runs": {
                "batter": 1,
                "extras": 0,
                "total": 1
              }
            },
            {
              "batter": "KK Gill",
              "bowler": "Inyeong Oh",
              "extras": {
                "wides": 1
              },
              "non_striker": "M Hill",
              "runs": {
                "batter": 0,
                "extras": 1,
                "total": 1
              }
            },
            {
              "batter": "KK Gill",
              "bowler": "Inyeong Oh",
              "extras": {
                "wides": 1
              },
              "non_striker": "M Hill",
              "runs": {
                "batter": 0,
                "extras": 1,
                "total": 1
              }
            },
            {
              "batter": "KK Gill",
              "bowler": "Inyeong Oh",
              "non_striker": "M Hill",
              "runs": {
                "batter": 1,
                "extras": 0,
                "total": 1
              }
            },
            {
              "batter": "M Hill",
              "bowler": "Inyeong Oh",
              "non_striker": "KK Gill",
              "runs": {
                "batter": 0,
                "extras": 0,
                "total": 0
              }
            },
            {
              "batter": "M Hill",
              "bowler": "Inyeong Oh",
              "non_striker": "KK Gill",
              "runs": {
                "batter": 0,
                "extras": 0,
                "total": 0
              }
            },
            {
              "batter": "M Hill",
              "bowler": "Inyeong Oh",
              "non_striker": "KK Gill",
              "runs": {
                "batter": 0,
                "extras": 0,
                "total": 0
              },
              "wickets": [
                {
                  "kind": "run out",
                  "player_out": "M Hill",
                  "fielders": [
                    {
                      "name": "Jeongyoon Kim"
                    }
                  ]
                }
              ]
            },
            {
              "batter": "KK Gill",
              "bowler": "Inyeong Oh",
              "non_striker": "KY Chan",
              "runs": {
                "batter": 0,
                "extras": 0,
                "total": 0
              }
            }
          ]
        },
        {
          "over": 14,
          "deliveries": [
            {
              "batter": "KY Chan",
              "bowler": "Jinseup Park",
              "non_striker": "KK Gill",
              "runs": {
                "batter": 1,
                "extras": 0,
                "total": 1
              }
            },
            {
              "batter": "KK Gill",
              "bowler": "Jinseup Park",
              "non_striker": "KY Chan",
              "runs": {
                "batter": 1,
                "extras": 0,
                "total": 1
              },
              "wickets": [
                {
                  "kind": "run out",
                  "player_out": "KK Gill",
                  "fielders": [
                    {
                      "name": "Jeongyoon Kim"
                    },
                    {
                      "name": "Jina Lee"
                    }
                  ]
                }
              ]
            },
            {
              "batter": "IA Gidwani",
              "bowler": "Jinseup Park",
              "non_striker": "KY Chan",
              "runs": {
                "batter": 0,
                "extras": 0,
                "total": 0
              }
            },
            {
              "batter": "IA Gidwani",
              "bowler": "Jinseup Park",
              "extras": {
                "wides": 1
              },
              "non_striker": "KY Chan",
              "runs": {
                "batter": 0,
                "extras": 1,
                "total": 1
              }
            },
            {
              "batter": "IA Gidwani",
              "bowler": "Jinseup Park",
              "non_striker": "KY Chan",
              "runs": {
                "batter": 1,
                "extras": 0,
                "total": 1
              }
            },
            {
              "batter": "KY Chan",
              "bowler": "Jinseup Park",
              "non_striker": "IA Gidwani",
              "runs": {
                "batter": 0,
                "extras": 0,
                "total": 0
              }
            },
            {
              "batter": "KY Chan",
              "bowler": "Jinseup Park",
              "non_striker": "IA Gidwani",
              "runs": {
                "batter": 1,
                "extras": 0,
                "total": 1
              }
            }
          ]
        },
        {
          "over": 15,
          "deliveries": [
            {
              "batter": "KY Chan",
              "bowler": "Seungmin Song",
              "extras": {
                "wides": 1
              },
              "non_striker": "IA Gidwani",
              "runs": {
                "batter": 0,
                "extras": 1,
                "total": 1
              }
            },
            {
              "batter": "KY Chan",
              "bowler": "Seungmin Song",
              "non_striker": "IA Gidwani",
              "runs": {
                "batter": 1,
                "extras": 0,
                "total": 1
              }
            },
            {
              "batter": "IA Gidwani",
              "bowler": "Seungmin Song",
              "non_striker": "KY Chan",
              "runs": {
                "batter": 0,
                "extras": 0,
                "total": 0
              }
            },
            {
              "batter": "IA Gidwani",
              "bowler": "Seungmin Song",
              "non_striker": "KY Chan",
              "runs": {
                "batter": 0,
                "extras": 0,
                "total": 0
              }
            },
            {
              "batter": "IA Gidwani",
              "bowler": "Seungmin Song",
              "non_striker": "KY Chan",
              "runs": {
                "batter": 3,
                "extras": 0,
                "total": 3
              }
            },
            {
              "batter": "KY Chan",
              "bowler": "Seungmin Song",
              "non_striker": "IA Gidwani",
              "runs": {
                "batter": 0,
                "extras": 0,
                "total": 0
              },
              "wickets": [
                {
                  "kind": "run out",
                  "player_out": "KY Chan",
                  "fielders": [
                    {
                      "name": "Jina Lee"
                    },
                    {
                      "name": "Seungmin Song"
                    }
                  ]
                }
              ]
            },
            {
              "batter": "IA Gidwani",
              "bowler": "Seungmin Song",
              "non_striker": "WK Lai",
              "runs": {
                "batter": 0,
                "extras": 0,
                "total": 0
              }
            }
          ]
        },
        {
          "over": 16,
          "deliveries": [
            {
              "batter": "WK Lai",
              "bowler": "Yebin Ka",
              "extras": {
                "wides": 1
              },
              "non_striker": "IA Gidwani",
              "runs": {
                "batter": 0,
                "extras": 1,
                "total": 1
              }
            },
            {
              "batter": "WK Lai",
              "bowler": "Yebin Ka",
              "non_striker": "IA Gidwani",
              "runs": {
                "batter": 0,
                "extras": 0,
                "total": 0
              }
            },
            {
              "batter": "WK Lai",
              "bowler": "Yebin Ka",
              "non_striker": "IA Gidwani",
              "runs": {
                "batter": 0,
                "extras": 0,
                "total": 0
              }
            },
            {
              "batter": "WK Lai",
              "bowler": "Yebin Ka",
              "non_striker": "IA Gidwani",
              "runs": {
                "batter": 0,
                "extras": 0,
                "total": 0
              }
            },
            {
              "batter": "WK Lai",
              "bowler": "Yebin Ka",
              "non_striker": "IA Gidwani",
              "runs": {
                "batter": 0,
                "extras": 0,
                "total": 0
              }
            },
            {
              "batter": "WK Lai",
              "bowler": "Yebin Ka",
              "extras": {
                "wides": 1
              },
              "non_striker": "IA Gidwani",
              "runs": {
                "batter": 0,
                "extras": 1,
                "total": 1
              }
            },
            {
              "batter": "WK Lai",
              "bowler": "Yebin Ka",
              "non_striker": "IA Gidwani",
              "runs": {
                "batter": 1,
                "extras": 0,
                "total": 1
              }
            },
            {
              "batter": "IA Gidwani",
              "bowler": "Yebin Ka",
              "non_striker": "WK Lai",
              "runs": {
                "batter": 0,
                "extras": 0,
                "total": 0
              }
            }
          ]
        },
        {
          "over": 17,
          "deliveries": [
            {
              "batter": "WK Lai",
              "bowler": "Ahram Jeong",
              "non_striker": "IA Gidwani",
              "runs": {
                "batter": 0,
                "extras": 0,
                "total": 0
              }
            },
            {
              "batter": "WK Lai",
              "bowler": "Ahram Jeong",
              "non_striker": "IA Gidwani",
              "runs": {
                "batter": 0,
                "extras": 0,
                "total": 0
              }
            },
            {
              "batter": "WK Lai",
              "bowler": "Ahram Jeong",
              "non_striker": "IA Gidwani",
              "runs": {
                "batter": 1,
                "extras": 0,
                "total": 1
              }
            },
            {
              "batter": "IA Gidwani",
              "bowler": "Ahram Jeong",
              "non_striker": "WK Lai",
              "runs": {
                "batter": 2,
                "extras": 0,
                "total": 2
              }
            },
            {
              "batter": "IA Gidwani",
              "bowler": "Ahram Jeong",
              "extras": {
                "wides": 1
              },
              "non_striker": "WK Lai",
              "runs": {
                "batter": 0,
                "extras": 1,
                "total": 1
              }
            },
            {
              "batter": "IA Gidwani",
              "bowler": "Ahram Jeong",
              "non_striker": "WK Lai",
              "runs": {
                "batter": 0,
                "extras": 0,
                "total": 0
              }
            },
            {
              "batter": "IA Gidwani",
              "bowler": "Ahram Jeong",
              "non_striker": "WK Lai",
              "runs": {
                "batter": 1,
                "extras": 0,
                "total": 1
              }
            }
          ]
        },
        {
          "over": 18,
          "deliveries": [
            {
              "batter": "IA Gidwani",
              "bowler": "Jinseup Park",
              "extras": {
                "noballs": 1
              },
              "non_striker": "WK Lai",
              "runs": {
                "batter": 0,
                "extras": 1,
                "total": 1
              }
            },
            {
              "batter": "IA Gidwani",
              "bowler": "Jinseup Park",
              "non_striker": "WK Lai",
              "runs": {
                "batter": 0,
                "extras": 0,
                "total": 0
              }
            },
            {
              "batter": "IA Gidwani",
              "bowler": "Jinseup Park",
              "non_striker": "WK Lai",
              "runs": {
                "batter": 1,
                "extras": 0,
                "total": 1
              }
            },
            {
              "batter": "WK Lai",
              "bowler": "Jinseup Park",
              "non_striker": "IA Gidwani",
              "runs": {
                "batter": 2,
                "extras": 0,
                "total": 2
              }
            },
            {
              "batter": "WK Lai",
              "bowler": "Jinseup Park",
              "non_striker": "IA Gidwani",
              "runs": {
                "batter": 0,
                "extras": 0,
                "total": 0
              }
            },
            {
              "batter": "WK Lai",
              "bowler": "Jinseup Park",
              "non_striker": "IA Gidwani",
              "runs": {
                "batter": 1,
                "extras": 0,
                "total": 1
              }
            },
            {
              "batter": "IA Gidwani",
              "bowler": "Jinseup Park",
              "extras": {
                "wides": 1
              },
              "non_striker": "WK Lai",
              "runs": {
                "batter": 0,
                "extras": 1,
                "total": 1
              }
            },
            {
              "batter": "IA Gidwani",
              "bowler": "Jinseup Park",
              "non_striker": "WK Lai",
              "runs": {
                "batter": 0,
                "extras": 0,
                "total": 0
              }
            }
          ]
        },
        {
          "over": 19,
          "deliveries": [
            {
              "batter": "WK Lai",
              "bowler": "Seungmin Song",
              "non_striker": "IA Gidwani",
              "runs": {
                "batter": 1,
                "extras": 0,
                "total": 1
              }
            },
            {
              "batter": "IA Gidwani",
              "bowler": "Seungmin Song",
              "non_striker": "WK Lai",
              "runs": {
                "batter": 0,
                "extras": 0,
                "total": 0
              },
              "wickets": [
                {
                  "kind": "caught",
                  "player_out": "IA Gidwani",
                  "fielders": [
                    {
                      "name": "Hyeji Jeong"
                    }
                  ]
                }
              ]
            },
            {
              "batter": "WK Lai",
              "bowler": "Seungmin Song",
              "non_striker": "KLG Li",
              "runs": {
                "batter": 0,
                "extras": 0,
                "total": 0
              }
            },
            {
              "batter": "WK Lai",
              "bowler": "Seungmin Song",
              "non_striker": "KLG Li",
              "runs": {
                "batter": 0,
                "extras": 0,
                "total": 0
              }
            },
            {
              "batter": "WK Lai",
              "bowler": "Seungmin Song",
              "non_striker": "KLG Li",
              "runs": {
                "batter": 2,
                "extras": 0,
                "total": 2
              }
            },
            {
              "batter": "WK Lai",
              "bowler": "Seungmin Song",
              "non_striker": "KLG Li",
              "runs": {
                "batter": 0,
                "extras": 0,
                "total": 0
              },
              "wickets": [
                {
                  "kind": "run out",
                  "player_out": "KLG Li",
                  "fielders": [
                    {
                      "name": "Jinseup Park"
                    }
                  ]
                }
              ]
            }
          ]
        }
      ],
      "powerplays": [
        {
          "from": 0.1,
          "to": 5.7,
          "type": "mandatory"
        }
      ]
    },
    {
      "team": "South Korea",
      "overs": [
        {
          "over": 0,
          "deliveries": [
            {
              "batter": "Hyeji Jeong",
              "bowler": "M Hill",
              "non_striker": "Eunjin Lee",
              "runs": {
                "batter": 1,
                "extras": 0,
                "total": 1
              }
            },
            {
              "batter": "Eunjin Lee",
              "bowler": "M Hill",
              "non_striker": "Hyeji Jeong",
              "runs": {
                "batter": 0,
                "extras": 0,
                "total": 0
              }
            },
            {
              "batter": "Eunjin Lee",
              "bowler": "M Hill",
              "non_striker": "Hyeji Jeong",
              "runs": {
                "batter": 0,
                "extras": 0,
                "total": 0
              }
            },
            {
              "batter": "Eunjin Lee",
              "bowler": "M Hill",
              "extras": {
                "wides": 1
              },
              "non_striker": "Hyeji Jeong",
              "runs": {
                "batter": 0,
                "extras": 1,
                "total": 1
              }
            },
            {
              "batter": "Eunjin Lee",
              "bowler": "M Hill",
              "non_striker": "Hyeji Jeong",
              "runs": {
                "batter": 0,
                "extras": 0,
                "total": 0
              },
              "wickets": [
                {
                  "kind": "lbw",
                  "player_out": "Eunjin Lee"
                }
              ]
            },
            {
              "batter": "Jeongyoon Kim",
              "bowler": "M Hill",
              "non_striker": "Hyeji Jeong",
              "runs": {
                "batter": 0,
                "extras": 0,
                "total": 0
              }
            },
            {
              "batter": "Jeongyoon Kim",
              "bowler": "M Hill",
              "non_striker": "Hyeji Jeong",
              "runs": {
                "batter": 1,
                "extras": 0,
                "total": 1
              }
            }
          ]
        },
        {
          "over": 1,
          "deliveries": [
            {
              "batter": "Jeongyoon Kim",
              "bowler": "Chan Sau Har",
              "extras": {
                "noballs": 1
              },
              "non_striker": "Hyeji Jeong",
              "runs": {
                "batter": 0,
                "extras": 1,
                "total": 1
              }
            },
            {
              "batter": "Jeongyoon Kim",
              "bowler": "Chan Sau Har",
              "non_striker": "Hyeji Jeong",
              "runs": {
                "batter": 0,
                "extras": 0,
                "total": 0
              }
            },
            {
              "batter": "Jeongyoon Kim",
              "bowler": "Chan Sau Har",
              "non_striker": "Hyeji Jeong",
              "runs": {
                "batter": 0,
                "extras": 0,
                "total": 0
              },
              "wickets": [
                {
                  "kind": "run out",
                  "player_out": "Hyeji Jeong",
                  "fielders": [
                    {
                      "name": "Chan Ka Man"
                    },
                    {
                      "name": "Sze Wan Yip"
                    }
                  ]
                }
              ]
            },
            {
              "batter": "Seungmin Song",
              "bowler": "Chan Sau Har",
              "non_striker": "Jeongyoon Kim",
              "runs": {
                "batter": 0,
                "extras": 0,
                "total": 0
              }
            },
            {
              "batter": "Seungmin Song",
              "bowler": "Chan Sau Har",
              "non_striker": "Jeongyoon Kim",
              "runs": {
                "batter": 0,
                "extras": 0,
                "total": 0
              }
            },
            {
              "batter": "Seungmin Song",
              "bowler": "Chan Sau Har",
              "non_striker": "Jeongyoon Kim",
              "runs": {
                "batter": 0,
                "extras": 0,
                "total": 0
              }
            },
            {
              "batter": "Seungmin Song",
              "bowler": "Chan Sau Har",
              "non_striker": "Jeongyoon Kim",
              "runs": {
                "batter": 0,
                "extras": 0,
                "total": 0
              }
            }
          ]
        },
        {
          "over": 2,
          "deliveries": [
            {
              "batter": "Jeongyoon Kim",
              "bowler": "M Hill",
              "non_striker": "Seungmin Song",
              "runs": {
                "batter": 0,
                "extras": 0,
                "total": 0
              }
            },
            {
              "batter": "Jeongyoon Kim",
              "bowler": "M Hill",
              "non_striker": "Seungmin Song",
              "runs": {
                "batter": 2,
                "extras": 0,
                "total": 2
              }
            },
            {
              "batter": "Jeongyoon Kim",
              "bowler": "M Hill",
              "non_striker": "Seungmin Song",
              "runs": {
                "batter": 0,
                "extras": 0,
                "total": 0
              }
            },
            {
              "batter": "Jeongyoon Kim",
              "bowler": "M Hill",
              "non_striker": "Seungmin Song",
              "runs": {
                "batter": 0,
                "extras": 0,
                "total": 0
              }
            },
            {
              "batter": "Jeongyoon Kim",
              "bowler": "M Hill",
              "non_striker": "Seungmin Song",
              "runs": {
                "batter": 2,
                "extras": 0,
                "total": 2
              }
            },
            {
              "batter": "Jeongyoon Kim",
              "bowler": "M Hill",
              "non_striker": "Seungmin Song",
              "runs": {
                "batter": 0,
                "extras": 0,
                "total": 0
              }
            }
          ]
        },
        {
          "over": 3,
          "deliveries": [
            {
              "batter": "Seungmin Song",
              "bowler": "Chan Sau Har",
              "non_striker": "Jeongyoon Kim",
              "runs": {
                "batter": 0,
                "extras": 0,
                "total": 0
              }
            },
            {
              "batter": "Seungmin Song",
              "bowler": "Chan Sau Har",
              "extras": {
                "wides": 1
              },
              "non_striker": "Jeongyoon Kim",
              "runs": {
                "batter": 0,
                "extras": 1,
                "total": 1
              }
            },
            {
              "batter": "Seungmin Song",
              "bowler": "Chan Sau Har",
              "non_striker": "Jeongyoon Kim",
              "runs": {
                "batter": 1,
                "extras": 0,
                "total": 1
              }
            },
            {
              "batter": "Jeongyoon Kim",
              "bowler": "Chan Sau Har",
              "non_striker": "Seungmin Song",
              "runs": {
                "batter": 0,
                "extras": 0,
                "total": 0
              }
            },
            {
              "batter": "Jeongyoon Kim",
              "bowler": "Chan Sau Har",
              "non_striker": "Seungmin Song",
              "runs": {
                "batter": 0,
                "extras": 0,
                "total": 0
              }
            },
            {
              "batter": "Jeongyoon Kim",
              "bowler": "Chan Sau Har",
              "non_striker": "Seungmin Song",
              "runs": {
                "batter": 0,
                "extras": 0,
                "total": 0
              }
            },
            {
              "batter": "Jeongyoon Kim",
              "bowler": "Chan Sau Har",
              "non_striker": "Seungmin Song",
              "runs": {
                "batter": 1,
                "extras": 0,
                "total": 1
              }
            }
          ]
        },
        {
          "over": 4,
          "deliveries": [
            {
              "batter": "Jeongyoon Kim",
              "bowler": "M Hill",
              "non_striker": "Seungmin Song",
              "runs": {
                "batter": 0,
                "extras": 0,
                "total": 0
              }
            },
            {
              "batter": "Jeongyoon Kim",
              "bowler": "M Hill",
              "non_striker": "Seungmin Song",
              "runs": {
                "batter": 0,
                "extras": 0,
                "total": 0
              }
            },
            {
              "batter": "Jeongyoon Kim",
              "bowler": "M Hill",
              "non_striker": "Seungmin Song",
              "runs": {
                "batter": 0,
                "extras": 0,
                "total": 0
              }
            },
            {
              "batter": "Jeongyoon Kim",
              "bowler": "M Hill",
              "non_striker": "Seungmin Song",
              "runs": {
                "batter": 1,
                "extras": 0,
                "total": 1
              }
            },
            {
              "batter": "Seungmin Song",
              "bowler": "M Hill",
              "non_striker": "Jeongyoon Kim",
              "runs": {
                "batter": 0,
                "extras": 0,
                "total": 0
              }
            },
            {
              "batter": "Seungmin Song",
              "bowler": "M Hill",
              "non_striker": "Jeongyoon Kim",
              "runs": {
                "batter": 1,
                "extras": 0,
                "total": 1
              }
            }
          ]
        },
        {
          "over": 5,
          "deliveries": [
            {
              "batter": "Seungmin Song",
              "bowler": "Chan Ka Man",
              "non_striker": "Jeongyoon Kim",
              "runs": {
                "batter": 0,
                "extras": 0,
                "total": 0
              }
            },
            {
              "batter": "Seungmin Song",
              "bowler": "Chan Ka Man",
              "non_striker": "Jeongyoon Kim",
              "runs": {
                "batter": 1,
                "extras": 0,
                "total": 1
              }
            },
            {
              "batter": "Jeongyoon Kim",
              "bowler": "Chan Ka Man",
              "non_striker": "Seungmin Song",
              "runs": {
                "batter": 2,
                "extras": 0,
                "total": 2
              }
            },
            {
              "batter": "Jeongyoon Kim",
              "bowler": "Chan Ka Man",
              "non_striker": "Seungmin Song",
              "runs": {
                "batter": 4,
                "extras": 0,
                "total": 4
              }
            },
            {
              "batter": "Jeongyoon Kim",
              "bowler": "Chan Ka Man",
              "extras": {
                "wides": 1
              },
              "non_striker": "Seungmin Song",
              "runs": {
                "batter": 0,
                "extras": 1,
                "total": 1
              }
            },
            {
              "batter": "Jeongyoon Kim",
              "bowler": "Chan Ka Man",
              "extras": {
                "byes": 1
              },
              "non_striker": "Seungmin Song",
              "runs": {
                "batter": 0,
                "extras": 1,
                "total": 1
              }
            },
            {
              "batter": "Seungmin Song",
              "bowler": "Chan Ka Man",
              "non_striker": "Jeongyoon Kim",
              "runs": {
                "batter": 1,
                "extras": 0,
                "total": 1
              }
            }
          ]
        },
        {
          "over": 6,
          "deliveries": [
            {
              "batter": "Seungmin Song",
              "bowler": "IA Gidwani",
              "non_striker": "Jeongyoon Kim",
              "runs": {
                "batter": 1,
                "extras": 0,
                "total": 1
              }
            },
            {
              "batter": "Jeongyoon Kim",
              "bowler": "IA Gidwani",
              "non_striker": "Seungmin Song",
              "runs": {
                "batter": 0,
                "extras": 0,
                "total": 0
              }
            },
            {
              "batter": "Jeongyoon Kim",
              "bowler": "IA Gidwani",
              "non_striker": "Seungmin Song",
              "runs": {
                "batter": 1,
                "extras": 0,
                "total": 1
              }
            },
            {
              "batter": "Seungmin Song",
              "bowler": "IA Gidwani",
              "non_striker": "Jeongyoon Kim",
              "runs": {
                "batter": 0,
                "extras": 0,
                "total": 0
              }
            },
            {
              "batter": "Seungmin Song",
              "bowler": "IA Gidwani",
              "non_striker": "Jeongyoon Kim",
              "runs": {
                "batter": 1,
                "extras": 0,
                "total": 1
              }
            },
            {
              "batter": "Jeongyoon Kim",
              "bowler": "IA Gidwani",
              "non_striker": "Seungmin Song",
              "runs": {
                "batter": 1,
                "extras": 0,
                "total": 1
              }
            }
          ]
        },
        {
          "over": 7,
          "deliveries": [
            {
              "batter": "Jeongyoon Kim",
              "bowler": "KY Chan",
              "extras": {
                "wides": 1
              },
              "non_striker": "Seungmin Song",
              "runs": {
                "batter": 0,
                "extras": 1,
                "total": 1
              }
            },
            {
              "batter": "Jeongyoon Kim",
              "bowler": "KY Chan",
              "non_striker": "Seungmin Song",
              "runs": {
                "batter": 0,
                "extras": 0,
                "total": 0
              }
            },
            {
              "batter": "Jeongyoon Kim",
              "bowler": "KY Chan",
              "non_striker": "Seungmin Song",
              "runs": {
                "batter": 0,
                "extras": 0,
                "total": 0
              }
            },
            {
              "batter": "Jeongyoon Kim",
              "bowler": "KY Chan",
              "non_striker": "Seungmin Song",
              "runs": {
                "batter": 1,
                "extras": 0,
                "total": 1
              }
            },
            {
              "batter": "Seungmin Song",
              "bowler": "KY Chan",
              "extras": {
                "byes": 1
              },
              "non_striker": "Jeongyoon Kim",
              "runs": {
                "batter": 0,
                "extras": 1,
                "total": 1
              }
            },
            {
              "batter": "Jeongyoon Kim",
              "bowler": "KY Chan",
              "non_striker": "Seungmin Song",
              "runs": {
                "batter": 2,
                "extras": 0,
                "total": 2
              }
            },
            {
              "batter": "Jeongyoon Kim",
              "bowler": "KY Chan",
              "non_striker": "Seungmin Song",
              "runs": {
                "batter": 1,
                "extras": 0,
                "total": 1
              }
            }
          ]
        },
        {
          "over": 8,
          "deliveries": [
            {
              "batter": "Jeongyoon Kim",
              "bowler": "IA Gidwani",
              "non_striker": "Seungmin Song",
              "runs": {
                "batter": 0,
                "extras": 0,
                "total": 0
              }
            },
            {
              "batter": "Jeongyoon Kim",
              "bowler": "IA Gidwani",
              "non_striker": "Seungmin Song",
              "runs": {
                "batter": 0,
                "extras": 0,
                "total": 0
              }
            },
            {
              "batter": "Jeongyoon Kim",
              "bowler": "IA Gidwani",
              "non_striker": "Seungmin Song",
              "runs": {
                "batter": 0,
                "extras": 0,
                "total": 0
              }
            },
            {
              "batter": "Jeongyoon Kim",
              "bowler": "IA Gidwani",
              "non_striker": "Seungmin Song",
              "runs": {
                "batter": 0,
                "extras": 0,
                "total": 0
              }
            },
            {
              "batter": "Jeongyoon Kim",
              "bowler": "IA Gidwani",
              "non_striker": "Seungmin Song",
              "runs": {
                "batter": 1,
                "extras": 0,
                "total": 1
              }
            },
            {
              "batter": "Seungmin Song",
              "bowler": "IA Gidwani",
              "non_striker": "Jeongyoon Kim",
              "runs": {
                "batter": 1,
                "extras": 0,
                "total": 1
              }
            }
          ]
        },
        {
          "over": 9,
          "deliveries": [
            {
              "batter": "Seungmin Song",
              "bowler": "KK Gill",
              "extras": {
                "wides": 1
              },
              "non_striker": "Jeongyoon Kim",
              "runs": {
                "batter": 0,
                "extras": 1,
                "total": 1
              }
            },
            {
              "batter": "Seungmin Song",
              "bowler": "KK Gill",
              "non_striker": "Jeongyoon Kim",
              "runs": {
                "batter": 0,
                "extras": 0,
                "total": 0
              },
              "wickets": [
                {
                  "kind": "run out",
                  "player_out": "Seungmin Song",
                  "fielders": [
                    {
                      "name": "KK Gill"
                    }
                  ]
                }
              ]
            },
            {
              "batter": "Jeongyoon Kim",
              "bowler": "KK Gill",
              "non_striker": "Na An",
              "runs": {
                "batter": 0,
                "extras": 0,
                "total": 0
              }
            },
            {
              "batter": "Jeongyoon Kim",
              "bowler": "KK Gill",
              "non_striker": "Na An",
              "runs": {
                "batter": 0,
                "extras": 0,
                "total": 0
              }
            },
            {
              "batter": "Jeongyoon Kim",
              "bowler": "KK Gill",
              "non_striker": "Na An",
              "runs": {
                "batter": 0,
                "extras": 0,
                "total": 0
              },
              "wickets": [
                {
                  "kind": "lbw",
                  "player_out": "Jeongyoon Kim"
                }
              ]
            },
            {
              "batter": "Jina Lee",
              "bowler": "KK Gill",
              "non_striker": "Na An",
              "runs": {
                "batter": 1,
                "extras": 0,
                "total": 1
              }
            },
            {
              "batter": "Na An",
              "bowler": "KK Gill",
              "non_striker": "Jina Lee",
              "runs": {
                "batter": 0,
                "extras": 0,
                "total": 0
              }
            }
          ]
        },
        {
          "over": 10,
          "deliveries": [
            {
              "batter": "Jina Lee",
              "bowler": "IA Gidwani",
              "non_striker": "Na An",
              "runs": {
                "batter": 0,
                "extras": 0,
                "total": 0
              }
            },
            {
              "batter": "Jina Lee",
              "bowler": "IA Gidwani",
              "non_striker": "Na An",
              "runs": {
                "batter": 0,
                "extras": 0,
                "total": 0
              }
            },
            {
              "batter": "Jina Lee",
              "bowler": "IA Gidwani",
              "non_striker": "Na An",
              "runs": {
                "batter": 0,
                "extras": 0,
                "total": 0
              },
              "wickets": [
                {
                  "kind": "bowled",
                  "player_out": "Jina Lee"
                }
              ]
            },
            {
              "batter": "Jinseup Park",
              "bowler": "IA Gidwani",
              "non_striker": "Na An",
              "runs": {
                "batter": 0,
                "extras": 0,
                "total": 0
              }
            },
            {
              "batter": "Jinseup Park",
              "bowler": "IA Gidwani",
              "non_striker": "Na An",
              "runs": {
                "batter": 0,
                "extras": 0,
                "total": 0
              }
            },
            {
              "batter": "Jinseup Park",
              "bowler": "IA Gidwani",
              "non_striker": "Na An",
              "runs": {
                "batter": 1,
                "extras": 0,
                "total": 1
              }
            }
          ]
        },
        {
          "over": 11,
          "deliveries": [
            {
              "batter": "Jinseup Park",
              "bowler": "KK Gill",
              "extras": {
                "wides": 1
              },
              "non_striker": "Na An",
              "runs": {
                "batter": 0,
                "extras": 1,
                "total": 1
              }
            },
            {
              "batter": "Jinseup Park",
              "bowler": "KK Gill",
              "non_striker": "Na An",
              "runs": {
                "batter": 0,
                "extras": 0,
                "total": 0
              }
            },
            {
              "batter": "Jinseup Park",
              "bowler": "KK Gill",
              "extras": {
                "wides": 1
              },
              "non_striker": "Na An",
              "runs": {
                "batter": 0,
                "extras": 1,
                "total": 1
              }
            },
            {
              "batter": "Jinseup Park",
              "bowler": "KK Gill",
              "non_striker": "Na An",
              "runs": {
                "batter": 0,
                "extras": 0,
                "total": 0
              },
              "wickets": [
                {
                  "kind": "run out",
                  "player_out": "Jinseup Park",
                  "fielders": [
                    {
                      "name": "Chan Sau Har"
                    },
                    {
                      "name": "Sze Wan Yip"
                    }
                  ]
                }
              ]
            },
            {
              "batter": "Inyeong Oh",
              "bowler": "KK Gill",
              "non_striker": "Na An",
              "runs": {
                "batter": 2,
                "extras": 0,
                "total": 2
              }
            },
            {
              "batter": "Inyeong Oh",
              "bowler": "KK Gill",
              "non_striker": "Na An",
              "runs": {
                "batter": 0,
                "extras": 0,
                "total": 0
              }
            },
            {
              "batter": "Inyeong Oh",
              "bowler": "KK Gill",
              "non_striker": "Na An",
              "runs": {
                "batter": 0,
                "extras": 0,
                "total": 0
              }
            },
            {
              "batter": "Inyeong Oh",
              "bowler": "KK Gill",
              "non_striker": "Na An",
              "runs": {
                "batter": 0,
                "extras": 0,
                "total": 0
              }
            }
          ]
        },
        {
          "over": 12,
          "deliveries": [
            {
              "batter": "Na An",
              "bowler": "KLG Li",
              "non_striker": "Inyeong Oh",
              "runs": {
                "batter": 0,
                "extras": 0,
                "total": 0
              }
            },
            {
              "batter": "Na An",
              "bowler": "KLG Li",
              "non_striker": "Inyeong Oh",
              "runs": {
                "batter": 0,
                "extras": 0,
                "total": 0
              }
            },
            {
              "batter": "Na An",
              "bowler": "KLG Li",
              "non_striker": "Inyeong Oh",
              "runs": {
                "batter": 0,
                "extras": 0,
                "total": 0
              }
            },
            {
              "batter": "Na An",
              "bowler": "KLG Li",
              "non_striker": "Inyeong Oh",
              "runs": {
                "batter": 4,
                "extras": 0,
                "total": 4
              }
            },
            {
              "batter": "Na An",
              "bowler": "KLG Li",
              "non_striker": "Inyeong Oh",
              "runs": {
                "batter": 0,
                "extras": 0,
                "total": 0
              }
            },
            {
              "batter": "Na An",
              "bowler": "KLG Li",
              "non_striker": "Inyeong Oh",
              "runs": {
                "batter": 0,
                "extras": 0,
                "total": 0
              },
              "wickets": [
                {
                  "kind": "bowled",
                  "player_out": "Na An"
                }
              ]
            }
          ]
        },
        {
          "over": 13,
          "deliveries": [
            {
              "batter": "Inyeong Oh",
              "bowler": "KK Gill",
              "non_striker": "Mijin Hu",
              "runs": {
                "batter": 2,
                "extras": 0,
                "total": 2
              }
            },
            {
              "batter": "Inyeong Oh",
              "bowler": "KK Gill",
              "non_striker": "Mijin Hu",
              "runs": {
                "batter": 0,
                "extras": 0,
                "total": 0
              }
            },
            {
              "batter": "Inyeong Oh",
              "bowler": "KK Gill",
              "non_striker": "Mijin Hu",
              "runs": {
                "batter": 1,
                "extras": 0,
                "total": 1
              }
            },
            {
              "batter": "Mijin Hu",
              "bowler": "KK Gill",
              "non_striker": "Inyeong Oh",
              "runs": {
                "batter": 1,
                "extras": 0,
                "total": 1
              }
            },
            {
              "batter": "Inyeong Oh",
              "bowler": "KK Gill",
              "extras": {
                "wides": 1
              },
              "non_striker": "Mijin Hu",
              "runs": {
                "batter": 0,
                "extras": 1,
                "total": 1
              }
            },
            {
              "batter": "Inyeong Oh",
              "bowler": "KK Gill",
              "non_striker": "Mijin Hu",
              "runs": {
                "batter": 0,
                "extras": 0,
                "total": 0
              }
            },
            {
              "batter": "Inyeong Oh",
              "bowler": "KK Gill",
              "non_striker": "Mijin Hu",
              "runs": {
                "batter": 0,
                "extras": 0,
                "total": 0
              }
            }
          ]
        },
        {
          "over": 14,
          "deliveries": [
            {
              "batter": "Mijin Hu",
              "bowler": "KLG Li",
              "non_striker": "Inyeong Oh",
              "runs": {
                "batter": 0,
                "extras": 0,
                "total": 0
              }
            },
            {
              "batter": "Mijin Hu",
              "bowler": "KLG Li",
              "non_striker": "Inyeong Oh",
              "runs": {
                "batter": 0,
                "extras": 0,
                "total": 0
              }
            },
            {
              "batter": "Mijin Hu",
              "bowler": "KLG Li",
              "non_striker": "Inyeong Oh",
              "runs": {
                "batter": 2,
                "extras": 0,
                "total": 2
              }
            },
            {
              "batter": "Mijin Hu",
              "bowler": "KLG Li",
              "non_striker": "Inyeong Oh",
              "runs": {
                "batter": 0,
                "extras": 0,
                "total": 0
              }
            },
            {
              "batter": "Mijin Hu",
              "bowler": "KLG Li",
              "non_striker": "Inyeong Oh",
              "runs": {
                "batter": 0,
                "extras": 0,
                "total": 0
              },
              "wickets": [
                {
                  "kind": "bowled",
                  "player_out": "Mijin Hu"
                }
              ]
            },
            {
              "batter": "Ahram Jeong",
              "bowler": "KLG Li",
              "non_striker": "Inyeong Oh",
              "runs": {
                "batter": 0,
                "extras": 0,
                "total": 0
              },
              "wickets": [
                {
                  "kind": "lbw",
                  "player_out": "Ahram Jeong"
                }
              ]
            }
          ]
        },
        {
          "over": 15,
          "deliveries": [
            {
              "batter": "Inyeong Oh",
              "bowler": "KK Gill",
              "non_striker": "Yebin Ka",
              "runs": {
                "batter": 2,
                "extras": 0,
                "total": 2
              }
            },
            {
              "batter": "Inyeong Oh",
              "bowler": "KK Gill",
              "extras": {
                "wides": 2
              },
              "non_striker": "Yebin Ka",
              "runs": {
                "batter": 0,
                "extras": 2,
                "total": 2
              }
            },
            {
              "batter": "Yebin Ka",
              "bowler": "KK Gill",
              "non_striker": "Inyeong Oh",
              "runs": {
                "batter": 0,
                "extras": 0,
                "total": 0
              }
            },
            {
              "batter": "Yebin Ka",
              "bowler": "KK Gill",
              "non_striker": "Inyeong Oh",
              "runs": {
                "batter": 0,
                "extras": 0,
                "total": 0
              }
            },
            {
              "batter": "Yebin Ka",
              "bowler": "KK Gill",
              "non_striker": "Inyeong Oh",
              "runs": {
                "batter": 0,
                "extras": 0,
                "total": 0
              }
            },
            {
              "batter": "Yebin Ka",
              "bowler": "KK Gill",
              "non_striker": "Inyeong Oh",
              "runs": {
                "batter": 0,
                "extras": 0,
                "total": 0
              },
              "wickets": [
                {
                  "kind": "bowled",
                  "player_out": "Yebin Ka"
                }
              ]
            }
          ]
        }
      ],
      "powerplays": [
        {
          "from": 0.1,
          "to": 5.7,
          "type": "mandatory"
        }
      ],
      "target": {
        "overs": 20,
        "runs": 93
      }
    }
  ]
}