{
  "meta": {
    "data_version": "1.0.0",
    "created": "2015-02-15",
    "revision": 2
  },
  "info": {
    "balls_per_over": 6,
    "dates": [
      "2015-01-27"
    ],
    "event": {
      "match_number": 9,
      "name": "ACC Twenty20 Cup"
    },
    "gender": "male",
    "match_type": "IT20",
    "officials": {
      "match_referees": [
        "SLV Raju"
      ],
      "reserve_umpires": [
        "Iftikhar Ali"
      ],
      "umpires": [
        "Imran Mustafa",
        "Rabiul Hoque"
      ]
    },
    "outcome": {
      "by": {
        "runs": 43
      },
      "winner": "Saudi Arabia"
    },
    "overs": 20,
    "player_of_match": [
      "Shoaib Ali"
    ],
    "players": {
      "Malaysia": [
        "Suhan Alagaratnam",
        "Shafiq Sharif",
        "Ahmed Faiz",
        "Hammadullah Khan",
        "Khizar Hayat",
        "Hassan Ghulam",
        "Virandeep Singh",
        "Aminuddin Ramly",
        "D Duraisingam",
        "Shahrulnizam Yusof",
        "Suharril Fetri"
      ],
      "Saudi Arabia": [
        "Abdul Waheed",
        "Nasir Abbasi",
        "Mohammad Afzal",
        "Shahbaz Rasheed",
        "Hammad Saeed",
        "Babar Hussain",
        "Ibrarul Haq",
        "Shoaib Ali",
        "Faheem Afrad",
        "Mohsin Shabbir",
        "Nadeem Javed"
      ]
    },
    "registry": {
      "people": {
        "Abdul Waheed": "23fa9ea9",
        "Ahmed Faiz": "f6b4f746",
        "Aminuddin Ramly": "8cae5b48",
        "Babar Hussain": "3c1137ba",
        "D Duraisingam": "ea9a0642",
        "Faheem Afrad": "76903be1",
        "Hammad Saeed": "fcec4285",
        "Hammadullah Khan": "6e0a942c",
        "Hassan Ghulam": "288ea226",
        "Ibrarul Haq": "119007ef",
        "Iftikhar Ali": "fc537391",
        "Imran Mustafa": "f11bc2ff",
        "Khizar Hayat": "78bbeba1",
        "Mohammad Afzal": "55e0d2a1",
        "Mohsin Shabbir": "941dfb84",
        "Nadeem Javed": "33e72826",
        "Nasir Abbasi": "16dfcf57",
        "Rabiul Hoque": "8f770e34",
        "SLV Raju": "56ee86ce",
        "Shafiq Sharif": "033ac24e",
        "Shahbaz Rasheed": "b1a281cd",
        "Shahrulnizam Yusof": "2b8718c8",
        "Shoaib Ali": "f0e8d51a",
        "Suhan Alagaratnam": "4cf59936",
        "Suharril Fetri": "a96938ba",
        "Virandeep Singh": "415d30b6"
      }
    },
    "season": "2014/15",
    "team_type": "international",
    "teams": [
      "Malaysia",
      "Saudi Arabia"
    ],
    "toss": {
      "decision": "bat",
      "winner": "Saudi Arabia"
    },
    "venue": "Sharjah Cricket Stadium"
  },
  "innings": [
    {
      "team": "Saudi Arabia",
      "overs": [
        {
          "over": 0,
          "deliveries": [
            {
              "batter": "Abdul Waheed",
              "bowler": "Suharril Fetri",
              "non_striker": "Nasir Abbasi",
              "runs": {
                "batter": 1,
                "extras": 0,
                "total": 1
              }
            },
            {
              "batter": "Nasir Abbasi",
              "bowler": "Suharril Fetri",
              "non_striker": "Abdul Waheed",
              "runs": {
                "batter": 1,
                "extras": 0,
                "total": 1
              }
            },
            {
              "batter": "Abdul Waheed",
              "bowler": "Suharril Fetri",
              "non_striker": "Nasir Abbasi",
              "runs": {
                "batter": 0,
                "extras": 0,
                "total": 0
              }
            },
            {
              "batter": "Abdul Waheed",
              "bowler": "Suharril Fetri",
              "non_striker": "Nasir Abbasi",
              "runs": {
                "batter": 1,
                "extras": 0,
                "total": 1
              }
            },
            {
              "batter": "Nasir Abbasi",
              "bowler": "Suharril Fetri",
              "non_striker": "Abdul Waheed",
              "runs": {
                "batter": 6,
                "extras": 0,
                "total": 6
              }
            },
            {
              "batter": "Nasir Abbasi",
              "bowler": "Suharril Fetri",
              "non_striker": "Abdul Waheed",
              "runs": {
                "batter": 6,
                "extras": 0,
                "total": 6
              }
            }
          ]
        },
        {
          "over": 1,
          "deliveries": [
            {
              "batter": "Abdul Waheed",
              "bowler": "Hassan Ghulam",
              "extras": {
                "wides": 1
              },
              "non_striker": "Nasir Abbasi",
              "runs": {
                "batter": 0,
                "extras": 1,
                "total": 1
              }
            },
            {
              "batter": "Abdul Waheed",
              "bowler": "Hassan Ghulam",
              "non_striker": "Nasir Abbasi",
              "runs": {
                "batter": 0,
                "extras": 0,
                "total": 0
              }
            },
            {
              "batter": "Abdul Waheed",
              "bowler": "Hassan Ghulam",
              "non_striker": "Nasir Abbasi",
              "runs": {
                "batter": 0,
                "extras": 0,
                "total": 0
              }
            },
            {
              "batter": "Abdul Waheed",
              "bowler": "Hassan Ghulam",
              "non_striker": "Nasir Abbasi",
              "runs": {
                "batter": 0,
                "extras": 0,
                "total": 0
              }
            },
            {
              "batter": "Abdul Waheed",
              "bowler": "Hassan Ghulam",
              "non_striker": "Nasir Abbasi",
              "runs": {
                "batter": 1,
                "extras": 0,
                "total": 1
              }
            },
            {
              "batter": "Nasir Abbasi",
              "bowler": "Hassan Ghulam",
              "non_striker": "Abdul Waheed",
              "runs": {
                "batter": 0,
                "extras": 0,
                "total": 0
              }
            },
            {
              "batter": "Nasir Abbasi",
              "bowler": "Hassan Ghulam",
              "non_striker": "Abdul Waheed",
              "runs": {
                "batter": 0,
                "extras": 0,
                "total": 0
              }
            }
          ]
        },
        {
          "over": 2,
          "deliveries": [
            {
              "batter": "Abdul Waheed",
              "bowler": "Suharril Fetri",
              "extras": {
                "wides": 1
              },
              "non_striker": "Nasir Abbasi",
              "runs": {
                "batter": 0,
                "extras": 1,
                "total": 1
              }
            },
            {
              "batter": "Abdul Waheed",
              "bowler": "Suharril Fetri",
              "non_striker": "Nasir Abbasi",
              "runs": {
                "batter": 0,
                "extras": 0,
                "total": 0
              }
            },
            {
              "batter": "Abdul Waheed",
              "bowler": "Suharril Fetri",
              "non_striker": "Nasir Abbasi",
              "runs": {
                "batter": 2,
                "extras": 0,
                "total": 2
              }
            },
            {
              "batter": "Abdul Waheed",
              "bowler": "Suharril Fetri",
              "non_striker": "Nasir Abbasi",
              "runs": {
                "batter": 0,
                "extras": 0,
                "total": 0
              }
            },
            {
              "batter": "Abdul Waheed",
              "bowler": "Suharril Fetri",
              "non_striker": "Nasir Abbasi",
              "runs": {
                "batter": 0,
                "extras": 0,
                "total": 0
              }
            },
            {
              "batter": "Abdul Waheed",
              "bowler": "Suharril Fetri",
              "non_striker": "Nasir Abbasi",
              "runs": {
                "batter": 6,
                "extras": 0,
                "total": 6
              }
            },
            {
              "batter": "Abdul Waheed",
              "bowler": "Suharril Fetri",
              "extras": {
                "wides": 1
              },
              "non_striker": "Nasir Abbasi",
              "runs": {
                "batter": 0,
                "extras": 1,
                "total": 1
              }
            },
            {
              "batter": "Abdul Waheed",
              "bowler": "Suharril Fetri",
              "non_striker": "Nasir Abbasi",
              "runs": {
                "batter": 0,
                "extras": 0,
                "total": 0
              }
            }
          ]
        },
        {
          "over": 3,
          "deliveries": [
            {
              "batter": "Nasir Abbasi",
              "bowler": "Khizar Hayat",
              "non_striker": "Abdul Waheed",
              "runs": {
                "batter": 1,
                "extras": 0,
                "total": 1
              }
            },
            {
              "batter": "Abdul Waheed",
              "bowler": "Khizar Hayat",
              "non_striker": "Nasir Abbasi",
              "runs": {
                "batter": 4,
                "extras": 0,
                "total": 4
              }
            },
            {
              "batter": "Abdul Waheed",
              "bowler": "Khizar Hayat",
              "non_striker": "Nasir Abbasi",
              "runs": {
                "batter": 0,
                "extras": 0,
                "total": 0
              }
            },
            {
              "batter": "Abdul Waheed",
              "bowler": "Khizar Hayat",
              "non_striker": "Nasir Abbasi",
              "runs": {
                "batter": 1,
                "extras": 0,
                "total": 1
              }
            },
            {
              "batter": "Nasir Abbasi",
              "bowler": "Khizar Hayat",
              "non_striker": "Abdul Waheed",
              "runs": {
                "batter": 0,
                "extras": 0,
                "total": 0
              }
            },
            {
              "batter": "Nasir Abbasi",
              "bowler": "Khizar Hayat",
              "non_striker": "Abdul Waheed",
              "runs": {
                "batter": 1,
                "extras": 0,
                "total": 1
              }
            }
          ]
        },
        {
          "over": 4,
          "deliveries": [
            {
              "batter": "Nasir Abbasi",
              "bowler": "Virandeep Singh",
              "non_striker": "Abdul Waheed",
              "runs": {
                "batter": 4,
                "extras": 0,
                "total": 4
              }
            },
            {
              "batter": "Nasir Abbasi",
              "bowler": "Virandeep Singh",
              "extras": {
                "wides": 1
              },
              "non_striker": "Abdul Waheed",
              "runs": {
                "batter": 0,
                "extras": 1,
                "total": 1
              }
            },
            {
              "batter": "Nasir Abbasi",
              "bowler": "Virandeep Singh",
              "non_striker": "Abdul Waheed",
              "runs": {
                "batter": 2,
                "extras": 0,
                "total": 2
              }
            },
            {
              "batter": "Nasir Abbasi",
              "bowler": "Virandeep Singh",
              "non_striker": "Abdul Waheed",
              "runs": {
                "batter": 1,
                "extras": 0,
                "total": 1
              }
            },
            {
              "batter": "Abdul Waheed",
              "bowler": "Virandeep Singh",
              "non_striker": "Nasir Abbasi",
              "runs": {
                "batter": 1,
                "extras": 0,
                "total": 1
              }
            },
            {
              "batter": "Nasir Abbasi",
              "bowler": "Virandeep Singh",
              "non_striker": "Abdul Waheed",
              "runs": {
                "batter": 4,
                "extras": 0,
                "total": 4
              }
            },
            {
              "batter": "Nasir Abbasi",
              "bowler": "Virandeep Singh",
              "non_striker": "Abdul Waheed",
              "runs": {
                "batter": 6,
                "extras": 0,
                "total": 6
              }
            }
          ]
        },
        {
          "over": 5,
          "deliveries": [
            {
              "batter": "Abdul Waheed",
              "bowler": "Khizar Hayat",
              "non_striker": "Nasir Abbasi",
              "runs": {
                "batter": 0,
                "extras": 0,
                "total": 0
              },
              "wickets": [
                {
                  "kind": "caught",
                  "player_out": "Abdul Waheed",
                  "fielders": [
                    {
                      "name": "Suharril Fetri"
                    }
                  ]
                }
              ]
            },
            {
              "batter": "Nasir Abbasi",
              "bowler": "Khizar Hayat",
              "non_striker": "Mohammad Afzal",
              "runs": {
                "batter": 1,
                "extras": 0,
                "total": 1
              }
            },
            {
              "batter": "Mohammad Afzal",
              "bowler": "Khizar Hayat",
              "non_striker": "Nasir Abbasi",
              "runs": {
                "batter": 0,
                "extras": 0,
                "total": 0
              }
            },
            {
              "batter": "Mohammad Afzal",
              "bowler": "Khizar Hayat",
              "non_striker": "Nasir Abbasi",
              "runs": {
                "batter": 1,
                "extras": 0,
                "total": 1
              }
            },
            {
              "batter": "Nasir Abbasi",
              "bowler": "Khizar Hayat",
              "extras": {
                "noballs": 1
              },
              "non_striker": "Mohammad Afzal",
              "runs": {
                "batter": 1,
                "extras": 1,
                "total": 2
              }
            },
            {
              "batter": "Mohammad Afzal",
              "bowler": "Khizar Hayat",
              "non_striker": "Nasir Abbasi",
              "runs": {
                "batter": 4,
                "extras": 0,
                "total": 4
              }
            },
            {
              "batter": "Mohammad Afzal",
              "bowler": "Khizar Hayat",
              "non_striker": "Nasir Abbasi",
              "runs": {
                "batter": 1,
                "extras": 0,
                "total": 1
              }
            }
          ]
        },
        {
          "over": 6,
          "deliveries": [
            {
              "batter": "Mohammad Afzal",
              "bowler": "Shahrulnizam Yusof",
              "non_striker": "Nasir Abbasi",
              "runs": {
                "batter": 1,
                "extras": 0,
                "total": 1
              }
            },
            {
              "batter": "Nasir Abbasi",
              "bowler": "Shahrulnizam Yusof",
              "non_striker": "Mohammad Afzal",
              "runs": {
                "batter": 1,
                "extras": 0,
                "total": 1
              }
            },
            {
              "batter": "Mohammad Afzal",
              "bowler": "Shahrulnizam Yusof",
              "non_striker": "Nasir Abbasi",
              "runs": {
                "batter": 1,
                "extras": 0,
                "total": 1
              }
            },
            {
              "batter": "Nasir Abbasi",
              "bowler": "Shahrulnizam Yusof",
              "non_striker": "Mohammad Afzal",
              "runs": {
                "batter": 1,
                "extras": 0,
                "total": 1
              }
            },
            {
              "batter": "Mohammad Afzal",
              "bowler": "Shahrulnizam Yusof",
              "extras": {
                "wides": 1
              },
              "non_striker": "Nasir Abbasi",
              "runs": {
                "batter": 0,
                "extras": 1,
                "total": 1
              }
            },
            {
              "batter": "Mohammad Afzal",
              "bowler": "Shahrulnizam Yusof",
              "non_striker": "Nasir Abbasi",
              "runs": {
                "batter": 1,
                "extras": 0,
                "total": 1
              }
            },
            {
              "batter": "Nasir Abbasi",
              "bowler": "Shahrulnizam Yusof",
              "non_striker": "Mohammad Afzal",
              "runs": {
                "batter": 4,
                "extras": 0,
                "total": 4
              }
            }
          ]
        },
        {
          "over": 7,
          "deliveries": [
            {
              "batter": "Mohammad Afzal",
              "bowler": "Suharril Fetri",
              "non_striker": "Nasir Abbasi",
              "runs": {
                "batter": 1,
                "extras": 0,
                "total": 1
              }
            },
            {
              "batter": "Nasir Abbasi",
              "bowler": "Suharril Fetri",
              "non_striker": "Mohammad Afzal",
              "runs": {
                "batter": 0,
                "extras": 0,
                "total": 0
              }
            },
            {
              "batter": "Nasir Abbasi",
              "bowler": "Suharril Fetri",
              "non_striker": "Mohammad Afzal",
              "runs": {
                "batter": 1,
                "extras": 0,
                "total": 1
              }
            },
            {
              "batter": "Mohammad Afzal",
              "bowler": "Suharril Fetri",
              "non_striker": "Nasir Abbasi",
              "runs": {
                "batter": 0,
                "extras": 0,
                "total": 0
              }
            },
            {
              "batter": "Mohammad Afzal",
              "bowler": "Suharril Fetri",
              "non_striker": "Nasir Abbasi",
              "runs": {
                "batter": 1,
                "extras": 0,
                "total": 1
              }
            },
            {
              "batter": "Nasir Abbasi",
              "bowler": "Suharril Fetri",
              "non_striker": "Mohammad Afzal",
              "runs": {
                "batter": 4,
                "extras": 0,
                "total": 4
              }
            }
          ]
        },
        {
          "over": 8,
          "deliveries": [
            {
              "batter": "Mohammad Afzal",
              "bowler": "Shahrulnizam Yusof",
              "non_striker": "Nasir Abbasi",
              "runs": {
                "batter": 1,
                "extras": 0,
                "total": 1
              }
            },
            {
              "batter": "Nasir Abbasi",
              "bowler": "Shahrulnizam Yusof",
              "non_striker": "Mohammad Afzal",
              "runs": {
                "batter": 6,
                "extras": 0,
                "total": 6
              }
            },
            {
              "batter": "Nasir Abbasi",
              "bowler": "Shahrulnizam Yusof",
              "non_striker": "Mohammad Afzal",
              "runs": {
                "batter": 0,
                "extras": 0,
                "total": 0
              }
            },
            {
              "batter": "Nasir Abbasi",
              "bowler": "Shahrulnizam Yusof",
              "non_striker": "Mohammad Afzal",
              "runs": {
                "batter": 1,
                "extras": 0,
                "total": 1
              }
            },
            {
              "batter": "Mohammad Afzal",
              "bowler": "Shahrulnizam Yusof",
              "non_striker": "Nasir Abbasi",
              "runs": {
                "batter": 1,
                "extras": 0,
                "total": 1
              }
            },
            {
              "batter": "Nasir Abbasi",
              "bowler": "Shahrulnizam Yusof",
              "non_striker": "Mohammad Afzal",
              "runs": {
                "batter": 2,
                "extras": 0,
                "total": 2
              }
            }
          ]
        },
        {
          "over": 9,
          "deliveries": [
            {
              "batter": "Mohammad Afzal",
              "bowler": "D Duraisingam",
              "non_striker": "Nasir Abbasi",
              "runs": {
                "batter": 2,
                "extras": 0,
                "total": 2
              }
            },
            {
              "batter": "Mohammad Afzal",
              "bowler": "D Duraisingam",
              "non_striker": "Nasir Abbasi",
              "runs": {
                "batter": 1,
                "extras": 0,
                "total": 1
              }
            },
            {
              "batter": "Nasir Abbasi",
              "bowler": "D Duraisingam",
              "non_striker": "Mohammad Afzal",
              "runs": {
                "batter": 2,
                "extras": 0,
                "total": 2
              }
            },
            {
              "batter": "Nasir Abbasi",
              "bowler": "D Duraisingam",
              "non_striker": "Mohammad Afzal",
              "runs": {
                "batter": 0,
                "extras": 0,
                "total": 0
              }
            },
            {
              "batter": "Nasir Abbasi",
              "bowler": "D Duraisingam",
              "non_striker": "Mohammad Afzal",
              "runs": {
                "batter": 1,
                "extras": 0,
                "total": 1
              }
            },
            {
              "batter": "Mohammad Afzal",
              "bowler": "D Duraisingam",
              "non_striker": "Nasir Abbasi",
              "runs": {
                "batter": 0,
                "extras": 0,
                "total": 0
              }
            }
          ]
        },
        {
          "over": 10,
          "deliveries": [
            {
              "batter": "Nasir Abbasi",
              "bowler": "Shahrulnizam Yusof",
              "non_striker": "Mohammad Afzal",
              "runs": {
                "batter": 4,
                "extras": 0,
                "total": 4
              }
            },
            {
              "batter": "Nasir Abbasi",
              "bowler": "Shahrulnizam Yusof",
              "non_striker": "Mohammad Afzal",
              "runs": {
                "batter": 1,
                "extras": 0,
                "total": 1
              }
            },
            {
              "batter": "Mohammad Afzal",
              "bowler": "Shahrulnizam Yusof",
              "non_striker": "Nasir Abbasi",
              "runs": {
                "batter": 0,
                "extras": 0,
                "total": 0
              }
            },
            {
              "batter": "Mohammad Afzal",
              "bowler": "Shahrulnizam Yusof",
              "non_striker": "Nasir Abbasi",
              "runs": {
                "batter": 1,
                "extras": 0,
                "total": 1
              }
            },
            {
              "batter": "Nasir Abbasi",
              "bowler": "Shahrulnizam Yusof",
              "non_striker": "Mohammad Afzal",
              "runs": {
                "batter": 2,
                "extras": 0,
                "total": 2
              }
            },
            {
              "batter": "Nasir Abbasi",
              "bowler": "Shahrulnizam Yusof",
              "non_striker": "Mohammad Afzal",
              "runs": {
                "batter": 1,
                "extras": 0,
                "total": 1
              }
            }
          ]
        },
        {
          "over": 11,
          "deliveries": [
            {
              "batter": "Nasir Abbasi",
              "bowler": "D Duraisingam",
              "non_striker": "Mohammad Afzal",
              "runs": {
                "batter": 0,
                "extras": 0,
                "total": 0
              }
            },
            {
              "batter": "Nasir Abbasi",
              "bowler": "D Duraisingam",
              "non_striker": "Mohammad Afzal",
              "runs": {
                "batter": 0,
                "extras": 0,
                "total": 0
              },
              "wickets": [
                {
                  "kind": "caught",
                  "player_out": "Nasir Abbasi",
                  "fielders": [
                    {
                      "name": "Hassan Ghulam"
                    }
                  ]
                }
              ]
            },
            {
              "batter": "Mohammad Afzal",
              "bowler": "D Duraisingam",
              "non_striker": "Shahbaz Rasheed",
              "runs": {
                "batter": 1,
                "extras": 0,
                "total": 1
              }
            },
            {
              "batter": "Shahbaz Rasheed",
              "bowler": "D Duraisingam",
              "non_striker": "Mohammad Afzal",
              "runs": {
                "batter": 1,
                "extras": 0,
                "total": 1
              }
            },
            {
              "batter": "Mohammad Afzal",
              "bowler": "D Duraisingam",
              "non_striker": "Shahbaz Rasheed",
              "runs": {
                "batter": 0,
                "extras": 0,
                "total": 0
              }
            },
            {
              "batter": "Mohammad Afzal",
              "bowler": "D Duraisingam",
              "non_striker": "Shahbaz Rasheed",
              "runs": {
                "batter": 6,
                "extras": 0,
                "total": 6
              }
            }
          ]
        },
        {
          "over": 12,
          "deliveries": [
            {
              "batter": "Shahbaz Rasheed",
              "bowler": "Shahrulnizam Yusof",
              "non_striker": "Mohammad Afzal",
              "runs": {
                "batter": 1,
                "extras": 0,
                "total": 1
              }
            },
            {
              "batter": "Mohammad Afzal",
              "bowler": "Shahrulnizam Yusof",
              "non_striker": "Shahbaz Rasheed",
              "runs": {
                "batter": 1,
                "extras": 0,
                "total": 1
              }
            },
            {
              "batter": "Shahbaz Rasheed",
              "bowler": "Shahrulnizam Yusof",
              "non_striker": "Mohammad Afzal",
              "runs": {
                "batter": 0,
                "extras": 0,
                "total": 0
              }
            },
            {
              "batter": "Shahbaz Rasheed",
              "bowler": "Shahrulnizam Yusof",
              "non_striker": "Mohammad Afzal",
              "runs": {
                "batter": 1,
                "extras": 0,
                "total": 1
              }
            },
            {
              "batter": "Mohammad Afzal",
              "bowler": "Shahrulnizam Yusof",
              "non_striker": "Shahbaz Rasheed",
              "runs": {
                "batter": 6,
                "extras": 0,
                "total": 6
              }
            },
            {
              "batter": "Mohammad Afzal",
              "bowler": "Shahrulnizam Yusof",
              "non_striker": "Shahbaz Rasheed",
              "runs": {
                "batter": 0,
                "extras": 0,
                "total": 0
              }
            }
          ]
        },
        {
          "over": 13,
          "deliveries": [
            {
              "batter": "Shahbaz Rasheed",
              "bowler": "Hassan Ghulam",
              "non_striker": "Mohammad Afzal",
              "runs": {
                "batter": 0,
                "extras": 0,
                "total": 0
              }
            },
            {
              "batter": "Shahbaz Rasheed",
              "bowler": "Hassan Ghulam",
              "non_striker": "Mohammad Afzal",
              "runs": {
                "batter": 2,
                "extras": 0,
                "total": 2
              }
            },
            {
              "batter": "Shahbaz Rasheed",
              "bowler": "Hassan Ghulam",
              "non_striker": "Mohammad Afzal",
              "runs": {
                "batter": 0,
                "extras": 0,
                "total": 0
              }
            },
            {
              "batter": "Shahbaz Rasheed",
              "bowler": "Hassan Ghulam",
              "non_striker": "Mohammad Afzal",
              "runs": {
                "batter": 4,
                "extras": 0,
                "total": 4
              }
            },
            {
              "batter": "Shahbaz Rasheed",
              "bowler": "Hassan Ghulam",
              "non_striker": "Mohammad Afzal",
              "runs": {
                "batter": 0,
                "extras": 0,
                "total": 0
              },
              "wickets": [
                {
                  "kind": "caught",
                  "player_out": "Shahbaz Rasheed",
                  "fielders": [
                    {
                      "name": "Ahmed Faiz"
                    }
                  ]
                }
              ]
            },
            {
              "batter": "Hammad Saeed",
              "bowler": "Hassan Ghulam",
              "non_striker": "Mohammad Afzal",
              "runs": {
                "batter": 1,
                "extras": 0,
                "total": 1
              }
            }
          ]
        },
        {
          "over": 14,
          "deliveries": [
            {
              "batter": "Hammad Saeed",
              "bowler": "Khizar Hayat",
              "non_striker": "Mohammad Afzal",
              "runs": {
                "batter": 1,
                "extras": 0,
                "total": 1
              }
            },
            {
              "batter": "Mohammad Afzal",
              "bowler": "Khizar Hayat",
              "non_striker": "Hammad Saeed",
              "runs": {
                "batter": 0,
                "extras": 0,
                "total": 0
              }
            },
            {
              "batter": "Mohammad Afzal",
              "bowler": "Khizar Hayat",
              "non_striker": "Hammad Saeed",
              "runs": {
                "batter": 2,
                "extras": 0,
                "total": 2
              }
            },
            {
              "batter": "Mohammad Afzal",
              "bowler": "Khizar Hayat",
              "non_striker": "Hammad Saeed",
              "runs": {
                "batter": 1,
                "extras": 0,
                "total": 1
              }
            },
            {
              "batter": "Hammad Saeed",
              "bowler": "Khizar Hayat",
              "extras": {
                "legbyes": 1
              },
              "non_striker": "Mohammad Afzal",
              "runs": {
                "batter": 0,
                "extras": 1,
                "total": 1
              }
            },
            {
              "batter": "Mohammad Afzal",
              "bowler": "Khizar Hayat",
              "non_striker": "Hammad Saeed",
              "runs": {
                "batter": 0,
                "extras": 0,
                "total": 0
              }
            }
          ]
        },
        {
          "over": 15,
          "deliveries": [
            {
              "batter": "Hammad Saeed",
              "bowler": "Hassan Ghulam",
              "non_striker": "Mohammad Afzal",
              "runs": {
                "batter": 4,
                "extras": 0,
                "total": 4
              }
            },
            {
              "batter": "Hammad Saeed",
              "bowler": "Hassan Ghulam",
              "non_striker": "Mohammad Afzal",
              "runs": {
                "batter": 0,
                "extras": 0,
                "total": 0
              },
              "wickets": [
                {
                  "kind": "caught",
                  "player_out": "Hammad Saeed",
                  "fielders": [
                    {
                      "name": "Shahrulnizam Yusof"
                    }
                  ]
                }
              ]
            },
            {
              "batter": "Mohammad Afzal",
              "bowler": "Hassan Ghulam",
              "non_striker": "Babar Hussain",
              "runs": {
                "batter": 0,
                "extras": 0,
                "total": 0
              },
              "wickets": [
                {
                  "kind": "caught",
                  "player_out": "Mohammad Afzal",
                  "fielders": [
                    {
                      "name": "Shahrulnizam Yusof"
                    }
                  ]
                }
              ]
            },
            {
              "batter": "Babar Hussain",
              "bowler": "Hassan Ghulam",
              "non_striker": "Ibrarul Haq",
              "runs": {
                "batter": 1,
                "extras": 0,
                "total": 1
              }
            },
            {
              "batter": "Ibrarul Haq",
              "bowler": "Hassan Ghulam",
              "non_striker": "Babar Hussain",
              "runs": {
                "batter": 1,
                "extras": 0,
                "total": 1
              }
            },
            {
              "batter": "Babar Hussain",
              "bowler": "Hassan Ghulam",
              "non_striker": "Ibrarul Haq",
              "runs": {
                "batter": 1,
                "extras": 0,
                "total": 1
              }
            }
          ]
        },
        {
          "over": 16,
          "deliveries": [
            {
              "batter": "Babar Hussain",
              "bowler": "Khizar Hayat",
              "non_striker": "Ibrarul Haq",
              "runs": {
                "batter": 2,
                "extras": 0,
                "total": 2
              }
            },
            {
              "batter": "Babar Hussain",
              "bowler": "Khizar Hayat",
              "non_striker": "Ibrarul Haq",
              "runs": {
                "batter": 0,
                "extras": 0,
                "total": 0
              }
            },
            {
              "batter": "Babar Hussain",
              "bowler": "Khizar Hayat",
              "non_striker": "Ibrarul Haq",
              "runs": {
                "batter": 1,
                "extras": 0,
                "total": 1
              }
            },
            {
              "batter": "Ibrarul Haq",
              "bowler": "Khizar Hayat",
              "non_striker": "Babar Hussain",
              "runs": {
                "batter": 1,
                "extras": 0,
                "total": 1
              }
            },
            {
              "batter": "Babar Hussain",
              "bowler": "Khizar Hayat",
              "non_striker": "Ibrarul Haq",
              "runs": {
                "batter": 0,
                "extras": 0,
                "total": 0
              }
            },
            {
              "batter": "Babar Hussain",
              "bowler": "Khizar Hayat",
              "non_striker": "Ibrarul Haq",
              "runs": {
                "batter": 0,
                "extras": 0,
                "total": 0
              }
            }
          ]
        },
        {
          "over": 17,
          "deliveries": [
            {
              "batter": "Ibrarul Haq",
              "bowler": "D Duraisingam",
              "non_striker": "Babar Hussain",
              "runs": {
                "batter": 0,
                "extras": 0,
                "total": 0
              }
            },
            {
              "batter": "Ibrarul Haq",
              "bowler": "D Duraisingam",
              "non_striker": "Babar Hussain",
              "runs": {
                "batter": 1,
                "extras": 0,
                "total": 1
              }
            },
            {
              "batter": "Babar Hussain",
              "bowler": "D Duraisingam",
              "non_striker": "Ibrarul Haq",
              "runs": {
                "batter": 1,
                "extras": 0,
                "total": 1
              }
            },
            {
              "batter": "Ibrarul Haq",
              "bowler": "D Duraisingam",
              "non_striker": "Babar Hussain",
              "runs": {
                "batter": 4,
                "extras": 0,
                "total": 4
              }
            },
            {
              "batter": "Ibrarul Haq",
              "bowler": "D Duraisingam",
              "non_striker": "Babar Hussain",
              "runs": {
                "batter": 4,
                "extras": 0,
                "total": 4
              }
            },
            {
              "batter": "Ibrarul Haq",
              "bowler": "D Duraisingam",
              "non_striker": "Babar Hussain",
              "runs": {
                "batter": 2,
                "extras": 0,
                "total": 2
              }
            }
          ]
        },
        {
          "over": 18,
          "deliveries": [
            {
              "batter": "Babar Hussain",
              "bowler": "Hassan Ghulam",
              "non_striker": "Ibrarul Haq",
              "runs": {
                "batter": 1,
                "extras": 0,
                "total": 1
              }
            },
            {
              "batter": "Ibrarul Haq",
              "bowler": "Hassan Ghulam",
              "non_striker": "Babar Hussain",
              "runs": {
                "batter": 1,
                "extras": 0,
                "total": 1
              }
            },
            {
              "batter": "Babar Hussain",
              "bowler": "Hassan Ghulam",
              "non_striker": "Ibrarul Haq",
              "runs": {
                "batter": 1,
                "extras": 0,
                "total": 1
              }
            },
            {
              "batter": "Ibrarul Haq",
              "bowler": "Hassan Ghulam",
              "non_striker": "Babar Hussain",
              "runs": {
                "batter": 0,
                "extras": 0,
                "total": 0
              }
            },
            {
              "batter": "Ibrarul Haq",
              "bowler": "Hassan Ghulam",
              "non_striker": "Babar Hussain",
              "runs": {
                "batter": 2,
                "extras": 0,
                "total": 2
              }
            },
            {
              "batter": "Ibrarul Haq",
              "bowler": "Hassan Ghulam",
              "non_striker": "Babar Hussain",
              "runs": {
                "batter": 1,
                "extras": 0,
                "total": 1
              }
            }
          ]
        },
        {
          "over": 19,
          "deliveries": [
            {
              "batter": "Ibrarul Haq",
              "bowler": "D Duraisingam",
              "non_striker": "Babar Hussain",
              "runs": {
                "batter": 6,
                "extras": 0,
                "total": 6
              }
            },
            {
              "batter": "Ibrarul Haq",
              "bowler": "D Duraisingam",
              "non_striker": "Babar Hussain",
              "runs": {
                "batter": 1,
                "extras": 0,
                "total": 1
              },
              "wickets": [
                {
                  "kind": "run out",
                  "player_out": "Babar Hussain",
                  "fielders": [
                    {
                      "name": "Ahmed Faiz"
                    }
                  ]
                }
              ]
            },
            {
              "batter": "Shoaib Ali",
              "bowler": "D Duraisingam",
              "non_striker": "Ibrarul Haq",
              "runs": {
                "batter": 0,
                "extras": 0,
                "total": 0
              }
            },
            {
              "batter": "Shoaib Ali",
              "bowler": "D Duraisingam",
              "non_striker": "Ibrarul Haq",
              "runs": {
                "batter": 0,
                "extras": 0,
                "total": 0
              }
            },
            {
              "batter": "Ibrarul Haq",
              "bowler": "D Duraisingam",
              "non_striker": "Shoaib Ali",
              "runs": {
                "batter": 6,
                "extras": 0,
                "total": 6
              }
            },
            {
              "batter": "Ibrarul Haq",
              "bowler": "D Duraisingam",
              "non_striker": "Shoaib Ali",
              "runs": {
                "batter": 0,
                "extras": 0,
                "total": 0
              }
            }
          ]
        }
      ],
      "powerplays": [
        {
          "from": 0.1,
          "to": 5.7,
          "type": "mandatory"
        }
      ]
    },
    {
      "team": "Malaysia",
      "overs": [
        {
          "over": 0,
          "deliveries": [
            {
              "batter": "Suhan Alagaratnam",
              "bowler": "Ibrarul Haq",
              "non_striker": "Shafiq Sharif",
              "runs": {
                "batter": 0,
                "extras": 0,
                "total": 0
              }
            },
            {
              "batter": "Suhan Alagaratnam",
              "bowler": "Ibrarul Haq",
              "non_striker": "Shafiq Sharif",
              "runs": {
                "batter": 0,
                "extras": 0,
                "total": 0
              }
            },
            {
              "batter": "Suhan Alagaratnam",
              "bowler": "Ibrarul Haq",
              "non_striker": "Shafiq Sharif",
              "runs": {
                "batter": 1,
                "extras": 0,
                "total": 1
              }
            },
            {
              "batter": "Shafiq Sharif",
              "bowler": "Ibrarul Haq",
              "non_striker": "Suhan Alagaratnam",
              "runs": {
                "batter": 0,
                "extras": 0,
                "total": 0
              }
            },
            {
              "batter": "Shafiq Sharif",
              "bowler": "Ibrarul Haq",
              "non_striker": "Suhan Alagaratnam",
              "runs": {
                "batter": 1,
                "extras": 0,
                "total": 1
              }
            },
            {
              "batter": "Suhan Alagaratnam",
              "bowler": "Ibrarul Haq",
              "non_striker": "Shafiq Sharif",
              "runs": {
                "batter": 0,
                "extras": 0,
                "total": 0
              }
            }
          ]
        },
        {
          "over": 1,
          "deliveries": [
            {
              "batter": "Shafiq Sharif",
              "bowler": "Hammad Saeed",
              "non_striker": "Suhan Alagaratnam",
              "runs": {
                "batter": 0,
                "extras": 0,
                "total": 0
              }
            },
            {
              "batter": "Shafiq Sharif",
              "bowler": "Hammad Saeed",
              "non_striker": "Suhan Alagaratnam",
              "runs": {
                "batter": 0,
                "extras": 0,
                "total": 0
              }
            },
            {
              "batter": "Shafiq Sharif",
              "bowler": "Hammad Saeed",
              "non_striker": "Suhan Alagaratnam",
              "runs": {
                "batter": 1,
                "extras": 0,
                "total": 1
              }
            },
            {
              "batter": "Suhan Alagaratnam",
              "bowler": "Hammad Saeed",
              "non_striker": "Shafiq Sharif",
              "runs": {
                "batter": 1,
                "extras": 0,
                "total": 1
              }
            },
            {
              "batter": "Shafiq Sharif",
              "bowler": "Hammad Saeed",
              "non_striker": "Suhan Alagaratnam",
              "runs": {
                "batter": 2,
                "extras": 0,
                "total": 2
              }
            },
            {
              "batter": "Shafiq Sharif",
              "bowler": "Hammad Saeed",
              "non_striker": "Suhan Alagaratnam",
              "runs": {
                "batter": 4,
                "extras": 0,
                "total": 4
              }
            }
          ]
        },
        {
          "over": 2,
          "deliveries": [
            {
              "batter": "Suhan Alagaratnam",
              "bowler": "Ibrarul Haq",
              "non_striker": "Shafiq Sharif",
              "runs": {
                "batter": 0,
                "extras": 0,
                "total": 0
              }
            },
            {
              "batter": "Suhan Alagaratnam",
              "bowler": "Ibrarul Haq",
              "non_striker": "Shafiq Sharif",
              "runs": {
                "batter": 3,
                "extras": 0,
                "total": 3
              }
            },
            {
              "batter": "Shafiq Sharif",
              "bowler": "Ibrarul Haq",
              "non_striker": "Suhan Alagaratnam",
              "runs": {
                "batter": 0,
                "extras": 0,
                "total": 0
              }
            },
            {
              "batter": "Shafiq Sharif",
              "bowler": "Ibrarul Haq",
              "non_striker": "Suhan Alagaratnam",
              "runs": {
                "batter": 0,
                "extras": 0,
                "total": 0
              }
            },
            {
              "batter": "Shafiq Sharif",
              "bowler": "Ibrarul Haq",
              "non_striker": "Suhan Alagaratnam",
              "runs": {
                "batter": 0,
                "extras": 0,
                "total": 0
              }
            },
            {
              "batter": "Shafiq Sharif",
              "bowler": "Ibrarul Haq",
              "non_striker": "Suhan Alagaratnam",
              "runs": {
                "batter": 4,
                "extras": 0,
                "total": 4
              }
            }
          ]
        },
        {
          "over": 3,
          "deliveries": [
            {
              "batter": "Suhan Alagaratnam",
              "bowler": "Hammad Saeed",
              "non_striker": "Shafiq Sharif",
              "runs": {
                "batter": 0,
                "extras": 0,
                "total": 0
              }
            },
            {
              "batter": "Suhan Alagaratnam",
              "bowler": "Hammad Saeed",
              "non_striker": "Shafiq Sharif",
              "runs": {
                "batter": 0,
                "extras": 0,
                "total": 0
              }
            },
            {
              "batter": "Suhan Alagaratnam",
              "bowler": "Hammad Saeed",
              "non_striker": "Shafiq Sharif",
              "runs": {
                "batter": 6,
                "extras": 0,
                "total": 6
              }
            },
            {
              "batter": "Suhan Alagaratnam",
              "bowler": "Hammad Saeed",
              "non_striker": "Shafiq Sharif",
              "runs": {
                "batter": 1,
                "extras": 0,
                "total": 1
              }
            },
            {
              "batter": "Shafiq Sharif",
              "bowler": "Hammad Saeed",
              "non_striker": "Suhan Alagaratnam",
              "runs": {
                "batter": 1,
                "extras": 0,
                "total": 1
              }
            },
            {
              "batter": "Suhan Alagaratnam",
              "bowler": "Hammad Saeed",
              "non_striker": "Shafiq Sharif",
              "runs": {
                "batter": 4,
                "extras": 0,
                "total": 4
              }
            }
          ]
        },
        {
          "over": 4,
          "deliveries": [
            {
              "batter": "Shafiq Sharif",
              "bowler": "Nadeem Javed",
              "non_striker": "Suhan Alagaratnam",
              "runs": {
                "batter": 0,
                "extras": 0,
                "total": 0
              }
            },
            {
              "batter": "Shafiq Sharif",
              "bowler": "Nadeem Javed",
              "non_striker": "Suhan Alagaratnam",
              "runs": {
                "batter": 1,
                "extras": 0,
                "total": 1
              }
            },
            {
              "batter": "Suhan Alagaratnam",
              "bowler": "Nadeem Javed",
              "non_striker": "Shafiq Sharif",
              "runs": {
                "batter": 6,
                "extras": 0,
                "total": 6
              }
            },
            {
              "batter": "Suhan Alagaratnam",
              "bowler": "Nadeem Javed",
              "non_striker": "Shafiq Sharif",
              "runs": {
                "batter": 0,
                "extras": 0,
                "total": 0
              }
            },
            {
              "batter": "Suhan Alagaratnam",
              "bowler": "Nadeem Javed",
              "extras": {
                "legbyes": 1
              },
              "non_striker": "Shafiq Sharif",
              "runs": {
                "batter": 0,
                "extras": 1,
                "total": 1
              }
            },
            {
              "batter": "Shafiq Sharif",
              "bowler": "Nadeem Javed",
              "non_striker": "Suhan Alagaratnam",
              "runs": {
                "batter": 0,
                "extras": 0,
                "total": 0
              }
            }
          ]
        },
        {
          "over": 5,
          "deliveries": [
            {
              "batter": "Suhan Alagaratnam",
              "bowler": "Mohammad Afzal",
              "non_striker": "Shafiq Sharif",
              "runs": {
                "batter": 0,
                "extras": 0,
                "total": 0
              }
            },
            {
              "batter": "Suhan Alagaratnam",
              "bowler": "Mohammad Afzal",
              "non_striker": "Shafiq Sharif",
              "runs": {
                "batter": 2,
                "extras": 0,
                "total": 2
              }
            },
            {
              "batter": "Suhan Alagaratnam",
              "bowler": "Mohammad Afzal",
              "non_striker": "Shafiq Sharif",
              "runs": {
                "batter": 0,
                "extras": 0,
                "total": 0
              }
            },
            {
              "batter": "Suhan Alagaratnam",
              "bowler": "Mohammad Afzal",
              "non_striker": "Shafiq Sharif",
              "runs": {
                "batter": 0,
                "extras": 0,
                "total": 0
              }
            },
            {
              "batter": "Suhan Alagaratnam",
              "bowler": "Mohammad Afzal",
              "non_striker": "Shafiq Sharif",
              "runs": {
                "batter": 1,
                "extras": 0,
                "total": 1
              }
            },
            {
              "batter": "Shafiq Sharif",
              "bowler": "Mohammad Afzal",
              "extras": {
                "byes": 2
              },
              "non_striker": "Suhan Alagaratnam",
              "runs": {
                "batter": 0,
                "extras": 2,
                "total": 2
              }
            }
          ]
        },
        {
          "over": 6,
          "deliveries": [
            {
              "batter": "Suhan Alagaratnam",
              "bowler": "Nadeem Javed",
              "non_striker": "Shafiq Sharif",
              "runs": {
                "batter": 6,
                "extras": 0,
                "total": 6
              }
            },
            {
              "batter": "Suhan Alagaratnam",
              "bowler": "Nadeem Javed",
              "non_striker": "Shafiq Sharif",
              "runs": {
                "batter": 1,
                "extras": 0,
                "total": 1
              }
            },
            {
              "batter": "Shafiq Sharif",
              "bowler": "Nadeem Javed",
              "non_striker": "Suhan Alagaratnam",
              "runs": {
                "batter": 1,
                "extras": 0,
                "total": 1
              }
            },
            {
              "batter": "Suhan Alagaratnam",
              "bowler": "Nadeem Javed",
              "non_striker": "Shafiq Sharif",
              "runs": {
                "batter": 1,
                "extras": 0,
                "total": 1
              }
            },
            {
              "batter": "Shafiq Sharif",
              "bowler": "Nadeem Javed",
              "non_striker": "Suhan Alagaratnam",
              "runs": {
                "batter": 0,
                "extras": 0,
                "total": 0
              },
              "wickets": [
                {
                  "kind": "lbw",
                  "player_out": "Shafiq Sharif"
                }
              ]
            },
            {
              "batter": "Ahmed Faiz",
              "bowler": "Nadeem Javed",
              "non_striker": "Suhan Alagaratnam",
              "runs": {
                "batter": 2,
                "extras": 0,
                "total": 2
              }
            }
          ]
        },
        {
          "over": 7,
          "deliveries": [
            {
              "batter": "Suhan Alagaratnam",
              "bowler": "Mohammad Afzal",
              "non_striker": "Ahmed Faiz",
              "runs": {
                "batter": 0,
                "extras": 0,
                "total": 0
              },
              "wickets": [
                {
                  "kind": "caught",
                  "player_out": "Suhan Alagaratnam",
                  "fielders": [
                    {
                      "name": "Faheem Afrad"
                    }
                  ]
                }
              ]
            },
            {
              "batter": "Ahmed Faiz",
              "bowler": "Mohammad Afzal",
              "non_striker": "Hammadullah Khan",
              "runs": {
                "batter": 0,
                "extras": 0,
                "total": 0
              }
            },
            {
              "batter": "Ahmed Faiz",
              "bowler": "Mohammad Afzal",
              "non_striker": "Hammadullah Khan",
              "runs": {
                "batter": 1,
                "extras": 0,
                "total": 1
              }
            },
            {
              "batter": "Hammadullah Khan",
              "bowler": "Mohammad Afzal",
              "non_striker": "Ahmed Faiz",
              "runs": {
                "batter": 1,
                "extras": 0,
                "total": 1
              }
            },
            {
              "batter": "Ahmed Faiz",
              "bowler": "Mohammad Afzal",
              "non_striker": "Hammadullah Khan",
              "runs": {
                "batter": 0,
                "extras": 0,
                "total": 0
              }
            },
            {
              "batter": "Ahmed Faiz",
              "bowler": "Mohammad Afzal",
              "non_striker": "Hammadullah Khan",
              "runs": {
                "batter": 1,
                "extras": 0,
                "total": 1
              }
            }
          ]
        },
        {
          "over": 8,
          "deliveries": [
            {
              "batter": "Ahmed Faiz",
              "bowler": "Faheem Afrad",
              "non_striker": "Hammadullah Khan",
              "runs": {
                "batter": 1,
                "extras": 0,
                "total": 1
              }
            },
            {
              "batter": "Hammadullah Khan",
              "bowler": "Faheem Afrad",
              "non_striker": "Ahmed Faiz",
              "runs": {
                "batter": 0,
                "extras": 0,
                "total": 0
              }
            },
            {
              "batter": "Hammadullah Khan",
              "bowler": "Faheem Afrad",
              "non_striker": "Ahmed Faiz",
              "runs": {
                "batter": 4,
                "extras": 0,
                "total": 4
              }
            },
            {
              "batter": "Hammadullah Khan",
              "bowler": "Faheem Afrad",
              "non_striker": "Ahmed Faiz",
              "runs": {
                "batter": 1,
                "extras": 0,
                "total": 1
              }
            },
            {
              "batter": "Ahmed Faiz",
              "bowler": "Faheem Afrad",
              "non_striker": "Hammadullah Khan",
              "runs": {
                "batter": 1,
                "extras": 0,
                "total": 1
              }
            },
            {
              "batter": "Hammadullah Khan",
              "bowler": "Faheem Afrad",
              "non_striker": "Ahmed Faiz",
              "runs": {
                "batter": 0,
                "extras": 0,
                "total": 0
              }
            }
          ]
        },
        {
          "over": 9,
          "deliveries": [
            {
              "batter": "Ahmed Faiz",
              "bowler": "Mohammad Afzal",
              "non_striker": "Hammadullah Khan",
              "runs": {
                "batter": 1,
                "extras": 0,
                "total": 1
              }
            },
            {
              "batter": "Hammadullah Khan",
              "bowler": "Mohammad Afzal",
              "non_striker": "Ahmed Faiz",
              "runs": {
                "batter": 1,
                "extras": 0,
                "total": 1
              }
            },
            {
              "batter": "Ahmed Faiz",
              "bowler": "Mohammad Afzal",
              "non_striker": "Hammadullah Khan",
              "runs": {
                "batter": 0,
                "extras": 0,
                "total": 0
              }
            },
            {
              "batter": "Ahmed Faiz",
              "bowler": "Mohammad Afzal",
              "non_striker": "Hammadullah Khan",
              "runs": {
                "batter": 1,
                "extras": 0,
                "total": 1
              }
            },
            {
              "batter": "Hammadullah Khan",
              "bowler": "Mohammad Afzal",
              "non_striker": "Ahmed Faiz",
              "runs": {
                "batter": 1,
                "extras": 0,
                "total": 1
              }
            },
            {
              "batter": "Ahmed Faiz",
              "bowler": "Mohammad Afzal",
              "non_striker": "Hammadullah Khan",
              "runs": {
                "batter": 1,
                "extras": 0,
                "total": 1
              }
            }
          ]
        },
        {
          "over": 10,
          "deliveries": [
            {
              "batter": "Ahmed Faiz",
              "bowler": "Faheem Afrad",
              "non_striker": "Hammadullah Khan",
              "runs": {
                "batter": 1,
                "extras": 0,
                "total": 1
              }
            },
            {
              "batter": "Hammadullah Khan",
              "bowler": "Faheem Afrad",
              "non_striker": "Ahmed Faiz",
              "runs": {
                "batter": 0,
                "extras": 0,
                "total": 0
              }
            },
            {
              "batter": "Hammadullah Khan",
              "bowler": "Faheem Afrad",
              "non_striker": "Ahmed Faiz",
              "runs": {
                "batter": 1,
                "extras": 0,
                "total": 1
              }
            },
            {
              "batter": "Ahmed Faiz",
              "bowler": "Faheem Afrad",
              "non_striker": "Hammadullah Khan",
              "runs": {
                "batter": 1,
                "extras": 0,
                "total": 1
              }
            },
            {
              "batter": "Hammadullah Khan",
              "bowler": "Faheem Afrad",
              "non_striker": "Ahmed Faiz",
              "runs": {
                "batter": 0,
                "extras": 0,
                "total": 0
              }
            },
            {
              "batter": "Hammadullah Khan",
              "bowler": "Faheem Afrad",
              "non_striker": "Ahmed Faiz",
              "runs": {
                "batter": 0,
                "extras": 0,
                "total": 0
              }
            }
          ]
        },
        {
          "over": 11,
          "deliveries": [
            {
              "batter": "Ahmed Faiz",
              "bowler": "Mohammad Afzal",
              "non_striker": "Hammadullah Khan",
              "runs": {
                "batter": 0,
                "extras": 0,
                "total": 0
              },
              "wickets": [
                {
                  "kind": "caught",
                  "player_out": "Ahmed Faiz",
                  "fielders": [
                    {
                      "name": "Mohsin Shabbir"
                    }
                  ]
                }
              ]
            },
            {
              "batter": "Hammadullah Khan",
              "bowler": "Mohammad Afzal",
              "non_striker": "Khizar Hayat",
              "runs": {
                "batter": 1,
                "extras": 0,
                "total": 1
              }
            },
            {
              "batter": "Khizar Hayat",
              "bowler": "Mohammad Afzal",
              "non_striker": "Hammadullah Khan",
              "runs": {
                "batter": 1,
                "extras": 0,
                "total": 1
              }
            },
            {
              "batter": "Hammadullah Khan",
              "bowler": "Mohammad Afzal",
              "non_striker": "Khizar Hayat",
              "runs": {
                "batter": 4,
                "extras": 0,
                "total": 4
              }
            },
            {
              "batter": "Hammadullah Khan",
              "bowler": "Mohammad Afzal",
              "non_striker": "Khizar Hayat",
              "runs": {
                "batter": 1,
                "extras": 0,
                "total": 1
              }
            },
            {
              "batter": "Khizar Hayat",
              "bowler": "Mohammad Afzal",
              "non_striker": "Hammadullah Khan",
              "runs": {
                "batter": 0,
                "extras": 0,
                "total": 0
              }
            }
          ]
        },
        {
          "over": 12,
          "deliveries": [
            {
              "batter": "Hammadullah Khan",
              "bowler": "Faheem Afrad",
              "non_striker": "Khizar Hayat",
              "runs": {
                "batter": 1,
                "extras": 0,
                "total": 1
              }
            },
            {
              "batter": "Khizar Hayat",
              "bowler": "Faheem Afrad",
              "non_striker": "Hammadullah Khan",
              "runs": {
                "batter": 2,
                "extras": 0,
                "total": 2
              }
            },
            {
              "batter": "Khizar Hayat",
              "bowler": "Faheem Afrad",
              "non_striker": "Hammadullah Khan",
              "runs": {
                "batter": 1,
                "extras": 0,
                "total": 1
              }
            },
            {
              "batter": "Hammadullah Khan",
              "bowler": "Faheem Afrad",
              "non_striker": "Khizar Hayat",
              "runs": {
                "batter": 1,
                "extras": 0,
                "total": 1
              }
            },
            {
              "batter": "Khizar Hayat",
              "bowler": "Faheem Afrad",
              "non_striker": "Hammadullah Khan",
              "runs": {
                "batter": 1,
                "extras": 0,
                "total": 1
              }
            },
            {
              "batter": "Hammadullah Khan",
              "bowler": "Faheem Afrad",
              "non_striker": "Khizar Hayat",
              "runs": {
                "batter": 0,
                "extras": 0,
                "total": 0
              }
            }
          ]
        },
        {
          "over": 13,
          "deliveries": [
            {
              "batter": "Khizar Hayat",
              "bowler": "Shoaib Ali",
              "non_striker": "Hammadullah Khan",
              "runs": {
                "batter": 0,
                "extras": 0,
                "total": 0
              },
              "wickets": [
                {
                  "kind": "caught",
                  "player_out": "Khizar Hayat",
                  "fielders": [
                    {
                      "name": "Mohsin Shabbir"
                    }
                  ]
                }
              ]
            },
            {
              "batter": "Hassan Ghulam",
              "bowler": "Shoaib Ali",
              "non_striker": "Hammadullah Khan",
              "runs": {
                "batter": 0,
                "extras": 0,
                "total": 0
              }
            },
            {
              "batter": "Hassan Ghulam",
              "bowler": "Shoaib Ali",
              "non_striker": "Hammadullah Khan",
              "runs": {
                "batter": 0,
                "extras": 0,
                "total": 0
              },
              "wickets": [
                {
                  "kind": "caught",
                  "player_out": "Hassan Ghulam",
                  "fielders": [
                    {
                      "name": "Hammad Saeed"
                    }
                  ]
                }
              ]
            },
            {
              "batter": "Hammadullah Khan",
              "bowler": "Shoaib Ali",
              "non_striker": "Virandeep Singh",
              "runs": {
                "batter": 0,
                "extras": 0,
                "total": 0
              }
            },
            {
              "batter": "Hammadullah Khan",
              "bowler": "Shoaib Ali",
              "non_striker": "Virandeep Singh",
              "runs": {
                "batter": 2,
                "extras": 0,
                "total": 2
              }
            },
            {
              "batter": "Hammadullah Khan",
              "bowler": "Shoaib Ali",
              "non_striker": "Virandeep Singh",
              "runs": {
                "batter": 1,
                "extras": 0,
                "total": 1
              }
            }
          ]
        },
        {
          "over": 14,
          "deliveries": [
            {
              "batter": "Hammadullah Khan",
              "bowler": "Faheem Afrad",
              "non_striker": "Virandeep Singh",
              "runs": {
                "batter": 3,
                "extras": 0,
                "total": 3
              }
            },
            {
              "batter": "Virandeep Singh",
              "bowler": "Faheem Afrad",
              "non_striker": "Hammadullah Khan",
              "runs": {
                "batter": 1,
                "extras": 0,
                "total": 1
              }
            },
            {
              "batter": "Hammadullah Khan",
              "bowler": "Faheem Afrad",
              "non_striker": "Virandeep Singh",
              "runs": {
                "batter": 1,
                "extras": 0,
                "total": 1
              }
            },
            {
              "batter": "Virandeep Singh",
              "bowler": "Faheem Afrad",
              "non_striker": "Hammadullah Khan",
              "runs": {
                "batter": 1,
                "extras": 0,
                "total": 1
              }
            },
            {
              "batter": "Hammadullah Khan",
              "bowler": "Faheem Afrad",
              "non_striker": "Virandeep Singh",
              "runs": {
                "batter": 0,
                "extras": 0,
                "total": 0
              }
            },
            {
              "batter": "Hammadullah Khan",
              "bowler": "Faheem Afrad",
              "extras": {
                "wides": 1
              },
              "non_striker": "Virandeep Singh",
              "runs": {
                "batter": 0,
                "extras": 1,
                "total": 1
              }
            },
            {
              "batter": "Hammadullah Khan",
              "bowler": "Faheem Afrad",
              "non_striker": "Virandeep Singh",
              "runs": {
                "batter": 4,
                "extras": 0,
                "total": 4
              }
            }
          ]
        },
        {
          "over": 15,
          "deliveries": [
            {
              "batter": "Virandeep Singh",
              "bowler": "Shoaib Ali",
              "non_striker": "Hammadullah Khan",
              "runs": {
                "batter": 0,
                "extras": 0,
                "total": 0
              }
            },
            {
              "batter": "Virandeep Singh",
              "bowler": "Shoaib Ali",
              "non_striker": "Hammadullah Khan",
              "runs": {
                "batter": 1,
                "extras": 0,
                "total": 1
              }
            },
            {
              "batter": "Hammadullah Khan",
              "bowler": "Shoaib Ali",
              "non_striker": "Virandeep Singh",
              "runs": {
                "batter": 0,
                "extras": 0,
                "total": 0
              },
              "wickets": [
                {
                  "kind": "caught",
                  "player_out": "Hammadullah Khan",
                  "fielders": [
                    {
                      "name": "Mohsin Shabbir"
                    }
                  ]
                }
              ]
            },
            {
              "batter": "Aminuddin Ramly",
              "bowler": "Shoaib Ali",
              "non_striker": "Virandeep Singh",
              "runs": {
                "batter": 1,
                "extras": 0,
                "total": 1
              }
            },
            {
              "batter": "Virandeep Singh",
              "bowler": "Shoaib Ali",
              "non_striker": "Aminuddin Ramly",
              "runs": {
                "batter": 0,
                "extras": 0,
                "total": 0
              }
            },
            {
              "batter": "Virandeep Singh",
              "bowler": "Shoaib Ali",
              "non_striker": "Aminuddin Ramly",
              "runs": {
                "batter": 0,
                "extras": 0,
                "total": 0
              }
            }
          ]
        },
        {
          "over": 16,
          "deliveries": [
            {
              "batter": "Aminuddin Ramly",
              "bowler": "Nadeem Javed",
              "non_striker": "Virandeep Singh",
              "runs": {
                "batter": 1,
                "extras": 0,
                "total": 1
              }
            },
            {
              "batter": "Virandeep Singh",
              "bowler": "Nadeem Javed",
              "non_striker": "Aminuddin Ramly",
              "runs": {
                "batter": 1,
                "extras": 0,
                "total": 1
              }
            },
            {
              "batter": "Aminuddin Ramly",
              "bowler": "Nadeem Javed",
              "non_striker": "Virandeep Singh",
              "runs": {
                "batter": 6,
                "extras": 0,
                "total": 6
              }
            },
            {
              "batter": "Aminuddin Ramly",
              "bowler": "Nadeem Javed",
              "non_striker": "Virandeep Singh",
              "runs": {
                "batter": 1,
                "extras": 0,
                "total": 1
              }
            },
            {
              "batter": "Virandeep Singh",
              "bowler": "Nadeem Javed",
              "non_striker": "Aminuddin Ramly",
              "runs": {
                "batter": 0,
                "extras": 0,
                "total": 0
              }
            },
            {
              "batter": "Virandeep Singh",
              "bowler": "Nadeem Javed",
              "non_striker": "Aminuddin Ramly",
              "runs": {
                "batter": 1,
                "extras": 0,
                "total": 1
              }
            }
          ]
        },
        {
          "over": 17,
          "deliveries": [
            {
              "batter": "Virandeep Singh",
              "bowler": "Shoaib Ali",
              "non_striker": "Aminuddin Ramly",
              "runs": {
                "batter": 1,
                "extras": 0,
                "total": 1
              }
            },
            {
              "batter": "Aminuddin Ramly",
              "bowler": "Shoaib Ali",
              "non_striker": "Virandeep Singh",
              "runs": {
                "batter": 0,
                "extras": 0,
                "total": 0
              }
            },
            {
              "batter": "Aminuddin Ramly",
              "bowler": "Shoaib Ali",
              "non_striker": "Virandeep Singh",
              "runs": {
                "batter": 6,
                "extras": 0,
                "total": 6
              }
            },
            {
              "batter": "Aminuddin Ramly",
              "bowler": "Shoaib Ali",
              "non_striker": "Virandeep Singh",
              "runs": {
                "batter": 0,
                "extras": 0,
                "total": 0
              }
            },
            {
              "batter": "Aminuddin Ramly",
              "bowler": "Shoaib Ali",
              "non_striker": "Virandeep Singh",
              "runs": {
                "batter": 0,
                "extras": 0,
                "total": 0
              },
              "wickets": [
                {
                  "kind": "caught",
                  "player_out": "Aminuddin Ramly",
                  "fielders": [
                    {
                      "name": "Faheem Afrad"
                    }
                  ]
                }
              ]
            },
            {
              "batter": "D Duraisingam",
              "bowler": "Shoaib Ali",
              "non_striker": "Virandeep Singh",
              "runs": {
                "batter": 1,
                "extras": 0,
                "total": 1
              }
            }
          ]
        },
        {
          "over": 18,
          "deliveries": [
            {
              "batter": "D Duraisingam",
              "bowler": "Nadeem Javed",
              "non_striker": "Virandeep Singh",
              "runs": {
                "batter": 6,
                "extras": 0,
                "total": 6
              }
            },
            {
              "batter": "D Duraisingam",
              "bowler": "Nadeem Javed",
              "non_striker": "Virandeep Singh",
              "runs": {
                "batter": 1,
                "extras": 0,
                "total": 1
              }
            },
            {
              "batter": "Virandeep Singh",
              "bowler": "Nadeem Javed",
              "non_striker": "D Duraisingam",
              "runs": {
                "batter": 0,
                "extras": 0,
                "total": 0
              }
            },
            {
              "batter": "Virandeep Singh",
              "bowler": "Nadeem Javed",
              "non_striker": "D Duraisingam",
              "runs": {
                "batter": 1,
                "extras": 0,
                "total": 1
              }
            },
            {
              "batter": "D Duraisingam",
              "bowler": "Nadeem Javed",
              "non_striker": "Virandeep Singh",
              "runs": {
                "batter": 0,
                "extras": 0,
                "total": 0
              },
              "wickets": [
                {
                  "kind": "stumped",
                  "player_out": "D Duraisingam",
                  "fielders": [
                    {
                      "name": "Babar Hussain"
                    }
                  ]
                }
              ]
            },
            {
              "batter": "Shahrulnizam Yusof",
              "bowler": "Nadeem Javed",
              "non_striker": "Virandeep Singh",
              "runs": {
                "batter": 1,
                "extras": 0,
                "total": 1
              }
            }
          ]
        },
        {
          "over": 19,
          "deliveries": [
            {
              "batter": "Shahrulnizam Yusof",
              "bowler": "Shoaib Ali",
              "non_striker": "Virandeep Singh",
              "runs": {
                "batter": 1,
                "extras": 0,
                "total": 1
              }
            },
            {
              "batter": "Virandeep Singh",
              "bowler": "Shoaib Ali",
              "non_striker": "Shahrulnizam Yusof",
              "runs": {
                "batter": 1,
                "extras": 0,
                "total": 1
              }
            },
            {
              "batter": "Shahrulnizam Yusof",
              "bowler": "Shoaib Ali",
              "non_striker": "Virandeep Singh",
              "runs": {
                "batter": 4,
                "extras": 0,
                "total": 4
              }
            },
            {
              "batter": "Shahrulnizam Yusof",
              "bowler": "Shoaib Ali",
              "non_striker": "Virandeep Singh",
              "runs": {
                "batter": 0,
                "extras": 0,
                "total": 0
              },
              "wickets": [
                {
                  "kind": "lbw",
                  "player_out": "Shahrulnizam Yusof"
                }
              ]
            },
            {
              "batter": "Suharril Fetri",
              "bowler": "Shoaib Ali",
              "non_striker": "Virandeep Singh",
              "runs": {
                "batter": 0,
                "extras": 0,
                "total": 0
              }
            },
            {
              "batter": "Suharril Fetri",
              "bowler": "Shoaib Ali",
              "non_striker": "Virandeep Singh",
              "runs": {
                "batter": 0,
                "extras": 0,
                "total": 0
              }
            }
          ]
        }
      ],
      "powerplays": [
        {
          "from": 0.1,
          "to": 5.6,
          "type": "mandatory"
        }
      ],
      "target": {
        "overs": 20,
        "runs": 177
      }
    }
  ]
}