{
  "meta": {
    "data_version": "1.0.0",
    "created": "2015-07-18",
    "revision": 1
  },
  "info": {
    "balls_per_over": 6,
    "city": "Edinburgh",
    "dates": [
      "2015-07-17"
    ],
    "event": {
      "group": "B",
      "match_number": 31,
      "name": "ICC World Twenty20 Qualifier"
    },
    "gender": "male",
    "match_type": "IT20",
    "officials": {
      "match_referees": [
        "DT Jukes"
      ],
      "reserve_umpires": [
        "VA Kulkarni"
      ],
      "umpires": [
        "GO Brathwaite",
        "IN Ramage"
      ]
    },
    "outcome": {
      "by": {
        "wickets": 6
      },
      "winner": "Netherlands"
    },
    "overs": 20,
    "player_of_match": [
      "SJ Myburgh"
    ],
    "players": {
      "Canada": [
        "H Patel",
        "R Gunasekera",
        "NR Kumar",
        "NS Dhaliwal",
        "Rizwan Cheema",
        "Hamza Tariq",
        "Saad Bin Zafar",
        "Junaid Siddiqui",
        "SS Dhindsa",
        "C Pervez",
        "JOA Gordon"
      ],
      "Netherlands": [
        "SJ Myburgh",
        "W Barresi",
        "BN Cooper",
        "MR Swart",
        "PW Borren",
        "RE van der Merwe",
        "MP O'Dowd",
        "Mudassar Bukhari",
        "MJG Rippon",
        "T van der Gugten",
        "MB van Schelven"
      ]
    },
    "registry": {
      "people": {
        "BN Cooper": "634a7b21",
        "C Pervez": "7bf34437",
        "DT Jukes": "7c215d14",
        "GO Brathwaite": "1ace56d4",
        "H Patel": "c4ff0618",
        "Hamza Tariq": "82e81007",
        "IN Ramage": "33cb7803",
        "JOA Gordon": "bb9b51f4",
        "Junaid Siddiqui": "9025e58f",
        "MB van Schelven": "aef2982e",
        "MJG Rippon": "b03db6fa",
        "MP O'Dowd": "b699df47",
        "MR Swart": "a75a78eb",
        "Mudassar Bukhari": "37312a74",
        "NR Kumar": "b3bad3f2",
        "NS Dhaliwal": "cbabd6ad",
        "PW Borren": "91052c96",
        "R Gunasekera": "9b6ad88a",
        "RE van der Merwe": "05c2ca46",
        "Rizwan Cheema": "3a026eb4",
        "SJ Myburgh": "18261c22",
        "SS Dhindsa": "ed97af2b",
        "Saad Bin Zafar": "f28a60e0",
        "T van der Gugten": "d99cc23a",
        "VA Kulkarni": "8fe0c4f8",
        "W Barresi": "0d677597"
      }
    },
    "season": 2015,
    "team_type": "international",
    "teams": [
      "Canada",
      "Netherlands"
    ],
    "toss": {
      "decision": "field",
      "winner": "Netherlands"
    },
    "venue": "Goldenacre"
  },
  "innings": [
    {
      "team": "Canada",
      "overs": [
        {
          "over": 0,
          "deliveries": [
            {
              "batter": "H Patel",
              "bowler": "MB van Schelven",
              "non_striker": "R Gunasekera",
              "runs": {
                "batter": 2,
                "extras": 0,
                "total": 2
              }
            },
            {
              "batter": "H Patel",
              "bowler": "MB van Schelven",
              "extras": {
                "wides": 1
              },
              "non_striker": "R Gunasekera",
              "runs": {
                "batter": 0,
                "extras": 1,
                "total": 1
              }
            },
            {
              "batter": "H Patel",
              "bowler": "MB van Schelven",
              "non_striker": "R Gunasekera",
              "runs": {
                "batter": 0,
                "extras": 0,
                "total": 0
              }
            },
            {
              "batter": "H Patel",
              "bowler": "MB van Schelven",
              "extras": {
                "legbyes": 1
              },
              "non_striker": "R Gunasekera",
              "runs": {
                "batter": 0,
                "extras": 1,
                "total": 1
              }
            },
            {
              "batter": "R Gunasekera",
              "bowler": "MB van Schelven",
              "non_striker": "H Patel",
              "runs": {
                "batter": 4,
                "extras": 0,
                "total": 4
              }
            },
            {
              "batter": "R Gunasekera",
              "bowler": "MB van Schelven",
              "non_striker": "H Patel",
              "runs": {
                "batter": 0,
                "extras": 0,
                "total": 0
              }
            },
            {
              "batter": "R Gunasekera",
              "bowler": "MB van Schelven",
              "non_striker": "H Patel",
              "runs": {
                "batter": 4,
                "extras": 0,
                "total": 4
              }
            }
          ]
        },
        {
          "over": 1,
          "deliveries": [
            {
              "batter": "H Patel",
              "bowler": "T van der Gugten",
              "non_striker": "R Gunasekera",
              "runs": {
                "batter": 0,
                "extras": 0,
                "total": 0
              }
            },
            {
              "batter": "H Patel",
              "bowler": "T van der Gugten",
              "non_striker": "R Gunasekera",
              "runs": {
                "batter": 0,
                "extras": 0,
                "total": 0
              }
            },
            {
              "batter": "H Patel",
              "bowler": "T van der Gugten",
              "non_striker": "R Gunasekera",
              "runs": {
                "batter": 4,
                "extras": 0,
                "total": 4
              }
            },
            {
              "batter": "H Patel",
              "bowler": "T van der Gugten",
              "non_striker": "R Gunasekera",
              "runs": {
                "batter": 1,
                "extras": 0,
                "total": 1
              }
            },
            {
              "batter": "R Gunasekera",
              "bowler": "T van der Gugten",
              "non_striker": "H Patel",
              "runs": {
                "batter": 0,
                "extras": 0,
                "total": 0
              }
            },
            {
              "batter": "R Gunasekera",
              "bowler": "T van der Gugten",
              "non_striker": "H Patel",
              "runs": {
                "batter": 1,
                "extras": 0,
                "total": 1
              }
            }
          ]
        },
        {
          "over": 2,
          "deliveries": [
            {
              "batter": "R Gunasekera",
              "bowler": "Mudassar Bukhari",
              "non_striker": "H Patel",
              "runs": {
                "batter": 1,
                "extras": 0,
                "total": 1
              }
            },
            {
              "batter": "H Patel",
              "bowler": "Mudassar Bukhari",
              "non_striker": "R Gunasekera",
              "runs": {
                "batter": 0,
                "extras": 0,
                "total": 0
              }
            },
            {
              "batter": "H Patel",
              "bowler": "Mudassar Bukhari",
              "non_striker": "R Gunasekera",
              "runs": {
                "batter": 1,
                "extras": 0,
                "total": 1
              }
            },
            {
              "batter": "R Gunasekera",
              "bowler": "Mudassar Bukhari",
              "non_striker": "H Patel",
              "runs": {
                "batter": 0,
                "extras": 0,
                "total": 0
              }
            },
            {
              "batter": "R Gunasekera",
              "bowler": "Mudassar Bukhari",
              "extras": {
                "legbyes": 1
              },
              "non_striker": "H Patel",
              "runs": {
                "batter": 0,
                "extras": 1,
                "total": 1
              }
            },
            {
              "batter": "H Patel",
              "bowler": "Mudassar Bukhari",
              "non_striker": "R Gunasekera",
              "runs": {
                "batter": 4,
                "extras": 0,
                "total": 4
              }
            }
          ]
        },
        {
          "over": 3,
          "deliveries": [
            {
              "batter": "R Gunasekera",
              "bowler": "T van der Gugten",
              "non_striker": "H Patel",
              "runs": {
                "batter": 0,
                "extras": 0,
                "total": 0
              }
            },
            {
              "batter": "R Gunasekera",
              "bowler": "T van der Gugten",
              "non_striker": "H Patel",
              "runs": {
                "batter": 6,
                "extras": 0,
                "total": 6
              }
            },
            {
              "batter": "R Gunasekera",
              "bowler": "T van der Gugten",
              "non_striker": "H Patel",
              "runs": {
                "batter": 4,
                "extras": 0,
                "total": 4
              }
            },
            {
              "batter": "R Gunasekera",
              "bowler": "T van der Gugten",
              "non_striker": "H Patel",
              "runs": {
                "batter": 0,
                "extras": 0,
                "total": 0
              }
            },
            {
              "batter": "R Gunasekera",
              "bowler": "T van der Gugten",
              "extras": {
                "legbyes": 1
              },
              "non_striker": "H Patel",
              "runs": {
                "batter": 0,
                "extras": 1,
                "total": 1
              }
            },
            {
              "batter": "H Patel",
              "bowler": "T van der Gugten",
              "non_striker": "R Gunasekera",
              "runs": {
                "batter": 0,
                "extras": 0,
                "total": 0
              }
            }
          ]
        },
        {
          "over": 4,
          "deliveries": [
            {
              "batter": "R Gunasekera",
              "bowler": "Mudassar Bukhari",
              "non_striker": "H Patel",
              "runs": {
                "batter": 0,
                "extras": 0,
                "total": 0
              }
            },
            {
              "batter": "R Gunasekera",
              "bowler": "Mudassar Bukhari",
              "non_striker": "H Patel",
              "runs": {
                "batter": 4,
                "extras": 0,
                "total": 4
              }
            },
            {
              "batter": "R Gunasekera",
              "bowler": "Mudassar Bukhari",
              "non_striker": "H Patel",
              "runs": {
                "batter": 4,
                "extras": 0,
                "total": 4
              }
            },
            {
              "batter": "R Gunasekera",
              "bowler": "Mudassar Bukhari",
              "non_striker": "H Patel",
              "runs": {
                "batter": 2,
                "extras": 0,
                "total": 2
              }
            },
            {
              "batter": "R Gunasekera",
              "bowler": "Mudassar Bukhari",
              "non_striker": "H Patel",
              "runs": {
                "batter": 4,
                "extras": 0,
                "total": 4
              }
            },
            {
              "batter": "R Gunasekera",
              "bowler": "Mudassar Bukhari",
              "non_striker": "H Patel",
              "runs": {
                "batter": 0,
                "extras": 0,
                "total": 0
              }
            }
          ]
        },
        {
          "over": 5,
          "deliveries": [
            {
              "batter": "H Patel",
              "bowler": "MR Swart",
              "non_striker": "R Gunasekera",
              "runs": {
                "batter": 1,
                "extras": 0,
                "total": 1
              }
            },
            {
              "batter": "R Gunasekera",
              "bowler": "MR Swart",
              "non_striker": "H Patel",
              "runs": {
                "batter": 0,
                "extras": 0,
                "total": 0
              }
            },
            {
              "batter": "R Gunasekera",
              "bowler": "MR Swart",
              "non_striker": "H Patel",
              "runs": {
                "batter": 1,
                "extras": 0,
                "total": 1
              }
            },
            {
              "batter": "H Patel",
              "bowler": "MR Swart",
              "non_striker": "R Gunasekera",
              "runs": {
                "batter": 4,
                "extras": 0,
                "total": 4
              }
            },
            {
              "batter": "H Patel",
              "bowler": "MR Swart",
              "non_striker": "R Gunasekera",
              "runs": {
                "batter": 0,
                "extras": 0,
                "total": 0
              }
            },
            {
              "batter": "H Patel",
              "bowler": "MR Swart",
              "non_striker": "R Gunasekera",
              "runs": {
                "batter": 0,
                "extras": 0,
                "total": 0
              }
            }
          ]
        },
        {
          "over": 6,
          "deliveries": [
            {
              "batter": "R Gunasekera",
              "bowler": "RE van der Merwe",
              "non_striker": "H Patel",
              "runs": {
                "batter": 0,
                "extras": 0,
                "total": 0
              },
              "wickets": [
                {
                  "kind": "run out",
                  "player_out": "H Patel",
                  "fielders": [
                    {
                      "name": "PW Borren"
                    }
                  ]
                }
              ]
            },
            {
              "batter": "NR Kumar",
              "bowler": "RE van der Merwe",
              "non_striker": "R Gunasekera",
              "runs": {
                "batter": 1,
                "extras": 0,
                "total": 1
              }
            },
            {
              "batter": "R Gunasekera",
              "bowler": "RE van der Merwe",
              "non_striker": "NR Kumar",
              "runs": {
                "batter": 1,
                "extras": 0,
                "total": 1
              }
            },
            {
              "batter": "NR Kumar",
              "bowler": "RE van der Merwe",
              "non_striker": "R Gunasekera",
              "runs": {
                "batter": 0,
                "extras": 0,
                "total": 0
              }
            },
            {
              "batter": "NR Kumar",
              "bowler": "RE van der Merwe",
              "non_striker": "R Gunasekera",
              "runs": {
                "batter": 1,
                "extras": 0,
                "total": 1
              }
            },
            {
              "batter": "R Gunasekera",
              "bowler": "RE van der Merwe",
              "non_striker": "NR Kumar",
              "runs": {
                "batter": 0,
                "extras": 0,
                "total": 0
              }
            }
          ]
        },
        {
          "over": 7,
          "deliveries": [
            {
              "batter": "NR Kumar",
              "bowler": "MJG Rippon",
              "extras": {
                "wides": 1
              },
              "non_striker": "R Gunasekera",
              "runs": {
                "batter": 0,
                "extras": 1,
                "total": 1
              }
            },
            {
              "batter": "NR Kumar",
              "bowler": "MJG Rippon",
              "non_striker": "R Gunasekera",
              "runs": {
                "batter": 1,
                "extras": 0,
                "total": 1
              }
            },
            {
              "batter": "R Gunasekera",
              "bowler": "MJG Rippon",
              "non_striker": "NR Kumar",
              "runs": {
                "batter": 1,
                "extras": 0,
                "total": 1
              }
            },
            {
              "batter": "NR Kumar",
              "bowler": "MJG Rippon",
              "non_striker": "R Gunasekera",
              "runs": {
                "batter": 0,
                "extras": 0,
                "total": 0
              },
              "wickets": [
                {
                  "kind": "caught",
                  "player_out": "NR Kumar",
                  "fielders": [
                    {
                      "name": "SJ Myburgh"
                    }
                  ]
                }
              ]
            },
            {
              "batter": "NS Dhaliwal",
              "bowler": "MJG Rippon",
              "non_striker": "R Gunasekera",
              "runs": {
                "batter": 1,
                "extras": 0,
                "total": 1
              }
            },
            {
              "batter": "R Gunasekera",
              "bowler": "MJG Rippon",
              "non_striker": "NS Dhaliwal",
              "runs": {
                "batter": 0,
                "extras": 0,
                "total": 0
              }
            },
            {
              "batter": "R Gunasekera",
              "bowler": "MJG Rippon",
              "non_striker": "NS Dhaliwal",
              "runs": {
                "batter": 4,
                "extras": 0,
                "total": 4
              }
            }
          ]
        },
        {
          "over": 8,
          "deliveries": [
            {
              "batter": "NS Dhaliwal",
              "bowler": "RE van der Merwe",
              "non_striker": "R Gunasekera",
              "runs": {
                "batter": 1,
                "extras": 0,
                "total": 1
              }
            },
            {
              "batter": "R Gunasekera",
              "bowler": "RE van der Merwe",
              "non_striker": "NS Dhaliwal",
              "runs": {
                "batter": 1,
                "extras": 0,
                "total": 1
              }
            },
            {
              "batter": "NS Dhaliwal",
              "bowler": "RE van der Merwe",
              "non_striker": "R Gunasekera",
              "runs": {
                "batter": 0,
                "extras": 0,
                "total": 0
              }
            },
            {
              "batter": "NS Dhaliwal",
              "bowler": "RE van der Merwe",
              "non_striker": "R Gunasekera",
              "runs": {
                "batter": 1,
                "extras": 0,
                "total": 1
              }
            },
            {
              "batter": "R Gunasekera",
              "bowler": "RE van der Merwe",
              "non_striker": "NS Dhaliwal",
              "runs": {
                "batter": 1,
                "extras": 0,
                "total": 1
              }
            },
            {
              "batter": "NS Dhaliwal",
              "bowler": "RE van der Merwe",
              "non_striker": "R Gunasekera",
              "runs": {
                "batter": 1,
                "extras": 0,
                "total": 1
              }
            }
          ]
        },
        {
          "over": 9,
          "deliveries": [
            {
              "batter": "NS Dhaliwal",
              "bowler": "MR Swart",
              "non_striker": "R Gunasekera",
              "runs": {
                "batter": 1,
                "extras": 0,
                "total": 1
              }
            },
            {
              "batter": "R Gunasekera",
              "bowler": "MR Swart",
              "non_striker": "NS Dhaliwal",
              "runs": {
                "batter": 0,
                "extras": 0,
                "total": 0
              }
            },
            {
              "batter": "R Gunasekera",
              "bowler": "MR Swart",
              "non_striker": "NS Dhaliwal",
              "runs": {
                "batter": 1,
                "extras": 0,
                "total": 1
              }
            },
            {
              "batter": "NS Dhaliwal",
              "bowler": "MR Swart",
              "non_striker": "R Gunasekera",
              "runs": {
                "batter": 1,
                "extras": 0,
                "total": 1
              }
            },
            {
              "batter": "R Gunasekera",
              "bowler": "MR Swart",
              "non_striker": "NS Dhaliwal",
              "runs": {
                "batter": 1,
                "extras": 0,
                "total": 1
              }
            },
            {
              "batter": "NS Dhaliwal",
              "bowler": "MR Swart",
              "non_striker": "R Gunasekera",
              "runs": {
                "batter": 1,
                "extras": 0,
                "total": 1
              }
            }
          ]
        },
        {
          "over": 10,
          "deliveries": [
            {
              "batter": "NS Dhaliwal",
              "bowler": "PW Borren",
              "non_striker": "R Gunasekera",
              "runs": {
                "batter": 0,
                "extras": 0,
                "total": 0
              }
            },
            {
              "batter": "NS Dhaliwal",
              "bowler": "PW Borren",
              "non_striker": "R Gunasekera",
              "runs": {
                "batter": 4,
                "extras": 0,
                "total": 4
              }
            },
            {
              "batter": "NS Dhaliwal",
              "bowler": "PW Borren",
              "non_striker": "R Gunasekera",
              "runs": {
                "batter": 0,
                "extras": 0,
                "total": 0
              }
            },
            {
              "batter": "NS Dhaliwal",
              "bowler": "PW Borren",
              "non_striker": "R Gunasekera",
              "runs": {
                "batter": 1,
                "extras": 0,
                "total": 1
              }
            },
            {
              "batter": "R Gunasekera",
              "bowler": "PW Borren",
              "non_striker": "NS Dhaliwal",
              "runs": {
                "batter": 1,
                "extras": 0,
                "total": 1
              }
            },
            {
              "batter": "NS Dhaliwal",
              "bowler": "PW Borren",
              "non_striker": "R Gunasekera",
              "runs": {
                "batter": 0,
                "extras": 0,
                "total": 0
              }
            }
          ]
        },
        {
          "over": 11,
          "deliveries": [
            {
              "batter": "R Gunasekera",
              "bowler": "MR Swart",
              "non_striker": "NS Dhaliwal",
              "runs": {
                "batter": 0,
                "extras": 0,
                "total": 0
              }
            },
            {
              "batter": "R Gunasekera",
              "bowler": "MR Swart",
              "non_striker": "NS Dhaliwal",
              "runs": {
                "batter": 0,
                "extras": 0,
                "total": 0
              }
            },
            {
              "batter": "R Gunasekera",
              "bowler": "MR Swart",
              "non_striker": "NS Dhaliwal",
              "runs": {
                "batter": 1,
                "extras": 0,
                "total": 1
              }
            },
            {
              "batter": "NS Dhaliwal",
              "bowler": "MR Swart",
              "extras": {
                "wides": 1
              },
              "non_striker": "R Gunasekera",
              "runs": {
                "batter": 0,
                "extras": 1,
                "total": 1
              },
              "wickets": [
                {
                  "kind": "stumped",
                  "player_out": "NS Dhaliwal",
                  "fielders": [
                    {
                      "name": "W Barresi"
                    }
                  ]
                }
              ]
            },
            {
              "batter": "Rizwan Cheema",
              "bowler": "MR Swart",
              "non_striker": "R Gunasekera",
              "runs": {
                "batter": 0,
                "extras": 0,
                "total": 0
              }
            },
            {
              "batter": "Rizwan Cheema",
              "bowler": "MR Swart",
              "non_striker": "R Gunasekera",
              "runs": {
                "batter": 1,
                "extras": 0,
                "total": 1
              }
            },
            {
              "batter": "R Gunasekera",
              "bowler": "MR Swart",
              "non_striker": "Rizwan Cheema",
              "runs": {
                "batter": 1,
                "extras": 0,
                "total": 1
              }
            }
          ]
        },
        {
          "over": 12,
          "deliveries": [
            {
              "batter": "R Gunasekera",
              "bowler": "PW Borren",
              "non_striker": "Rizwan Cheema",
              "runs": {
                "batter": 0,
                "extras": 0,
                "total": 0
              }
            },
            {
              "batter": "R Gunasekera",
              "bowler": "PW Borren",
              "non_striker": "Rizwan Cheema",
              "runs": {
                "batter": 0,
                "extras": 0,
                "total": 0
              }
            },
            {
              "batter": "R Gunasekera",
              "bowler": "PW Borren",
              "non_striker": "Rizwan Cheema",
              "runs": {
                "batter": 1,
                "extras": 0,
                "total": 1
              }
            },
            {
              "batter": "Rizwan Cheema",
              "bowler": "PW Borren",
              "non_striker": "R Gunasekera",
              "runs": {
                "batter": 1,
                "extras": 0,
                "total": 1
              }
            },
            {
              "batter": "R Gunasekera",
              "bowler": "PW Borren",
              "non_striker": "Rizwan Cheema",
              "runs": {
                "batter": 1,
                "extras": 0,
                "total": 1
              }
            },
            {
              "batter": "Rizwan Cheema",
              "bowler": "PW Borren",
              "non_striker": "R Gunasekera",
              "runs": {
                "batter": 6,
                "extras": 0,
                "total": 6
              }
            }
          ]
        },
        {
          "over": 13,
          "deliveries": [
            {
              "batter": "R Gunasekera",
              "bowler": "MR Swart",
              "non_striker": "Rizwan Cheema",
              "runs": {
                "batter": 1,
                "extras": 0,
                "total": 1
              }
            },
            {
              "batter": "Rizwan Cheema",
              "bowler": "MR Swart",
              "non_striker": "R Gunasekera",
              "runs": {
                "batter": 1,
                "extras": 0,
                "total": 1
              }
            },
            {
              "batter": "R Gunasekera",
              "bowler": "MR Swart",
              "non_striker": "Rizwan Cheema",
              "runs": {
                "batter": 0,
                "extras": 0,
                "total": 0
              }
            },
            {
              "batter": "R Gunasekera",
              "bowler": "MR Swart",
              "non_striker": "Rizwan Cheema",
              "runs": {
                "batter": 0,
                "extras": 0,
                "total": 0
              },
              "wickets": [
                {
                  "kind": "caught",
                  "player_out": "R Gunasekera",
                  "fielders": [
                    {
                      "name": "Mudassar Bukhari"
                    }
                  ]
                }
              ]
            },
            {
              "batter": "Hamza Tariq",
              "bowler": "MR Swart",
              "non_striker": "Rizwan Cheema",
              "runs": {
                "batter": 1,
                "extras": 0,
                "total": 1
              }
            },
            {
              "batter": "Rizwan Cheema",
              "bowler": "MR Swart",
              "non_striker": "Hamza Tariq",
              "runs": {
                "batter": 6,
                "extras": 0,
                "total": 6
              }
            }
          ]
        },
        {
          "over": 14,
          "deliveries": [
            {
              "batter": "Hamza Tariq",
              "bowler": "RE van der Merwe",
              "non_striker": "Rizwan Cheema",
              "runs": {
                "batter": 1,
                "extras": 0,
                "total": 1
              }
            },
            {
              "batter": "Rizwan Cheema",
              "bowler": "RE van der Merwe",
              "non_striker": "Hamza Tariq",
              "runs": {
                "batter": 6,
                "extras": 0,
                "total": 6
              }
            },
            {
              "batter": "Rizwan Cheema",
              "bowler": "RE van der Merwe",
              "non_striker": "Hamza Tariq",
              "runs": {
                "batter": 0,
                "extras": 0,
                "total": 0
              }
            },
            {
              "batter": "Rizwan Cheema",
              "bowler": "RE van der Merwe",
              "non_striker": "Hamza Tariq",
              "runs": {
                "batter": 0,
                "extras": 0,
                "total": 0
              }
            },
            {
              "batter": "Rizwan Cheema",
              "bowler": "RE van der Merwe",
              "non_striker": "Hamza Tariq",
              "runs": {
                "batter": 1,
                "extras": 0,
                "total": 1
              }
            },
            {
              "batter": "Hamza Tariq",
              "bowler": "RE van der Merwe",
              "extras": {
                "legbyes": 1
              },
              "non_striker": "Rizwan Cheema",
              "runs": {
                "batter": 0,
                "extras": 1,
                "total": 1
              }
            }
          ]
        },
        {
          "over": 15,
          "deliveries": [
            {
              "batter": "Hamza Tariq",
              "bowler": "Mudassar Bukhari",
              "non_striker": "Rizwan Cheema",
              "runs": {
                "batter": 0,
                "extras": 0,
                "total": 0
              }
            },
            {
              "batter": "Hamza Tariq",
              "bowler": "Mudassar Bukhari",
              "non_striker": "Rizwan Cheema",
              "runs": {
                "batter": 0,
                "extras": 0,
                "total": 0
              }
            },
            {
              "batter": "Hamza Tariq",
              "bowler": "Mudassar Bukhari",
              "non_striker": "Rizwan Cheema",
              "runs": {
                "batter": 4,
                "extras": 0,
                "total": 4
              }
            },
            {
              "batter": "Hamza Tariq",
              "bowler": "Mudassar Bukhari",
              "non_striker": "Rizwan Cheema",
              "runs": {
                "batter": 6,
                "extras": 0,
                "total": 6
              }
            },
            {
              "batter": "Hamza Tariq",
              "bowler": "Mudassar Bukhari",
              "non_striker": "Rizwan Cheema",
              "runs": {
                "batter": 0,
                "extras": 0,
                "total": 0
              }
            },
            {
              "batter": "Hamza Tariq",
              "bowler": "Mudassar Bukhari",
              "non_striker": "Rizwan Cheema",
              "runs": {
                "batter": 0,
                "extras": 0,
                "total": 0
              }
            }
          ]
        },
        {
          "over": 16,
          "deliveries": [
            {
              "batter": "Rizwan Cheema",
              "bowler": "RE van der Merwe",
              "non_striker": "Hamza Tariq",
              "runs": {
                "batter": 6,
                "extras": 0,
                "total": 6
              }
            },
            {
              "batter": "Rizwan Cheema",
              "bowler": "RE van der Merwe",
              "non_striker": "Hamza Tariq",
              "runs": {
                "batter": 0,
                "extras": 0,
                "total": 0
              },
              "wickets": [
                {
                  "kind": "caught",
                  "player_out": "Rizwan Cheema",
                  "fielders": [
                    {
                      "name": "BN Cooper"
                    }
                  ]
                }
              ]
            },
            {
              "batter": "Saad Bin Zafar",
              "bowler": "RE van der Merwe",
              "non_striker": "Hamza Tariq",
              "runs": {
                "batter": 1,
                "extras": 0,
                "total": 1
              }
            },
            {
              "batter": "Hamza Tariq",
              "bowler": "RE van der Merwe",
              "non_striker": "Saad Bin Zafar",
              "runs": {
                "batter": 1,
                "extras": 0,
                "total": 1
              }
            },
            {
              "batter": "Saad Bin Zafar",
              "bowler": "RE van der Merwe",
              "extras": {
                "wides": 1
              },
              "non_striker": "Hamza Tariq",
              "runs": {
                "batter": 0,
                "extras": 1,
                "total": 1
              }
            },
            {
              "batter": "Saad Bin Zafar",
              "bowler": "RE van der Merwe",
              "non_striker": "Hamza Tariq",
              "runs": {
                "batter": 1,
                "extras": 0,
                "total": 1
              }
            },
            {
              "batter": "Hamza Tariq",
              "bowler": "RE van der Merwe",
              "non_striker": "Saad Bin Zafar",
              "runs": {
                "batter": 1,
                "extras": 0,
                "total": 1
              }
            }
          ]
        },
        {
          "over": 17,
          "deliveries": [
            {
              "batter": "Hamza Tariq",
              "bowler": "T van der Gugten",
              "non_striker": "Saad Bin Zafar",
              "runs": {
                "batter": 1,
                "extras": 0,
                "total": 1
              }
            },
            {
              "batter": "Saad Bin Zafar",
              "bowler": "T van der Gugten",
              "non_striker": "Hamza Tariq",
              "runs": {
                "batter": 0,
                "extras": 0,
                "total": 0
              }
            },
            {
              "batter": "Saad Bin Zafar",
              "bowler": "T van der Gugten",
              "non_striker": "Hamza Tariq",
              "runs": {
                "batter": 0,
                "extras": 0,
                "total": 0
              }
            },
            {
              "batter": "Saad Bin Zafar",
              "bowler": "T van der Gugten",
              "non_striker": "Hamza Tariq",
              "runs": {
                "batter": 0,
                "extras": 0,
                "total": 0
              }
            },
            {
              "batter": "Saad Bin Zafar",
              "bowler": "T van der Gugten",
              "non_striker": "Hamza Tariq",
              "runs": {
                "batter": 1,
                "extras": 0,
                "total": 1
              }
            },
            {
              "batter": "Hamza Tariq",
              "bowler": "T van der Gugten",
              "non_striker": "Saad Bin Zafar",
              "runs": {
                "batter": 1,
                "extras": 0,
                "total": 1
              }
            }
          ]
        },
        {
          "over": 18,
          "deliveries": [
            {
              "batter": "Hamza Tariq",
              "bowler": "Mudassar Bukhari",
              "non_striker": "Saad Bin Zafar",
              "runs": {
                "batter": 6,
                "extras": 0,
                "total": 6
              }
            },
            {
              "batter": "Hamza Tariq",
              "bowler": "Mudassar Bukhari",
              "non_striker": "Saad Bin Zafar",
              "runs": {
                "batter": 1,
                "extras": 0,
                "total": 1
              }
            },
            {
              "batter": "Saad Bin Zafar",
              "bowler": "Mudassar Bukhari",
              "non_striker": "Hamza Tariq",
              "runs": {
                "batter": 0,
                "extras": 0,
                "total": 0
              },
              "wickets": [
                {
                  "kind": "run out",
                  "player_out": "Saad Bin Zafar",
                  "fielders": [
                    {
                      "name": "SJ Myburgh"
                    }
                  ]
                }
              ]
            },
            {
              "batter": "Junaid Siddiqui",
              "bowler": "Mudassar Bukhari",
              "non_striker": "Hamza Tariq",
              "runs": {
                "batter": 6,
                "extras": 0,
                "total": 6
              }
            },
            {
              "batter": "Junaid Siddiqui",
              "bowler": "Mudassar Bukhari",
              "non_striker": "Hamza Tariq",
              "runs": {
                "batter": 1,
                "extras": 0,
                "total": 1
              }
            },
            {
              "batter": "Hamza Tariq",
              "bowler": "Mudassar Bukhari",
              "non_striker": "Junaid Siddiqui",
              "runs": {
                "batter": 6,
                "extras": 0,
                "total": 6
              }
            }
          ]
        },
        {
          "over": 19,
          "deliveries": [
            {
              "batter": "Junaid Siddiqui",
              "bowler": "T van der Gugten",
              "non_striker": "Hamza Tariq",
              "runs": {
                "batter": 0,
                "extras": 0,
                "total": 0
              },
              "wickets": [
                {
                  "kind": "run out",
                  "player_out": "Junaid Siddiqui",
                  "fielders": [
                    {
                      "name": "T van der Gugten"
                    }
                  ]
                }
              ]
            },
            {
              "batter": "Hamza Tariq",
              "bowler": "T van der Gugten",
              "non_striker": "SS Dhindsa",
              "runs": {
                "batter": 1,
                "extras": 0,
                "total": 1
              }
            },
            {
              "batter": "SS Dhindsa",
              "bowler": "T van der Gugten",
              "non_striker": "Hamza Tariq",
              "runs": {
                "batter": 1,
                "extras": 0,
                "total": 1
              }
            },
            {
              "batter": "Hamza Tariq",
              "bowler": "T van der Gugten",
              "non_striker": "SS Dhindsa",
              "runs": {
                "batter": 6,
                "extras": 0,
                "total": 6
              }
            },
            {
              "batter": "Hamza Tariq",
              "bowler": "T van der Gugten",
              "non_striker": "SS Dhindsa",
              "runs": {
                "batter": 6,
                "extras": 0,
                "total": 6
              }
            },
            {
              "batter": "Hamza Tariq",
              "bowler": "T van der Gugten",
              "non_striker": "SS Dhindsa",
              "runs": {
                "batter": 0,
                "extras": 0,
                "total": 0
              },
              "wickets": [
                {
                  "kind": "caught and bowled",
                  "player_out": "Hamza Tariq"
                }
              ]
            }
          ]
        }
      ],
      "powerplays": [
        {
          "from": 0.1,
          "to": 5.6,
          "type": "mandatory"
        }
      ]
    },
    {
      "team": "Netherlands",
      "overs": [
        {
          "over": 0,
          "deliveries": [
            {
              "batter": "SJ Myburgh",
              "bowler": "JOA Gordon",
              "non_striker": "W Barresi",
              "runs": {
                "batter": 6,
                "extras": 0,
                "total": 6
              }
            },
            {
              "batter": "SJ Myburgh",
              "bowler": "JOA Gordon",
              "non_striker": "W Barresi",
              "runs": {
                "batter": 1,
                "extras": 0,
                "total": 1
              }
            },
            {
              "batter": "W Barresi",
              "bowler": "JOA Gordon",
              "non_striker": "SJ Myburgh",
              "runs": {
                "batter": 0,
                "extras": 0,
                "total": 0
              }
            },
            {
              "batter": "W Barresi",
              "bowler": "JOA Gordon",
              "non_striker": "SJ Myburgh",
              "runs": {
                "batter": 4,
                "extras": 0,
                "total": 4
              }
            },
            {
              "batter": "W Barresi",
              "bowler": "JOA Gordon",
              "non_striker": "SJ Myburgh",
              "runs": {
                "batter": 4,
                "extras": 0,
                "total": 4
              }
            },
            {
              "batter": "W Barresi",
              "bowler": "JOA Gordon",
              "non_striker": "SJ Myburgh",
              "runs": {
                "batter": 4,
                "extras": 0,
                "total": 4
              }
            }
          ]
        },
        {
          "over": 1,
          "deliveries": [
            {
              "batter": "SJ Myburgh",
              "bowler": "C Pervez",
              "extras": {
                "wides": 1
              },
              "non_striker": "W Barresi",
              "runs": {
                "batter": 0,
                "extras": 1,
                "total": 1
              }
            },
            {
              "batter": "SJ Myburgh",
              "bowler": "C Pervez",
              "non_striker": "W Barresi",
              "runs": {
                "batter": 0,
                "extras": 0,
                "total": 0
              }
            },
            {
              "batter": "SJ Myburgh",
              "bowler": "C Pervez",
              "non_striker": "W Barresi",
              "runs": {
                "batter": 2,
                "extras": 0,
                "total": 2
              }
            },
            {
              "batter": "SJ Myburgh",
              "bowler": "C Pervez",
              "non_striker": "W Barresi",
              "runs": {
                "batter": 4,
                "extras": 0,
                "total": 4
              }
            },
            {
              "batter": "SJ Myburgh",
              "bowler": "C Pervez",
              "non_striker": "W Barresi",
              "runs": {
                "batter": 1,
                "extras": 0,
                "total": 1
              }
            },
            {
              "batter": "W Barresi",
              "bowler": "C Pervez",
              "non_striker": "SJ Myburgh",
              "runs": {
                "batter": 4,
                "extras": 0,
                "total": 4
              }
            },
            {
              "batter": "W Barresi",
              "bowler": "C Pervez",
              "non_striker": "SJ Myburgh",
              "runs": {
                "batter": 4,
                "extras": 0,
                "total": 4
              }
            }
          ]
        },
        {
          "over": 2,
          "deliveries": [
            {
              "batter": "SJ Myburgh",
              "bowler": "NR Kumar",
              "extras": {
                "wides": 1
              },
              "non_striker": "W Barresi",
              "runs": {
                "batter": 0,
                "extras": 1,
                "total": 1
              }
            },
            {
              "batter": "SJ Myburgh",
              "bowler": "NR Kumar",
              "non_striker": "W Barresi",
              "runs": {
                "batter": 4,
                "extras": 0,
                "total": 4
              }
            },
            {
              "batter": "SJ Myburgh",
              "bowler": "NR Kumar",
              "extras": {
                "legbyes": 1
              },
              "non_striker": "W Barresi",
              "runs": {
                "batter": 0,
                "extras": 1,
                "total": 1
              }
            },
            {
              "batter": "W Barresi",
              "bowler": "NR Kumar",
              "non_striker": "SJ Myburgh",
              "runs": {
                "batter": 1,
                "extras": 0,
                "total": 1
              }
            },
            {
              "batter": "SJ Myburgh",
              "bowler": "NR Kumar",
              "non_striker": "W Barresi",
              "runs": {
                "batter": 1,
                "extras": 0,
                "total": 1
              }
            },
            {
              "batter": "W Barresi",
              "bowler": "NR Kumar",
              "non_striker": "SJ Myburgh",
              "runs": {
                "batter": 0,
                "extras": 0,
                "total": 0
              }
            },
            {
              "batter": "W Barresi",
              "bowler": "NR Kumar",
              "non_striker": "SJ Myburgh",
              "runs": {
                "batter": 1,
                "extras": 0,
                "total": 1
              }
            }
          ]
        },
        {
          "over": 3,
          "deliveries": [
            {
              "batter": "W Barresi",
              "bowler": "Junaid Siddiqui",
              "non_striker": "SJ Myburgh",
              "runs": {
                "batter": 4,
                "extras": 0,
                "total": 4
              }
            },
            {
              "batter": "W Barresi",
              "bowler": "Junaid Siddiqui",
              "non_striker": "SJ Myburgh",
              "runs": {
                "batter": 1,
                "extras": 0,
                "total": 1
              }
            },
            {
              "batter": "SJ Myburgh",
              "bowler": "Junaid Siddiqui",
              "non_striker": "W Barresi",
              "runs": {
                "batter": 1,
                "extras": 0,
                "total": 1
              }
            },
            {
              "batter": "W Barresi",
              "bowler": "Junaid Siddiqui",
              "non_striker": "SJ Myburgh",
              "runs": {
                "batter": 4,
                "extras": 0,
                "total": 4
              }
            },
            {
              "batter": "W Barresi",
              "bowler": "Junaid Siddiqui",
              "non_striker": "SJ Myburgh",
              "runs": {
                "batter": 1,
                "extras": 0,
                "total": 1
              }
            },
            {
              "batter": "SJ Myburgh",
              "bowler": "Junaid Siddiqui",
              "non_striker": "W Barresi",
              "runs": {
                "batter": 4,
                "extras": 0,
                "total": 4
              }
            }
          ]
        },
        {
          "over": 4,
          "deliveries": [
            {
              "batter": "W Barresi",
              "bowler": "NR Kumar",
              "non_striker": "SJ Myburgh",
              "runs": {
                "batter": 1,
                "extras": 0,
                "total": 1
              }
            },
            {
              "batter": "SJ Myburgh",
              "bowler": "NR Kumar",
              "non_striker": "W Barresi",
              "runs": {
                "batter": 4,
                "extras": 0,
                "total": 4
              }
            },
            {
              "batter": "SJ Myburgh",
              "bowler": "NR Kumar",
              "extras": {
                "byes": 1
              },
              "non_striker": "W Barresi",
              "runs": {
                "batter": 0,
                "extras": 1,
                "total": 1
              }
            },
            {
              "batter": "W Barresi",
              "bowler": "NR Kumar",
              "non_striker": "SJ Myburgh",
              "runs": {
                "batter": 0,
                "extras": 0,
                "total": 0
              },
              "wickets": [
                {
                  "kind": "caught",
                  "player_out": "W Barresi",
                  "fielders": [
                    {
                      "name": "SS Dhindsa"
                    }
                  ]
                }
              ]
            },
            {
              "batter": "SJ Myburgh",
              "bowler": "NR Kumar",
              "non_striker": "BN Cooper",
              "runs": {
                "batter": 0,
                "extras": 0,
                "total": 0
              }
            },
            {
              "batter": "SJ Myburgh",
              "bowler": "NR Kumar",
              "non_striker": "BN Cooper",
              "runs": {
                "batter": 1,
                "extras": 0,
                "total": 1
              }
            }
          ]
        },
        {
          "over": 5,
          "deliveries": [
            {
              "batter": "SJ Myburgh",
              "bowler": "Rizwan Cheema",
              "non_striker": "BN Cooper",
              "runs": {
                "batter": 2,
                "extras": 0,
                "total": 2
              }
            },
            {
              "batter": "SJ Myburgh",
              "bowler": "Rizwan Cheema",
              "non_striker": "BN Cooper",
              "runs": {
                "batter": 6,
                "extras": 0,
                "total": 6
              }
            },
            {
              "batter": "SJ Myburgh",
              "bowler": "Rizwan Cheema",
              "non_striker": "BN Cooper",
              "runs": {
                "batter": 6,
                "extras": 0,
                "total": 6
              }
            },
            {
              "batter": "SJ Myburgh",
              "bowler": "Rizwan Cheema",
              "non_striker": "BN Cooper",
              "runs": {
                "batter": 4,
                "extras": 0,
                "total": 4
              }
            },
            {
              "batter": "SJ Myburgh",
              "bowler": "Rizwan Cheema",
              "non_striker": "BN Cooper",
              "runs": {
                "batter": 2,
                "extras": 0,
                "total": 2
              }
            },
            {
              "batter": "SJ Myburgh",
              "bowler": "Rizwan Cheema",
              "non_striker": "BN Cooper",
              "runs": {
                "batter": 1,
                "extras": 0,
                "total": 1
              }
            }
          ]
        },
        {
          "over": 6,
          "deliveries": [
            {
              "batter": "SJ Myburgh",
              "bowler": "NR Kumar",
              "non_striker": "BN Cooper",
              "runs": {
                "batter": 2,
                "extras": 0,
                "total": 2
              }
            },
            {
              "batter": "SJ Myburgh",
              "bowler": "NR Kumar",
              "non_striker": "BN Cooper",
              "runs": {
                "batter": 2,
                "extras": 0,
                "total": 2
              }
            },
            {
              "batter": "SJ Myburgh",
              "bowler": "NR Kumar",
              "non_striker": "BN Cooper",
              "runs": {
                "batter": 6,
                "extras": 0,
                "total": 6
              }
            },
            {
              "batter": "SJ Myburgh",
              "bowler": "NR Kumar",
              "non_striker": "BN Cooper",
              "runs": {
                "batter": 1,
                "extras": 0,
                "total": 1
              }
            },
            {
              "batter": "BN Cooper",
              "bowler": "NR Kumar",
              "non_striker": "SJ Myburgh",
              "runs": {
                "batter": 2,
                "extras": 0,
                "total": 2
              }
            },
            {
              "batter": "BN Cooper",
              "bowler": "NR Kumar",
              "non_striker": "SJ Myburgh",
              "runs": {
                "batter": 0,
                "extras": 0,
                "total": 0
              }
            }
          ]
        },
        {
          "over": 7,
          "deliveries": [
            {
              "batter": "SJ Myburgh",
              "bowler": "JOA Gordon",
              "non_striker": "BN Cooper",
              "runs": {
                "batter": 1,
                "extras": 0,
                "total": 1
              }
            },
            {
              "batter": "BN Cooper",
              "bowler": "JOA Gordon",
              "non_striker": "SJ Myburgh",
              "runs": {
                "batter": 2,
                "extras": 0,
                "total": 2
              }
            },
            {
              "batter": "BN Cooper",
              "bowler": "JOA Gordon",
              "non_striker": "SJ Myburgh",
              "runs": {
                "batter": 1,
                "extras": 0,
                "total": 1
              }
            },
            {
              "batter": "SJ Myburgh",
              "bowler": "JOA Gordon",
              "non_striker": "BN Cooper",
              "runs": {
                "batter": 4,
                "extras": 0,
                "total": 4
              }
            },
            {
              "batter": "SJ Myburgh",
              "bowler": "JOA Gordon",
              "non_striker": "BN Cooper",
              "runs": {
                "batter": 1,
                "extras": 0,
                "total": 1
              }
            },
            {
              "batter": "BN Cooper",
              "bowler": "JOA Gordon",
              "non_striker": "SJ Myburgh",
              "runs": {
                "batter": 0,
                "extras": 0,
                "total": 0
              }
            }
          ]
        },
        {
          "over": 8,
          "deliveries": [
            {
              "batter": "SJ Myburgh",
              "bowler": "NR Kumar",
              "non_striker": "BN Cooper",
              "runs": {
                "batter": 0,
                "extras": 0,
                "total": 0
              }
            },
            {
              "batter": "SJ Myburgh",
              "bowler": "NR Kumar",
              "non_striker": "BN Cooper",
              "runs": {
                "batter": 0,
                "extras": 0,
                "total": 0
              },
              "wickets": [
                {
                  "kind": "lbw",
                  "player_out": "SJ Myburgh"
                }
              ]
            },
            {
              "batter": "MR Swart",
              "bowler": "NR Kumar",
              "extras": {
                "wides": 1
              },
              "non_striker": "BN Cooper",
              "runs": {
                "batter": 0,
                "extras": 1,
                "total": 1
              }
            },
            {
              "batter": "MR Swart",
              "bowler": "NR Kumar",
              "non_striker": "BN Cooper",
              "runs": {
                "batter": 1,
                "extras": 0,
                "total": 1
              }
            },
            {
              "batter": "BN Cooper",
              "bowler": "NR Kumar",
              "non_striker": "MR Swart",
              "runs": {
                "batter": 1,
                "extras": 0,
                "total": 1
              }
            },
            {
              "batter": "MR Swart",
              "bowler": "NR Kumar",
              "non_striker": "BN Cooper",
              "runs": {
                "batter": 0,
                "extras": 0,
                "total": 0
              }
            },
            {
              "batter": "MR Swart",
              "bowler": "NR Kumar",
              "non_striker": "BN Cooper",
              "runs": {
                "batter": 0,
                "extras": 0,
                "total": 0
              }
            }
          ]
        },
        {
          "over": 9,
          "deliveries": [
            {
              "batter": "BN Cooper",
              "bowler": "H Patel",
              "non_striker": "MR Swart",
              "runs": {
                "batter": 1,
                "extras": 0,
                "total": 1
              }
            },
            {
              "batter": "MR Swart",
              "bowler": "H Patel",
              "non_striker": "BN Cooper",
              "runs": {
                "batter": 1,
                "extras": 0,
                "total": 1
              }
            },
            {
              "batter": "BN Cooper",
              "bowler": "H Patel",
              "non_striker": "MR Swart",
              "runs": {
                "batter": 1,
                "extras": 0,
                "total": 1
              }
            },
            {
              "batter": "MR Swart",
              "bowler": "H Patel",
              "extras": {
                "wides": 1
              },
              "non_striker": "BN Cooper",
              "runs": {
                "batter": 0,
                "extras": 1,
                "total": 1
              }
            },
            {
              "batter": "MR Swart",
              "bowler": "H Patel",
              "non_striker": "BN Cooper",
              "runs": {
                "batter": 0,
                "extras": 0,
                "total": 0
              }
            },
            {
              "batter": "MR Swart",
              "bowler": "H Patel",
              "non_striker": "BN Cooper",
              "runs": {
                "batter": 2,
                "extras": 0,
                "total": 2
              }
            },
            {
              "batter": "MR Swart",
              "bowler": "H Patel",
              "non_striker": "BN Cooper",
              "runs": {
                "batter": 0,
                "extras": 0,
                "total": 0
              }
            }
          ]
        },
        {
          "over": 10,
          "deliveries": [
            {
              "batter": "BN Cooper",
              "bowler": "Junaid Siddiqui",
              "non_striker": "MR Swart",
              "runs": {
                "batter": 1,
                "extras": 0,
                "total": 1
              }
            },
            {
              "batter": "MR Swart",
              "bowler": "Junaid Siddiqui",
              "non_striker": "BN Cooper",
              "runs": {
                "batter": 1,
                "extras": 0,
                "total": 1
              }
            },
            {
              "batter": "BN Cooper",
              "bowler": "Junaid Siddiqui",
              "non_striker": "MR Swart",
              "runs": {
                "batter": 1,
                "extras": 0,
                "total": 1
              }
            },
            {
              "batter": "MR Swart",
              "bowler": "Junaid Siddiqui",
              "non_striker": "BN Cooper",
              "runs": {
                "batter": 4,
                "extras": 0,
                "total": 4
              }
            },
            {
              "batter": "MR Swart",
              "bowler": "Junaid Siddiqui",
              "non_striker": "BN Cooper",
              "runs": {
                "batter": 1,
                "extras": 0,
                "total": 1
              }
            },
            {
              "batter": "BN Cooper",
              "bowler": "Junaid Siddiqui",
              "extras": {
                "noballs": 1
              },
              "non_striker": "MR Swart",
              "runs": {
                "batter": 1,
                "extras": 1,
                "total": 2
              }
            },
            {
              "batter": "MR Swart",
              "bowler": "Junaid Siddiqui",
              "non_striker": "BN Cooper",
              "runs": {
                "batter": 2,
                "extras": 0,
                "total": 2
              }
            }
          ]
        },
        {
          "over": 11,
          "deliveries": [
            {
              "batter": "BN Cooper",
              "bowler": "H Patel",
              "non_striker": "MR Swart",
              "runs": {
                "batter": 0,
                "extras": 0,
                "total": 0
              }
            },
            {
              "batter": "BN Cooper",
              "bowler": "H Patel",
              "non_striker": "MR Swart",
              "runs": {
                "batter": 1,
                "extras": 0,
                "total": 1
              }
            },
            {
              "batter": "MR Swart",
              "bowler": "H Patel",
              "non_striker": "BN Cooper",
              "runs": {
                "batter": 0,
                "extras": 0,
                "total": 0
              }
            },
            {
              "batter": "MR Swart",
              "bowler": "H Patel",
              "non_striker": "BN Cooper",
              "runs": {
                "batter": 1,
                "extras": 0,
                "total": 1
              }
            },
            {
              "batter": "BN Cooper",
              "bowler": "H Patel",
              "non_striker": "MR Swart",
              "runs": {
                "batter": 1,
                "extras": 0,
                "total": 1
              }
            },
            {
              "batter": "MR Swart",
              "bowler": "H Patel",
              "non_striker": "BN Cooper",
              "runs": {
                "batter": 0,
                "extras": 0,
                "total": 0
              }
            }
          ]
        },
        {
          "over": 12,
          "deliveries": [
            {
              "batter": "BN Cooper",
              "bowler": "SS Dhindsa",
              "non_striker": "MR Swart",
              "runs": {
                "batter": 1,
                "extras": 0,
                "total": 1
              }
            },
            {
              "batter": "MR Swart",
              "bowler": "SS Dhindsa",
              "non_striker": "BN Cooper",
              "runs": {
                "batter": 0,
                "extras": 0,
                "total": 0
              }
            },
            {
              "batter": "MR Swart",
              "bowler": "SS Dhindsa",
              "non_striker": "BN Cooper",
              "runs": {
                "batter": 1,
                "extras": 0,
                "total": 1
              }
            },
            {
              "batter": "BN Cooper",
              "bowler": "SS Dhindsa",
              "non_striker": "MR Swart",
              "runs": {
                "batter": 0,
                "extras": 0,
                "total": 0
              }
            },
            {
              "batter": "BN Cooper",
              "bowler": "SS Dhindsa",
              "non_striker": "MR Swart",
              "runs": {
                "batter": 1,
                "extras": 0,
                "total": 1
              }
            },
            {
              "batter": "MR Swart",
              "bowler": "SS Dhindsa",
              "non_striker": "BN Cooper",
              "runs": {
                "batter": 1,
                "extras": 0,
                "total": 1
              }
            }
          ]
        },
        {
          "over": 13,
          "deliveries": [
            {
              "batter": "MR Swart",
              "bowler": "H Patel",
              "non_striker": "BN Cooper",
              "runs": {
                "batter": 4,
                "extras": 0,
                "total": 4
              }
            },
            {
              "batter": "MR Swart",
              "bowler": "H Patel",
              "non_striker": "BN Cooper",
              "runs": {
                "batter": 1,
                "extras": 0,
                "total": 1
              }
            },
            {
              "batter": "BN Cooper",
              "bowler": "H Patel",
              "non_striker": "MR Swart",
              "runs": {
                "batter": 2,
                "extras": 0,
                "total": 2
              }
            },
            {
              "batter": "BN Cooper",
              "bowler": "H Patel",
              "non_striker": "MR Swart",
              "runs": {
                "batter": 1,
                "extras": 0,
                "total": 1
              }
            },
            {
              "batter": "MR Swart",
              "bowler": "H Patel",
              "non_striker": "BN Cooper",
              "runs": {
                "batter": 4,
                "extras": 0,
                "total": 4
              }
            },
            {
              "batter": "MR Swart",
              "bowler": "H Patel",
              "non_striker": "BN Cooper",
              "runs": {
                "batter": 0,
                "extras": 0,
                "total": 0
              }
            }
          ]
        },
        {
          "over": 14,
          "deliveries": [
            {
              "batter": "BN Cooper",
              "bowler": "SS Dhindsa",
              "non_striker": "MR Swart",
              "runs": {
                "batter": 0,
                "extras": 0,
                "total": 0
              }
            },
            {
              "batter": "BN Cooper",
              "bowler": "SS Dhindsa",
              "non_striker": "MR Swart",
              "runs": {
                "batter": 1,
                "extras": 0,
                "total": 1
              }
            },
            {
              "batter": "MR Swart",
              "bowler": "SS Dhindsa",
              "non_striker": "BN Cooper",
              "runs": {
                "batter": 0,
                "extras": 0,
                "total": 0
              }
            },
            {
              "batter": "MR Swart",
              "bowler": "SS Dhindsa",
              "non_striker": "BN Cooper",
              "runs": {
                "batter": 0,
                "extras": 0,
                "total": 0
              }
            },
            {
              "batter": "MR Swart",
              "bowler": "SS Dhindsa",
              "non_striker": "BN Cooper",
              "runs": {
                "batter": 2,
                "extras": 0,
                "total": 2
              }
            },
            {
              "batter": "MR Swart",
              "bowler": "SS Dhindsa",
              "non_striker": "BN Cooper",
              "runs": {
                "batter": 1,
                "extras": 0,
                "total": 1
              }
            }
          ]
        },
        {
          "over": 15,
          "deliveries": [
            {
              "batter": "MR Swart",
              "bowler": "C Pervez",
              "non_striker": "BN Cooper",
              "runs": {
                "batter": 1,
                "extras": 0,
                "total": 1
              }
            },
            {
              "batter": "BN Cooper",
              "bowler": "C Pervez",
              "non_striker": "MR Swart",
              "runs": {
                "batter": 0,
                "extras": 0,
                "total": 0
              },
              "wickets": [
                {
                  "kind": "caught",
                  "player_out": "BN Cooper",
                  "fielders": [
                    {
                      "name": "Hamza Tariq"
                    }
                  ]
                }
              ]
            },
            {
              "batter": "PW Borren",
              "bowler": "C Pervez",
              "non_striker": "MR Swart",
              "runs": {
                "batter": 2,
                "extras": 0,
                "total": 2
              }
            },
            {
              "batter": "PW Borren",
              "bowler": "C Pervez",
              "extras": {
                "legbyes": 1
              },
              "non_striker": "MR Swart",
              "runs": {
                "batter": 0,
                "extras": 1,
                "total": 1
              }
            },
            {
              "batter": "MR Swart",
              "bowler": "C Pervez",
              "non_striker": "PW Borren",
              "runs": {
                "batter": 1,
                "extras": 0,
                "total": 1
              }
            },
            {
              "batter": "PW Borren",
              "bowler": "C Pervez",
              "non_striker": "MR Swart",
              "runs": {
                "batter": 2,
                "extras": 0,
                "total": 2
              }
            }
          ]
        },
        {
          "over": 16,
          "deliveries": [
            {
              "batter": "MR Swart",
              "bowler": "SS Dhindsa",
              "non_striker": "PW Borren",
              "runs": {
                "batter": 0,
                "extras": 0,
                "total": 0
              }
            },
            {
              "batter": "MR Swart",
              "bowler": "SS Dhindsa",
              "non_striker": "PW Borren",
              "runs": {
                "batter": 4,
                "extras": 0,
                "total": 4
              }
            },
            {
              "batter": "MR Swart",
              "bowler": "SS Dhindsa",
              "non_striker": "PW Borren",
              "runs": {
                "batter": 0,
                "extras": 0,
                "total": 0
              }
            },
            {
              "batter": "MR Swart",
              "bowler": "SS Dhindsa",
              "non_striker": "PW Borren",
              "runs": {
                "batter": 1,
                "extras": 0,
                "total": 1
              }
            },
            {
              "batter": "PW Borren",
              "bowler": "SS Dhindsa",
              "non_striker": "MR Swart",
              "runs": {
                "batter": 4,
                "extras": 0,
                "total": 4
              }
            },
            {
              "batter": "PW Borren",
              "bowler": "SS Dhindsa",
              "extras": {
                "legbyes": 1
              },
              "non_striker": "MR Swart",
              "runs": {
                "batter": 0,
                "extras": 1,
                "total": 1
              }
            }
          ]
        },
        {
          "over": 17,
          "deliveries": [
            {
              "batter": "PW Borren",
              "bowler": "C Pervez",
              "non_striker": "MR Swart",
              "runs": {
                "batter": 0,
                "extras": 0,
                "total": 0
              }
            },
            {
              "batter": "PW Borren",
              "bowler": "C Pervez",
              "non_striker": "MR Swart",
              "runs": {
                "batter": 0,
                "extras": 0,
                "total": 0
              },
              "wickets": [
                {
                  "kind": "bowled",
                  "player_out": "PW Borren"
                }
              ]
            },
            {
              "batter": "RE van der Merwe",
              "bowler": "C Pervez",
              "non_striker": "MR Swart",
              "runs": {
                "batter": 4,
                "extras": 0,
                "total": 4
              }
            }
          ]
        }
      ],
      "powerplays": [
        {
          "from": 0.1,
          "to": 5.6,
          "type": "mandatory"
        }
      ],
      "target": {
        "overs": 20,
        "runs": 173
      }
    }
  ]
}