{
  "meta": {
    "data_version": "1.0.0",
    "created": "2015-07-19",
    "revision": 2
  },
  "info": {
    "balls_per_over": 6,
    "city": "Dublin",
    "dates": [
      "2015-07-18"
    ],
    "event": {
      "group": "A",
      "match_number": 34,
      "name": "ICC World Twenty20 Qualifier"
    },
    "gender": "male",
    "match_type": "IT20",
    "officials": {
      "match_referees": [
        "GF Labrooy"
      ],
      "reserve_umpires": [
        "RSA Palliyaguruge"
      ],
      "tv_umpires": [
        "AK Chaudhary"
      ],
      "umpires": [
        "M Hawthorne",
        "NJ Llong"
      ]
    },
    "outcome": {
      "by": {
        "wickets": 7
      },
      "winner": "Jersey"
    },
    "overs": 20,
    "player_of_match": [
      "NAT Watkins"
    ],
    "players": {
      "Jersey": [
        "PW Gough",
        "EJ Farley",
        "JW Jenner",
        "CJ Bodenstein",
        "BDH Stevens",
        "NAT Watkins",
        "C Bisson",
        "CW Perchard",
        "B Kynman",
        "AW Kay",
        "RJG Palmer"
      ],
      "Nepal": [
        "PS Airee",
        "B Bhandari",
        "G Malla",
        "P Khadka",
        "RP Magar",
        "S Vesawkar",
        "S Lohani",
        "B Regmi",
        "Sompal Kami",
        "Karan KC",
        "SP Gauchan"
      ]
    },
    "registry": {
      "people": {
        "AK Chaudhary": "fdcc6236",
        "AW Kay": "e8915c11",
        "B Bhandari": "82342b13",
        "B Kynman": "b6980844",
        "B Regmi": "98d05440",
        "BDH Stevens": "f8035c2a",
        "C Bisson": "85ba5659",
        "CJ Bodenstein": "e05fcb17",
        "CW Perchard": "9f998ed8",
        "EJ Farley": "e2f677bf",
        "G Malla": "b2e1d224",
        "GF Labrooy": "8e088dbc",
        "JW Jenner": "32a8161e",
        "Karan KC": "f53b3e1d",
        "M Hawthorne": "ea123ee4",
        "NAT Watkins": "80089b3a",
        "NJ Llong": "573fb985",
        "P Khadka": "12c3ba4d",
        "PS Airee": "cc18ba92",
        "PW Gough": "eca301ed",
        "RJG Palmer": "bc6f8328",
        "RP Magar": "95bcba19",
        "RSA Palliyaguruge": "4339c19d",
        "S Lohani": "3b05a75b",
        "S Vesawkar": "3de06845",
        "SP Gauchan": "2d8aae2f",
        "Sompal Kami": "1adb8ee8"
      }
    },
    "season": 2015,
    "team_type": "international",
    "teams": [
      "Jersey",
      "Nepal"
    ],
    "toss": {
      "decision": "field",
      "winner": "Jersey"
    },
    "venue": "The Village, Malahide"
  },
  "innings": [
    {
      "team": "Nepal",
      "overs": [
        {
          "over": 0,
          "deliveries": [
            {
              "batter": "PS Airee",
              "bowler": "AW Kay",
              "non_striker": "B Bhandari",
              "runs": {
                "batter": 0,
                "extras": 0,
                "total": 0
              }
            },
            {
              "batter": "PS Airee",
              "bowler": "AW Kay",
              "non_striker": "B Bhandari",
              "runs": {
                "batter": 0,
                "extras": 0,
                "total": 0
              }
            },
            {
              "batter": "PS Airee",
              "bowler": "AW Kay",
              "non_striker": "B Bhandari",
              "runs": {
                "batter": 1,
                "extras": 0,
                "total": 1
              }
            },
            {
              "batter": "B Bhandari",
              "bowler": "AW Kay",
              "non_striker": "PS Airee",
              "runs": {
                "batter": 0,
                "extras": 0,
                "total": 0
              }
            },
            {
              "batter": "B Bhandari",
              "bowler": "AW Kay",
              "non_striker": "PS Airee",
              "runs": {
                "batter": 0,
                "extras": 0,
                "total": 0
              }
            },
            {
              "batter": "B Bhandari",
              "bowler": "AW Kay",
              "extras": {
                "wides": 1
              },
              "non_striker": "PS Airee",
              "runs": {
                "batter": 0,
                "extras": 1,
                "total": 1
              }
            },
            {
              "batter": "B Bhandari",
              "bowler": "AW Kay",
              "non_striker": "PS Airee",
              "runs": {
                "batter": 1,
                "extras": 0,
                "total": 1
              }
            }
          ]
        },
        {
          "over": 1,
          "deliveries": [
            {
              "batter": "B Bhandari",
              "bowler": "NAT Watkins",
              "non_striker": "PS Airee",
              "runs": {
                "batter": 0,
                "extras": 0,
                "total": 0
              }
            },
            {
              "batter": "B Bhandari",
              "bowler": "NAT Watkins",
              "non_striker": "PS Airee",
              "runs": {
                "batter": 2,
                "extras": 0,
                "total": 2
              }
            },
            {
              "batter": "B Bhandari",
              "bowler": "NAT Watkins",
              "extras": {
                "wides": 1
              },
              "non_striker": "PS Airee",
              "runs": {
                "batter": 0,
                "extras": 1,
                "total": 1
              }
            },
            {
              "batter": "B Bhandari",
              "bowler": "NAT Watkins",
              "non_striker": "PS Airee",
              "runs": {
                "batter": 0,
                "extras": 0,
                "total": 0
              }
            },
            {
              "batter": "B Bhandari",
              "bowler": "NAT Watkins",
              "non_striker": "PS Airee",
              "runs": {
                "batter": 0,
                "extras": 0,
                "total": 0
              }
            },
            {
              "batter": "B Bhandari",
              "bowler": "NAT Watkins",
              "non_striker": "PS Airee",
              "runs": {
                "batter": 0,
                "extras": 0,
                "total": 0
              },
              "wickets": [
                {
                  "kind": "caught",
                  "player_out": "B Bhandari",
                  "fielders": [
                    {
                      "name": "PW Gough"
                    }
                  ]
                }
              ]
            },
            {
              "batter": "G Malla",
              "bowler": "NAT Watkins",
              "non_striker": "PS Airee",
              "runs": {
                "batter": 0,
                "extras": 0,
                "total": 0
              }
            }
          ]
        },
        {
          "over": 2,
          "deliveries": [
            {
              "batter": "PS Airee",
              "bowler": "AW Kay",
              "non_striker": "G Malla",
              "runs": {
                "batter": 0,
                "extras": 0,
                "total": 0
              }
            },
            {
              "batter": "PS Airee",
              "bowler": "AW Kay",
              "non_striker": "G Malla",
              "runs": {
                "batter": 0,
                "extras": 0,
                "total": 0
              }
            },
            {
              "batter": "PS Airee",
              "bowler": "AW Kay",
              "non_striker": "G Malla",
              "runs": {
                "batter": 0,
                "extras": 0,
                "total": 0
              }
            },
            {
              "batter": "PS Airee",
              "bowler": "AW Kay",
              "non_striker": "G Malla",
              "runs": {
                "batter": 0,
                "extras": 0,
                "total": 0
              }
            },
            {
              "batter": "PS Airee",
              "bowler": "AW Kay",
              "non_striker": "G Malla",
              "runs": {
                "batter": 1,
                "extras": 0,
                "total": 1
              }
            },
            {
              "batter": "G Malla",
              "bowler": "AW Kay",
              "non_striker": "PS Airee",
              "runs": {
                "batter": 0,
                "extras": 0,
                "total": 0
              }
            }
          ]
        },
        {
          "over": 3,
          "deliveries": [
            {
              "batter": "PS Airee",
              "bowler": "NAT Watkins",
              "non_striker": "G Malla",
              "runs": {
                "batter": 0,
                "extras": 0,
                "total": 0
              }
            },
            {
              "batter": "PS Airee",
              "bowler": "NAT Watkins",
              "non_striker": "G Malla",
              "runs": {
                "batter": 0,
                "extras": 0,
                "total": 0
              }
            },
            {
              "batter": "PS Airee",
              "bowler": "NAT Watkins",
              "non_striker": "G Malla",
              "runs": {
                "batter": 0,
                "extras": 0,
                "total": 0
              }
            },
            {
              "batter": "PS Airee",
              "bowler": "NAT Watkins",
              "non_striker": "G Malla",
              "runs": {
                "batter": 0,
                "extras": 0,
                "total": 0
              }
            },
            {
              "batter": "PS Airee",
              "bowler": "NAT Watkins",
              "non_striker": "G Malla",
              "runs": {
                "batter": 0,
                "extras": 0,
                "total": 0
              },
              "wickets": [
                {
                  "kind": "caught",
                  "player_out": "PS Airee",
                  "fielders": [
                    {
                      "name": "BDH Stevens"
                    }
                  ]
                }
              ]
            },
            {
              "batter": "P Khadka",
              "bowler": "NAT Watkins",
              "non_striker": "G Malla",
              "runs": {
                "batter": 4,
                "extras": 0,
                "total": 4
              }
            }
          ]
        },
        {
          "over": 4,
          "deliveries": [
            {
              "batter": "G Malla",
              "bowler": "AW Kay",
              "non_striker": "P Khadka",
              "runs": {
                "batter": 0,
                "extras": 0,
                "total": 0
              }
            },
            {
              "batter": "G Malla",
              "bowler": "AW Kay",
              "non_striker": "P Khadka",
              "runs": {
                "batter": 1,
                "extras": 0,
                "total": 1
              }
            },
            {
              "batter": "P Khadka",
              "bowler": "AW Kay",
              "non_striker": "G Malla",
              "runs": {
                "batter": 1,
                "extras": 0,
                "total": 1
              }
            },
            {
              "batter": "G Malla",
              "bowler": "AW Kay",
              "non_striker": "P Khadka",
              "runs": {
                "batter": 0,
                "extras": 0,
                "total": 0
              }
            },
            {
              "batter": "G Malla",
              "bowler": "AW Kay",
              "non_striker": "P Khadka",
              "runs": {
                "batter": 1,
                "extras": 0,
                "total": 1
              }
            },
            {
              "batter": "P Khadka",
              "bowler": "AW Kay",
              "non_striker": "G Malla",
              "runs": {
                "batter": 1,
                "extras": 0,
                "total": 1
              }
            }
          ]
        },
        {
          "over": 5,
          "deliveries": [
            {
              "batter": "P Khadka",
              "bowler": "NAT Watkins",
              "non_striker": "G Malla",
              "runs": {
                "batter": 1,
                "extras": 0,
                "total": 1
              }
            },
            {
              "batter": "G Malla",
              "bowler": "NAT Watkins",
              "non_striker": "P Khadka",
              "runs": {
                "batter": 0,
                "extras": 0,
                "total": 0
              }
            },
            {
              "batter": "G Malla",
              "bowler": "NAT Watkins",
              "non_striker": "P Khadka",
              "runs": {
                "batter": 1,
                "extras": 0,
                "total": 1
              }
            },
            {
              "batter": "P Khadka",
              "bowler": "NAT Watkins",
              "non_striker": "G Malla",
              "runs": {
                "batter": 1,
                "extras": 0,
                "total": 1
              }
            },
            {
              "batter": "G Malla",
              "bowler": "NAT Watkins",
              "non_striker": "P Khadka",
              "runs": {
                "batter": 0,
                "extras": 0,
                "total": 0
              }
            },
            {
              "batter": "G Malla",
              "bowler": "NAT Watkins",
              "non_striker": "P Khadka",
              "runs": {
                "batter": 1,
                "extras": 0,
                "total": 1
              }
            }
          ]
        },
        {
          "over": 6,
          "deliveries": [
            {
              "batter": "G Malla",
              "bowler": "BDH Stevens",
              "non_striker": "P Khadka",
              "runs": {
                "batter": 0,
                "extras": 0,
                "total": 0
              }
            },
            {
              "batter": "G Malla",
              "bowler": "BDH Stevens",
              "non_striker": "P Khadka",
              "runs": {
                "batter": 1,
                "extras": 0,
                "total": 1
              }
            },
            {
              "batter": "P Khadka",
              "bowler": "BDH Stevens",
              "non_striker": "G Malla",
              "runs": {
                "batter": 1,
                "extras": 0,
                "total": 1
              }
            },
            {
              "batter": "G Malla",
              "bowler": "BDH Stevens",
              "non_striker": "P Khadka",
              "runs": {
                "batter": 1,
                "extras": 0,
                "total": 1
              }
            },
            {
              "batter": "P Khadka",
              "bowler": "BDH Stevens",
              "non_striker": "G Malla",
              "runs": {
                "batter": 1,
                "extras": 0,
                "total": 1
              }
            },
            {
              "batter": "G Malla",
              "bowler": "BDH Stevens",
              "non_striker": "P Khadka",
              "runs": {
                "batter": 1,
                "extras": 0,
                "total": 1
              }
            }
          ]
        },
        {
          "over": 7,
          "deliveries": [
            {
              "batter": "G Malla",
              "bowler": "CW Perchard",
              "non_striker": "P Khadka",
              "runs": {
                "batter": 1,
                "extras": 0,
                "total": 1
              }
            },
            {
              "batter": "P Khadka",
              "bowler": "CW Perchard",
              "non_striker": "G Malla",
              "runs": {
                "batter": 0,
                "extras": 0,
                "total": 0
              }
            },
            {
              "batter": "P Khadka",
              "bowler": "CW Perchard",
              "non_striker": "G Malla",
              "runs": {
                "batter": 1,
                "extras": 0,
                "total": 1
              }
            },
            {
              "batter": "G Malla",
              "bowler": "CW Perchard",
              "non_striker": "P Khadka",
              "runs": {
                "batter": 0,
                "extras": 0,
                "total": 0
              }
            },
            {
              "batter": "G Malla",
              "bowler": "CW Perchard",
              "non_striker": "P Khadka",
              "runs": {
                "batter": 2,
                "extras": 0,
                "total": 2
              }
            },
            {
              "batter": "G Malla",
              "bowler": "CW Perchard",
              "non_striker": "P Khadka",
              "runs": {
                "batter": 2,
                "extras": 0,
                "total": 2
              }
            }
          ]
        },
        {
          "over": 8,
          "deliveries": [
            {
              "batter": "P Khadka",
              "bowler": "BDH Stevens",
              "non_striker": "G Malla",
              "runs": {
                "batter": 0,
                "extras": 0,
                "total": 0
              },
              "wickets": [
                {
                  "kind": "bowled",
                  "player_out": "P Khadka"
                }
              ]
            },
            {
              "batter": "RP Magar",
              "bowler": "BDH Stevens",
              "non_striker": "G Malla",
              "runs": {
                "batter": 0,
                "extras": 0,
                "total": 0
              }
            },
            {
              "batter": "RP Magar",
              "bowler": "BDH Stevens",
              "non_striker": "G Malla",
              "runs": {
                "batter": 1,
                "extras": 0,
                "total": 1
              }
            },
            {
              "batter": "G Malla",
              "bowler": "BDH Stevens",
              "non_striker": "RP Magar",
              "runs": {
                "batter": 1,
                "extras": 0,
                "total": 1
              }
            },
            {
              "batter": "RP Magar",
              "bowler": "BDH Stevens",
              "non_striker": "G Malla",
              "runs": {
                "batter": 1,
                "extras": 0,
                "total": 1
              }
            },
            {
              "batter": "G Malla",
              "bowler": "BDH Stevens",
              "non_striker": "RP Magar",
              "runs": {
                "batter": 0,
                "extras": 0,
                "total": 0
              }
            }
          ]
        },
        {
          "over": 9,
          "deliveries": [
            {
              "batter": "RP Magar",
              "bowler": "RJG Palmer",
              "non_striker": "G Malla",
              "runs": {
                "batter": 0,
                "extras": 0,
                "total": 0
              }
            },
            {
              "batter": "RP Magar",
              "bowler": "RJG Palmer",
              "non_striker": "G Malla",
              "runs": {
                "batter": 1,
                "extras": 0,
                "total": 1
              }
            },
            {
              "batter": "G Malla",
              "bowler": "RJG Palmer",
              "non_striker": "RP Magar",
              "runs": {
                "batter": 2,
                "extras": 0,
                "total": 2
              }
            },
            {
              "batter": "G Malla",
              "bowler": "RJG Palmer",
              "non_striker": "RP Magar",
              "runs": {
                "batter": 1,
                "extras": 0,
                "total": 1
              }
            },
            {
              "batter": "RP Magar",
              "bowler": "RJG Palmer",
              "non_striker": "G Malla",
              "runs": {
                "batter": 1,
                "extras": 0,
                "total": 1
              }
            },
            {
              "batter": "G Malla",
              "bowler": "RJG Palmer",
              "non_striker": "RP Magar",
              "runs": {
                "batter": 1,
                "extras": 0,
                "total": 1
              }
            }
          ]
        },
        {
          "over": 10,
          "deliveries": [
            {
              "batter": "G Malla",
              "bowler": "CJ Bodenstein",
              "non_striker": "RP Magar",
              "runs": {
                "batter": 1,
                "extras": 0,
                "total": 1
              }
            },
            {
              "batter": "RP Magar",
              "bowler": "CJ Bodenstein",
              "non_striker": "G Malla",
              "runs": {
                "batter": 0,
                "extras": 0,
                "total": 0
              }
            },
            {
              "batter": "RP Magar",
              "bowler": "CJ Bodenstein",
              "non_striker": "G Malla",
              "runs": {
                "batter": 0,
                "extras": 0,
                "total": 0
              }
            },
            {
              "batter": "RP Magar",
              "bowler": "CJ Bodenstein",
              "non_striker": "G Malla",
              "runs": {
                "batter": 0,
                "extras": 0,
                "total": 0
              }
            },
            {
              "batter": "RP Magar",
              "bowler": "CJ Bodenstein",
              "non_striker": "G Malla",
              "runs": {
                "batter": 0,
                "extras": 0,
                "total": 0
              },
              "wickets": [
                {
                  "kind": "caught and bowled",
                  "player_out": "RP Magar"
                }
              ]
            },
            {
              "batter": "S Vesawkar",
              "bowler": "CJ Bodenstein",
              "non_striker": "G Malla",
              "runs": {
                "batter": 1,
                "extras": 0,
                "total": 1
              }
            }
          ]
        },
        {
          "over": 11,
          "deliveries": [
            {
              "batter": "S Vesawkar",
              "bowler": "BDH Stevens",
              "non_striker": "G Malla",
              "runs": {
                "batter": 1,
                "extras": 0,
                "total": 1
              }
            },
            {
              "batter": "G Malla",
              "bowler": "BDH Stevens",
              "non_striker": "S Vesawkar",
              "runs": {
                "batter": 1,
                "extras": 0,
                "total": 1
              }
            },
            {
              "batter": "S Vesawkar",
              "bowler": "BDH Stevens",
              "non_striker": "G Malla",
              "runs": {
                "batter": 0,
                "extras": 0,
                "total": 0
              }
            },
            {
              "batter": "S Vesawkar",
              "bowler": "BDH Stevens",
              "non_striker": "G Malla",
              "runs": {
                "batter": 0,
                "extras": 0,
                "total": 0
              }
            },
            {
              "batter": "S Vesawkar",
              "bowler": "BDH Stevens",
              "non_striker": "G Malla",
              "runs": {
                "batter": 0,
                "extras": 0,
                "total": 0
              }
            },
            {
              "batter": "S Vesawkar",
              "bowler": "BDH Stevens",
              "non_striker": "G Malla",
              "runs": {
                "batter": 1,
                "extras": 0,
                "total": 1
              }
            }
          ]
        },
        {
          "over": 12,
          "deliveries": [
            {
              "batter": "S Vesawkar",
              "bowler": "CJ Bodenstein",
              "non_striker": "G Malla",
              "runs": {
                "batter": 1,
                "extras": 0,
                "total": 1
              }
            },
            {
              "batter": "G Malla",
              "bowler": "CJ Bodenstein",
              "non_striker": "S Vesawkar",
              "runs": {
                "batter": 0,
                "extras": 0,
                "total": 0
              }
            },
            {
              "batter": "G Malla",
              "bowler": "CJ Bodenstein",
              "non_striker": "S Vesawkar",
              "runs": {
                "batter": 1,
                "extras": 0,
                "total": 1
              }
            },
            {
              "batter": "S Vesawkar",
              "bowler": "CJ Bodenstein",
              "non_striker": "G Malla",
              "runs": {
                "batter": 0,
                "extras": 0,
                "total": 0
              }
            },
            {
              "batter": "S Vesawkar",
              "bowler": "CJ Bodenstein",
              "non_striker": "G Malla",
              "runs": {
                "batter": 1,
                "extras": 0,
                "total": 1
              }
            },
            {
              "batter": "G Malla",
              "bowler": "CJ Bodenstein",
              "non_striker": "S Vesawkar",
              "runs": {
                "batter": 1,
                "extras": 0,
                "total": 1
              }
            }
          ]
        },
        {
          "over": 13,
          "deliveries": [
            {
              "batter": "G Malla",
              "bowler": "CW Perchard",
              "extras": {
                "legbyes": 1
              },
              "non_striker": "S Vesawkar",
              "runs": {
                "batter": 0,
                "extras": 1,
                "total": 1
              }
            },
            {
              "batter": "S Vesawkar",
              "bowler": "CW Perchard",
              "non_striker": "G Malla",
              "runs": {
                "batter": 0,
                "extras": 0,
                "total": 0
              }
            },
            {
              "batter": "S Vesawkar",
              "bowler": "CW Perchard",
              "non_striker": "G Malla",
              "runs": {
                "batter": 1,
                "extras": 0,
                "total": 1
              }
            },
            {
              "batter": "G Malla",
              "bowler": "CW Perchard",
              "non_striker": "S Vesawkar",
              "runs": {
                "batter": 1,
                "extras": 0,
                "total": 1
              }
            },
            {
              "batter": "S Vesawkar",
              "bowler": "CW Perchard",
              "non_striker": "G Malla",
              "runs": {
                "batter": 1,
                "extras": 0,
                "total": 1
              }
            },
            {
              "batter": "G Malla",
              "bowler": "CW Perchard",
              "non_striker": "S Vesawkar",
              "runs": {
                "batter": 0,
                "extras": 0,
                "total": 0
              }
            }
          ]
        },
        {
          "over": 14,
          "deliveries": [
            {
              "batter": "S Vesawkar",
              "bowler": "NAT Watkins",
              "non_striker": "G Malla",
              "runs": {
                "batter": 2,
                "extras": 0,
                "total": 2
              }
            },
            {
              "batter": "S Vesawkar",
              "bowler": "NAT Watkins",
              "non_striker": "G Malla",
              "runs": {
                "batter": 2,
                "extras": 0,
                "total": 2
              }
            },
            {
              "batter": "S Vesawkar",
              "bowler": "NAT Watkins",
              "non_striker": "G Malla",
              "runs": {
                "batter": 1,
                "extras": 0,
                "total": 1
              }
            },
            {
              "batter": "G Malla",
              "bowler": "NAT Watkins",
              "non_striker": "S Vesawkar",
              "runs": {
                "batter": 4,
                "extras": 0,
                "total": 4
              }
            },
            {
              "batter": "G Malla",
              "bowler": "NAT Watkins",
              "non_striker": "S Vesawkar",
              "runs": {
                "batter": 0,
                "extras": 0,
                "total": 0
              },
              "wickets": [
                {
                  "kind": "caught",
                  "player_out": "G Malla",
                  "fielders": [
                    {
                      "name": "CW Perchard"
                    }
                  ]
                }
              ]
            },
            {
              "batter": "S Lohani",
              "bowler": "NAT Watkins",
              "non_striker": "S Vesawkar",
              "runs": {
                "batter": 0,
                "extras": 0,
                "total": 0
              }
            }
          ]
        },
        {
          "over": 15,
          "deliveries": [
            {
              "batter": "S Vesawkar",
              "bowler": "CW Perchard",
              "non_striker": "S Lohani",
              "runs": {
                "batter": 1,
                "extras": 0,
                "total": 1
              }
            },
            {
              "batter": "S Lohani",
              "bowler": "CW Perchard",
              "non_striker": "S Vesawkar",
              "runs": {
                "batter": 0,
                "extras": 0,
                "total": 0
              }
            },
            {
              "batter": "S Lohani",
              "bowler": "CW Perchard",
              "non_striker": "S Vesawkar",
              "runs": {
                "batter": 1,
                "extras": 0,
                "total": 1
              }
            },
            {
              "batter": "S Vesawkar",
              "bowler": "CW Perchard",
              "extras": {
                "legbyes": 1
              },
              "non_striker": "S Lohani",
              "runs": {
                "batter": 0,
                "extras": 1,
                "total": 1
              }
            },
            {
              "batter": "S Lohani",
              "bowler": "CW Perchard",
              "non_striker": "S Vesawkar",
              "runs": {
                "batter": 4,
                "extras": 0,
                "total": 4
              }
            },
            {
              "batter": "S Lohani",
              "bowler": "CW Perchard",
              "non_striker": "S Vesawkar",
              "runs": {
                "batter": 1,
                "extras": 0,
                "total": 1
              }
            }
          ]
        },
        {
          "over": 16,
          "deliveries": [
            {
              "batter": "S Lohani",
              "bowler": "CJ Bodenstein",
              "non_striker": "S Vesawkar",
              "runs": {
                "batter": 0,
                "extras": 0,
                "total": 0
              }
            },
            {
              "batter": "S Lohani",
              "bowler": "CJ Bodenstein",
              "non_striker": "S Vesawkar",
              "runs": {
                "batter": 0,
                "extras": 0,
                "total": 0
              }
            },
            {
              "batter": "S Lohani",
              "bowler": "CJ Bodenstein",
              "non_striker": "S Vesawkar",
              "runs": {
                "batter": 1,
                "extras": 0,
                "total": 1
              }
            },
            {
              "batter": "S Vesawkar",
              "bowler": "CJ Bodenstein",
              "non_striker": "S Lohani",
              "runs": {
                "batter": 0,
                "extras": 0,
                "total": 0
              }
            },
            {
              "batter": "S Vesawkar",
              "bowler": "CJ Bodenstein",
              "non_striker": "S Lohani",
              "runs": {
                "batter": 3,
                "extras": 0,
                "total": 3
              }
            },
            {
              "batter": "S Lohani",
              "bowler": "CJ Bodenstein",
              "non_striker": "S Vesawkar",
              "runs": {
                "batter": 1,
                "extras": 0,
                "total": 1
              }
            }
          ]
        },
        {
          "over": 17,
          "deliveries": [
            {
              "batter": "S Lohani",
              "bowler": "CW Perchard",
              "non_striker": "S Vesawkar",
              "runs": {
                "batter": 4,
                "extras": 0,
                "total": 4
              }
            },
            {
              "batter": "S Lohani",
              "bowler": "CW Perchard",
              "non_striker": "S Vesawkar",
              "runs": {
                "batter": 1,
                "extras": 0,
                "total": 1
              }
            },
            {
              "batter": "S Vesawkar",
              "bowler": "CW Perchard",
              "non_striker": "S Lohani",
              "runs": {
                "batter": 0,
                "extras": 0,
                "total": 0
              },
              "wickets": [
                {
                  "kind": "bowled",
                  "player_out": "S Vesawkar"
                }
              ]
            },
            {
              "batter": "B Regmi",
              "bowler": "CW Perchard",
              "non_striker": "S Lohani",
              "runs": {
                "batter": 0,
                "extras": 0,
                "total": 0
              }
            },
            {
              "batter": "B Regmi",
              "bowler": "CW Perchard",
              "non_striker": "S Lohani",
              "runs": {
                "batter": 0,
                "extras": 0,
                "total": 0
              }
            },
            {
              "batter": "B Regmi",
              "bowler": "CW Perchard",
              "non_striker": "S Lohani",
              "runs": {
                "batter": 1,
                "extras": 0,
                "total": 1
              }
            }
          ]
        },
        {
          "over": 18,
          "deliveries": [
            {
              "batter": "B Regmi",
              "bowler": "BDH Stevens",
              "non_striker": "S Lohani",
              "runs": {
                "batter": 1,
                "extras": 0,
                "total": 1
              }
            },
            {
              "batter": "S Lohani",
              "bowler": "BDH Stevens",
              "non_striker": "B Regmi",
              "runs": {
                "batter": 1,
                "extras": 0,
                "total": 1
              }
            },
            {
              "batter": "B Regmi",
              "bowler": "BDH Stevens",
              "non_striker": "S Lohani",
              "runs": {
                "batter": 4,
                "extras": 0,
                "total": 4
              }
            },
            {
              "batter": "B Regmi",
              "bowler": "BDH Stevens",
              "non_striker": "S Lohani",
              "runs": {
                "batter": 1,
                "extras": 0,
                "total": 1
              }
            },
            {
              "batter": "S Lohani",
              "bowler": "BDH Stevens",
              "non_striker": "B Regmi",
              "runs": {
                "batter": 6,
                "extras": 0,
                "total": 6
              }
            },
            {
              "batter": "S Lohani",
              "bowler": "BDH Stevens",
              "non_striker": "B Regmi",
              "runs": {
                "batter": 1,
                "extras": 0,
                "total": 1
              }
            }
          ]
        },
        {
          "over": 19,
          "deliveries": [
            {
              "batter": "S Lohani",
              "bowler": "AW Kay",
              "extras": {
                "wides": 1
              },
              "non_striker": "B Regmi",
              "runs": {
                "batter": 0,
                "extras": 1,
                "total": 1
              }
            },
            {
              "batter": "S Lohani",
              "bowler": "AW Kay",
              "non_striker": "B Regmi",
              "runs": {
                "batter": 6,
                "extras": 0,
                "total": 6
              }
            },
            {
              "batter": "S Lohani",
              "bowler": "AW Kay",
              "non_striker": "B Regmi",
              "runs": {
                "batter": 0,
                "extras": 0,
                "total": 0
              },
              "wickets": [
                {
                  "kind": "bowled",
                  "player_out": "S Lohani"
                }
              ]
            },
            {
              "batter": "Sompal Kami",
              "bowler": "AW Kay",
              "non_striker": "B Regmi",
              "runs": {
                "batter": 1,
                "extras": 0,
                "total": 1
              }
            },
            {
              "batter": "B Regmi",
              "bowler": "AW Kay",
              "non_striker": "Sompal Kami",
              "runs": {
                "batter": 0,
                "extras": 0,
                "total": 0
              },
              "wickets": [
                {
                  "kind": "caught",
                  "player_out": "B Regmi",
                  "fielders": [
                    {
                      "name": "C Bisson"
                    }
                  ]
                }
              ]
            },
            {
              "batter": "Sompal Kami",
              "bowler": "AW Kay",
              "non_striker": "Karan KC",
              "runs": {
                "batter": 2,
                "extras": 0,
                "total": 2
              }
            },
            {
              "batter": "Sompal Kami",
              "bowler": "AW Kay",
              "extras": {
                "byes": 1
              },
              "non_striker": "Karan KC",
              "runs": {
                "batter": 0,
                "extras": 1,
                "total": 1
              }
            }
          ]
        }
      ],
      "powerplays": [
        {
          "from": 0.1,
          "to": 5.6,
          "type": "mandatory"
        }
      ]
    },
    {
      "team": "Jersey",
      "overs": [
        {
          "over": 0,
          "deliveries": [
            {
              "batter": "PW Gough",
              "bowler": "Sompal Kami",
              "extras": {
                "noballs": 1
              },
              "non_striker": "EJ Farley",
              "runs": {
                "batter": 0,
                "extras": 1,
                "total": 1
              }
            },
            {
              "batter": "PW Gough",
              "bowler": "Sompal Kami",
              "non_striker": "EJ Farley",
              "runs": {
                "batter": 0,
                "extras": 0,
                "total": 0
              }
            },
            {
              "batter": "PW Gough",
              "bowler": "Sompal Kami",
              "extras": {
                "wides": 1
              },
              "non_striker": "EJ Farley",
              "runs": {
                "batter": 0,
                "extras": 1,
                "total": 1
              }
            },
            {
              "batter": "PW Gough",
              "bowler": "Sompal Kami",
              "non_striker": "EJ Farley",
              "runs": {
                "batter": 1,
                "extras": 0,
                "total": 1
              }
            },
            {
              "batter": "EJ Farley",
              "bowler": "Sompal Kami",
              "extras": {
                "legbyes": 1
              },
              "non_striker": "PW Gough",
              "runs": {
                "batter": 0,
                "extras": 1,
                "total": 1
              }
            },
            {
              "batter": "PW Gough",
              "bowler": "Sompal Kami",
              "non_striker": "EJ Farley",
              "runs": {
                "batter": 2,
                "extras": 0,
                "total": 2
              }
            },
            {
              "batter": "PW Gough",
              "bowler": "Sompal Kami",
              "non_striker": "EJ Farley",
              "runs": {
                "batter": 0,
                "extras": 0,
                "total": 0
              }
            },
            {
              "batter": "PW Gough",
              "bowler": "Sompal Kami",
              "non_striker": "EJ Farley",
              "runs": {
                "batter": 0,
                "extras": 0,
                "total": 0
              }
            }
          ]
        },
        {
          "over": 1,
          "deliveries": [
            {
              "batter": "EJ Farley",
              "bowler": "SP Gauchan",
              "non_striker": "PW Gough",
              "runs": {
                "batter": 0,
                "extras": 0,
                "total": 0
              }
            },
            {
              "batter": "EJ Farley",
              "bowler": "SP Gauchan",
              "non_striker": "PW Gough",
              "runs": {
                "batter": 0,
                "extras": 0,
                "total": 0
              }
            },
            {
              "batter": "EJ Farley",
              "bowler": "SP Gauchan",
              "non_striker": "PW Gough",
              "runs": {
                "batter": 0,
                "extras": 0,
                "total": 0
              },
              "wickets": [
                {
                  "kind": "caught",
                  "player_out": "EJ Farley",
                  "fielders": [
                    {
                      "name": "B Regmi"
                    }
                  ]
                }
              ]
            },
            {
              "batter": "PW Gough",
              "bowler": "SP Gauchan",
              "non_striker": "JW Jenner",
              "runs": {
                "batter": 0,
                "extras": 0,
                "total": 0
              }
            },
            {
              "batter": "PW Gough",
              "bowler": "SP Gauchan",
              "non_striker": "JW Jenner",
              "runs": {
                "batter": 1,
                "extras": 0,
                "total": 1
              }
            },
            {
              "batter": "JW Jenner",
              "bowler": "SP Gauchan",
              "extras": {
                "legbyes": 1
              },
              "non_striker": "PW Gough",
              "runs": {
                "batter": 0,
                "extras": 1,
                "total": 1
              }
            }
          ]
        },
        {
          "over": 2,
          "deliveries": [
            {
              "batter": "JW Jenner",
              "bowler": "Sompal Kami",
              "non_striker": "PW Gough",
              "runs": {
                "batter": 0,
                "extras": 0,
                "total": 0
              }
            },
            {
              "batter": "JW Jenner",
              "bowler": "Sompal Kami",
              "non_striker": "PW Gough",
              "runs": {
                "batter": 0,
                "extras": 0,
                "total": 0
              }
            },
            {
              "batter": "JW Jenner",
              "bowler": "Sompal Kami",
              "non_striker": "PW Gough",
              "runs": {
                "batter": 0,
                "extras": 0,
                "total": 0
              }
            },
            {
              "batter": "JW Jenner",
              "bowler": "Sompal Kami",
              "non_striker": "PW Gough",
              "runs": {
                "batter": 0,
                "extras": 0,
                "total": 0
              }
            },
            {
              "batter": "JW Jenner",
              "bowler": "Sompal Kami",
              "non_striker": "PW Gough",
              "runs": {
                "batter": 0,
                "extras": 0,
                "total": 0
              }
            },
            {
              "batter": "JW Jenner",
              "bowler": "Sompal Kami",
              "non_striker": "PW Gough",
              "runs": {
                "batter": 0,
                "extras": 0,
                "total": 0
              }
            }
          ]
        },
        {
          "over": 3,
          "deliveries": [
            {
              "batter": "PW Gough",
              "bowler": "SP Gauchan",
              "non_striker": "JW Jenner",
              "runs": {
                "batter": 0,
                "extras": 0,
                "total": 0
              }
            },
            {
              "batter": "PW Gough",
              "bowler": "SP Gauchan",
              "non_striker": "JW Jenner",
              "runs": {
                "batter": 0,
                "extras": 0,
                "total": 0
              }
            },
            {
              "batter": "PW Gough",
              "bowler": "SP Gauchan",
              "non_striker": "JW Jenner",
              "runs": {
                "batter": 1,
                "extras": 0,
                "total": 1
              }
            },
            {
              "batter": "JW Jenner",
              "bowler": "SP Gauchan",
              "non_striker": "PW Gough",
              "runs": {
                "batter": 4,
                "extras": 0,
                "total": 4
              }
            },
            {
              "batter": "JW Jenner",
              "bowler": "SP Gauchan",
              "non_striker": "PW Gough",
              "runs": {
                "batter": 1,
                "extras": 0,
                "total": 1
              }
            },
            {
              "batter": "PW Gough",
              "bowler": "SP Gauchan",
              "non_striker": "JW Jenner",
              "runs": {
                "batter": 1,
                "extras": 0,
                "total": 1
              }
            }
          ]
        },
        {
          "over": 4,
          "deliveries": [
            {
              "batter": "PW Gough",
              "bowler": "Karan KC",
              "non_striker": "JW Jenner",
              "runs": {
                "batter": 1,
                "extras": 0,
                "total": 1
              }
            },
            {
              "batter": "JW Jenner",
              "bowler": "Karan KC",
              "non_striker": "PW Gough",
              "runs": {
                "batter": 1,
                "extras": 0,
                "total": 1
              }
            },
            {
              "batter": "PW Gough",
              "bowler": "Karan KC",
              "non_striker": "JW Jenner",
              "runs": {
                "batter": 1,
                "extras": 0,
                "total": 1
              }
            },
            {
              "batter": "JW Jenner",
              "bowler": "Karan KC",
              "non_striker": "PW Gough",
              "runs": {
                "batter": 6,
                "extras": 0,
                "total": 6
              }
            },
            {
              "batter": "JW Jenner",
              "bowler": "Karan KC",
              "non_striker": "PW Gough",
              "runs": {
                "batter": 0,
                "extras": 0,
                "total": 0
              }
            },
            {
              "batter": "JW Jenner",
              "bowler": "Karan KC",
              "non_striker": "PW Gough",
              "runs": {
                "batter": 2,
                "extras": 0,
                "total": 2
              }
            }
          ]
        },
        {
          "over": 5,
          "deliveries": [
            {
              "batter": "PW Gough",
              "bowler": "B Regmi",
              "non_striker": "JW Jenner",
              "runs": {
                "batter": 1,
                "extras": 0,
                "total": 1
              }
            },
            {
              "batter": "JW Jenner",
              "bowler": "B Regmi",
              "non_striker": "PW Gough",
              "runs": {
                "batter": 1,
                "extras": 0,
                "total": 1
              }
            },
            {
              "batter": "PW Gough",
              "bowler": "B Regmi",
              "non_striker": "JW Jenner",
              "runs": {
                "batter": 0,
                "extras": 0,
                "total": 0
              }
            },
            {
              "batter": "PW Gough",
              "bowler": "B Regmi",
              "non_striker": "JW Jenner",
              "runs": {
                "batter": 2,
                "extras": 0,
                "total": 2
              }
            },
            {
              "batter": "PW Gough",
              "bowler": "B Regmi",
              "non_striker": "JW Jenner",
              "runs": {
                "batter": 0,
                "extras": 0,
                "total": 0
              }
            },
            {
              "batter": "PW Gough",
              "bowler": "B Regmi",
              "non_striker": "JW Jenner",
              "runs": {
                "batter": 0,
                "extras": 0,
                "total": 0
              }
            }
          ]
        },
        {
          "over": 6,
          "deliveries": [
            {
              "batter": "JW Jenner",
              "bowler": "Karan KC",
              "non_striker": "PW Gough",
              "runs": {
                "batter": 0,
                "extras": 0,
                "total": 0
              }
            },
            {
              "batter": "JW Jenner",
              "bowler": "Karan KC",
              "non_striker": "PW Gough",
              "runs": {
                "batter": 3,
                "extras": 0,
                "total": 3
              }
            },
            {
              "batter": "PW Gough",
              "bowler": "Karan KC",
              "non_striker": "JW Jenner",
              "runs": {
                "batter": 0,
                "extras": 0,
                "total": 0
              }
            },
            {
              "batter": "PW Gough",
              "bowler": "Karan KC",
              "non_striker": "JW Jenner",
              "runs": {
                "batter": 1,
                "extras": 0,
                "total": 1
              }
            },
            {
              "batter": "JW Jenner",
              "bowler": "Karan KC",
              "non_striker": "PW Gough",
              "runs": {
                "batter": 0,
                "extras": 0,
                "total": 0
              }
            },
            {
              "batter": "JW Jenner",
              "bowler": "Karan KC",
              "non_striker": "PW Gough",
              "runs": {
                "batter": 6,
                "extras": 0,
                "total": 6
              }
            }
          ]
        },
        {
          "over": 7,
          "deliveries": [
            {
              "batter": "PW Gough",
              "bowler": "B Regmi",
              "non_striker": "JW Jenner",
              "runs": {
                "batter": 0,
                "extras": 0,
                "total": 0
              }
            },
            {
              "batter": "PW Gough",
              "bowler": "B Regmi",
              "non_striker": "JW Jenner",
              "runs": {
                "batter": 4,
                "extras": 0,
                "total": 4
              }
            },
            {
              "batter": "PW Gough",
              "bowler": "B Regmi",
              "non_striker": "JW Jenner",
              "runs": {
                "batter": 0,
                "extras": 0,
                "total": 0
              }
            },
            {
              "batter": "PW Gough",
              "bowler": "B Regmi",
              "non_striker": "JW Jenner",
              "runs": {
                "batter": 0,
                "extras": 0,
                "total": 0
              }
            },
            {
              "batter": "PW Gough",
              "bowler": "B Regmi",
              "non_striker": "JW Jenner",
              "runs": {
                "batter": 4,
                "extras": 0,
                "total": 4
              }
            },
            {
              "batter": "PW Gough",
              "bowler": "B Regmi",
              "non_striker": "JW Jenner",
              "runs": {
                "batter": 4,
                "extras": 0,
                "total": 4
              }
            }
          ]
        },
        {
          "over": 8,
          "deliveries": [
            {
              "batter": "JW Jenner",
              "bowler": "P Khadka",
              "non_striker": "PW Gough",
              "runs": {
                "batter": 1,
                "extras": 0,
                "total": 1
              }
            },
            {
              "batter": "PW Gough",
              "bowler": "P Khadka",
              "non_striker": "JW Jenner",
              "runs": {
                "batter": 0,
                "extras": 0,
                "total": 0
              }
            },
            {
              "batter": "PW Gough",
              "bowler": "P Khadka",
              "non_striker": "JW Jenner",
              "runs": {
                "batter": 1,
                "extras": 0,
                "total": 1
              }
            },
            {
              "batter": "JW Jenner",
              "bowler": "P Khadka",
              "non_striker": "PW Gough",
              "runs": {
                "batter": 1,
                "extras": 0,
                "total": 1
              }
            },
            {
              "batter": "PW Gough",
              "bowler": "P Khadka",
              "non_striker": "JW Jenner",
              "runs": {
                "batter": 1,
                "extras": 0,
                "total": 1
              }
            },
            {
              "batter": "JW Jenner",
              "bowler": "P Khadka",
              "non_striker": "PW Gough",
              "runs": {
                "batter": 0,
                "extras": 0,
                "total": 0
              }
            }
          ]
        },
        {
          "over": 9,
          "deliveries": [
            {
              "batter": "PW Gough",
              "bowler": "S Lohani",
              "non_striker": "JW Jenner",
              "runs": {
                "batter": 1,
                "extras": 0,
                "total": 1
              }
            },
            {
              "batter": "JW Jenner",
              "bowler": "S Lohani",
              "non_striker": "PW Gough",
              "runs": {
                "batter": 4,
                "extras": 0,
                "total": 4
              }
            },
            {
              "batter": "JW Jenner",
              "bowler": "S Lohani",
              "non_striker": "PW Gough",
              "runs": {
                "batter": 0,
                "extras": 0,
                "total": 0
              }
            },
            {
              "batter": "JW Jenner",
              "bowler": "S Lohani",
              "non_striker": "PW Gough",
              "runs": {
                "batter": 0,
                "extras": 0,
                "total": 0
              }
            },
            {
              "batter": "JW Jenner",
              "bowler": "S Lohani",
              "non_striker": "PW Gough",
              "runs": {
                "batter": 0,
                "extras": 0,
                "total": 0
              }
            },
            {
              "batter": "JW Jenner",
              "bowler": "S Lohani",
              "non_striker": "PW Gough",
              "runs": {
                "batter": 0,
                "extras": 0,
                "total": 0
              }
            }
          ]
        },
        {
          "over": 10,
          "deliveries": [
            {
              "batter": "PW Gough",
              "bowler": "P Khadka",
              "non_striker": "JW Jenner",
              "runs": {
                "batter": 0,
                "extras": 0,
                "total": 0
              },
              "wickets": [
                {
                  "kind": "caught",
                  "player_out": "PW Gough",
                  "fielders": [
                    {
                      "name": "S Vesawkar"
                    }
                  ]
                }
              ]
            },
            {
              "batter": "CJ Bodenstein",
              "bowler": "P Khadka",
              "non_striker": "JW Jenner",
              "runs": {
                "batter": 2,
                "extras": 0,
                "total": 2
              }
            },
            {
              "batter": "CJ Bodenstein",
              "bowler": "P Khadka",
              "non_striker": "JW Jenner",
              "runs": {
                "batter": 0,
                "extras": 0,
                "total": 0
              },
              "wickets": [
                {
                  "kind": "run out",
                  "player_out": "JW Jenner",
                  "fielders": [
                    {
                      "name": "S Lohani"
                    }
                  ]
                }
              ]
            },
            {
              "batter": "BDH Stevens",
              "bowler": "P Khadka",
              "non_striker": "CJ Bodenstein",
              "runs": {
                "batter": 0,
                "extras": 0,
                "total": 0
              }
            },
            {
              "batter": "BDH Stevens",
              "bowler": "P Khadka",
              "non_striker": "CJ Bodenstein",
              "runs": {
                "batter": 0,
                "extras": 0,
                "total": 0
              }
            },
            {
              "batter": "BDH Stevens",
              "bowler": "P Khadka",
              "non_striker": "CJ Bodenstein",
              "runs": {
                "batter": 0,
                "extras": 0,
                "total": 0
              }
            }
          ]
        },
        {
          "over": 11,
          "deliveries": [
            {
              "batter": "CJ Bodenstein",
              "bowler": "S Lohani",
              "non_striker": "BDH Stevens",
              "runs": {
                "batter": 1,
                "extras": 0,
                "total": 1
              }
            },
            {
              "batter": "BDH Stevens",
              "bowler": "S Lohani",
              "non_striker": "CJ Bodenstein",
              "runs": {
                "batter": 0,
                "extras": 0,
                "total": 0
              }
            },
            {
              "batter": "BDH Stevens",
              "bowler": "S Lohani",
              "non_striker": "CJ Bodenstein",
              "runs": {
                "batter": 1,
                "extras": 0,
                "total": 1
              }
            },
            {
              "batter": "CJ Bodenstein",
              "bowler": "S Lohani",
              "non_striker": "BDH Stevens",
              "runs": {
                "batter": 2,
                "extras": 0,
                "total": 2
              }
            },
            {
              "batter": "CJ Bodenstein",
              "bowler": "S Lohani",
              "non_striker": "BDH Stevens",
              "runs": {
                "batter": 0,
                "extras": 0,
                "total": 0
              }
            },
            {
              "batter": "CJ Bodenstein",
              "bowler": "S Lohani",
              "non_striker": "BDH Stevens",
              "runs": {
                "batter": 0,
                "extras": 0,
                "total": 0
              }
            }
          ]
        },
        {
          "over": 12,
          "deliveries": [
            {
              "batter": "BDH Stevens",
              "bowler": "SP Gauchan",
              "non_striker": "CJ Bodenstein",
              "runs": {
                "batter": 1,
                "extras": 0,
                "total": 1
              }
            },
            {
              "batter": "CJ Bodenstein",
              "bowler": "SP Gauchan",
              "non_striker": "BDH Stevens",
              "runs": {
                "batter": 0,
                "extras": 0,
                "total": 0
              }
            },
            {
              "batter": "CJ Bodenstein",
              "bowler": "SP Gauchan",
              "non_striker": "BDH Stevens",
              "runs": {
                "batter": 1,
                "extras": 0,
                "total": 1
              }
            },
            {
              "batter": "BDH Stevens",
              "bowler": "SP Gauchan",
              "non_striker": "CJ Bodenstein",
              "runs": {
                "batter": 2,
                "extras": 0,
                "total": 2
              }
            },
            {
              "batter": "BDH Stevens",
              "bowler": "SP Gauchan",
              "non_striker": "CJ Bodenstein",
              "runs": {
                "batter": 0,
                "extras": 0,
                "total": 0
              }
            },
            {
              "batter": "BDH Stevens",
              "bowler": "SP Gauchan",
              "non_striker": "CJ Bodenstein",
              "runs": {
                "batter": 1,
                "extras": 0,
                "total": 1
              }
            }
          ]
        },
        {
          "over": 13,
          "deliveries": [
            {
              "batter": "BDH Stevens",
              "bowler": "S Lohani",
              "non_striker": "CJ Bodenstein",
              "runs": {
                "batter": 1,
                "extras": 0,
                "total": 1
              }
            },
            {
              "batter": "CJ Bodenstein",
              "bowler": "S Lohani",
              "non_striker": "BDH Stevens",
              "runs": {
                "batter": 1,
                "extras": 0,
                "total": 1
              }
            },
            {
              "batter": "BDH Stevens",
              "bowler": "S Lohani",
              "non_striker": "CJ Bodenstein",
              "runs": {
                "batter": 1,
                "extras": 0,
                "total": 1
              }
            },
            {
              "batter": "CJ Bodenstein",
              "bowler": "S Lohani",
              "non_striker": "BDH Stevens",
              "runs": {
                "batter": 4,
                "extras": 0,
                "total": 4
              }
            },
            {
              "batter": "CJ Bodenstein",
              "bowler": "S Lohani",
              "non_striker": "BDH Stevens",
              "runs": {
                "batter": 1,
                "extras": 0,
                "total": 1
              }
            },
            {
              "batter": "BDH Stevens",
              "bowler": "S Lohani",
              "non_striker": "CJ Bodenstein",
              "runs": {
                "batter": 4,
                "extras": 0,
                "total": 4
              }
            }
          ]
        },
        {
          "over": 14,
          "deliveries": [
            {
              "batter": "CJ Bodenstein",
              "bowler": "B Regmi",
              "extras": {
                "wides": 2
              },
              "non_striker": "BDH Stevens",
              "runs": {
                "batter": 0,
                "extras": 2,
                "total": 2
              }
            },
            {
              "batter": "BDH Stevens",
              "bowler": "B Regmi",
              "non_striker": "CJ Bodenstein",
              "runs": {
                "batter": 0,
                "extras": 0,
                "total": 0
              }
            },
            {
              "batter": "BDH Stevens",
              "bowler": "B Regmi",
              "non_striker": "CJ Bodenstein",
              "runs": {
                "batter": 1,
                "extras": 0,
                "total": 1
              }
            },
            {
              "batter": "CJ Bodenstein",
              "bowler": "B Regmi",
              "non_striker": "BDH Stevens",
              "runs": {
                "batter": 0,
                "extras": 0,
                "total": 0
              }
            },
            {
              "batter": "CJ Bodenstein",
              "bowler": "B Regmi",
              "non_striker": "BDH Stevens",
              "runs": {
                "batter": 1,
                "extras": 0,
                "total": 1
              }
            },
            {
              "batter": "BDH Stevens",
              "bowler": "B Regmi",
              "non_striker": "CJ Bodenstein",
              "runs": {
                "batter": 1,
                "extras": 0,
                "total": 1
              }
            },
            {
              "batter": "CJ Bodenstein",
              "bowler": "B Regmi",
              "non_striker": "BDH Stevens",
              "runs": {
                "batter": 1,
                "extras": 0,
                "total": 1
              }
            }
          ]
        },
        {
          "over": 15,
          "deliveries": [
            {
              "batter": "CJ Bodenstein",
              "bowler": "Sompal Kami",
              "non_striker": "BDH Stevens",
              "runs": {
                "batter": 0,
                "extras": 0,
                "total": 0
              }
            },
            {
              "batter": "CJ Bodenstein",
              "bowler": "Sompal Kami",
              "non_striker": "BDH Stevens",
              "runs": {
                "batter": 0,
                "extras": 0,
                "total": 0
              }
            },
            {
              "batter": "CJ Bodenstein",
              "bowler": "Sompal Kami",
              "non_striker": "BDH Stevens",
              "runs": {
                "batter": 4,
                "extras": 0,
                "total": 4
              }
            },
            {
              "batter": "CJ Bodenstein",
              "bowler": "Sompal Kami",
              "non_striker": "BDH Stevens",
              "runs": {
                "batter": 4,
                "extras": 0,
                "total": 4
              }
            },
            {
              "batter": "CJ Bodenstein",
              "bowler": "Sompal Kami",
              "extras": {
                "wides": 1
              },
              "non_striker": "BDH Stevens",
              "runs": {
                "batter": 0,
                "extras": 1,
                "total": 1
              }
            },
            {
              "batter": "CJ Bodenstein",
              "bowler": "Sompal Kami",
              "non_striker": "BDH Stevens",
              "runs": {
                "batter": 0,
                "extras": 0,
                "total": 0
              }
            },
            {
              "batter": "CJ Bodenstein",
              "bowler": "Sompal Kami",
              "extras": {
                "noballs": 1
              },
              "non_striker": "BDH Stevens",
              "runs": {
                "batter": 0,
                "extras": 1,
                "total": 1
              }
            },
            {
              "batter": "CJ Bodenstein",
              "bowler": "Sompal Kami",
              "extras": {
                "wides": 1
              },
              "non_striker": "BDH Stevens",
              "runs": {
                "batter": 0,
                "extras": 1,
                "total": 1
              }
            },
            {
              "batter": "CJ Bodenstein",
              "bowler": "Sompal Kami",
              "extras": {
                "wides": 1
              },
              "non_striker": "BDH Stevens",
              "runs": {
                "batter": 0,
                "extras": 1,
                "total": 1
              }
            },
            {
              "batter": "CJ Bodenstein",
              "bowler": "Sompal Kami",
              "non_striker": "BDH Stevens",
              "runs": {
                "batter": 1,
                "extras": 0,
                "total": 1
              }
            }
          ]
        },
        {
          "over": 16,
          "deliveries": [
            {
              "batter": "CJ Bodenstein",
              "bowler": "G Malla",
              "non_striker": "BDH Stevens",
              "runs": {
                "batter": 4,
                "extras": 0,
                "total": 4
              }
            }
          ]
        }
      ],
      "powerplays": [
        {
          "from": 0.1,
          "to": 5.6,
          "type": "mandatory"
        }
      ],
      "target": {
        "overs": 20,
        "runs": 106
      }
    }
  ]
}