{
  "meta": {
    "data_version": "1.0.0",
    "created": "2015-11-29",
    "revision": 4
  },
  "info": {
    "balls_per_over": 6,
    "city": "Bangkok",
    "dates": [
      "2015-11-28"
    ],
    "event": {
      "group": "B",
      "match_number": 4,
      "name": "ICC Women's World Twenty20 Qualifier"
    },
    "gender": "female",
    "match_type": "IT20",
    "officials": {
      "match_referees": [
        "GF Labrooy"
      ],
      "reserve_umpires": [
        "S Redfern"
      ],
      "umpires": [
        "DA Haggo",
        "JM Williams"
      ]
    },
    "outcome": {
      "by": {
        "wickets": 10
      },
      "winner": "Zimbabwe"
    },
    "overs": 20,
    "player_of_match": [
      "CS Mugeri"
    ],
    "players": {
      "China": [
        "Sun Meng Yao",
        "C Zhou",
        "Zhao Ning",
        "Huang Zhuo",
        "F Song",
        "Wu Juan",
        "X Ruan",
        "C Yudian",
        "L Jie",
        "Wang Meng",
        "L Yingying"
      ],
      "Zimbabwe": [
        "M Mupachikwa",
        "CS Mugeri",
        "P Mujaji",
        "M Musonda",
        "J Nkomo",
        "L Tshuma",
        "C Chatonzwa",
        "P Marange",
        "A Mazvishaya",
        "T Mlilo",
        "SM Mayers"
      ]
    },
    "registry": {
      "people": {
        "A Mazvishaya": "09a58e2d",
        "C Chatonzwa": "da61a9af",
        "C Yudian": "d733d125",
        "C Zhou": "5b84f3bc",
        "CS Mugeri": "99c86133",
        "DA Haggo": "e6789a88",
        "F Song": "72a025a0",
        "GF Labrooy": "8e088dbc",
        "Huang Zhuo": "edbbe245",
        "J Nkomo": "36dfa62e",
        "JM Williams": "b61d9d70",
        "L Jie": "78670115",
        "L Tshuma": "f281dd00",
        "L Yingying": "a665d456",
        "M Mupachikwa": "6657b319",
        "M Musonda": "94b52754",
        "P Marange": "a4f1fdd4",
        "P Mujaji": "a246f48f",
        "S Redfern": "5b038989",
        "SM Mayers": "91d9613e",
        "Sun Meng Yao": "84a96566",
        "T Mlilo": "7b98217f",
        "Wang Meng": "5b4e5d3d",
        "Wu Juan": "4d498084",
        "X Ruan": "d716680c",
        "Zhao Ning": "3513c5cf"
      }
    },
    "season": "2015/16",
    "team_type": "international",
    "teams": [
      "China",
      "Zimbabwe"
    ],
    "toss": {
      "decision": "field",
      "winner": "Zimbabwe"
    },
    "venue": "Asian Institute of Technology Ground"
  },
  "innings": [
    {
      "team": "China",
      "overs": [
        {
          "over": 0,
          "deliveries": [
            {
              "batter": "Sun Meng Yao",
              "bowler": "J Nkomo",
              "extras": {
                "noballs": 1
              },
              "non_striker": "C Zhou",
              "runs": {
                "batter": 0,
                "extras": 1,
                "total": 1
              }
            },
            {
              "batter": "Sun Meng Yao",
              "bowler": "J Nkomo",
              "extras": {
                "wides": 1
              },
              "non_striker": "C Zhou",
              "runs": {
                "batter": 0,
                "extras": 1,
                "total": 1
              }
            },
            {
              "batter": "Sun Meng Yao",
              "bowler": "J Nkomo",
              "non_striker": "C Zhou",
              "runs": {
                "batter": 4,
                "extras": 0,
                "total": 4
              }
            },
            {
              "batter": "Sun Meng Yao",
              "bowler": "J Nkomo",
              "non_striker": "C Zhou",
              "runs": {
                "batter": 0,
                "extras": 0,
                "total": 0
              }
            },
            {
              "batter": "Sun Meng Yao",
              "bowler": "J Nkomo",
              "non_striker": "C Zhou",
              "runs": {
                "batter": 0,
                "extras": 0,
                "total": 0
              }
            },
            {
              "batter": "Sun Meng Yao",
              "bowler": "J Nkomo",
              "non_striker": "C Zhou",
              "runs": {
                "batter": 0,
                "extras": 0,
                "total": 0
              }
            },
            {
              "batter": "Sun Meng Yao",
              "bowler": "J Nkomo",
              "non_striker": "C Zhou",
              "runs": {
                "batter": 0,
                "extras": 0,
                "total": 0
              }
            },
            {
              "batter": "Sun Meng Yao",
              "bowler": "J Nkomo",
              "non_striker": "C Zhou",
              "runs": {
                "batter": 0,
                "extras": 0,
                "total": 0
              }
            }
          ]
        },
        {
          "over": 1,
          "deliveries": [
            {
              "batter": "C Zhou",
              "bowler": "A Mazvishaya",
              "non_striker": "Sun Meng Yao",
              "runs": {
                "batter": 0,
                "extras": 0,
                "total": 0
              }
            },
            {
              "batter": "C Zhou",
              "bowler": "A Mazvishaya",
              "non_striker": "Sun Meng Yao",
              "runs": {
                "batter": 0,
                "extras": 0,
                "total": 0
              }
            },
            {
              "batter": "C Zhou",
              "bowler": "A Mazvishaya",
              "non_striker": "Sun Meng Yao",
              "runs": {
                "batter": 0,
                "extras": 0,
                "total": 0
              }
            },
            {
              "batter": "C Zhou",
              "bowler": "A Mazvishaya",
              "non_striker": "Sun Meng Yao",
              "runs": {
                "batter": 0,
                "extras": 0,
                "total": 0
              }
            },
            {
              "batter": "C Zhou",
              "bowler": "A Mazvishaya",
              "extras": {
                "wides": 1
              },
              "non_striker": "Sun Meng Yao",
              "runs": {
                "batter": 0,
                "extras": 1,
                "total": 1
              }
            },
            {
              "batter": "C Zhou",
              "bowler": "A Mazvishaya",
              "non_striker": "Sun Meng Yao",
              "runs": {
                "batter": 0,
                "extras": 0,
                "total": 0
              }
            },
            {
              "batter": "C Zhou",
              "bowler": "A Mazvishaya",
              "extras": {
                "wides": 1
              },
              "non_striker": "Sun Meng Yao",
              "runs": {
                "batter": 0,
                "extras": 1,
                "total": 1
              }
            },
            {
              "batter": "C Zhou",
              "bowler": "A Mazvishaya",
              "extras": {
                "wides": 1
              },
              "non_striker": "Sun Meng Yao",
              "runs": {
                "batter": 0,
                "extras": 1,
                "total": 1
              }
            },
            {
              "batter": "C Zhou",
              "bowler": "A Mazvishaya",
              "extras": {
                "byes": 1
              },
              "non_striker": "Sun Meng Yao",
              "runs": {
                "batter": 0,
                "extras": 1,
                "total": 1
              }
            }
          ]
        },
        {
          "over": 2,
          "deliveries": [
            {
              "batter": "C Zhou",
              "bowler": "J Nkomo",
              "non_striker": "Sun Meng Yao",
              "runs": {
                "batter": 0,
                "extras": 0,
                "total": 0
              },
              "wickets": [
                {
                  "kind": "lbw",
                  "player_out": "C Zhou"
                }
              ]
            },
            {
              "batter": "Zhao Ning",
              "bowler": "J Nkomo",
              "non_striker": "Sun Meng Yao",
              "runs": {
                "batter": 0,
                "extras": 0,
                "total": 0
              }
            },
            {
              "batter": "Zhao Ning",
              "bowler": "J Nkomo",
              "non_striker": "Sun Meng Yao",
              "runs": {
                "batter": 0,
                "extras": 0,
                "total": 0
              }
            },
            {
              "batter": "Zhao Ning",
              "bowler": "J Nkomo",
              "non_striker": "Sun Meng Yao",
              "runs": {
                "batter": 0,
                "extras": 0,
                "total": 0
              }
            },
            {
              "batter": "Zhao Ning",
              "bowler": "J Nkomo",
              "non_striker": "Sun Meng Yao",
              "runs": {
                "batter": 0,
                "extras": 0,
                "total": 0
              }
            },
            {
              "batter": "Zhao Ning",
              "bowler": "J Nkomo",
              "non_striker": "Sun Meng Yao",
              "runs": {
                "batter": 0,
                "extras": 0,
                "total": 0
              }
            }
          ]
        },
        {
          "over": 3,
          "deliveries": [
            {
              "batter": "Sun Meng Yao",
              "bowler": "A Mazvishaya",
              "extras": {
                "wides": 1
              },
              "non_striker": "Zhao Ning",
              "runs": {
                "batter": 0,
                "extras": 1,
                "total": 1
              }
            },
            {
              "batter": "Sun Meng Yao",
              "bowler": "A Mazvishaya",
              "non_striker": "Zhao Ning",
              "runs": {
                "batter": 0,
                "extras": 0,
                "total": 0
              }
            },
            {
              "batter": "Sun Meng Yao",
              "bowler": "A Mazvishaya",
              "non_striker": "Zhao Ning",
              "runs": {
                "batter": 0,
                "extras": 0,
                "total": 0
              }
            },
            {
              "batter": "Sun Meng Yao",
              "bowler": "A Mazvishaya",
              "non_striker": "Zhao Ning",
              "runs": {
                "batter": 1,
                "extras": 0,
                "total": 1
              }
            },
            {
              "batter": "Zhao Ning",
              "bowler": "A Mazvishaya",
              "non_striker": "Sun Meng Yao",
              "runs": {
                "batter": 2,
                "extras": 0,
                "total": 2
              }
            },
            {
              "batter": "Zhao Ning",
              "bowler": "A Mazvishaya",
              "non_striker": "Sun Meng Yao",
              "runs": {
                "batter": 0,
                "extras": 0,
                "total": 0
              }
            },
            {
              "batter": "Zhao Ning",
              "bowler": "A Mazvishaya",
              "non_striker": "Sun Meng Yao",
              "runs": {
                "batter": 0,
                "extras": 0,
                "total": 0
              }
            }
          ]
        },
        {
          "over": 4,
          "deliveries": [
            {
              "batter": "Sun Meng Yao",
              "bowler": "T Mlilo",
              "extras": {
                "wides": 1
              },
              "non_striker": "Zhao Ning",
              "runs": {
                "batter": 0,
                "extras": 1,
                "total": 1
              }
            },
            {
              "batter": "Sun Meng Yao",
              "bowler": "T Mlilo",
              "non_striker": "Zhao Ning",
              "runs": {
                "batter": 3,
                "extras": 0,
                "total": 3
              }
            },
            {
              "batter": "Zhao Ning",
              "bowler": "T Mlilo",
              "non_striker": "Sun Meng Yao",
              "runs": {
                "batter": 0,
                "extras": 0,
                "total": 0
              }
            },
            {
              "batter": "Zhao Ning",
              "bowler": "T Mlilo",
              "non_striker": "Sun Meng Yao",
              "runs": {
                "batter": 0,
                "extras": 0,
                "total": 0
              }
            },
            {
              "batter": "Zhao Ning",
              "bowler": "T Mlilo",
              "non_striker": "Sun Meng Yao",
              "runs": {
                "batter": 1,
                "extras": 0,
                "total": 1
              }
            },
            {
              "batter": "Sun Meng Yao",
              "bowler": "T Mlilo",
              "non_striker": "Zhao Ning",
              "runs": {
                "batter": 0,
                "extras": 0,
                "total": 0
              }
            },
            {
              "batter": "Sun Meng Yao",
              "bowler": "T Mlilo",
              "non_striker": "Zhao Ning",
              "runs": {
                "batter": 1,
                "extras": 0,
                "total": 1
              }
            }
          ]
        },
        {
          "over": 5,
          "deliveries": [
            {
              "batter": "Sun Meng Yao",
              "bowler": "P Marange",
              "non_striker": "Zhao Ning",
              "runs": {
                "batter": 0,
                "extras": 0,
                "total": 0
              }
            },
            {
              "batter": "Sun Meng Yao",
              "bowler": "P Marange",
              "extras": {
                "wides": 1
              },
              "non_striker": "Zhao Ning",
              "runs": {
                "batter": 0,
                "extras": 1,
                "total": 1
              }
            },
            {
              "batter": "Sun Meng Yao",
              "bowler": "P Marange",
              "non_striker": "Zhao Ning",
              "runs": {
                "batter": 0,
                "extras": 0,
                "total": 0
              }
            },
            {
              "batter": "Sun Meng Yao",
              "bowler": "P Marange",
              "non_striker": "Zhao Ning",
              "runs": {
                "batter": 0,
                "extras": 0,
                "total": 0
              }
            },
            {
              "batter": "Sun Meng Yao",
              "bowler": "P Marange",
              "non_striker": "Zhao Ning",
              "runs": {
                "batter": 1,
                "extras": 0,
                "total": 1
              }
            },
            {
              "batter": "Zhao Ning",
              "bowler": "P Marange",
              "non_striker": "Sun Meng Yao",
              "runs": {
                "batter": 0,
                "extras": 0,
                "total": 0
              }
            },
            {
              "batter": "Zhao Ning",
              "bowler": "P Marange",
              "non_striker": "Sun Meng Yao",
              "runs": {
                "batter": 3,
                "extras": 0,
                "total": 3
              }
            }
          ]
        },
        {
          "over": 6,
          "deliveries": [
            {
              "batter": "Zhao Ning",
              "bowler": "T Mlilo",
              "extras": {
                "wides": 1
              },
              "non_striker": "Sun Meng Yao",
              "runs": {
                "batter": 0,
                "extras": 1,
                "total": 1
              }
            },
            {
              "batter": "Zhao Ning",
              "bowler": "T Mlilo",
              "extras": {
                "wides": 1
              },
              "non_striker": "Sun Meng Yao",
              "runs": {
                "batter": 0,
                "extras": 1,
                "total": 1
              }
            },
            {
              "batter": "Zhao Ning",
              "bowler": "T Mlilo",
              "non_striker": "Sun Meng Yao",
              "runs": {
                "batter": 0,
                "extras": 0,
                "total": 0
              }
            },
            {
              "batter": "Zhao Ning",
              "bowler": "T Mlilo",
              "non_striker": "Sun Meng Yao",
              "runs": {
                "batter": 0,
                "extras": 0,
                "total": 0
              }
            },
            {
              "batter": "Zhao Ning",
              "bowler": "T Mlilo",
              "non_striker": "Sun Meng Yao",
              "runs": {
                "batter": 0,
                "extras": 0,
                "total": 0
              }
            },
            {
              "batter": "Zhao Ning",
              "bowler": "T Mlilo",
              "non_striker": "Sun Meng Yao",
              "runs": {
                "batter": 2,
                "extras": 0,
                "total": 2
              }
            },
            {
              "batter": "Zhao Ning",
              "bowler": "T Mlilo",
              "non_striker": "Sun Meng Yao",
              "runs": {
                "batter": 0,
                "extras": 0,
                "total": 0
              }
            },
            {
              "batter": "Zhao Ning",
              "bowler": "T Mlilo",
              "non_striker": "Sun Meng Yao",
              "runs": {
                "batter": 2,
                "extras": 0,
                "total": 2
              }
            }
          ]
        },
        {
          "over": 7,
          "deliveries": [
            {
              "batter": "Sun Meng Yao",
              "bowler": "P Marange",
              "non_striker": "Zhao Ning",
              "runs": {
                "batter": 0,
                "extras": 0,
                "total": 0
              }
            },
            {
              "batter": "Sun Meng Yao",
              "bowler": "P Marange",
              "non_striker": "Zhao Ning",
              "runs": {
                "batter": 1,
                "extras": 0,
                "total": 1
              }
            },
            {
              "batter": "Zhao Ning",
              "bowler": "P Marange",
              "non_striker": "Sun Meng Yao",
              "runs": {
                "batter": 0,
                "extras": 0,
                "total": 0
              }
            },
            {
              "batter": "Zhao Ning",
              "bowler": "P Marange",
              "non_striker": "Sun Meng Yao",
              "runs": {
                "batter": 0,
                "extras": 0,
                "total": 0
              }
            },
            {
              "batter": "Zhao Ning",
              "bowler": "P Marange",
              "non_striker": "Sun Meng Yao",
              "runs": {
                "batter": 0,
                "extras": 0,
                "total": 0
              }
            },
            {
              "batter": "Zhao Ning",
              "bowler": "P Marange",
              "non_striker": "Sun Meng Yao",
              "runs": {
                "batter": 0,
                "extras": 0,
                "total": 0
              }
            }
          ]
        },
        {
          "over": 8,
          "deliveries": [
            {
              "batter": "Sun Meng Yao",
              "bowler": "C Chatonzwa",
              "non_striker": "Zhao Ning",
              "runs": {
                "batter": 1,
                "extras": 0,
                "total": 1
              }
            },
            {
              "batter": "Zhao Ning",
              "bowler": "C Chatonzwa",
              "non_striker": "Sun Meng Yao",
              "runs": {
                "batter": 0,
                "extras": 0,
                "total": 0
              }
            },
            {
              "batter": "Zhao Ning",
              "bowler": "C Chatonzwa",
              "non_striker": "Sun Meng Yao",
              "runs": {
                "batter": 1,
                "extras": 0,
                "total": 1
              }
            },
            {
              "batter": "Sun Meng Yao",
              "bowler": "C Chatonzwa",
              "non_striker": "Zhao Ning",
              "runs": {
                "batter": 0,
                "extras": 0,
                "total": 0
              }
            },
            {
              "batter": "Sun Meng Yao",
              "bowler": "C Chatonzwa",
              "non_striker": "Zhao Ning",
              "runs": {
                "batter": 1,
                "extras": 0,
                "total": 1
              }
            },
            {
              "batter": "Zhao Ning",
              "bowler": "C Chatonzwa",
              "non_striker": "Sun Meng Yao",
              "runs": {
                "batter": 0,
                "extras": 0,
                "total": 0
              }
            }
          ]
        },
        {
          "over": 9,
          "deliveries": [
            {
              "batter": "Sun Meng Yao",
              "bowler": "P Marange",
              "non_striker": "Zhao Ning",
              "runs": {
                "batter": 0,
                "extras": 0,
                "total": 0
              },
              "wickets": [
                {
                  "kind": "caught",
                  "player_out": "Sun Meng Yao",
                  "fielders": [
                    {
                      "name": "L Tshuma"
                    }
                  ]
                }
              ]
            },
            {
              "batter": "Huang Zhuo",
              "bowler": "P Marange",
              "non_striker": "Zhao Ning",
              "runs": {
                "batter": 0,
                "extras": 0,
                "total": 0
              }
            },
            {
              "batter": "Huang Zhuo",
              "bowler": "P Marange",
              "non_striker": "Zhao Ning",
              "runs": {
                "batter": 0,
                "extras": 0,
                "total": 0
              }
            },
            {
              "batter": "Huang Zhuo",
              "bowler": "P Marange",
              "non_striker": "Zhao Ning",
              "runs": {
                "batter": 2,
                "extras": 0,
                "total": 2
              }
            },
            {
              "batter": "Huang Zhuo",
              "bowler": "P Marange",
              "non_striker": "Zhao Ning",
              "runs": {
                "batter": 1,
                "extras": 0,
                "total": 1
              }
            },
            {
              "batter": "Zhao Ning",
              "bowler": "P Marange",
              "non_striker": "Huang Zhuo",
              "runs": {
                "batter": 0,
                "extras": 0,
                "total": 0
              }
            }
          ]
        },
        {
          "over": 10,
          "deliveries": [
            {
              "batter": "Huang Zhuo",
              "bowler": "C Chatonzwa",
              "non_striker": "Zhao Ning",
              "runs": {
                "batter": 0,
                "extras": 0,
                "total": 0
              }
            },
            {
              "batter": "Huang Zhuo",
              "bowler": "C Chatonzwa",
              "non_striker": "Zhao Ning",
              "runs": {
                "batter": 1,
                "extras": 0,
                "total": 1
              }
            },
            {
              "batter": "Zhao Ning",
              "bowler": "C Chatonzwa",
              "non_striker": "Huang Zhuo",
              "runs": {
                "batter": 2,
                "extras": 0,
                "total": 2
              }
            },
            {
              "batter": "Zhao Ning",
              "bowler": "C Chatonzwa",
              "non_striker": "Huang Zhuo",
              "runs": {
                "batter": 1,
                "extras": 0,
                "total": 1
              }
            },
            {
              "batter": "Huang Zhuo",
              "bowler": "C Chatonzwa",
              "non_striker": "Zhao Ning",
              "runs": {
                "batter": 1,
                "extras": 0,
                "total": 1
              }
            },
            {
              "batter": "Zhao Ning",
              "bowler": "C Chatonzwa",
              "non_striker": "Huang Zhuo",
              "runs": {
                "batter": 1,
                "extras": 0,
                "total": 1
              }
            }
          ]
        },
        {
          "over": 11,
          "deliveries": [
            {
              "batter": "Zhao Ning",
              "bowler": "P Marange",
              "non_striker": "Huang Zhuo",
              "runs": {
                "batter": 1,
                "extras": 0,
                "total": 1
              }
            },
            {
              "batter": "Huang Zhuo",
              "bowler": "P Marange",
              "non_striker": "Zhao Ning",
              "runs": {
                "batter": 2,
                "extras": 0,
                "total": 2
              }
            },
            {
              "batter": "Huang Zhuo",
              "bowler": "P Marange",
              "non_striker": "Zhao Ning",
              "runs": {
                "batter": 0,
                "extras": 0,
                "total": 0
              }
            },
            {
              "batter": "Huang Zhuo",
              "bowler": "P Marange",
              "non_striker": "Zhao Ning",
              "runs": {
                "batter": 0,
                "extras": 0,
                "total": 0
              }
            },
            {
              "batter": "Huang Zhuo",
              "bowler": "P Marange",
              "non_striker": "Zhao Ning",
              "runs": {
                "batter": 1,
                "extras": 0,
                "total": 1
              }
            },
            {
              "batter": "Zhao Ning",
              "bowler": "P Marange",
              "non_striker": "Huang Zhuo",
              "runs": {
                "batter": 0,
                "extras": 0,
                "total": 0
              }
            }
          ]
        },
        {
          "over": 12,
          "deliveries": [
            {
              "batter": "Huang Zhuo",
              "bowler": "C Chatonzwa",
              "extras": {
                "wides": 2
              },
              "non_striker": "Zhao Ning",
              "runs": {
                "batter": 0,
                "extras": 2,
                "total": 2
              }
            },
            {
              "batter": "Zhao Ning",
              "bowler": "C Chatonzwa",
              "non_striker": "Huang Zhuo",
              "runs": {
                "batter": 0,
                "extras": 0,
                "total": 0
              }
            },
            {
              "batter": "Zhao Ning",
              "bowler": "C Chatonzwa",
              "non_striker": "Huang Zhuo",
              "runs": {
                "batter": 0,
                "extras": 0,
                "total": 0
              }
            },
            {
              "batter": "Zhao Ning",
              "bowler": "C Chatonzwa",
              "non_striker": "Huang Zhuo",
              "runs": {
                "batter": 0,
                "extras": 0,
                "total": 0
              }
            },
            {
              "batter": "Zhao Ning",
              "bowler": "C Chatonzwa",
              "non_striker": "Huang Zhuo",
              "runs": {
                "batter": 2,
                "extras": 0,
                "total": 2
              }
            },
            {
              "batter": "Zhao Ning",
              "bowler": "C Chatonzwa",
              "non_striker": "Huang Zhuo",
              "runs": {
                "batter": 2,
                "extras": 0,
                "total": 2
              }
            },
            {
              "batter": "Zhao Ning",
              "bowler": "C Chatonzwa",
              "non_striker": "Huang Zhuo",
              "runs": {
                "batter": 1,
                "extras": 0,
                "total": 1
              }
            }
          ]
        },
        {
          "over": 13,
          "deliveries": [
            {
              "batter": "Zhao Ning",
              "bowler": "CS Mugeri",
              "non_striker": "Huang Zhuo",
              "runs": {
                "batter": 1,
                "extras": 0,
                "total": 1
              }
            },
            {
              "batter": "Huang Zhuo",
              "bowler": "CS Mugeri",
              "non_striker": "Zhao Ning",
              "runs": {
                "batter": 0,
                "extras": 0,
                "total": 0
              }
            },
            {
              "batter": "Huang Zhuo",
              "bowler": "CS Mugeri",
              "non_striker": "Zhao Ning",
              "runs": {
                "batter": 1,
                "extras": 0,
                "total": 1
              }
            },
            {
              "batter": "Zhao Ning",
              "bowler": "CS Mugeri",
              "non_striker": "Huang Zhuo",
              "runs": {
                "batter": 0,
                "extras": 0,
                "total": 0
              }
            },
            {
              "batter": "Zhao Ning",
              "bowler": "CS Mugeri",
              "non_striker": "Huang Zhuo",
              "runs": {
                "batter": 0,
                "extras": 0,
                "total": 0
              },
              "wickets": [
                {
                  "kind": "stumped",
                  "player_out": "Zhao Ning",
                  "fielders": [
                    {
                      "name": "M Mupachikwa"
                    }
                  ]
                }
              ]
            },
            {
              "batter": "F Song",
              "bowler": "CS Mugeri",
              "non_striker": "Huang Zhuo",
              "runs": {
                "batter": 1,
                "extras": 0,
                "total": 1
              }
            }
          ]
        },
        {
          "over": 14,
          "deliveries": [
            {
              "batter": "F Song",
              "bowler": "C Chatonzwa",
              "non_striker": "Huang Zhuo",
              "runs": {
                "batter": 1,
                "extras": 0,
                "total": 1
              }
            },
            {
              "batter": "Huang Zhuo",
              "bowler": "C Chatonzwa",
              "non_striker": "F Song",
              "runs": {
                "batter": 0,
                "extras": 0,
                "total": 0
              }
            },
            {
              "batter": "Huang Zhuo",
              "bowler": "C Chatonzwa",
              "non_striker": "F Song",
              "runs": {
                "batter": 1,
                "extras": 0,
                "total": 1
              }
            },
            {
              "batter": "F Song",
              "bowler": "C Chatonzwa",
              "non_striker": "Huang Zhuo",
              "runs": {
                "batter": 1,
                "extras": 0,
                "total": 1
              }
            },
            {
              "batter": "Huang Zhuo",
              "bowler": "C Chatonzwa",
              "non_striker": "F Song",
              "runs": {
                "batter": 1,
                "extras": 0,
                "total": 1
              }
            },
            {
              "batter": "F Song",
              "bowler": "C Chatonzwa",
              "non_striker": "Huang Zhuo",
              "runs": {
                "batter": 1,
                "extras": 0,
                "total": 1
              }
            }
          ]
        },
        {
          "over": 15,
          "deliveries": [
            {
              "batter": "F Song",
              "bowler": "CS Mugeri",
              "non_striker": "Huang Zhuo",
              "runs": {
                "batter": 0,
                "extras": 0,
                "total": 0
              }
            },
            {
              "batter": "F Song",
              "bowler": "CS Mugeri",
              "non_striker": "Huang Zhuo",
              "runs": {
                "batter": 1,
                "extras": 0,
                "total": 1
              }
            },
            {
              "batter": "Huang Zhuo",
              "bowler": "CS Mugeri",
              "non_striker": "F Song",
              "runs": {
                "batter": 1,
                "extras": 0,
                "total": 1
              }
            },
            {
              "batter": "F Song",
              "bowler": "CS Mugeri",
              "non_striker": "Huang Zhuo",
              "runs": {
                "batter": 0,
                "extras": 0,
                "total": 0
              }
            },
            {
              "batter": "F Song",
              "bowler": "CS Mugeri",
              "non_striker": "Huang Zhuo",
              "runs": {
                "batter": 1,
                "extras": 0,
                "total": 1
              }
            },
            {
              "batter": "Huang Zhuo",
              "bowler": "CS Mugeri",
              "non_striker": "F Song",
              "runs": {
                "batter": 4,
                "extras": 0,
                "total": 4
              }
            }
          ]
        },
        {
          "over": 16,
          "deliveries": [
            {
              "batter": "F Song",
              "bowler": "L Tshuma",
              "non_striker": "Huang Zhuo",
              "runs": {
                "batter": 1,
                "extras": 0,
                "total": 1
              }
            },
            {
              "batter": "Huang Zhuo",
              "bowler": "L Tshuma",
              "non_striker": "F Song",
              "runs": {
                "batter": 0,
                "extras": 0,
                "total": 0
              }
            },
            {
              "batter": "Huang Zhuo",
              "bowler": "L Tshuma",
              "non_striker": "F Song",
              "runs": {
                "batter": 1,
                "extras": 0,
                "total": 1
              }
            },
            {
              "batter": "F Song",
              "bowler": "L Tshuma",
              "non_striker": "Huang Zhuo",
              "runs": {
                "batter": 1,
                "extras": 0,
                "total": 1
              }
            },
            {
              "batter": "Huang Zhuo",
              "bowler": "L Tshuma",
              "non_striker": "F Song",
              "runs": {
                "batter": 1,
                "extras": 0,
                "total": 1
              }
            },
            {
              "batter": "F Song",
              "bowler": "L Tshuma",
              "non_striker": "Huang Zhuo",
              "runs": {
                "batter": 0,
                "extras": 0,
                "total": 0
              }
            }
          ]
        },
        {
          "over": 17,
          "deliveries": [
            {
              "batter": "Huang Zhuo",
              "bowler": "CS Mugeri",
              "non_striker": "F Song",
              "runs": {
                "batter": 1,
                "extras": 0,
                "total": 1
              }
            },
            {
              "batter": "F Song",
              "bowler": "CS Mugeri",
              "non_striker": "Huang Zhuo",
              "runs": {
                "batter": 0,
                "extras": 0,
                "total": 0
              }
            },
            {
              "batter": "F Song",
              "bowler": "CS Mugeri",
              "non_striker": "Huang Zhuo",
              "runs": {
                "batter": 0,
                "extras": 0,
                "total": 0
              }
            },
            {
              "batter": "F Song",
              "bowler": "CS Mugeri",
              "non_striker": "Huang Zhuo",
              "runs": {
                "batter": 1,
                "extras": 0,
                "total": 1
              }
            },
            {
              "batter": "Huang Zhuo",
              "bowler": "CS Mugeri",
              "non_striker": "F Song",
              "runs": {
                "batter": 1,
                "extras": 0,
                "total": 1
              }
            },
            {
              "batter": "F Song",
              "bowler": "CS Mugeri",
              "non_striker": "Huang Zhuo",
              "runs": {
                "batter": 1,
                "extras": 0,
                "total": 1
              }
            }
          ]
        },
        {
          "over": 18,
          "deliveries": [
            {
              "batter": "F Song",
              "bowler": "J Nkomo",
              "non_striker": "Huang Zhuo",
              "runs": {
                "batter": 0,
                "extras": 0,
                "total": 0
              }
            },
            {
              "batter": "F Song",
              "bowler": "J Nkomo",
              "non_striker": "Huang Zhuo",
              "runs": {
                "batter": 3,
                "extras": 0,
                "total": 3
              }
            },
            {
              "batter": "Huang Zhuo",
              "bowler": "J Nkomo",
              "non_striker": "F Song",
              "runs": {
                "batter": 1,
                "extras": 0,
                "total": 1
              }
            },
            {
              "batter": "F Song",
              "bowler": "J Nkomo",
              "non_striker": "Huang Zhuo",
              "runs": {
                "batter": 0,
                "extras": 0,
                "total": 0
              }
            },
            {
              "batter": "F Song",
              "bowler": "J Nkomo",
              "non_striker": "Huang Zhuo",
              "runs": {
                "batter": 1,
                "extras": 0,
                "total": 1
              }
            },
            {
              "batter": "Huang Zhuo",
              "bowler": "J Nkomo",
              "non_striker": "F Song",
              "runs": {
                "batter": 1,
                "extras": 0,
                "total": 1
              }
            }
          ]
        },
        {
          "over": 19,
          "deliveries": [
            {
              "batter": "Huang Zhuo",
              "bowler": "A Mazvishaya",
              "non_striker": "F Song",
              "runs": {
                "batter": 0,
                "extras": 0,
                "total": 0
              }
            },
            {
              "batter": "Huang Zhuo",
              "bowler": "A Mazvishaya",
              "non_striker": "F Song",
              "runs": {
                "batter": 1,
                "extras": 0,
                "total": 1
              }
            },
            {
              "batter": "F Song",
              "bowler": "A Mazvishaya",
              "non_striker": "Huang Zhuo",
              "runs": {
                "batter": 2,
                "extras": 0,
                "total": 2
              }
            },
            {
              "batter": "F Song",
              "bowler": "A Mazvishaya",
              "non_striker": "Huang Zhuo",
              "runs": {
                "batter": 0,
                "extras": 0,
                "total": 0
              }
            },
            {
              "batter": "F Song",
              "bowler": "A Mazvishaya",
              "non_striker": "Huang Zhuo",
              "runs": {
                "batter": 0,
                "extras": 0,
                "total": 0
              },
              "wickets": [
                {
                  "kind": "caught",
                  "player_out": "F Song",
                  "fielders": [
                    {
                      "name": "M Musonda"
                    }
                  ]
                }
              ]
            },
            {
              "batter": "Huang Zhuo",
              "bowler": "A Mazvishaya",
              "non_striker": "Wu Juan",
              "runs": {
                "batter": 1,
                "extras": 0,
                "total": 1
              },
              "wickets": [
                {
                  "kind": "run out",
                  "player_out": "Wu Juan",
                  "fielders": [
                    {
                      "name": "C Chatonzwa"
                    }
                  ]
                }
              ]
            }
          ]
        }
      ],
      "powerplays": [
        {
          "from": 0.1,
          "to": 5.7,
          "type": "mandatory"
        }
      ]
    },
    {
      "team": "Zimbabwe",
      "overs": [
        {
          "over": 0,
          "deliveries": [
            {
              "batter": "M Mupachikwa",
              "bowler": "Wang Meng",
              "non_striker": "CS Mugeri",
              "runs": {
                "batter": 0,
                "extras": 0,
                "total": 0
              }
            },
            {
              "batter": "M Mupachikwa",
              "bowler": "Wang Meng",
              "non_striker": "CS Mugeri",
              "runs": {
                "batter": 0,
                "extras": 0,
                "total": 0
              }
            },
            {
              "batter": "M Mupachikwa",
              "bowler": "Wang Meng",
              "non_striker": "CS Mugeri",
              "runs": {
                "batter": 0,
                "extras": 0,
                "total": 0
              }
            },
            {
              "batter": "M Mupachikwa",
              "bowler": "Wang Meng",
              "non_striker": "CS Mugeri",
              "runs": {
                "batter": 4,
                "extras": 0,
                "total": 4
              }
            },
            {
              "batter": "M Mupachikwa",
              "bowler": "Wang Meng",
              "non_striker": "CS Mugeri",
              "runs": {
                "batter": 0,
                "extras": 0,
                "total": 0
              }
            },
            {
              "batter": "M Mupachikwa",
              "bowler": "Wang Meng",
              "non_striker": "CS Mugeri",
              "runs": {
                "batter": 0,
                "extras": 0,
                "total": 0
              }
            }
          ]
        },
        {
          "over": 1,
          "deliveries": [
            {
              "batter": "CS Mugeri",
              "bowler": "X Ruan",
              "non_striker": "M Mupachikwa",
              "runs": {
                "batter": 0,
                "extras": 0,
                "total": 0
              }
            },
            {
              "batter": "CS Mugeri",
              "bowler": "X Ruan",
              "non_striker": "M Mupachikwa",
              "runs": {
                "batter": 0,
                "extras": 0,
                "total": 0
              }
            },
            {
              "batter": "CS Mugeri",
              "bowler": "X Ruan",
              "non_striker": "M Mupachikwa",
              "runs": {
                "batter": 0,
                "extras": 0,
                "total": 0
              }
            },
            {
              "batter": "CS Mugeri",
              "bowler": "X Ruan",
              "non_striker": "M Mupachikwa",
              "runs": {
                "batter": 0,
                "extras": 0,
                "total": 0
              }
            },
            {
              "batter": "CS Mugeri",
              "bowler": "X Ruan",
              "extras": {
                "wides": 1
              },
              "non_striker": "M Mupachikwa",
              "runs": {
                "batter": 0,
                "extras": 1,
                "total": 1
              }
            },
            {
              "batter": "CS Mugeri",
              "bowler": "X Ruan",
              "non_striker": "M Mupachikwa",
              "runs": {
                "batter": 1,
                "extras": 0,
                "total": 1
              }
            },
            {
              "batter": "M Mupachikwa",
              "bowler": "X Ruan",
              "non_striker": "CS Mugeri",
              "runs": {
                "batter": 1,
                "extras": 0,
                "total": 1
              }
            }
          ]
        },
        {
          "over": 2,
          "deliveries": [
            {
              "batter": "M Mupachikwa",
              "bowler": "Wang Meng",
              "non_striker": "CS Mugeri",
              "runs": {
                "batter": 0,
                "extras": 0,
                "total": 0
              }
            },
            {
              "batter": "M Mupachikwa",
              "bowler": "Wang Meng",
              "non_striker": "CS Mugeri",
              "runs": {
                "batter": 0,
                "extras": 0,
                "total": 0
              }
            },
            {
              "batter": "M Mupachikwa",
              "bowler": "Wang Meng",
              "non_striker": "CS Mugeri",
              "runs": {
                "batter": 1,
                "extras": 0,
                "total": 1
              }
            },
            {
              "batter": "CS Mugeri",
              "bowler": "Wang Meng",
              "non_striker": "M Mupachikwa",
              "runs": {
                "batter": 1,
                "extras": 0,
                "total": 1
              }
            },
            {
              "batter": "M Mupachikwa",
              "bowler": "Wang Meng",
              "non_striker": "CS Mugeri",
              "runs": {
                "batter": 0,
                "extras": 0,
                "total": 0
              }
            },
            {
              "batter": "M Mupachikwa",
              "bowler": "Wang Meng",
              "non_striker": "CS Mugeri",
              "runs": {
                "batter": 0,
                "extras": 0,
                "total": 0
              }
            }
          ]
        },
        {
          "over": 3,
          "deliveries": [
            {
              "batter": "CS Mugeri",
              "bowler": "X Ruan",
              "non_striker": "M Mupachikwa",
              "runs": {
                "batter": 0,
                "extras": 0,
                "total": 0
              }
            },
            {
              "batter": "CS Mugeri",
              "bowler": "X Ruan",
              "non_striker": "M Mupachikwa",
              "runs": {
                "batter": 4,
                "extras": 0,
                "total": 4
              }
            },
            {
              "batter": "CS Mugeri",
              "bowler": "X Ruan",
              "non_striker": "M Mupachikwa",
              "runs": {
                "batter": 0,
                "extras": 0,
                "total": 0
              }
            },
            {
              "batter": "CS Mugeri",
              "bowler": "X Ruan",
              "non_striker": "M Mupachikwa",
              "runs": {
                "batter": 0,
                "extras": 0,
                "total": 0
              }
            },
            {
              "batter": "CS Mugeri",
              "bowler": "X Ruan",
              "non_striker": "M Mupachikwa",
              "runs": {
                "batter": 1,
                "extras": 0,
                "total": 1
              }
            },
            {
              "batter": "M Mupachikwa",
              "bowler": "X Ruan",
              "non_striker": "CS Mugeri",
              "runs": {
                "batter": 1,
                "extras": 0,
                "total": 1
              }
            }
          ]
        },
        {
          "over": 4,
          "deliveries": [
            {
              "batter": "M Mupachikwa",
              "bowler": "Wu Juan",
              "non_striker": "CS Mugeri",
              "runs": {
                "batter": 0,
                "extras": 0,
                "total": 0
              }
            },
            {
              "batter": "M Mupachikwa",
              "bowler": "Wu Juan",
              "non_striker": "CS Mugeri",
              "runs": {
                "batter": 0,
                "extras": 0,
                "total": 0
              }
            },
            {
              "batter": "M Mupachikwa",
              "bowler": "Wu Juan",
              "non_striker": "CS Mugeri",
              "runs": {
                "batter": 0,
                "extras": 0,
                "total": 0
              }
            },
            {
              "batter": "M Mupachikwa",
              "bowler": "Wu Juan",
              "non_striker": "CS Mugeri",
              "runs": {
                "batter": 0,
                "extras": 0,
                "total": 0
              }
            },
            {
              "batter": "M Mupachikwa",
              "bowler": "Wu Juan",
              "non_striker": "CS Mugeri",
              "runs": {
                "batter": 0,
                "extras": 0,
                "total": 0
              }
            },
            {
              "batter": "M Mupachikwa",
              "bowler": "Wu Juan",
              "non_striker": "CS Mugeri",
              "runs": {
                "batter": 0,
                "extras": 0,
                "total": 0
              }
            }
          ]
        },
        {
          "over": 5,
          "deliveries": [
            {
              "batter": "CS Mugeri",
              "bowler": "X Ruan",
              "non_striker": "M Mupachikwa",
              "runs": {
                "batter": 0,
                "extras": 0,
                "total": 0
              }
            },
            {
              "batter": "CS Mugeri",
              "bowler": "X Ruan",
              "non_striker": "M Mupachikwa",
              "runs": {
                "batter": 2,
                "extras": 0,
                "total": 2
              }
            },
            {
              "batter": "CS Mugeri",
              "bowler": "X Ruan",
              "non_striker": "M Mupachikwa",
              "runs": {
                "batter": 0,
                "extras": 0,
                "total": 0
              }
            },
            {
              "batter": "CS Mugeri",
              "bowler": "X Ruan",
              "non_striker": "M Mupachikwa",
              "runs": {
                "batter": 0,
                "extras": 0,
                "total": 0
              }
            },
            {
              "batter": "CS Mugeri",
              "bowler": "X Ruan",
              "non_striker": "M Mupachikwa",
              "runs": {
                "batter": 1,
                "extras": 0,
                "total": 1
              }
            },
            {
              "batter": "M Mupachikwa",
              "bowler": "X Ruan",
              "non_striker": "CS Mugeri",
              "runs": {
                "batter": 4,
                "extras": 0,
                "total": 4
              }
            }
          ]
        },
        {
          "over": 6,
          "deliveries": [
            {
              "batter": "CS Mugeri",
              "bowler": "Wu Juan",
              "non_striker": "M Mupachikwa",
              "runs": {
                "batter": 1,
                "extras": 0,
                "total": 1
              }
            },
            {
              "batter": "M Mupachikwa",
              "bowler": "Wu Juan",
              "non_striker": "CS Mugeri",
              "runs": {
                "batter": 1,
                "extras": 0,
                "total": 1
              }
            },
            {
              "batter": "CS Mugeri",
              "bowler": "Wu Juan",
              "non_striker": "M Mupachikwa",
              "runs": {
                "batter": 0,
                "extras": 0,
                "total": 0
              }
            },
            {
              "batter": "CS Mugeri",
              "bowler": "Wu Juan",
              "non_striker": "M Mupachikwa",
              "runs": {
                "batter": 0,
                "extras": 0,
                "total": 0
              }
            },
            {
              "batter": "CS Mugeri",
              "bowler": "Wu Juan",
              "non_striker": "M Mupachikwa",
              "runs": {
                "batter": 1,
                "extras": 0,
                "total": 1
              }
            },
            {
              "batter": "M Mupachikwa",
              "bowler": "Wu Juan",
              "non_striker": "CS Mugeri",
              "runs": {
                "batter": 1,
                "extras": 0,
                "total": 1
              }
            }
          ]
        },
        {
          "over": 7,
          "deliveries": [
            {
              "batter": "M Mupachikwa",
              "bowler": "L Yingying",
              "non_striker": "CS Mugeri",
              "runs": {
                "batter": 1,
                "extras": 0,
                "total": 1
              }
            },
            {
              "batter": "CS Mugeri",
              "bowler": "L Yingying",
              "non_striker": "M Mupachikwa",
              "runs": {
                "batter": 0,
                "extras": 0,
                "total": 0
              }
            },
            {
              "batter": "CS Mugeri",
              "bowler": "L Yingying",
              "non_striker": "M Mupachikwa",
              "runs": {
                "batter": 4,
                "extras": 0,
                "total": 4
              }
            },
            {
              "batter": "CS Mugeri",
              "bowler": "L Yingying",
              "non_striker": "M Mupachikwa",
              "runs": {
                "batter": 1,
                "extras": 0,
                "total": 1
              }
            },
            {
              "batter": "M Mupachikwa",
              "bowler": "L Yingying",
              "non_striker": "CS Mugeri",
              "runs": {
                "batter": 3,
                "extras": 0,
                "total": 3
              }
            },
            {
              "batter": "CS Mugeri",
              "bowler": "L Yingying",
              "non_striker": "M Mupachikwa",
              "runs": {
                "batter": 1,
                "extras": 0,
                "total": 1
              }
            }
          ]
        },
        {
          "over": 8,
          "deliveries": [
            {
              "batter": "CS Mugeri",
              "bowler": "L Jie",
              "non_striker": "M Mupachikwa",
              "runs": {
                "batter": 0,
                "extras": 0,
                "total": 0
              }
            },
            {
              "batter": "CS Mugeri",
              "bowler": "L Jie",
              "non_striker": "M Mupachikwa",
              "runs": {
                "batter": 3,
                "extras": 0,
                "total": 3
              }
            },
            {
              "batter": "M Mupachikwa",
              "bowler": "L Jie",
              "extras": {
                "wides": 1
              },
              "non_striker": "CS Mugeri",
              "runs": {
                "batter": 0,
                "extras": 1,
                "total": 1
              }
            },
            {
              "batter": "M Mupachikwa",
              "bowler": "L Jie",
              "non_striker": "CS Mugeri",
              "runs": {
                "batter": 0,
                "extras": 0,
                "total": 0
              }
            },
            {
              "batter": "M Mupachikwa",
              "bowler": "L Jie",
              "non_striker": "CS Mugeri",
              "runs": {
                "batter": 1,
                "extras": 0,
                "total": 1
              }
            },
            {
              "batter": "CS Mugeri",
              "bowler": "L Jie",
              "non_striker": "M Mupachikwa",
              "runs": {
                "batter": 1,
                "extras": 0,
                "total": 1
              }
            },
            {
              "batter": "M Mupachikwa",
              "bowler": "L Jie",
              "non_striker": "CS Mugeri",
              "runs": {
                "batter": 1,
                "extras": 0,
                "total": 1
              }
            }
          ]
        },
        {
          "over": 9,
          "deliveries": [
            {
              "batter": "M Mupachikwa",
              "bowler": "L Yingying",
              "non_striker": "CS Mugeri",
              "runs": {
                "batter": 0,
                "extras": 0,
                "total": 0
              }
            },
            {
              "batter": "M Mupachikwa",
              "bowler": "L Yingying",
              "non_striker": "CS Mugeri",
              "runs": {
                "batter": 1,
                "extras": 0,
                "total": 1
              }
            },
            {
              "batter": "CS Mugeri",
              "bowler": "L Yingying",
              "non_striker": "M Mupachikwa",
              "runs": {
                "batter": 2,
                "extras": 0,
                "total": 2
              }
            },
            {
              "batter": "CS Mugeri",
              "bowler": "L Yingying",
              "non_striker": "M Mupachikwa",
              "runs": {
                "batter": 1,
                "extras": 0,
                "total": 1
              }
            },
            {
              "batter": "M Mupachikwa",
              "bowler": "L Yingying",
              "non_striker": "CS Mugeri",
              "runs": {
                "batter": 1,
                "extras": 0,
                "total": 1
              }
            },
            {
              "batter": "CS Mugeri",
              "bowler": "L Yingying",
              "non_striker": "M Mupachikwa",
              "runs": {
                "batter": 1,
                "extras": 0,
                "total": 1
              }
            }
          ]
        },
        {
          "over": 10,
          "deliveries": [
            {
              "batter": "CS Mugeri",
              "bowler": "L Jie",
              "non_striker": "M Mupachikwa",
              "runs": {
                "batter": 0,
                "extras": 0,
                "total": 0
              }
            },
            {
              "batter": "CS Mugeri",
              "bowler": "L Jie",
              "non_striker": "M Mupachikwa",
              "runs": {
                "batter": 1,
                "extras": 0,
                "total": 1
              }
            },
            {
              "batter": "M Mupachikwa",
              "bowler": "L Jie",
              "non_striker": "CS Mugeri",
              "runs": {
                "batter": 1,
                "extras": 0,
                "total": 1
              }
            },
            {
              "batter": "CS Mugeri",
              "bowler": "L Jie",
              "non_striker": "M Mupachikwa",
              "runs": {
                "batter": 0,
                "extras": 0,
                "total": 0
              }
            },
            {
              "batter": "CS Mugeri",
              "bowler": "L Jie",
              "non_striker": "M Mupachikwa",
              "runs": {
                "batter": 0,
                "extras": 0,
                "total": 0
              }
            },
            {
              "batter": "CS Mugeri",
              "bowler": "L Jie",
              "non_striker": "M Mupachikwa",
              "runs": {
                "batter": 1,
                "extras": 0,
                "total": 1
              }
            }
          ]
        },
        {
          "over": 11,
          "deliveries": [
            {
              "batter": "CS Mugeri",
              "bowler": "L Yingying",
              "non_striker": "M Mupachikwa",
              "runs": {
                "batter": 0,
                "extras": 0,
                "total": 0
              }
            },
            {
              "batter": "CS Mugeri",
              "bowler": "L Yingying",
              "non_striker": "M Mupachikwa",
              "runs": {
                "batter": 1,
                "extras": 0,
                "total": 1
              }
            },
            {
              "batter": "M Mupachikwa",
              "bowler": "L Yingying",
              "non_striker": "CS Mugeri",
              "runs": {
                "batter": 0,
                "extras": 0,
                "total": 0
              }
            },
            {
              "batter": "M Mupachikwa",
              "bowler": "L Yingying",
              "non_striker": "CS Mugeri",
              "runs": {
                "batter": 2,
                "extras": 0,
                "total": 2
              }
            },
            {
              "batter": "M Mupachikwa",
              "bowler": "L Yingying",
              "non_striker": "CS Mugeri",
              "runs": {
                "batter": 1,
                "extras": 0,
                "total": 1
              }
            },
            {
              "batter": "CS Mugeri",
              "bowler": "L Yingying",
              "non_striker": "M Mupachikwa",
              "runs": {
                "batter": 1,
                "extras": 0,
                "total": 1
              }
            }
          ]
        },
        {
          "over": 12,
          "deliveries": [
            {
              "batter": "CS Mugeri",
              "bowler": "L Jie",
              "non_striker": "M Mupachikwa",
              "runs": {
                "batter": 0,
                "extras": 0,
                "total": 0
              }
            },
            {
              "batter": "CS Mugeri",
              "bowler": "L Jie",
              "non_striker": "M Mupachikwa",
              "runs": {
                "batter": 1,
                "extras": 0,
                "total": 1
              }
            },
            {
              "batter": "M Mupachikwa",
              "bowler": "L Jie",
              "non_striker": "CS Mugeri",
              "runs": {
                "batter": 0,
                "extras": 0,
                "total": 0
              }
            },
            {
              "batter": "M Mupachikwa",
              "bowler": "L Jie",
              "non_striker": "CS Mugeri",
              "runs": {
                "batter": 0,
                "extras": 0,
                "total": 0
              }
            },
            {
              "batter": "M Mupachikwa",
              "bowler": "L Jie",
              "non_striker": "CS Mugeri",
              "runs": {
                "batter": 1,
                "extras": 0,
                "total": 1
              }
            },
            {
              "batter": "CS Mugeri",
              "bowler": "L Jie",
              "non_striker": "M Mupachikwa",
              "runs": {
                "batter": 1,
                "extras": 0,
                "total": 1
              }
            }
          ]
        },
        {
          "over": 13,
          "deliveries": [
            {
              "batter": "CS Mugeri",
              "bowler": "F Song",
              "extras": {
                "wides": 1
              },
              "non_striker": "M Mupachikwa",
              "runs": {
                "batter": 0,
                "extras": 1,
                "total": 1
              }
            },
            {
              "batter": "CS Mugeri",
              "bowler": "F Song",
              "non_striker": "M Mupachikwa",
              "runs": {
                "batter": 0,
                "extras": 0,
                "total": 0
              }
            },
            {
              "batter": "CS Mugeri",
              "bowler": "F Song",
              "non_striker": "M Mupachikwa",
              "runs": {
                "batter": 1,
                "extras": 0,
                "total": 1
              }
            },
            {
              "batter": "M Mupachikwa",
              "bowler": "F Song",
              "non_striker": "CS Mugeri",
              "runs": {
                "batter": 0,
                "extras": 0,
                "total": 0
              }
            },
            {
              "batter": "M Mupachikwa",
              "bowler": "F Song",
              "non_striker": "CS Mugeri",
              "runs": {
                "batter": 1,
                "extras": 0,
                "total": 1
              }
            },
            {
              "batter": "CS Mugeri",
              "bowler": "F Song",
              "non_striker": "M Mupachikwa",
              "runs": {
                "batter": 0,
                "extras": 0,
                "total": 0
              }
            },
            {
              "batter": "CS Mugeri",
              "bowler": "F Song",
              "non_striker": "M Mupachikwa",
              "runs": {
                "batter": 4,
                "extras": 0,
                "total": 4
              }
            }
          ]
        },
        {
          "over": 14,
          "deliveries": [
            {
              "batter": "M Mupachikwa",
              "bowler": "L Jie",
              "extras": {
                "legbyes": 1
              },
              "non_striker": "CS Mugeri",
              "runs": {
                "batter": 0,
                "extras": 1,
                "total": 1
              }
            },
            {
              "batter": "CS Mugeri",
              "bowler": "L Jie",
              "non_striker": "M Mupachikwa",
              "runs": {
                "batter": 0,
                "extras": 0,
                "total": 0
              }
            },
            {
              "batter": "CS Mugeri",
              "bowler": "L Jie",
              "non_striker": "M Mupachikwa",
              "runs": {
                "batter": 0,
                "extras": 0,
                "total": 0
              }
            },
            {
              "batter": "CS Mugeri",
              "bowler": "L Jie",
              "non_striker": "M Mupachikwa",
              "runs": {
                "batter": 0,
                "extras": 0,
                "total": 0
              }
            },
            {
              "batter": "CS Mugeri",
              "bowler": "L Jie",
              "extras": {
                "byes": 1
              },
              "non_striker": "M Mupachikwa",
              "runs": {
                "batter": 0,
                "extras": 1,
                "total": 1
              }
            },
            {
              "batter": "M Mupachikwa",
              "bowler": "L Jie",
              "non_striker": "CS Mugeri",
              "runs": {
                "batter": 0,
                "extras": 0,
                "total": 0
              }
            }
          ]
        },
        {
          "over": 15,
          "deliveries": [
            {
              "batter": "CS Mugeri",
              "bowler": "Wu Juan",
              "non_striker": "M Mupachikwa",
              "runs": {
                "batter": 2,
                "extras": 0,
                "total": 2
              }
            },
            {
              "batter": "CS Mugeri",
              "bowler": "Wu Juan",
              "non_striker": "M Mupachikwa",
              "runs": {
                "batter": 1,
                "extras": 0,
                "total": 1
              }
            },
            {
              "batter": "M Mupachikwa",
              "bowler": "Wu Juan",
              "non_striker": "CS Mugeri",
              "runs": {
                "batter": 2,
                "extras": 0,
                "total": 2
              }
            },
            {
              "batter": "M Mupachikwa",
              "bowler": "Wu Juan",
              "non_striker": "CS Mugeri",
              "runs": {
                "batter": 1,
                "extras": 0,
                "total": 1
              }
            },
            {
              "batter": "CS Mugeri",
              "bowler": "Wu Juan",
              "non_striker": "M Mupachikwa",
              "runs": {
                "batter": 4,
                "extras": 0,
                "total": 4
              }
            },
            {
              "batter": "CS Mugeri",
              "bowler": "Wu Juan",
              "non_striker": "M Mupachikwa",
              "runs": {
                "batter": 0,
                "extras": 0,
                "total": 0
              }
            }
          ]
        },
        {
          "over": 16,
          "deliveries": [
            {
              "batter": "M Mupachikwa",
              "bowler": "L Yingying",
              "non_striker": "CS Mugeri",
              "runs": {
                "batter": 0,
                "extras": 0,
                "total": 0
              }
            },
            {
              "batter": "M Mupachikwa",
              "bowler": "L Yingying",
              "non_striker": "CS Mugeri",
              "runs": {
                "batter": 1,
                "extras": 0,
                "total": 1
              }
            },
            {
              "batter": "CS Mugeri",
              "bowler": "L Yingying",
              "non_striker": "M Mupachikwa",
              "runs": {
                "batter": 1,
                "extras": 0,
                "total": 1
              }
            },
            {
              "batter": "M Mupachikwa",
              "bowler": "L Yingying",
              "non_striker": "CS Mugeri",
              "runs": {
                "batter": 0,
                "extras": 0,
                "total": 0
              }
            },
            {
              "batter": "M Mupachikwa",
              "bowler": "L Yingying",
              "non_striker": "CS Mugeri",
              "runs": {
                "batter": 1,
                "extras": 0,
                "total": 1
              }
            },
            {
              "batter": "CS Mugeri",
              "bowler": "L Yingying",
              "non_striker": "M Mupachikwa",
              "runs": {
                "batter": 0,
                "extras": 0,
                "total": 0
              }
            }
          ]
        },
        {
          "over": 17,
          "deliveries": [
            {
              "batter": "M Mupachikwa",
              "bowler": "Wang Meng",
              "non_striker": "CS Mugeri",
              "runs": {
                "batter": 0,
                "extras": 0,
                "total": 0
              }
            },
            {
              "batter": "M Mupachikwa",
              "bowler": "Wang Meng",
              "non_striker": "CS Mugeri",
              "runs": {
                "batter": 1,
                "extras": 0,
                "total": 1
              }
            },
            {
              "batter": "CS Mugeri",
              "bowler": "Wang Meng",
              "non_striker": "M Mupachikwa",
              "runs": {
                "batter": 2,
                "extras": 0,
                "total": 2
              }
            },
            {
              "batter": "CS Mugeri",
              "bowler": "Wang Meng",
              "non_striker": "M Mupachikwa",
              "runs": {
                "batter": 2,
                "extras": 0,
                "total": 2
              }
            },
            {
              "batter": "CS Mugeri",
              "bowler": "Wang Meng",
              "non_striker": "M Mupachikwa",
              "runs": {
                "batter": 0,
                "extras": 0,
                "total": 0
              }
            },
            {
              "batter": "CS Mugeri",
              "bowler": "Wang Meng",
              "non_striker": "M Mupachikwa",
              "runs": {
                "batter": 1,
                "extras": 0,
                "total": 1
              }
            }
          ]
        },
        {
          "over": 18,
          "deliveries": [
            {
              "batter": "CS Mugeri",
              "bowler": "Wu Juan",
              "non_striker": "M Mupachikwa",
              "runs": {
                "batter": 0,
                "extras": 0,
                "total": 0
              }
            },
            {
              "batter": "CS Mugeri",
              "bowler": "Wu Juan",
              "non_striker": "M Mupachikwa",
              "runs": {
                "batter": 1,
                "extras": 0,
                "total": 1
              }
            }
          ]
        }
      ],
      "powerplays": [
        {
          "from": 0.1,
          "to": 5.6,
          "type": "mandatory"
        }
      ],
      "target": {
        "overs": 20,
        "runs": 89
      }
    }
  ]
}