{
  "meta": {
    "data_version": "1.0.0",
    "created": "2015-12-07",
    "revision": 2
  },
  "info": {
    "balls_per_over": 6,
    "city": "Bangkok",
    "dates": [
      "2015-12-01"
    ],
    "event": {
      "group": "B",
      "match_number": 11,
      "name": "ICC Women's World Twenty20 Qualifier"
    },
    "gender": "female",
    "match_type": "IT20",
    "officials": {
      "match_referees": [
        "GF Labrooy"
      ],
      "reserve_umpires": [
        "CA Polosak"
      ],
      "umpires": [
        "S Redfern",
        "JM Williams"
      ]
    },
    "outcome": {
      "by": {
        "wickets": 7
      },
      "winner": "Ireland"
    },
    "overs": 20,
    "player_of_match": [
      "IMHC Joyce"
    ],
    "players": {
      "Ireland": [
        "CMA Shillington",
        "CNIM Joyce",
        "KJ Garth",
        "CC Dalton",
        "IMHC Joyce",
        "GH Lewis",
        "RA Lewis",
        "CJ Metcalfe",
        "LK O'Reilly",
        "L Delany",
        "MV Waldron"
      ],
      "Zimbabwe": [
        "M Mupachikwa",
        "CS Mugeri",
        "M Musonda",
        "SM Mayers",
        "P Mujaji",
        "J Nkomo",
        "P Marange",
        "C Chatonzwa",
        "N Nyathi",
        "A Mazvishaya",
        "T Granger"
      ]
    },
    "registry": {
      "people": {
        "A Mazvishaya": "09a58e2d",
        "C Chatonzwa": "da61a9af",
        "CA Polosak": "26a360d2",
        "CC Dalton": "4412ede5",
        "CJ Metcalfe": "d58fdb42",
        "CMA Shillington": "60e11a00",
        "CNIM Joyce": "56418eae",
        "CS Mugeri": "99c86133",
        "GF Labrooy": "8e088dbc",
        "GH Lewis": "1b9d1579",
        "IMHC Joyce": "d3b4b8ed",
        "J Nkomo": "36dfa62e",
        "JM Williams": "b61d9d70",
        "KJ Garth": "0b69a844",
        "L Delany": "b4f73b44",
        "LK O'Reilly": "69a9bb78",
        "M Mupachikwa": "6657b319",
        "M Musonda": "94b52754",
        "MV Waldron": "2e4f11e9",
        "N Nyathi": "f067d87d",
        "P Marange": "a4f1fdd4",
        "P Mujaji": "a246f48f",
        "RA Lewis": "be85b12d",
        "S Redfern": "5b038989",
        "SM Mayers": "91d9613e",
        "T Granger": "2beae660"
      }
    },
    "season": "2015/16",
    "team_type": "international",
    "teams": [
      "Ireland",
      "Zimbabwe"
    ],
    "toss": {
      "decision": "field",
      "winner": "Ireland"
    },
    "venue": "Terdthai Cricket Ground"
  },
  "innings": [
    {
      "team": "Zimbabwe",
      "overs": [
        {
          "over": 0,
          "deliveries": [
            {
              "batter": "M Mupachikwa",
              "bowler": "KJ Garth",
              "non_striker": "CS Mugeri",
              "runs": {
                "batter": 0,
                "extras": 0,
                "total": 0
              }
            },
            {
              "batter": "M Mupachikwa",
              "bowler": "KJ Garth",
              "non_striker": "CS Mugeri",
              "runs": {
                "batter": 0,
                "extras": 0,
                "total": 0
              }
            },
            {
              "batter": "M Mupachikwa",
              "bowler": "KJ Garth",
              "extras": {
                "wides": 1
              },
              "non_striker": "CS Mugeri",
              "runs": {
                "batter": 0,
                "extras": 1,
                "total": 1
              }
            },
            {
              "batter": "M Mupachikwa",
              "bowler": "KJ Garth",
              "non_striker": "CS Mugeri",
              "runs": {
                "batter": 0,
                "extras": 0,
                "total": 0
              }
            },
            {
              "batter": "M Mupachikwa",
              "bowler": "KJ Garth",
              "extras": {
                "wides": 1
              },
              "non_striker": "CS Mugeri",
              "runs": {
                "batter": 0,
                "extras": 1,
                "total": 1
              }
            },
            {
              "batter": "M Mupachikwa",
              "bowler": "KJ Garth",
              "non_striker": "CS Mugeri",
              "runs": {
                "batter": 0,
                "extras": 0,
                "total": 0
              }
            },
            {
              "batter": "M Mupachikwa",
              "bowler": "KJ Garth",
              "non_striker": "CS Mugeri",
              "runs": {
                "batter": 0,
                "extras": 0,
                "total": 0
              }
            },
            {
              "batter": "M Mupachikwa",
              "bowler": "KJ Garth",
              "non_striker": "CS Mugeri",
              "runs": {
                "batter": 2,
                "extras": 0,
                "total": 2
              }
            }
          ]
        },
        {
          "over": 1,
          "deliveries": [
            {
              "batter": "CS Mugeri",
              "bowler": "L Delany",
              "non_striker": "M Mupachikwa",
              "runs": {
                "batter": 0,
                "extras": 0,
                "total": 0
              }
            },
            {
              "batter": "CS Mugeri",
              "bowler": "L Delany",
              "non_striker": "M Mupachikwa",
              "runs": {
                "batter": 0,
                "extras": 0,
                "total": 0
              }
            },
            {
              "batter": "CS Mugeri",
              "bowler": "L Delany",
              "extras": {
                "wides": 1
              },
              "non_striker": "M Mupachikwa",
              "runs": {
                "batter": 0,
                "extras": 1,
                "total": 1
              }
            },
            {
              "batter": "CS Mugeri",
              "bowler": "L Delany",
              "non_striker": "M Mupachikwa",
              "runs": {
                "batter": 1,
                "extras": 0,
                "total": 1
              }
            },
            {
              "batter": "M Mupachikwa",
              "bowler": "L Delany",
              "non_striker": "CS Mugeri",
              "runs": {
                "batter": 2,
                "extras": 0,
                "total": 2
              }
            },
            {
              "batter": "M Mupachikwa",
              "bowler": "L Delany",
              "non_striker": "CS Mugeri",
              "runs": {
                "batter": 1,
                "extras": 0,
                "total": 1
              }
            },
            {
              "batter": "CS Mugeri",
              "bowler": "L Delany",
              "non_striker": "M Mupachikwa",
              "runs": {
                "batter": 2,
                "extras": 0,
                "total": 2
              }
            }
          ]
        },
        {
          "over": 2,
          "deliveries": [
            {
              "batter": "M Mupachikwa",
              "bowler": "KJ Garth",
              "non_striker": "CS Mugeri",
              "runs": {
                "batter": 0,
                "extras": 0,
                "total": 0
              }
            },
            {
              "batter": "M Mupachikwa",
              "bowler": "KJ Garth",
              "non_striker": "CS Mugeri",
              "runs": {
                "batter": 0,
                "extras": 0,
                "total": 0
              }
            },
            {
              "batter": "M Mupachikwa",
              "bowler": "KJ Garth",
              "non_striker": "CS Mugeri",
              "runs": {
                "batter": 0,
                "extras": 0,
                "total": 0
              }
            },
            {
              "batter": "M Mupachikwa",
              "bowler": "KJ Garth",
              "non_striker": "CS Mugeri",
              "runs": {
                "batter": 0,
                "extras": 0,
                "total": 0
              }
            },
            {
              "batter": "M Mupachikwa",
              "bowler": "KJ Garth",
              "non_striker": "CS Mugeri",
              "runs": {
                "batter": 1,
                "extras": 0,
                "total": 1
              }
            },
            {
              "batter": "CS Mugeri",
              "bowler": "KJ Garth",
              "non_striker": "M Mupachikwa",
              "runs": {
                "batter": 0,
                "extras": 0,
                "total": 0
              }
            }
          ]
        },
        {
          "over": 3,
          "deliveries": [
            {
              "batter": "M Mupachikwa",
              "bowler": "L Delany",
              "non_striker": "CS Mugeri",
              "runs": {
                "batter": 1,
                "extras": 0,
                "total": 1
              }
            },
            {
              "batter": "CS Mugeri",
              "bowler": "L Delany",
              "non_striker": "M Mupachikwa",
              "runs": {
                "batter": 0,
                "extras": 0,
                "total": 0
              }
            },
            {
              "batter": "CS Mugeri",
              "bowler": "L Delany",
              "non_striker": "M Mupachikwa",
              "runs": {
                "batter": 4,
                "extras": 0,
                "total": 4
              }
            },
            {
              "batter": "CS Mugeri",
              "bowler": "L Delany",
              "extras": {
                "wides": 1
              },
              "non_striker": "M Mupachikwa",
              "runs": {
                "batter": 0,
                "extras": 1,
                "total": 1
              }
            },
            {
              "batter": "CS Mugeri",
              "bowler": "L Delany",
              "non_striker": "M Mupachikwa",
              "runs": {
                "batter": 0,
                "extras": 0,
                "total": 0
              }
            },
            {
              "batter": "CS Mugeri",
              "bowler": "L Delany",
              "non_striker": "M Mupachikwa",
              "runs": {
                "batter": 1,
                "extras": 0,
                "total": 1
              }
            },
            {
              "batter": "M Mupachikwa",
              "bowler": "L Delany",
              "non_striker": "CS Mugeri",
              "runs": {
                "batter": 0,
                "extras": 0,
                "total": 0
              }
            }
          ]
        },
        {
          "over": 4,
          "deliveries": [
            {
              "batter": "CS Mugeri",
              "bowler": "LK O'Reilly",
              "non_striker": "M Mupachikwa",
              "runs": {
                "batter": 0,
                "extras": 0,
                "total": 0
              }
            },
            {
              "batter": "CS Mugeri",
              "bowler": "LK O'Reilly",
              "non_striker": "M Mupachikwa",
              "runs": {
                "batter": 0,
                "extras": 0,
                "total": 0
              }
            },
            {
              "batter": "CS Mugeri",
              "bowler": "LK O'Reilly",
              "non_striker": "M Mupachikwa",
              "runs": {
                "batter": 0,
                "extras": 0,
                "total": 0
              }
            },
            {
              "batter": "CS Mugeri",
              "bowler": "LK O'Reilly",
              "non_striker": "M Mupachikwa",
              "runs": {
                "batter": 0,
                "extras": 0,
                "total": 0
              }
            },
            {
              "batter": "CS Mugeri",
              "bowler": "LK O'Reilly",
              "non_striker": "M Mupachikwa",
              "runs": {
                "batter": 0,
                "extras": 0,
                "total": 0
              }
            },
            {
              "batter": "CS Mugeri",
              "bowler": "LK O'Reilly",
              "non_striker": "M Mupachikwa",
              "runs": {
                "batter": 1,
                "extras": 0,
                "total": 1
              }
            }
          ]
        },
        {
          "over": 5,
          "deliveries": [
            {
              "batter": "CS Mugeri",
              "bowler": "CJ Metcalfe",
              "non_striker": "M Mupachikwa",
              "runs": {
                "batter": 0,
                "extras": 0,
                "total": 0
              }
            },
            {
              "batter": "CS Mugeri",
              "bowler": "CJ Metcalfe",
              "non_striker": "M Mupachikwa",
              "runs": {
                "batter": 0,
                "extras": 0,
                "total": 0
              }
            },
            {
              "batter": "CS Mugeri",
              "bowler": "CJ Metcalfe",
              "non_striker": "M Mupachikwa",
              "runs": {
                "batter": 0,
                "extras": 0,
                "total": 0
              }
            },
            {
              "batter": "CS Mugeri",
              "bowler": "CJ Metcalfe",
              "non_striker": "M Mupachikwa",
              "runs": {
                "batter": 0,
                "extras": 0,
                "total": 0
              }
            },
            {
              "batter": "CS Mugeri",
              "bowler": "CJ Metcalfe",
              "non_striker": "M Mupachikwa",
              "runs": {
                "batter": 1,
                "extras": 0,
                "total": 1
              }
            },
            {
              "batter": "M Mupachikwa",
              "bowler": "CJ Metcalfe",
              "non_striker": "CS Mugeri",
              "runs": {
                "batter": 0,
                "extras": 0,
                "total": 0
              }
            }
          ]
        },
        {
          "over": 6,
          "deliveries": [
            {
              "batter": "CS Mugeri",
              "bowler": "LK O'Reilly",
              "non_striker": "M Mupachikwa",
              "runs": {
                "batter": 0,
                "extras": 0,
                "total": 0
              }
            },
            {
              "batter": "CS Mugeri",
              "bowler": "LK O'Reilly",
              "non_striker": "M Mupachikwa",
              "runs": {
                "batter": 0,
                "extras": 0,
                "total": 0
              }
            },
            {
              "batter": "CS Mugeri",
              "bowler": "LK O'Reilly",
              "non_striker": "M Mupachikwa",
              "runs": {
                "batter": 0,
                "extras": 0,
                "total": 0
              }
            },
            {
              "batter": "CS Mugeri",
              "bowler": "LK O'Reilly",
              "extras": {
                "byes": 1
              },
              "non_striker": "M Mupachikwa",
              "runs": {
                "batter": 0,
                "extras": 1,
                "total": 1
              }
            },
            {
              "batter": "M Mupachikwa",
              "bowler": "LK O'Reilly",
              "non_striker": "CS Mugeri",
              "runs": {
                "batter": 0,
                "extras": 0,
                "total": 0
              }
            },
            {
              "batter": "M Mupachikwa",
              "bowler": "LK O'Reilly",
              "non_striker": "CS Mugeri",
              "runs": {
                "batter": 1,
                "extras": 0,
                "total": 1
              }
            }
          ]
        },
        {
          "over": 7,
          "deliveries": [
            {
              "batter": "M Mupachikwa",
              "bowler": "CJ Metcalfe",
              "non_striker": "CS Mugeri",
              "runs": {
                "batter": 0,
                "extras": 0,
                "total": 0
              }
            },
            {
              "batter": "M Mupachikwa",
              "bowler": "CJ Metcalfe",
              "non_striker": "CS Mugeri",
              "runs": {
                "batter": 0,
                "extras": 0,
                "total": 0
              }
            },
            {
              "batter": "M Mupachikwa",
              "bowler": "CJ Metcalfe",
              "non_striker": "CS Mugeri",
              "runs": {
                "batter": 1,
                "extras": 0,
                "total": 1
              }
            },
            {
              "batter": "CS Mugeri",
              "bowler": "CJ Metcalfe",
              "non_striker": "M Mupachikwa",
              "runs": {
                "batter": 1,
                "extras": 0,
                "total": 1
              }
            },
            {
              "batter": "M Mupachikwa",
              "bowler": "CJ Metcalfe",
              "non_striker": "CS Mugeri",
              "runs": {
                "batter": 1,
                "extras": 0,
                "total": 1
              }
            },
            {
              "batter": "CS Mugeri",
              "bowler": "CJ Metcalfe",
              "extras": {
                "byes": 2
              },
              "non_striker": "M Mupachikwa",
              "runs": {
                "batter": 0,
                "extras": 2,
                "total": 2
              }
            }
          ]
        },
        {
          "over": 8,
          "deliveries": [
            {
              "batter": "M Mupachikwa",
              "bowler": "IMHC Joyce",
              "non_striker": "CS Mugeri",
              "runs": {
                "batter": 2,
                "extras": 0,
                "total": 2
              }
            },
            {
              "batter": "M Mupachikwa",
              "bowler": "IMHC Joyce",
              "non_striker": "CS Mugeri",
              "runs": {
                "batter": 1,
                "extras": 0,
                "total": 1
              }
            },
            {
              "batter": "CS Mugeri",
              "bowler": "IMHC Joyce",
              "non_striker": "M Mupachikwa",
              "runs": {
                "batter": 0,
                "extras": 0,
                "total": 0
              },
              "wickets": [
                {
                  "kind": "caught",
                  "player_out": "CS Mugeri",
                  "fielders": [
                    {
                      "name": "L Delany"
                    }
                  ]
                }
              ]
            },
            {
              "batter": "M Mupachikwa",
              "bowler": "IMHC Joyce",
              "non_striker": "M Musonda",
              "runs": {
                "batter": 0,
                "extras": 0,
                "total": 0
              }
            },
            {
              "batter": "M Mupachikwa",
              "bowler": "IMHC Joyce",
              "non_striker": "M Musonda",
              "runs": {
                "batter": 1,
                "extras": 0,
                "total": 1
              }
            },
            {
              "batter": "M Musonda",
              "bowler": "IMHC Joyce",
              "non_striker": "M Mupachikwa",
              "runs": {
                "batter": 0,
                "extras": 0,
                "total": 0
              }
            }
          ]
        },
        {
          "over": 9,
          "deliveries": [
            {
              "batter": "M Mupachikwa",
              "bowler": "CJ Metcalfe",
              "non_striker": "M Musonda",
              "runs": {
                "batter": 0,
                "extras": 0,
                "total": 0
              }
            },
            {
              "batter": "M Mupachikwa",
              "bowler": "CJ Metcalfe",
              "non_striker": "M Musonda",
              "runs": {
                "batter": 0,
                "extras": 0,
                "total": 0
              }
            },
            {
              "batter": "M Mupachikwa",
              "bowler": "CJ Metcalfe",
              "non_striker": "M Musonda",
              "runs": {
                "batter": 1,
                "extras": 0,
                "total": 1
              }
            },
            {
              "batter": "M Musonda",
              "bowler": "CJ Metcalfe",
              "non_striker": "M Mupachikwa",
              "runs": {
                "batter": 0,
                "extras": 0,
                "total": 0
              }
            },
            {
              "batter": "M Musonda",
              "bowler": "CJ Metcalfe",
              "extras": {
                "noballs": 1
              },
              "non_striker": "M Mupachikwa",
              "runs": {
                "batter": 0,
                "extras": 1,
                "total": 1
              }
            },
            {
              "batter": "M Musonda",
              "bowler": "CJ Metcalfe",
              "non_striker": "M Mupachikwa",
              "runs": {
                "batter": 1,
                "extras": 0,
                "total": 1
              }
            },
            {
              "batter": "M Mupachikwa",
              "bowler": "CJ Metcalfe",
              "non_striker": "M Musonda",
              "runs": {
                "batter": 0,
                "extras": 0,
                "total": 0
              },
              "wickets": [
                {
                  "kind": "bowled",
                  "player_out": "M Mupachikwa"
                }
              ]
            }
          ]
        },
        {
          "over": 10,
          "deliveries": [
            {
              "batter": "M Musonda",
              "bowler": "IMHC Joyce",
              "non_striker": "SM Mayers",
              "runs": {
                "batter": 1,
                "extras": 0,
                "total": 1
              }
            },
            {
              "batter": "SM Mayers",
              "bowler": "IMHC Joyce",
              "non_striker": "M Musonda",
              "runs": {
                "batter": 1,
                "extras": 0,
                "total": 1
              }
            },
            {
              "batter": "M Musonda",
              "bowler": "IMHC Joyce",
              "non_striker": "SM Mayers",
              "runs": {
                "batter": 1,
                "extras": 0,
                "total": 1
              }
            },
            {
              "batter": "SM Mayers",
              "bowler": "IMHC Joyce",
              "non_striker": "M Musonda",
              "runs": {
                "batter": 1,
                "extras": 0,
                "total": 1
              }
            },
            {
              "batter": "M Musonda",
              "bowler": "IMHC Joyce",
              "non_striker": "SM Mayers",
              "runs": {
                "batter": 4,
                "extras": 0,
                "total": 4
              }
            },
            {
              "batter": "M Musonda",
              "bowler": "IMHC Joyce",
              "non_striker": "SM Mayers",
              "runs": {
                "batter": 0,
                "extras": 0,
                "total": 0
              },
              "wickets": [
                {
                  "kind": "caught",
                  "player_out": "M Musonda",
                  "fielders": [
                    {
                      "name": "GH Lewis"
                    }
                  ]
                }
              ]
            }
          ]
        },
        {
          "over": 11,
          "deliveries": [
            {
              "batter": "P Mujaji",
              "bowler": "CJ Metcalfe",
              "non_striker": "SM Mayers",
              "runs": {
                "batter": 0,
                "extras": 0,
                "total": 0
              }
            },
            {
              "batter": "P Mujaji",
              "bowler": "CJ Metcalfe",
              "non_striker": "SM Mayers",
              "runs": {
                "batter": 0,
                "extras": 0,
                "total": 0
              }
            },
            {
              "batter": "P Mujaji",
              "bowler": "CJ Metcalfe",
              "non_striker": "SM Mayers",
              "runs": {
                "batter": 1,
                "extras": 0,
                "total": 1
              }
            },
            {
              "batter": "SM Mayers",
              "bowler": "CJ Metcalfe",
              "non_striker": "P Mujaji",
              "runs": {
                "batter": 1,
                "extras": 0,
                "total": 1
              }
            },
            {
              "batter": "P Mujaji",
              "bowler": "CJ Metcalfe",
              "non_striker": "SM Mayers",
              "runs": {
                "batter": 4,
                "extras": 0,
                "total": 4
              }
            },
            {
              "batter": "P Mujaji",
              "bowler": "CJ Metcalfe",
              "non_striker": "SM Mayers",
              "runs": {
                "batter": 0,
                "extras": 0,
                "total": 0
              }
            }
          ]
        },
        {
          "over": 12,
          "deliveries": [
            {
              "batter": "SM Mayers",
              "bowler": "IMHC Joyce",
              "non_striker": "P Mujaji",
              "runs": {
                "batter": 2,
                "extras": 0,
                "total": 2
              }
            },
            {
              "batter": "SM Mayers",
              "bowler": "IMHC Joyce",
              "non_striker": "P Mujaji",
              "runs": {
                "batter": 0,
                "extras": 0,
                "total": 0
              },
              "wickets": [
                {
                  "kind": "caught",
                  "player_out": "SM Mayers",
                  "fielders": [
                    {
                      "name": "GH Lewis"
                    }
                  ]
                }
              ]
            },
            {
              "batter": "J Nkomo",
              "bowler": "IMHC Joyce",
              "non_striker": "P Mujaji",
              "runs": {
                "batter": 0,
                "extras": 0,
                "total": 0
              }
            },
            {
              "batter": "J Nkomo",
              "bowler": "IMHC Joyce",
              "non_striker": "P Mujaji",
              "runs": {
                "batter": 0,
                "extras": 0,
                "total": 0
              }
            },
            {
              "batter": "J Nkomo",
              "bowler": "IMHC Joyce",
              "extras": {
                "wides": 1
              },
              "non_striker": "P Mujaji",
              "runs": {
                "batter": 0,
                "extras": 1,
                "total": 1
              }
            },
            {
              "batter": "J Nkomo",
              "bowler": "IMHC Joyce",
              "non_striker": "P Mujaji",
              "runs": {
                "batter": 1,
                "extras": 0,
                "total": 1
              }
            },
            {
              "batter": "P Mujaji",
              "bowler": "IMHC Joyce",
              "non_striker": "J Nkomo",
              "runs": {
                "batter": 1,
                "extras": 0,
                "total": 1
              }
            }
          ]
        },
        {
          "over": 13,
          "deliveries": [
            {
              "batter": "P Mujaji",
              "bowler": "RA Lewis",
              "non_striker": "J Nkomo",
              "runs": {
                "batter": 1,
                "extras": 0,
                "total": 1
              }
            },
            {
              "batter": "J Nkomo",
              "bowler": "RA Lewis",
              "non_striker": "P Mujaji",
              "runs": {
                "batter": 0,
                "extras": 0,
                "total": 0
              }
            },
            {
              "batter": "J Nkomo",
              "bowler": "RA Lewis",
              "non_striker": "P Mujaji",
              "runs": {
                "batter": 0,
                "extras": 0,
                "total": 0
              }
            },
            {
              "batter": "J Nkomo",
              "bowler": "RA Lewis",
              "non_striker": "P Mujaji",
              "runs": {
                "batter": 0,
                "extras": 0,
                "total": 0
              }
            },
            {
              "batter": "J Nkomo",
              "bowler": "RA Lewis",
              "non_striker": "P Mujaji",
              "runs": {
                "batter": 1,
                "extras": 0,
                "total": 1
              }
            },
            {
              "batter": "P Mujaji",
              "bowler": "RA Lewis",
              "non_striker": "J Nkomo",
              "runs": {
                "batter": 1,
                "extras": 0,
                "total": 1
              }
            }
          ]
        },
        {
          "over": 14,
          "deliveries": [
            {
              "batter": "P Mujaji",
              "bowler": "KJ Garth",
              "non_striker": "J Nkomo",
              "runs": {
                "batter": 1,
                "extras": 0,
                "total": 1
              }
            },
            {
              "batter": "J Nkomo",
              "bowler": "KJ Garth",
              "non_striker": "P Mujaji",
              "runs": {
                "batter": 1,
                "extras": 0,
                "total": 1
              }
            },
            {
              "batter": "P Mujaji",
              "bowler": "KJ Garth",
              "non_striker": "J Nkomo",
              "runs": {
                "batter": 1,
                "extras": 0,
                "total": 1
              }
            },
            {
              "batter": "J Nkomo",
              "bowler": "KJ Garth",
              "non_striker": "P Mujaji",
              "runs": {
                "batter": 0,
                "extras": 0,
                "total": 0
              }
            },
            {
              "batter": "J Nkomo",
              "bowler": "KJ Garth",
              "non_striker": "P Mujaji",
              "runs": {
                "batter": 1,
                "extras": 0,
                "total": 1
              }
            },
            {
              "batter": "P Mujaji",
              "bowler": "KJ Garth",
              "non_striker": "J Nkomo",
              "runs": {
                "batter": 1,
                "extras": 0,
                "total": 1
              }
            }
          ]
        },
        {
          "over": 15,
          "deliveries": [
            {
              "batter": "P Mujaji",
              "bowler": "RA Lewis",
              "non_striker": "J Nkomo",
              "runs": {
                "batter": 0,
                "extras": 0,
                "total": 0
              }
            },
            {
              "batter": "P Mujaji",
              "bowler": "RA Lewis",
              "non_striker": "J Nkomo",
              "runs": {
                "batter": 1,
                "extras": 0,
                "total": 1
              }
            },
            {
              "batter": "J Nkomo",
              "bowler": "RA Lewis",
              "non_striker": "P Mujaji",
              "runs": {
                "batter": 1,
                "extras": 0,
                "total": 1
              }
            },
            {
              "batter": "P Mujaji",
              "bowler": "RA Lewis",
              "non_striker": "J Nkomo",
              "runs": {
                "batter": 0,
                "extras": 0,
                "total": 0
              },
              "wickets": [
                {
                  "kind": "stumped",
                  "player_out": "P Mujaji",
                  "fielders": [
                    {
                      "name": "MV Waldron"
                    }
                  ]
                }
              ]
            },
            {
              "batter": "P Marange",
              "bowler": "RA Lewis",
              "non_striker": "J Nkomo",
              "runs": {
                "batter": 4,
                "extras": 0,
                "total": 4
              }
            },
            {
              "batter": "P Marange",
              "bowler": "RA Lewis",
              "non_striker": "J Nkomo",
              "runs": {
                "batter": 0,
                "extras": 0,
                "total": 0
              },
              "wickets": [
                {
                  "kind": "caught",
                  "player_out": "P Marange",
                  "fielders": [
                    {
                      "name": "IMHC Joyce"
                    }
                  ]
                }
              ]
            }
          ]
        },
        {
          "over": 16,
          "deliveries": [
            {
              "batter": "C Chatonzwa",
              "bowler": "KJ Garth",
              "non_striker": "J Nkomo",
              "runs": {
                "batter": 0,
                "extras": 0,
                "total": 0
              }
            },
            {
              "batter": "C Chatonzwa",
              "bowler": "KJ Garth",
              "extras": {
                "wides": 1
              },
              "non_striker": "J Nkomo",
              "runs": {
                "batter": 0,
                "extras": 1,
                "total": 1
              }
            },
            {
              "batter": "C Chatonzwa",
              "bowler": "KJ Garth",
              "non_striker": "J Nkomo",
              "runs": {
                "batter": 0,
                "extras": 0,
                "total": 0
              }
            },
            {
              "batter": "C Chatonzwa",
              "bowler": "KJ Garth",
              "non_striker": "J Nkomo",
              "runs": {
                "batter": 1,
                "extras": 0,
                "total": 1
              }
            },
            {
              "batter": "J Nkomo",
              "bowler": "KJ Garth",
              "non_striker": "C Chatonzwa",
              "runs": {
                "batter": 0,
                "extras": 0,
                "total": 0
              }
            },
            {
              "batter": "J Nkomo",
              "bowler": "KJ Garth",
              "non_striker": "C Chatonzwa",
              "runs": {
                "batter": 0,
                "extras": 0,
                "total": 0
              },
              "wickets": [
                {
                  "kind": "caught",
                  "player_out": "J Nkomo",
                  "fielders": [
                    {
                      "name": "IMHC Joyce"
                    }
                  ]
                }
              ]
            },
            {
              "batter": "N Nyathi",
              "bowler": "KJ Garth",
              "non_striker": "C Chatonzwa",
              "runs": {
                "batter": 0,
                "extras": 0,
                "total": 0
              }
            }
          ]
        },
        {
          "over": 17,
          "deliveries": [
            {
              "batter": "C Chatonzwa",
              "bowler": "LK O'Reilly",
              "non_striker": "N Nyathi",
              "runs": {
                "batter": 1,
                "extras": 0,
                "total": 1
              }
            },
            {
              "batter": "N Nyathi",
              "bowler": "LK O'Reilly",
              "non_striker": "C Chatonzwa",
              "runs": {
                "batter": 1,
                "extras": 0,
                "total": 1
              }
            },
            {
              "batter": "C Chatonzwa",
              "bowler": "LK O'Reilly",
              "non_striker": "N Nyathi",
              "runs": {
                "batter": 1,
                "extras": 0,
                "total": 1
              }
            },
            {
              "batter": "N Nyathi",
              "bowler": "LK O'Reilly",
              "non_striker": "C Chatonzwa",
              "runs": {
                "batter": 0,
                "extras": 0,
                "total": 0
              },
              "wickets": [
                {
                  "kind": "bowled",
                  "player_out": "N Nyathi"
                }
              ]
            },
            {
              "batter": "A Mazvishaya",
              "bowler": "LK O'Reilly",
              "extras": {
                "wides": 1
              },
              "non_striker": "C Chatonzwa",
              "runs": {
                "batter": 0,
                "extras": 1,
                "total": 1
              }
            },
            {
              "batter": "A Mazvishaya",
              "bowler": "LK O'Reilly",
              "non_striker": "C Chatonzwa",
              "runs": {
                "batter": 0,
                "extras": 0,
                "total": 0
              }
            },
            {
              "batter": "A Mazvishaya",
              "bowler": "LK O'Reilly",
              "non_striker": "C Chatonzwa",
              "runs": {
                "batter": 1,
                "extras": 0,
                "total": 1
              }
            }
          ]
        },
        {
          "over": 18,
          "deliveries": [
            {
              "batter": "A Mazvishaya",
              "bowler": "IMHC Joyce",
              "non_striker": "C Chatonzwa",
              "runs": {
                "batter": 1,
                "extras": 0,
                "total": 1
              }
            },
            {
              "batter": "C Chatonzwa",
              "bowler": "IMHC Joyce",
              "non_striker": "A Mazvishaya",
              "runs": {
                "batter": 1,
                "extras": 0,
                "total": 1
              }
            },
            {
              "batter": "A Mazvishaya",
              "bowler": "IMHC Joyce",
              "non_striker": "C Chatonzwa",
              "runs": {
                "batter": 1,
                "extras": 0,
                "total": 1
              }
            },
            {
              "batter": "C Chatonzwa",
              "bowler": "IMHC Joyce",
              "non_striker": "A Mazvishaya",
              "runs": {
                "batter": 0,
                "extras": 0,
                "total": 0
              }
            },
            {
              "batter": "C Chatonzwa",
              "bowler": "IMHC Joyce",
              "non_striker": "A Mazvishaya",
              "runs": {
                "batter": 0,
                "extras": 0,
                "total": 0
              },
              "wickets": [
                {
                  "kind": "run out",
                  "player_out": "A Mazvishaya",
                  "fielders": [
                    {
                      "name": "LK O'Reilly"
                    }
                  ]
                }
              ]
            },
            {
              "batter": "C Chatonzwa",
              "bowler": "IMHC Joyce",
              "non_striker": "T Granger",
              "runs": {
                "batter": 0,
                "extras": 0,
                "total": 0
              },
              "wickets": [
                {
                  "kind": "bowled",
                  "player_out": "C Chatonzwa"
                }
              ]
            }
          ]
        }
      ],
      "powerplays": [
        {
          "from": 0.1,
          "to": 5.6,
          "type": "mandatory"
        }
      ]
    },
    {
      "team": "Ireland",
      "overs": [
        {
          "over": 0,
          "deliveries": [
            {
              "batter": "CMA Shillington",
              "bowler": "P Marange",
              "non_striker": "CNIM Joyce",
              "runs": {
                "batter": 2,
                "extras": 0,
                "total": 2
              }
            },
            {
              "batter": "CMA Shillington",
              "bowler": "P Marange",
              "non_striker": "CNIM Joyce",
              "runs": {
                "batter": 0,
                "extras": 0,
                "total": 0
              }
            },
            {
              "batter": "CMA Shillington",
              "bowler": "P Marange",
              "non_striker": "CNIM Joyce",
              "runs": {
                "batter": 0,
                "extras": 0,
                "total": 0
              }
            },
            {
              "batter": "CMA Shillington",
              "bowler": "P Marange",
              "non_striker": "CNIM Joyce",
              "runs": {
                "batter": 2,
                "extras": 0,
                "total": 2
              }
            },
            {
              "batter": "CMA Shillington",
              "bowler": "P Marange",
              "non_striker": "CNIM Joyce",
              "runs": {
                "batter": 0,
                "extras": 0,
                "total": 0
              }
            },
            {
              "batter": "CMA Shillington",
              "bowler": "P Marange",
              "non_striker": "CNIM Joyce",
              "runs": {
                "batter": 2,
                "extras": 0,
                "total": 2
              }
            }
          ]
        },
        {
          "over": 1,
          "deliveries": [
            {
              "batter": "CNIM Joyce",
              "bowler": "A Mazvishaya",
              "non_striker": "CMA Shillington",
              "runs": {
                "batter": 1,
                "extras": 0,
                "total": 1
              }
            },
            {
              "batter": "CMA Shillington",
              "bowler": "A Mazvishaya",
              "non_striker": "CNIM Joyce",
              "runs": {
                "batter": 0,
                "extras": 0,
                "total": 0
              }
            },
            {
              "batter": "CMA Shillington",
              "bowler": "A Mazvishaya",
              "non_striker": "CNIM Joyce",
              "runs": {
                "batter": 0,
                "extras": 0,
                "total": 0
              }
            },
            {
              "batter": "CMA Shillington",
              "bowler": "A Mazvishaya",
              "non_striker": "CNIM Joyce",
              "runs": {
                "batter": 1,
                "extras": 0,
                "total": 1
              }
            },
            {
              "batter": "CNIM Joyce",
              "bowler": "A Mazvishaya",
              "non_striker": "CMA Shillington",
              "runs": {
                "batter": 0,
                "extras": 0,
                "total": 0
              }
            },
            {
              "batter": "CNIM Joyce",
              "bowler": "A Mazvishaya",
              "non_striker": "CMA Shillington",
              "runs": {
                "batter": 1,
                "extras": 0,
                "total": 1
              }
            }
          ]
        },
        {
          "over": 2,
          "deliveries": [
            {
              "batter": "CNIM Joyce",
              "bowler": "P Marange",
              "extras": {
                "wides": 1
              },
              "non_striker": "CMA Shillington",
              "runs": {
                "batter": 0,
                "extras": 1,
                "total": 1
              }
            },
            {
              "batter": "CNIM Joyce",
              "bowler": "P Marange",
              "non_striker": "CMA Shillington",
              "runs": {
                "batter": 2,
                "extras": 0,
                "total": 2
              }
            },
            {
              "batter": "CNIM Joyce",
              "bowler": "P Marange",
              "non_striker": "CMA Shillington",
              "runs": {
                "batter": 0,
                "extras": 0,
                "total": 0
              }
            },
            {
              "batter": "CNIM Joyce",
              "bowler": "P Marange",
              "non_striker": "CMA Shillington",
              "runs": {
                "batter": 1,
                "extras": 0,
                "total": 1
              }
            },
            {
              "batter": "CMA Shillington",
              "bowler": "P Marange",
              "non_striker": "CNIM Joyce",
              "runs": {
                "batter": 0,
                "extras": 0,
                "total": 0
              }
            },
            {
              "batter": "CMA Shillington",
              "bowler": "P Marange",
              "non_striker": "CNIM Joyce",
              "runs": {
                "batter": 0,
                "extras": 0,
                "total": 0
              }
            },
            {
              "batter": "CMA Shillington",
              "bowler": "P Marange",
              "non_striker": "CNIM Joyce",
              "runs": {
                "batter": 0,
                "extras": 0,
                "total": 0
              }
            }
          ]
        },
        {
          "over": 3,
          "deliveries": [
            {
              "batter": "CNIM Joyce",
              "bowler": "A Mazvishaya",
              "non_striker": "CMA Shillington",
              "runs": {
                "batter": 4,
                "extras": 0,
                "total": 4
              }
            },
            {
              "batter": "CNIM Joyce",
              "bowler": "A Mazvishaya",
              "non_striker": "CMA Shillington",
              "runs": {
                "batter": 0,
                "extras": 0,
                "total": 0
              }
            },
            {
              "batter": "CNIM Joyce",
              "bowler": "A Mazvishaya",
              "non_striker": "CMA Shillington",
              "runs": {
                "batter": 1,
                "extras": 0,
                "total": 1
              }
            },
            {
              "batter": "CMA Shillington",
              "bowler": "A Mazvishaya",
              "non_striker": "CNIM Joyce",
              "runs": {
                "batter": 0,
                "extras": 0,
                "total": 0
              }
            },
            {
              "batter": "CMA Shillington",
              "bowler": "A Mazvishaya",
              "non_striker": "CNIM Joyce",
              "runs": {
                "batter": 1,
                "extras": 0,
                "total": 1
              }
            },
            {
              "batter": "CNIM Joyce",
              "bowler": "A Mazvishaya",
              "non_striker": "CMA Shillington",
              "runs": {
                "batter": 1,
                "extras": 0,
                "total": 1
              }
            }
          ]
        },
        {
          "over": 4,
          "deliveries": [
            {
              "batter": "CNIM Joyce",
              "bowler": "P Marange",
              "non_striker": "CMA Shillington",
              "runs": {
                "batter": 0,
                "extras": 0,
                "total": 0
              }
            },
            {
              "batter": "CNIM Joyce",
              "bowler": "P Marange",
              "non_striker": "CMA Shillington",
              "runs": {
                "batter": 0,
                "extras": 0,
                "total": 0
              }
            },
            {
              "batter": "CNIM Joyce",
              "bowler": "P Marange",
              "non_striker": "CMA Shillington",
              "runs": {
                "batter": 0,
                "extras": 0,
                "total": 0
              }
            },
            {
              "batter": "CNIM Joyce",
              "bowler": "P Marange",
              "non_striker": "CMA Shillington",
              "runs": {
                "batter": 0,
                "extras": 0,
                "total": 0
              }
            },
            {
              "batter": "CNIM Joyce",
              "bowler": "P Marange",
              "non_striker": "CMA Shillington",
              "runs": {
                "batter": 0,
                "extras": 0,
                "total": 0
              }
            },
            {
              "batter": "CNIM Joyce",
              "bowler": "P Marange",
              "non_striker": "CMA Shillington",
              "runs": {
                "batter": 1,
                "extras": 0,
                "total": 1
              }
            }
          ]
        },
        {
          "over": 5,
          "deliveries": [
            {
              "batter": "CNIM Joyce",
              "bowler": "T Granger",
              "non_striker": "CMA Shillington",
              "runs": {
                "batter": 1,
                "extras": 0,
                "total": 1
              }
            },
            {
              "batter": "CMA Shillington",
              "bowler": "T Granger",
              "extras": {
                "wides": 1
              },
              "non_striker": "CNIM Joyce",
              "runs": {
                "batter": 0,
                "extras": 1,
                "total": 1
              }
            },
            {
              "batter": "CMA Shillington",
              "bowler": "T Granger",
              "extras": {
                "wides": 1
              },
              "non_striker": "CNIM Joyce",
              "runs": {
                "batter": 0,
                "extras": 1,
                "total": 1
              }
            },
            {
              "batter": "CMA Shillington",
              "bowler": "T Granger",
              "non_striker": "CNIM Joyce",
              "runs": {
                "batter": 0,
                "extras": 0,
                "total": 0
              }
            },
            {
              "batter": "CMA Shillington",
              "bowler": "T Granger",
              "non_striker": "CNIM Joyce",
              "runs": {
                "batter": 0,
                "extras": 0,
                "total": 0
              }
            },
            {
              "batter": "CMA Shillington",
              "bowler": "T Granger",
              "non_striker": "CNIM Joyce",
              "runs": {
                "batter": 1,
                "extras": 0,
                "total": 1
              }
            },
            {
              "batter": "CNIM Joyce",
              "bowler": "T Granger",
              "non_striker": "CMA Shillington",
              "runs": {
                "batter": 4,
                "extras": 0,
                "total": 4
              }
            },
            {
              "batter": "CNIM Joyce",
              "bowler": "T Granger",
              "non_striker": "CMA Shillington",
              "runs": {
                "batter": 1,
                "extras": 0,
                "total": 1
              }
            }
          ]
        },
        {
          "over": 6,
          "deliveries": [
            {
              "batter": "CNIM Joyce",
              "bowler": "C Chatonzwa",
              "non_striker": "CMA Shillington",
              "runs": {
                "batter": 0,
                "extras": 0,
                "total": 0
              }
            },
            {
              "batter": "CNIM Joyce",
              "bowler": "C Chatonzwa",
              "non_striker": "CMA Shillington",
              "runs": {
                "batter": 1,
                "extras": 0,
                "total": 1
              }
            },
            {
              "batter": "CMA Shillington",
              "bowler": "C Chatonzwa",
              "non_striker": "CNIM Joyce",
              "runs": {
                "batter": 1,
                "extras": 0,
                "total": 1
              }
            },
            {
              "batter": "CNIM Joyce",
              "bowler": "C Chatonzwa",
              "non_striker": "CMA Shillington",
              "runs": {
                "batter": 0,
                "extras": 0,
                "total": 0
              }
            },
            {
              "batter": "CNIM Joyce",
              "bowler": "C Chatonzwa",
              "non_striker": "CMA Shillington",
              "runs": {
                "batter": 1,
                "extras": 0,
                "total": 1
              }
            },
            {
              "batter": "CMA Shillington",
              "bowler": "C Chatonzwa",
              "non_striker": "CNIM Joyce",
              "runs": {
                "batter": 1,
                "extras": 0,
                "total": 1
              }
            }
          ]
        },
        {
          "over": 7,
          "deliveries": [
            {
              "batter": "CMA Shillington",
              "bowler": "CS Mugeri",
              "non_striker": "CNIM Joyce",
              "runs": {
                "batter": 1,
                "extras": 0,
                "total": 1
              }
            },
            {
              "batter": "CNIM Joyce",
              "bowler": "CS Mugeri",
              "non_striker": "CMA Shillington",
              "runs": {
                "batter": 1,
                "extras": 0,
                "total": 1
              }
            },
            {
              "batter": "CMA Shillington",
              "bowler": "CS Mugeri",
              "non_striker": "CNIM Joyce",
              "runs": {
                "batter": 1,
                "extras": 0,
                "total": 1
              }
            },
            {
              "batter": "CNIM Joyce",
              "bowler": "CS Mugeri",
              "non_striker": "CMA Shillington",
              "runs": {
                "batter": 1,
                "extras": 0,
                "total": 1
              }
            },
            {
              "batter": "CMA Shillington",
              "bowler": "CS Mugeri",
              "non_striker": "CNIM Joyce",
              "runs": {
                "batter": 0,
                "extras": 0,
                "total": 0
              }
            },
            {
              "batter": "CMA Shillington",
              "bowler": "CS Mugeri",
              "non_striker": "CNIM Joyce",
              "runs": {
                "batter": 4,
                "extras": 0,
                "total": 4
              }
            }
          ]
        },
        {
          "over": 8,
          "deliveries": [
            {
              "batter": "CNIM Joyce",
              "bowler": "C Chatonzwa",
              "non_striker": "CMA Shillington",
              "runs": {
                "batter": 0,
                "extras": 0,
                "total": 0
              }
            },
            {
              "batter": "CNIM Joyce",
              "bowler": "C Chatonzwa",
              "non_striker": "CMA Shillington",
              "runs": {
                "batter": 0,
                "extras": 0,
                "total": 0
              }
            },
            {
              "batter": "CNIM Joyce",
              "bowler": "C Chatonzwa",
              "non_striker": "CMA Shillington",
              "runs": {
                "batter": 0,
                "extras": 0,
                "total": 0
              }
            },
            {
              "batter": "CNIM Joyce",
              "bowler": "C Chatonzwa",
              "non_striker": "CMA Shillington",
              "runs": {
                "batter": 1,
                "extras": 0,
                "total": 1
              }
            },
            {
              "batter": "CMA Shillington",
              "bowler": "C Chatonzwa",
              "non_striker": "CNIM Joyce",
              "runs": {
                "batter": 4,
                "extras": 0,
                "total": 4
              }
            },
            {
              "batter": "CMA Shillington",
              "bowler": "C Chatonzwa",
              "non_striker": "CNIM Joyce",
              "runs": {
                "batter": 1,
                "extras": 0,
                "total": 1
              }
            }
          ]
        },
        {
          "over": 9,
          "deliveries": [
            {
              "batter": "CMA Shillington",
              "bowler": "CS Mugeri",
              "non_striker": "CNIM Joyce",
              "runs": {
                "batter": 0,
                "extras": 0,
                "total": 0
              },
              "wickets": [
                {
                  "kind": "caught",
                  "player_out": "CMA Shillington",
                  "fielders": [
                    {
                      "name": "T Granger"
                    }
                  ]
                }
              ]
            },
            {
              "batter": "KJ Garth",
              "bowler": "CS Mugeri",
              "non_striker": "CNIM Joyce",
              "runs": {
                "batter": 0,
                "extras": 0,
                "total": 0
              }
            },
            {
              "batter": "KJ Garth",
              "bowler": "CS Mugeri",
              "non_striker": "CNIM Joyce",
              "runs": {
                "batter": 0,
                "extras": 0,
                "total": 0
              }
            },
            {
              "batter": "KJ Garth",
              "bowler": "CS Mugeri",
              "non_striker": "CNIM Joyce",
              "runs": {
                "batter": 0,
                "extras": 0,
                "total": 0
              }
            },
            {
              "batter": "KJ Garth",
              "bowler": "CS Mugeri",
              "non_striker": "CNIM Joyce",
              "runs": {
                "batter": 0,
                "extras": 0,
                "total": 0
              }
            },
            {
              "batter": "KJ Garth",
              "bowler": "CS Mugeri",
              "non_striker": "CNIM Joyce",
              "runs": {
                "batter": 0,
                "extras": 0,
                "total": 0
              }
            }
          ]
        },
        {
          "over": 10,
          "deliveries": [
            {
              "batter": "CNIM Joyce",
              "bowler": "C Chatonzwa",
              "non_striker": "KJ Garth",
              "runs": {
                "batter": 0,
                "extras": 0,
                "total": 0
              }
            },
            {
              "batter": "CNIM Joyce",
              "bowler": "C Chatonzwa",
              "non_striker": "KJ Garth",
              "runs": {
                "batter": 0,
                "extras": 0,
                "total": 0
              }
            },
            {
              "batter": "CNIM Joyce",
              "bowler": "C Chatonzwa",
              "non_striker": "KJ Garth",
              "runs": {
                "batter": 6,
                "extras": 0,
                "total": 6
              }
            },
            {
              "batter": "CNIM Joyce",
              "bowler": "C Chatonzwa",
              "non_striker": "KJ Garth",
              "runs": {
                "batter": 2,
                "extras": 0,
                "total": 2
              }
            },
            {
              "batter": "CNIM Joyce",
              "bowler": "C Chatonzwa",
              "non_striker": "KJ Garth",
              "runs": {
                "batter": 0,
                "extras": 0,
                "total": 0
              }
            },
            {
              "batter": "CNIM Joyce",
              "bowler": "C Chatonzwa",
              "non_striker": "KJ Garth",
              "runs": {
                "batter": 4,
                "extras": 0,
                "total": 4
              }
            }
          ]
        },
        {
          "over": 11,
          "deliveries": [
            {
              "batter": "KJ Garth",
              "bowler": "CS Mugeri",
              "non_striker": "CNIM Joyce",
              "runs": {
                "batter": 0,
                "extras": 0,
                "total": 0
              }
            },
            {
              "batter": "KJ Garth",
              "bowler": "CS Mugeri",
              "non_striker": "CNIM Joyce",
              "runs": {
                "batter": 0,
                "extras": 0,
                "total": 0
              },
              "wickets": [
                {
                  "kind": "run out",
                  "player_out": "KJ Garth",
                  "fielders": [
                    {
                      "name": "N Nyathi"
                    },
                    {
                      "name": "M Musonda"
                    }
                  ]
                }
              ]
            },
            {
              "batter": "CC Dalton",
              "bowler": "CS Mugeri",
              "non_striker": "CNIM Joyce",
              "runs": {
                "batter": 2,
                "extras": 0,
                "total": 2
              }
            },
            {
              "batter": "CC Dalton",
              "bowler": "CS Mugeri",
              "non_striker": "CNIM Joyce",
              "runs": {
                "batter": 0,
                "extras": 0,
                "total": 0
              }
            },
            {
              "batter": "CC Dalton",
              "bowler": "CS Mugeri",
              "non_striker": "CNIM Joyce",
              "runs": {
                "batter": 0,
                "extras": 0,
                "total": 0
              }
            },
            {
              "batter": "CC Dalton",
              "bowler": "CS Mugeri",
              "non_striker": "CNIM Joyce",
              "runs": {
                "batter": 0,
                "extras": 0,
                "total": 0
              }
            }
          ]
        },
        {
          "over": 12,
          "deliveries": [
            {
              "batter": "CNIM Joyce",
              "bowler": "C Chatonzwa",
              "non_striker": "CC Dalton",
              "runs": {
                "batter": 1,
                "extras": 0,
                "total": 1
              }
            },
            {
              "batter": "CC Dalton",
              "bowler": "C Chatonzwa",
              "non_striker": "CNIM Joyce",
              "runs": {
                "batter": 1,
                "extras": 0,
                "total": 1
              }
            },
            {
              "batter": "CNIM Joyce",
              "bowler": "C Chatonzwa",
              "non_striker": "CC Dalton",
              "runs": {
                "batter": 0,
                "extras": 0,
                "total": 0
              },
              "wickets": [
                {
                  "kind": "caught",
                  "player_out": "CNIM Joyce",
                  "fielders": [
                    {
                      "name": "SM Mayers"
                    }
                  ]
                }
              ]
            },
            {
              "batter": "CC Dalton",
              "bowler": "C Chatonzwa",
              "non_striker": "IMHC Joyce",
              "runs": {
                "batter": 0,
                "extras": 0,
                "total": 0
              }
            },
            {
              "batter": "CC Dalton",
              "bowler": "C Chatonzwa",
              "extras": {
                "wides": 1
              },
              "non_striker": "IMHC Joyce",
              "runs": {
                "batter": 0,
                "extras": 1,
                "total": 1
              }
            },
            {
              "batter": "CC Dalton",
              "bowler": "C Chatonzwa",
              "non_striker": "IMHC Joyce",
              "runs": {
                "batter": 1,
                "extras": 0,
                "total": 1
              }
            },
            {
              "batter": "IMHC Joyce",
              "bowler": "C Chatonzwa",
              "non_striker": "CC Dalton",
              "runs": {
                "batter": 0,
                "extras": 0,
                "total": 0
              }
            }
          ]
        },
        {
          "over": 13,
          "deliveries": [
            {
              "batter": "CC Dalton",
              "bowler": "CS Mugeri",
              "non_striker": "IMHC Joyce",
              "runs": {
                "batter": 2,
                "extras": 0,
                "total": 2
              }
            },
            {
              "batter": "CC Dalton",
              "bowler": "CS Mugeri",
              "non_striker": "IMHC Joyce",
              "runs": {
                "batter": 1,
                "extras": 0,
                "total": 1
              }
            },
            {
              "batter": "IMHC Joyce",
              "bowler": "CS Mugeri",
              "non_striker": "CC Dalton",
              "runs": {
                "batter": 0,
                "extras": 0,
                "total": 0
              }
            },
            {
              "batter": "IMHC Joyce",
              "bowler": "CS Mugeri",
              "extras": {
                "wides": 1
              },
              "non_striker": "CC Dalton",
              "runs": {
                "batter": 0,
                "extras": 1,
                "total": 1
              }
            },
            {
              "batter": "IMHC Joyce",
              "bowler": "CS Mugeri",
              "non_striker": "CC Dalton",
              "runs": {
                "batter": 0,
                "extras": 0,
                "total": 0
              }
            },
            {
              "batter": "IMHC Joyce",
              "bowler": "CS Mugeri",
              "non_striker": "CC Dalton",
              "runs": {
                "batter": 2,
                "extras": 0,
                "total": 2
              }
            },
            {
              "batter": "IMHC Joyce",
              "bowler": "CS Mugeri",
              "non_striker": "CC Dalton",
              "runs": {
                "batter": 1,
                "extras": 0,
                "total": 1
              }
            }
          ]
        },
        {
          "over": 14,
          "deliveries": [
            {
              "batter": "IMHC Joyce",
              "bowler": "P Marange",
              "non_striker": "CC Dalton",
              "runs": {
                "batter": 2,
                "extras": 0,
                "total": 2
              }
            },
            {
              "batter": "IMHC Joyce",
              "bowler": "P Marange",
              "non_striker": "CC Dalton",
              "runs": {
                "batter": 0,
                "extras": 0,
                "total": 0
              }
            },
            {
              "batter": "IMHC Joyce",
              "bowler": "P Marange",
              "non_striker": "CC Dalton",
              "runs": {
                "batter": 2,
                "extras": 0,
                "total": 2
              }
            },
            {
              "batter": "IMHC Joyce",
              "bowler": "P Marange",
              "non_striker": "CC Dalton",
              "runs": {
                "batter": 1,
                "extras": 0,
                "total": 1
              }
            },
            {
              "batter": "CC Dalton",
              "bowler": "P Marange",
              "non_striker": "IMHC Joyce",
              "runs": {
                "batter": 0,
                "extras": 0,
                "total": 0
              }
            },
            {
              "batter": "CC Dalton",
              "bowler": "P Marange",
              "non_striker": "IMHC Joyce",
              "runs": {
                "batter": 0,
                "extras": 0,
                "total": 0
              }
            }
          ]
        },
        {
          "over": 15,
          "deliveries": [
            {
              "batter": "IMHC Joyce",
              "bowler": "J Nkomo",
              "non_striker": "CC Dalton",
              "runs": {
                "batter": 0,
                "extras": 0,
                "total": 0
              }
            },
            {
              "batter": "IMHC Joyce",
              "bowler": "J Nkomo",
              "non_striker": "CC Dalton",
              "runs": {
                "batter": 1,
                "extras": 0,
                "total": 1
              }
            }
          ]
        }
      ],
      "powerplays": [
        {
          "from": 0.1,
          "to": 5.8,
          "type": "mandatory"
        }
      ],
      "target": {
        "overs": 20,
        "runs": 79
      }
    }
  ]
}