{
  "meta": {
    "data_version": "1.0.0",
    "created": "2015-12-07",
    "revision": 2
  },
  "info": {
    "balls_per_over": 6,
    "city": "Bangkok",
    "dates": [
      "2015-12-03"
    ],
    "event": {
      "name": "ICC Women's World Twenty20 Qualifier",
      "stage": "Trophy Semi Final"
    },
    "gender": "female",
    "match_type": "IT20",
    "officials": {
      "match_referees": [
        "GF Labrooy"
      ],
      "reserve_umpires": [
        "K Cross"
      ],
      "umpires": [
        "CA Polosak",
        "JM Williams"
      ]
    },
    "outcome": {
      "by": {
        "wickets": 9
      },
      "winner": "Ireland"
    },
    "overs": 20,
    "player_of_match": [
      "LK O'Reilly"
    ],
    "players": {
      "Ireland": [
        "CMA Shillington",
        "CNIM Joyce",
        "KJ Garth",
        "L Delany",
        "CC Dalton",
        "GH Lewis",
        "RA Lewis",
        "CJ Metcalfe",
        "LK O'Reilly",
        "IMHC Joyce",
        "MV Waldron"
      ],
      "Scotland": [
        "FE Urquhart",
        "RV Scholes",
        "K Anderson",
        "EM Priddle",
        "KE Bryce",
        "A Aitken",
        "OSM Rae",
        "KL Gordon",
        "S Haggo",
        "L Jack",
        "AH Maqsood"
      ]
    },
    "registry": {
      "people": {
        "A Aitken": "25c73eb6",
        "AH Maqsood": "f61e2829",
        "CA Polosak": "26a360d2",
        "CC Dalton": "4412ede5",
        "CJ Metcalfe": "d58fdb42",
        "CMA Shillington": "60e11a00",
        "CNIM Joyce": "56418eae",
        "EM Priddle": "b26dafe7",
        "FE Urquhart": "4e02c25a",
        "GF Labrooy": "8e088dbc",
        "GH Lewis": "1b9d1579",
        "IMHC Joyce": "d3b4b8ed",
        "JM Williams": "b61d9d70",
        "K Anderson": "10da33a2",
        "K Cross": "d59c5855",
        "KE Bryce": "f13d3eba",
        "KJ Garth": "0b69a844",
        "KL Gordon": "00823a96",
        "L Delany": "b4f73b44",
        "L Jack": "e565ceb7",
        "LK O'Reilly": "69a9bb78",
        "MV Waldron": "2e4f11e9",
        "OSM Rae": "61ff8dd7",
        "RA Lewis": "be85b12d",
        "RV Scholes": "2dc78362",
        "S Haggo": "35230fa3"
      }
    },
    "season": "2015/16",
    "team_type": "international",
    "teams": [
      "Ireland",
      "Scotland"
    ],
    "toss": {
      "decision": "field",
      "winner": "Ireland"
    },
    "venue": "Terdthai Cricket Ground"
  },
  "innings": [
    {
      "team": "Scotland",
      "overs": [
        {
          "over": 0,
          "deliveries": [
            {
              "batter": "FE Urquhart",
              "bowler": "KJ Garth",
              "non_striker": "RV Scholes",
              "runs": {
                "batter": 1,
                "extras": 0,
                "total": 1
              }
            },
            {
              "batter": "RV Scholes",
              "bowler": "KJ Garth",
              "non_striker": "FE Urquhart",
              "runs": {
                "batter": 0,
                "extras": 0,
                "total": 0
              }
            },
            {
              "batter": "RV Scholes",
              "bowler": "KJ Garth",
              "non_striker": "FE Urquhart",
              "runs": {
                "batter": 1,
                "extras": 0,
                "total": 1
              }
            },
            {
              "batter": "FE Urquhart",
              "bowler": "KJ Garth",
              "non_striker": "RV Scholes",
              "runs": {
                "batter": 1,
                "extras": 0,
                "total": 1
              }
            },
            {
              "batter": "RV Scholes",
              "bowler": "KJ Garth",
              "non_striker": "FE Urquhart",
              "runs": {
                "batter": 0,
                "extras": 0,
                "total": 0
              }
            },
            {
              "batter": "RV Scholes",
              "bowler": "KJ Garth",
              "non_striker": "FE Urquhart",
              "runs": {
                "batter": 0,
                "extras": 0,
                "total": 0
              }
            }
          ]
        },
        {
          "over": 1,
          "deliveries": [
            {
              "batter": "FE Urquhart",
              "bowler": "LK O'Reilly",
              "non_striker": "RV Scholes",
              "runs": {
                "batter": 1,
                "extras": 0,
                "total": 1
              }
            },
            {
              "batter": "RV Scholes",
              "bowler": "LK O'Reilly",
              "extras": {
                "legbyes": 1
              },
              "non_striker": "FE Urquhart",
              "runs": {
                "batter": 0,
                "extras": 1,
                "total": 1
              }
            },
            {
              "batter": "FE Urquhart",
              "bowler": "LK O'Reilly",
              "non_striker": "RV Scholes",
              "runs": {
                "batter": 0,
                "extras": 0,
                "total": 0
              }
            },
            {
              "batter": "FE Urquhart",
              "bowler": "LK O'Reilly",
              "non_striker": "RV Scholes",
              "runs": {
                "batter": 0,
                "extras": 0,
                "total": 0
              }
            },
            {
              "batter": "FE Urquhart",
              "bowler": "LK O'Reilly",
              "non_striker": "RV Scholes",
              "runs": {
                "batter": 1,
                "extras": 0,
                "total": 1
              }
            },
            {
              "batter": "RV Scholes",
              "bowler": "LK O'Reilly",
              "non_striker": "FE Urquhart",
              "runs": {
                "batter": 2,
                "extras": 0,
                "total": 2
              }
            }
          ]
        },
        {
          "over": 2,
          "deliveries": [
            {
              "batter": "FE Urquhart",
              "bowler": "KJ Garth",
              "non_striker": "RV Scholes",
              "runs": {
                "batter": 0,
                "extras": 0,
                "total": 0
              }
            },
            {
              "batter": "FE Urquhart",
              "bowler": "KJ Garth",
              "non_striker": "RV Scholes",
              "runs": {
                "batter": 0,
                "extras": 0,
                "total": 0
              }
            },
            {
              "batter": "FE Urquhart",
              "bowler": "KJ Garth",
              "non_striker": "RV Scholes",
              "runs": {
                "batter": 4,
                "extras": 0,
                "total": 4
              }
            },
            {
              "batter": "FE Urquhart",
              "bowler": "KJ Garth",
              "non_striker": "RV Scholes",
              "runs": {
                "batter": 0,
                "extras": 0,
                "total": 0
              }
            },
            {
              "batter": "FE Urquhart",
              "bowler": "KJ Garth",
              "non_striker": "RV Scholes",
              "runs": {
                "batter": 0,
                "extras": 0,
                "total": 0
              }
            },
            {
              "batter": "FE Urquhart",
              "bowler": "KJ Garth",
              "non_striker": "RV Scholes",
              "runs": {
                "batter": 0,
                "extras": 0,
                "total": 0
              }
            }
          ]
        },
        {
          "over": 3,
          "deliveries": [
            {
              "batter": "RV Scholes",
              "bowler": "LK O'Reilly",
              "non_striker": "FE Urquhart",
              "runs": {
                "batter": 0,
                "extras": 0,
                "total": 0
              }
            },
            {
              "batter": "RV Scholes",
              "bowler": "LK O'Reilly",
              "non_striker": "FE Urquhart",
              "runs": {
                "batter": 1,
                "extras": 0,
                "total": 1
              }
            },
            {
              "batter": "FE Urquhart",
              "bowler": "LK O'Reilly",
              "non_striker": "RV Scholes",
              "runs": {
                "batter": 0,
                "extras": 0,
                "total": 0
              }
            },
            {
              "batter": "FE Urquhart",
              "bowler": "LK O'Reilly",
              "extras": {
                "byes": 1
              },
              "non_striker": "RV Scholes",
              "runs": {
                "batter": 0,
                "extras": 1,
                "total": 1
              }
            },
            {
              "batter": "RV Scholes",
              "bowler": "LK O'Reilly",
              "non_striker": "FE Urquhart",
              "runs": {
                "batter": 1,
                "extras": 0,
                "total": 1
              }
            },
            {
              "batter": "FE Urquhart",
              "bowler": "LK O'Reilly",
              "non_striker": "RV Scholes",
              "runs": {
                "batter": 0,
                "extras": 0,
                "total": 0
              }
            }
          ]
        },
        {
          "over": 4,
          "deliveries": [
            {
              "batter": "RV Scholes",
              "bowler": "L Delany",
              "non_striker": "FE Urquhart",
              "runs": {
                "batter": 0,
                "extras": 0,
                "total": 0
              }
            },
            {
              "batter": "RV Scholes",
              "bowler": "L Delany",
              "non_striker": "FE Urquhart",
              "runs": {
                "batter": 0,
                "extras": 0,
                "total": 0
              }
            },
            {
              "batter": "RV Scholes",
              "bowler": "L Delany",
              "non_striker": "FE Urquhart",
              "runs": {
                "batter": 0,
                "extras": 0,
                "total": 0
              }
            },
            {
              "batter": "RV Scholes",
              "bowler": "L Delany",
              "non_striker": "FE Urquhart",
              "runs": {
                "batter": 1,
                "extras": 0,
                "total": 1
              }
            },
            {
              "batter": "FE Urquhart",
              "bowler": "L Delany",
              "non_striker": "RV Scholes",
              "runs": {
                "batter": 1,
                "extras": 0,
                "total": 1
              }
            },
            {
              "batter": "RV Scholes",
              "bowler": "L Delany",
              "non_striker": "FE Urquhart",
              "runs": {
                "batter": 0,
                "extras": 0,
                "total": 0
              }
            }
          ]
        },
        {
          "over": 5,
          "deliveries": [
            {
              "batter": "FE Urquhart",
              "bowler": "CJ Metcalfe",
              "non_striker": "RV Scholes",
              "runs": {
                "batter": 0,
                "extras": 0,
                "total": 0
              }
            },
            {
              "batter": "FE Urquhart",
              "bowler": "CJ Metcalfe",
              "extras": {
                "noballs": 1
              },
              "non_striker": "RV Scholes",
              "runs": {
                "batter": 0,
                "extras": 1,
                "total": 1
              }
            },
            {
              "batter": "FE Urquhart",
              "bowler": "CJ Metcalfe",
              "non_striker": "RV Scholes",
              "runs": {
                "batter": 2,
                "extras": 0,
                "total": 2
              }
            },
            {
              "batter": "FE Urquhart",
              "bowler": "CJ Metcalfe",
              "non_striker": "RV Scholes",
              "runs": {
                "batter": 1,
                "extras": 0,
                "total": 1
              }
            },
            {
              "batter": "RV Scholes",
              "bowler": "CJ Metcalfe",
              "non_striker": "FE Urquhart",
              "runs": {
                "batter": 0,
                "extras": 0,
                "total": 0
              }
            },
            {
              "batter": "RV Scholes",
              "bowler": "CJ Metcalfe",
              "non_striker": "FE Urquhart",
              "runs": {
                "batter": 1,
                "extras": 0,
                "total": 1
              }
            },
            {
              "batter": "FE Urquhart",
              "bowler": "CJ Metcalfe",
              "non_striker": "RV Scholes",
              "runs": {
                "batter": 0,
                "extras": 0,
                "total": 0
              }
            }
          ]
        },
        {
          "over": 6,
          "deliveries": [
            {
              "batter": "RV Scholes",
              "bowler": "L Delany",
              "non_striker": "FE Urquhart",
              "runs": {
                "batter": 1,
                "extras": 0,
                "total": 1
              }
            },
            {
              "batter": "FE Urquhart",
              "bowler": "L Delany",
              "non_striker": "RV Scholes",
              "runs": {
                "batter": 1,
                "extras": 0,
                "total": 1
              }
            },
            {
              "batter": "RV Scholes",
              "bowler": "L Delany",
              "non_striker": "FE Urquhart",
              "runs": {
                "batter": 0,
                "extras": 0,
                "total": 0
              }
            },
            {
              "batter": "RV Scholes",
              "bowler": "L Delany",
              "non_striker": "FE Urquhart",
              "runs": {
                "batter": 0,
                "extras": 0,
                "total": 0
              },
              "wickets": [
                {
                  "kind": "lbw",
                  "player_out": "RV Scholes"
                }
              ]
            },
            {
              "batter": "K Anderson",
              "bowler": "L Delany",
              "non_striker": "FE Urquhart",
              "runs": {
                "batter": 1,
                "extras": 0,
                "total": 1
              }
            },
            {
              "batter": "FE Urquhart",
              "bowler": "L Delany",
              "non_striker": "K Anderson",
              "runs": {
                "batter": 1,
                "extras": 0,
                "total": 1
              }
            }
          ]
        },
        {
          "over": 7,
          "deliveries": [
            {
              "batter": "FE Urquhart",
              "bowler": "CJ Metcalfe",
              "non_striker": "K Anderson",
              "runs": {
                "batter": 1,
                "extras": 0,
                "total": 1
              }
            },
            {
              "batter": "K Anderson",
              "bowler": "CJ Metcalfe",
              "non_striker": "FE Urquhart",
              "runs": {
                "batter": 0,
                "extras": 0,
                "total": 0
              },
              "wickets": [
                {
                  "kind": "caught",
                  "player_out": "K Anderson",
                  "fielders": [
                    {
                      "name": "MV Waldron"
                    }
                  ]
                }
              ]
            },
            {
              "batter": "EM Priddle",
              "bowler": "CJ Metcalfe",
              "non_striker": "FE Urquhart",
              "runs": {
                "batter": 0,
                "extras": 0,
                "total": 0
              }
            },
            {
              "batter": "EM Priddle",
              "bowler": "CJ Metcalfe",
              "non_striker": "FE Urquhart",
              "runs": {
                "batter": 0,
                "extras": 0,
                "total": 0
              }
            },
            {
              "batter": "EM Priddle",
              "bowler": "CJ Metcalfe",
              "non_striker": "FE Urquhart",
              "runs": {
                "batter": 0,
                "extras": 0,
                "total": 0
              }
            },
            {
              "batter": "EM Priddle",
              "bowler": "CJ Metcalfe",
              "non_striker": "FE Urquhart",
              "runs": {
                "batter": 1,
                "extras": 0,
                "total": 1
              }
            }
          ]
        },
        {
          "over": 8,
          "deliveries": [
            {
              "batter": "EM Priddle",
              "bowler": "L Delany",
              "extras": {
                "noballs": 1
              },
              "non_striker": "FE Urquhart",
              "runs": {
                "batter": 0,
                "extras": 1,
                "total": 1
              }
            },
            {
              "batter": "EM Priddle",
              "bowler": "L Delany",
              "non_striker": "FE Urquhart",
              "runs": {
                "batter": 4,
                "extras": 0,
                "total": 4
              }
            },
            {
              "batter": "EM Priddle",
              "bowler": "L Delany",
              "non_striker": "FE Urquhart",
              "runs": {
                "batter": 0,
                "extras": 0,
                "total": 0
              }
            },
            {
              "batter": "EM Priddle",
              "bowler": "L Delany",
              "non_striker": "FE Urquhart",
              "runs": {
                "batter": 0,
                "extras": 0,
                "total": 0
              }
            },
            {
              "batter": "EM Priddle",
              "bowler": "L Delany",
              "non_striker": "FE Urquhart",
              "runs": {
                "batter": 2,
                "extras": 0,
                "total": 2
              }
            },
            {
              "batter": "EM Priddle",
              "bowler": "L Delany",
              "non_striker": "FE Urquhart",
              "runs": {
                "batter": 0,
                "extras": 0,
                "total": 0
              }
            },
            {
              "batter": "EM Priddle",
              "bowler": "L Delany",
              "non_striker": "FE Urquhart",
              "runs": {
                "batter": 1,
                "extras": 0,
                "total": 1
              }
            }
          ]
        },
        {
          "over": 9,
          "deliveries": [
            {
              "batter": "EM Priddle",
              "bowler": "RA Lewis",
              "non_striker": "FE Urquhart",
              "runs": {
                "batter": 0,
                "extras": 0,
                "total": 0
              }
            },
            {
              "batter": "EM Priddle",
              "bowler": "RA Lewis",
              "non_striker": "FE Urquhart",
              "runs": {
                "batter": 1,
                "extras": 0,
                "total": 1
              }
            },
            {
              "batter": "FE Urquhart",
              "bowler": "RA Lewis",
              "non_striker": "EM Priddle",
              "runs": {
                "batter": 1,
                "extras": 0,
                "total": 1
              }
            },
            {
              "batter": "EM Priddle",
              "bowler": "RA Lewis",
              "non_striker": "FE Urquhart",
              "runs": {
                "batter": 1,
                "extras": 0,
                "total": 1
              }
            },
            {
              "batter": "FE Urquhart",
              "bowler": "RA Lewis",
              "non_striker": "EM Priddle",
              "runs": {
                "batter": 0,
                "extras": 0,
                "total": 0
              }
            },
            {
              "batter": "FE Urquhart",
              "bowler": "RA Lewis",
              "non_striker": "EM Priddle",
              "runs": {
                "batter": 1,
                "extras": 0,
                "total": 1
              }
            }
          ]
        },
        {
          "over": 10,
          "deliveries": [
            {
              "batter": "FE Urquhart",
              "bowler": "IMHC Joyce",
              "non_striker": "EM Priddle",
              "runs": {
                "batter": 2,
                "extras": 0,
                "total": 2
              }
            },
            {
              "batter": "FE Urquhart",
              "bowler": "IMHC Joyce",
              "non_striker": "EM Priddle",
              "runs": {
                "batter": 1,
                "extras": 0,
                "total": 1
              }
            },
            {
              "batter": "EM Priddle",
              "bowler": "IMHC Joyce",
              "non_striker": "FE Urquhart",
              "runs": {
                "batter": 1,
                "extras": 0,
                "total": 1
              }
            },
            {
              "batter": "FE Urquhart",
              "bowler": "IMHC Joyce",
              "non_striker": "EM Priddle",
              "runs": {
                "batter": 1,
                "extras": 0,
                "total": 1
              }
            },
            {
              "batter": "EM Priddle",
              "bowler": "IMHC Joyce",
              "non_striker": "FE Urquhart",
              "runs": {
                "batter": 0,
                "extras": 0,
                "total": 0
              },
              "wickets": [
                {
                  "kind": "caught",
                  "player_out": "EM Priddle",
                  "fielders": [
                    {
                      "name": "GH Lewis"
                    }
                  ]
                }
              ]
            },
            {
              "batter": "KE Bryce",
              "bowler": "IMHC Joyce",
              "non_striker": "FE Urquhart",
              "runs": {
                "batter": 1,
                "extras": 0,
                "total": 1
              }
            }
          ]
        },
        {
          "over": 11,
          "deliveries": [
            {
              "batter": "KE Bryce",
              "bowler": "RA Lewis",
              "non_striker": "FE Urquhart",
              "runs": {
                "batter": 0,
                "extras": 0,
                "total": 0
              },
              "wickets": [
                {
                  "kind": "caught",
                  "player_out": "KE Bryce",
                  "fielders": [
                    {
                      "name": "MV Waldron"
                    }
                  ]
                }
              ]
            },
            {
              "batter": "A Aitken",
              "bowler": "RA Lewis",
              "non_striker": "FE Urquhart",
              "runs": {
                "batter": 1,
                "extras": 0,
                "total": 1
              }
            },
            {
              "batter": "FE Urquhart",
              "bowler": "RA Lewis",
              "non_striker": "A Aitken",
              "runs": {
                "batter": 0,
                "extras": 0,
                "total": 0
              }
            },
            {
              "batter": "FE Urquhart",
              "bowler": "RA Lewis",
              "non_striker": "A Aitken",
              "runs": {
                "batter": 0,
                "extras": 0,
                "total": 0
              },
              "wickets": [
                {
                  "kind": "stumped",
                  "player_out": "FE Urquhart",
                  "fielders": [
                    {
                      "name": "MV Waldron"
                    }
                  ]
                }
              ]
            },
            {
              "batter": "OSM Rae",
              "bowler": "RA Lewis",
              "non_striker": "A Aitken",
              "runs": {
                "batter": 0,
                "extras": 0,
                "total": 0
              }
            },
            {
              "batter": "OSM Rae",
              "bowler": "RA Lewis",
              "non_striker": "A Aitken",
              "runs": {
                "batter": 0,
                "extras": 0,
                "total": 0
              }
            }
          ]
        },
        {
          "over": 12,
          "deliveries": [
            {
              "batter": "A Aitken",
              "bowler": "IMHC Joyce",
              "non_striker": "OSM Rae",
              "runs": {
                "batter": 0,
                "extras": 0,
                "total": 0
              }
            },
            {
              "batter": "A Aitken",
              "bowler": "IMHC Joyce",
              "non_striker": "OSM Rae",
              "runs": {
                "batter": 0,
                "extras": 0,
                "total": 0
              }
            },
            {
              "batter": "A Aitken",
              "bowler": "IMHC Joyce",
              "non_striker": "OSM Rae",
              "runs": {
                "batter": 0,
                "extras": 0,
                "total": 0
              }
            },
            {
              "batter": "A Aitken",
              "bowler": "IMHC Joyce",
              "non_striker": "OSM Rae",
              "runs": {
                "batter": 1,
                "extras": 0,
                "total": 1
              }
            },
            {
              "batter": "OSM Rae",
              "bowler": "IMHC Joyce",
              "non_striker": "A Aitken",
              "runs": {
                "batter": 2,
                "extras": 0,
                "total": 2
              }
            },
            {
              "batter": "OSM Rae",
              "bowler": "IMHC Joyce",
              "non_striker": "A Aitken",
              "runs": {
                "batter": 0,
                "extras": 0,
                "total": 0
              }
            }
          ]
        },
        {
          "over": 13,
          "deliveries": [
            {
              "batter": "A Aitken",
              "bowler": "RA Lewis",
              "non_striker": "OSM Rae",
              "runs": {
                "batter": 1,
                "extras": 0,
                "total": 1
              }
            },
            {
              "batter": "OSM Rae",
              "bowler": "RA Lewis",
              "non_striker": "A Aitken",
              "runs": {
                "batter": 1,
                "extras": 0,
                "total": 1
              }
            },
            {
              "batter": "A Aitken",
              "bowler": "RA Lewis",
              "non_striker": "OSM Rae",
              "runs": {
                "batter": 0,
                "extras": 0,
                "total": 0
              }
            },
            {
              "batter": "A Aitken",
              "bowler": "RA Lewis",
              "non_striker": "OSM Rae",
              "runs": {
                "batter": 1,
                "extras": 0,
                "total": 1
              }
            },
            {
              "batter": "OSM Rae",
              "bowler": "RA Lewis",
              "non_striker": "A Aitken",
              "runs": {
                "batter": 0,
                "extras": 0,
                "total": 0
              }
            },
            {
              "batter": "OSM Rae",
              "bowler": "RA Lewis",
              "non_striker": "A Aitken",
              "runs": {
                "batter": 0,
                "extras": 0,
                "total": 0
              }
            }
          ]
        },
        {
          "over": 14,
          "deliveries": [
            {
              "batter": "A Aitken",
              "bowler": "KJ Garth",
              "non_striker": "OSM Rae",
              "runs": {
                "batter": 1,
                "extras": 0,
                "total": 1
              }
            },
            {
              "batter": "OSM Rae",
              "bowler": "KJ Garth",
              "non_striker": "A Aitken",
              "runs": {
                "batter": 0,
                "extras": 0,
                "total": 0
              }
            },
            {
              "batter": "OSM Rae",
              "bowler": "KJ Garth",
              "non_striker": "A Aitken",
              "runs": {
                "batter": 1,
                "extras": 0,
                "total": 1
              }
            },
            {
              "batter": "A Aitken",
              "bowler": "KJ Garth",
              "non_striker": "OSM Rae",
              "runs": {
                "batter": 0,
                "extras": 0,
                "total": 0
              }
            },
            {
              "batter": "A Aitken",
              "bowler": "KJ Garth",
              "non_striker": "OSM Rae",
              "runs": {
                "batter": 0,
                "extras": 0,
                "total": 0
              }
            },
            {
              "batter": "A Aitken",
              "bowler": "KJ Garth",
              "non_striker": "OSM Rae",
              "runs": {
                "batter": 1,
                "extras": 0,
                "total": 1
              }
            }
          ]
        },
        {
          "over": 15,
          "deliveries": [
            {
              "batter": "A Aitken",
              "bowler": "CJ Metcalfe",
              "non_striker": "OSM Rae",
              "runs": {
                "batter": 1,
                "extras": 0,
                "total": 1
              }
            },
            {
              "batter": "OSM Rae",
              "bowler": "CJ Metcalfe",
              "non_striker": "A Aitken",
              "runs": {
                "batter": 1,
                "extras": 0,
                "total": 1
              }
            },
            {
              "batter": "A Aitken",
              "bowler": "CJ Metcalfe",
              "non_striker": "OSM Rae",
              "runs": {
                "batter": 1,
                "extras": 0,
                "total": 1
              }
            },
            {
              "batter": "OSM Rae",
              "bowler": "CJ Metcalfe",
              "non_striker": "A Aitken",
              "runs": {
                "batter": 0,
                "extras": 0,
                "total": 0
              }
            },
            {
              "batter": "OSM Rae",
              "bowler": "CJ Metcalfe",
              "non_striker": "A Aitken",
              "runs": {
                "batter": 0,
                "extras": 0,
                "total": 0
              }
            },
            {
              "batter": "OSM Rae",
              "bowler": "CJ Metcalfe",
              "non_striker": "A Aitken",
              "runs": {
                "batter": 0,
                "extras": 0,
                "total": 0
              }
            }
          ]
        },
        {
          "over": 16,
          "deliveries": [
            {
              "batter": "A Aitken",
              "bowler": "KJ Garth",
              "non_striker": "OSM Rae",
              "runs": {
                "batter": 0,
                "extras": 0,
                "total": 0
              },
              "wickets": [
                {
                  "kind": "bowled",
                  "player_out": "A Aitken"
                }
              ]
            },
            {
              "batter": "KL Gordon",
              "bowler": "KJ Garth",
              "extras": {
                "legbyes": 1
              },
              "non_striker": "OSM Rae",
              "runs": {
                "batter": 0,
                "extras": 1,
                "total": 1
              }
            },
            {
              "batter": "OSM Rae",
              "bowler": "KJ Garth",
              "non_striker": "KL Gordon",
              "runs": {
                "batter": 0,
                "extras": 0,
                "total": 0
              }
            },
            {
              "batter": "OSM Rae",
              "bowler": "KJ Garth",
              "non_striker": "KL Gordon",
              "runs": {
                "batter": 1,
                "extras": 0,
                "total": 1
              }
            },
            {
              "batter": "KL Gordon",
              "bowler": "KJ Garth",
              "non_striker": "OSM Rae",
              "runs": {
                "batter": 1,
                "extras": 0,
                "total": 1
              }
            },
            {
              "batter": "OSM Rae",
              "bowler": "KJ Garth",
              "non_striker": "KL Gordon",
              "runs": {
                "batter": 0,
                "extras": 0,
                "total": 0
              }
            }
          ]
        },
        {
          "over": 17,
          "deliveries": [
            {
              "batter": "KL Gordon",
              "bowler": "LK O'Reilly",
              "non_striker": "OSM Rae",
              "runs": {
                "batter": 0,
                "extras": 0,
                "total": 0
              },
              "wickets": [
                {
                  "kind": "bowled",
                  "player_out": "KL Gordon"
                }
              ]
            },
            {
              "batter": "S Haggo",
              "bowler": "LK O'Reilly",
              "non_striker": "OSM Rae",
              "runs": {
                "batter": 0,
                "extras": 0,
                "total": 0
              }
            },
            {
              "batter": "S Haggo",
              "bowler": "LK O'Reilly",
              "non_striker": "OSM Rae",
              "runs": {
                "batter": 0,
                "extras": 0,
                "total": 0
              },
              "wickets": [
                {
                  "kind": "bowled",
                  "player_out": "S Haggo"
                }
              ]
            },
            {
              "batter": "L Jack",
              "bowler": "LK O'Reilly",
              "non_striker": "OSM Rae",
              "runs": {
                "batter": 0,
                "extras": 0,
                "total": 0
              }
            },
            {
              "batter": "L Jack",
              "bowler": "LK O'Reilly",
              "non_striker": "OSM Rae",
              "runs": {
                "batter": 4,
                "extras": 0,
                "total": 4
              }
            },
            {
              "batter": "L Jack",
              "bowler": "LK O'Reilly",
              "extras": {
                "wides": 1
              },
              "non_striker": "OSM Rae",
              "runs": {
                "batter": 0,
                "extras": 1,
                "total": 1
              }
            },
            {
              "batter": "L Jack",
              "bowler": "LK O'Reilly",
              "non_striker": "OSM Rae",
              "runs": {
                "batter": 0,
                "extras": 0,
                "total": 0
              }
            }
          ]
        },
        {
          "over": 18,
          "deliveries": [
            {
              "batter": "OSM Rae",
              "bowler": "CJ Metcalfe",
              "non_striker": "L Jack",
              "runs": {
                "batter": 1,
                "extras": 0,
                "total": 1
              }
            },
            {
              "batter": "L Jack",
              "bowler": "CJ Metcalfe",
              "non_striker": "OSM Rae",
              "runs": {
                "batter": 1,
                "extras": 0,
                "total": 1
              }
            },
            {
              "batter": "OSM Rae",
              "bowler": "CJ Metcalfe",
              "non_striker": "L Jack",
              "runs": {
                "batter": 1,
                "extras": 0,
                "total": 1
              }
            },
            {
              "batter": "L Jack",
              "bowler": "CJ Metcalfe",
              "non_striker": "OSM Rae",
              "runs": {
                "batter": 1,
                "extras": 0,
                "total": 1
              }
            },
            {
              "batter": "OSM Rae",
              "bowler": "CJ Metcalfe",
              "non_striker": "L Jack",
              "runs": {
                "batter": 0,
                "extras": 0,
                "total": 0
              }
            },
            {
              "batter": "OSM Rae",
              "bowler": "CJ Metcalfe",
              "non_striker": "L Jack",
              "runs": {
                "batter": 1,
                "extras": 0,
                "total": 1
              }
            }
          ]
        },
        {
          "over": 19,
          "deliveries": [
            {
              "batter": "OSM Rae",
              "bowler": "LK O'Reilly",
              "non_striker": "L Jack",
              "runs": {
                "batter": 0,
                "extras": 0,
                "total": 0
              },
              "wickets": [
                {
                  "kind": "bowled",
                  "player_out": "OSM Rae"
                }
              ]
            },
            {
              "batter": "AH Maqsood",
              "bowler": "LK O'Reilly",
              "extras": {
                "wides": 1
              },
              "non_striker": "L Jack",
              "runs": {
                "batter": 0,
                "extras": 1,
                "total": 1
              }
            },
            {
              "batter": "AH Maqsood",
              "bowler": "LK O'Reilly",
              "non_striker": "L Jack",
              "runs": {
                "batter": 0,
                "extras": 0,
                "total": 0
              }
            },
            {
              "batter": "AH Maqsood",
              "bowler": "LK O'Reilly",
              "non_striker": "L Jack",
              "runs": {
                "batter": 2,
                "extras": 0,
                "total": 2
              }
            },
            {
              "batter": "AH Maqsood",
              "bowler": "LK O'Reilly",
              "non_striker": "L Jack",
              "runs": {
                "batter": 1,
                "extras": 0,
                "total": 1
              }
            },
            {
              "batter": "L Jack",
              "bowler": "LK O'Reilly",
              "non_striker": "AH Maqsood",
              "runs": {
                "batter": 0,
                "extras": 0,
                "total": 0
              }
            },
            {
              "batter": "L Jack",
              "bowler": "LK O'Reilly",
              "non_striker": "AH Maqsood",
              "runs": {
                "batter": 1,
                "extras": 0,
                "total": 1
              }
            }
          ]
        }
      ],
      "powerplays": [
        {
          "from": 0.1,
          "to": 5.7,
          "type": "mandatory"
        }
      ]
    },
    {
      "team": "Ireland",
      "overs": [
        {
          "over": 0,
          "deliveries": [
            {
              "batter": "CMA Shillington",
              "bowler": "S Haggo",
              "non_striker": "CNIM Joyce",
              "runs": {
                "batter": 0,
                "extras": 0,
                "total": 0
              }
            },
            {
              "batter": "CMA Shillington",
              "bowler": "S Haggo",
              "non_striker": "CNIM Joyce",
              "runs": {
                "batter": 2,
                "extras": 0,
                "total": 2
              }
            },
            {
              "batter": "CMA Shillington",
              "bowler": "S Haggo",
              "non_striker": "CNIM Joyce",
              "runs": {
                "batter": 1,
                "extras": 0,
                "total": 1
              }
            },
            {
              "batter": "CNIM Joyce",
              "bowler": "S Haggo",
              "non_striker": "CMA Shillington",
              "runs": {
                "batter": 0,
                "extras": 0,
                "total": 0
              }
            },
            {
              "batter": "CNIM Joyce",
              "bowler": "S Haggo",
              "non_striker": "CMA Shillington",
              "runs": {
                "batter": 1,
                "extras": 0,
                "total": 1
              }
            },
            {
              "batter": "CMA Shillington",
              "bowler": "S Haggo",
              "non_striker": "CNIM Joyce",
              "runs": {
                "batter": 0,
                "extras": 0,
                "total": 0
              }
            }
          ]
        },
        {
          "over": 1,
          "deliveries": [
            {
              "batter": "CNIM Joyce",
              "bowler": "A Aitken",
              "non_striker": "CMA Shillington",
              "runs": {
                "batter": 4,
                "extras": 0,
                "total": 4
              }
            },
            {
              "batter": "CNIM Joyce",
              "bowler": "A Aitken",
              "non_striker": "CMA Shillington",
              "runs": {
                "batter": 0,
                "extras": 0,
                "total": 0
              }
            },
            {
              "batter": "CNIM Joyce",
              "bowler": "A Aitken",
              "non_striker": "CMA Shillington",
              "runs": {
                "batter": 4,
                "extras": 0,
                "total": 4
              }
            },
            {
              "batter": "CNIM Joyce",
              "bowler": "A Aitken",
              "non_striker": "CMA Shillington",
              "runs": {
                "batter": 4,
                "extras": 0,
                "total": 4
              }
            },
            {
              "batter": "CNIM Joyce",
              "bowler": "A Aitken",
              "non_striker": "CMA Shillington",
              "runs": {
                "batter": 0,
                "extras": 0,
                "total": 0
              }
            },
            {
              "batter": "CNIM Joyce",
              "bowler": "A Aitken",
              "non_striker": "CMA Shillington",
              "runs": {
                "batter": 0,
                "extras": 0,
                "total": 0
              }
            }
          ]
        },
        {
          "over": 2,
          "deliveries": [
            {
              "batter": "CMA Shillington",
              "bowler": "S Haggo",
              "non_striker": "CNIM Joyce",
              "runs": {
                "batter": 2,
                "extras": 0,
                "total": 2
              }
            },
            {
              "batter": "CMA Shillington",
              "bowler": "S Haggo",
              "non_striker": "CNIM Joyce",
              "runs": {
                "batter": 0,
                "extras": 0,
                "total": 0
              }
            },
            {
              "batter": "CMA Shillington",
              "bowler": "S Haggo",
              "non_striker": "CNIM Joyce",
              "runs": {
                "batter": 0,
                "extras": 0,
                "total": 0
              }
            },
            {
              "batter": "CMA Shillington",
              "bowler": "S Haggo",
              "non_striker": "CNIM Joyce",
              "runs": {
                "batter": 4,
                "extras": 0,
                "total": 4
              }
            },
            {
              "batter": "CMA Shillington",
              "bowler": "S Haggo",
              "non_striker": "CNIM Joyce",
              "runs": {
                "batter": 0,
                "extras": 0,
                "total": 0
              }
            },
            {
              "batter": "CMA Shillington",
              "bowler": "S Haggo",
              "non_striker": "CNIM Joyce",
              "runs": {
                "batter": 0,
                "extras": 0,
                "total": 0
              }
            }
          ]
        },
        {
          "over": 3,
          "deliveries": [
            {
              "batter": "CNIM Joyce",
              "bowler": "KL Gordon",
              "non_striker": "CMA Shillington",
              "runs": {
                "batter": 1,
                "extras": 0,
                "total": 1
              }
            },
            {
              "batter": "CMA Shillington",
              "bowler": "KL Gordon",
              "non_striker": "CNIM Joyce",
              "runs": {
                "batter": 4,
                "extras": 0,
                "total": 4
              }
            },
            {
              "batter": "CMA Shillington",
              "bowler": "KL Gordon",
              "non_striker": "CNIM Joyce",
              "runs": {
                "batter": 0,
                "extras": 0,
                "total": 0
              }
            },
            {
              "batter": "CMA Shillington",
              "bowler": "KL Gordon",
              "non_striker": "CNIM Joyce",
              "runs": {
                "batter": 1,
                "extras": 0,
                "total": 1
              }
            },
            {
              "batter": "CNIM Joyce",
              "bowler": "KL Gordon",
              "non_striker": "CMA Shillington",
              "runs": {
                "batter": 1,
                "extras": 0,
                "total": 1
              }
            },
            {
              "batter": "CMA Shillington",
              "bowler": "KL Gordon",
              "non_striker": "CNIM Joyce",
              "runs": {
                "batter": 4,
                "extras": 0,
                "total": 4
              }
            }
          ]
        },
        {
          "over": 4,
          "deliveries": [
            {
              "batter": "CNIM Joyce",
              "bowler": "RV Scholes",
              "extras": {
                "wides": 1
              },
              "non_striker": "CMA Shillington",
              "runs": {
                "batter": 0,
                "extras": 1,
                "total": 1
              }
            },
            {
              "batter": "CNIM Joyce",
              "bowler": "RV Scholes",
              "non_striker": "CMA Shillington",
              "runs": {
                "batter": 0,
                "extras": 0,
                "total": 0
              }
            },
            {
              "batter": "CNIM Joyce",
              "bowler": "RV Scholes",
              "non_striker": "CMA Shillington",
              "runs": {
                "batter": 4,
                "extras": 0,
                "total": 4
              }
            },
            {
              "batter": "CNIM Joyce",
              "bowler": "RV Scholes",
              "non_striker": "CMA Shillington",
              "runs": {
                "batter": 0,
                "extras": 0,
                "total": 0
              }
            },
            {
              "batter": "CNIM Joyce",
              "bowler": "RV Scholes",
              "non_striker": "CMA Shillington",
              "runs": {
                "batter": 0,
                "extras": 0,
                "total": 0
              }
            },
            {
              "batter": "CNIM Joyce",
              "bowler": "RV Scholes",
              "extras": {
                "legbyes": 1
              },
              "non_striker": "CMA Shillington",
              "runs": {
                "batter": 0,
                "extras": 1,
                "total": 1
              }
            },
            {
              "batter": "CMA Shillington",
              "bowler": "RV Scholes",
              "non_striker": "CNIM Joyce",
              "runs": {
                "batter": 0,
                "extras": 0,
                "total": 0
              }
            }
          ]
        },
        {
          "over": 5,
          "deliveries": [
            {
              "batter": "CNIM Joyce",
              "bowler": "KL Gordon",
              "non_striker": "CMA Shillington",
              "runs": {
                "batter": 1,
                "extras": 0,
                "total": 1
              }
            },
            {
              "batter": "CMA Shillington",
              "bowler": "KL Gordon",
              "non_striker": "CNIM Joyce",
              "runs": {
                "batter": 0,
                "extras": 0,
                "total": 0
              }
            },
            {
              "batter": "CMA Shillington",
              "bowler": "KL Gordon",
              "non_striker": "CNIM Joyce",
              "runs": {
                "batter": 4,
                "extras": 0,
                "total": 4
              }
            },
            {
              "batter": "CMA Shillington",
              "bowler": "KL Gordon",
              "non_striker": "CNIM Joyce",
              "runs": {
                "batter": 2,
                "extras": 0,
                "total": 2
              }
            },
            {
              "batter": "CMA Shillington",
              "bowler": "KL Gordon",
              "non_striker": "CNIM Joyce",
              "runs": {
                "batter": 0,
                "extras": 0,
                "total": 0
              }
            },
            {
              "batter": "CMA Shillington",
              "bowler": "KL Gordon",
              "non_striker": "CNIM Joyce",
              "runs": {
                "batter": 1,
                "extras": 0,
                "total": 1
              }
            }
          ]
        },
        {
          "over": 6,
          "deliveries": [
            {
              "batter": "CMA Shillington",
              "bowler": "RV Scholes",
              "non_striker": "CNIM Joyce",
              "runs": {
                "batter": 1,
                "extras": 0,
                "total": 1
              }
            },
            {
              "batter": "CNIM Joyce",
              "bowler": "RV Scholes",
              "non_striker": "CMA Shillington",
              "runs": {
                "batter": 1,
                "extras": 0,
                "total": 1
              }
            },
            {
              "batter": "CMA Shillington",
              "bowler": "RV Scholes",
              "non_striker": "CNIM Joyce",
              "runs": {
                "batter": 0,
                "extras": 0,
                "total": 0
              }
            },
            {
              "batter": "CMA Shillington",
              "bowler": "RV Scholes",
              "non_striker": "CNIM Joyce",
              "runs": {
                "batter": 0,
                "extras": 0,
                "total": 0
              }
            },
            {
              "batter": "CMA Shillington",
              "bowler": "RV Scholes",
              "non_striker": "CNIM Joyce",
              "runs": {
                "batter": 0,
                "extras": 0,
                "total": 0
              }
            },
            {
              "batter": "CMA Shillington",
              "bowler": "RV Scholes",
              "non_striker": "CNIM Joyce",
              "runs": {
                "batter": 1,
                "extras": 0,
                "total": 1
              }
            }
          ]
        },
        {
          "over": 7,
          "deliveries": [
            {
              "batter": "CMA Shillington",
              "bowler": "KL Gordon",
              "non_striker": "CNIM Joyce",
              "runs": {
                "batter": 6,
                "extras": 0,
                "total": 6
              }
            },
            {
              "batter": "CMA Shillington",
              "bowler": "KL Gordon",
              "non_striker": "CNIM Joyce",
              "runs": {
                "batter": 1,
                "extras": 0,
                "total": 1
              }
            },
            {
              "batter": "CNIM Joyce",
              "bowler": "KL Gordon",
              "non_striker": "CMA Shillington",
              "runs": {
                "batter": 1,
                "extras": 0,
                "total": 1
              }
            },
            {
              "batter": "CMA Shillington",
              "bowler": "KL Gordon",
              "non_striker": "CNIM Joyce",
              "runs": {
                "batter": 0,
                "extras": 0,
                "total": 0
              },
              "wickets": [
                {
                  "kind": "caught",
                  "player_out": "CMA Shillington",
                  "fielders": [
                    {
                      "name": "KE Bryce"
                    }
                  ]
                }
              ]
            },
            {
              "batter": "CNIM Joyce",
              "bowler": "KL Gordon",
              "non_striker": "KJ Garth",
              "runs": {
                "batter": 0,
                "extras": 0,
                "total": 0
              }
            },
            {
              "batter": "CNIM Joyce",
              "bowler": "KL Gordon",
              "non_striker": "KJ Garth",
              "runs": {
                "batter": 6,
                "extras": 0,
                "total": 6
              }
            }
          ]
        },
        {
          "over": 8,
          "deliveries": [
            {
              "batter": "KJ Garth",
              "bowler": "RV Scholes",
              "extras": {
                "wides": 1
              },
              "non_striker": "CNIM Joyce",
              "runs": {
                "batter": 0,
                "extras": 1,
                "total": 1
              }
            },
            {
              "batter": "KJ Garth",
              "bowler": "RV Scholes",
              "non_striker": "CNIM Joyce",
              "runs": {
                "batter": 1,
                "extras": 0,
                "total": 1
              }
            },
            {
              "batter": "CNIM Joyce",
              "bowler": "RV Scholes",
              "non_striker": "KJ Garth",
              "runs": {
                "batter": 0,
                "extras": 0,
                "total": 0
              }
            },
            {
              "batter": "CNIM Joyce",
              "bowler": "RV Scholes",
              "non_striker": "KJ Garth",
              "runs": {
                "batter": 0,
                "extras": 0,
                "total": 0
              }
            },
            {
              "batter": "CNIM Joyce",
              "bowler": "RV Scholes",
              "non_striker": "KJ Garth",
              "runs": {
                "batter": 0,
                "extras": 0,
                "total": 0
              }
            },
            {
              "batter": "CNIM Joyce",
              "bowler": "RV Scholes",
              "non_striker": "KJ Garth",
              "runs": {
                "batter": 2,
                "extras": 0,
                "total": 2
              }
            },
            {
              "batter": "CNIM Joyce",
              "bowler": "RV Scholes",
              "non_striker": "KJ Garth",
              "runs": {
                "batter": 1,
                "extras": 0,
                "total": 1
              }
            }
          ]
        },
        {
          "over": 9,
          "deliveries": [
            {
              "batter": "CNIM Joyce",
              "bowler": "AH Maqsood",
              "non_striker": "KJ Garth",
              "runs": {
                "batter": 0,
                "extras": 0,
                "total": 0
              }
            },
            {
              "batter": "CNIM Joyce",
              "bowler": "AH Maqsood",
              "non_striker": "KJ Garth",
              "runs": {
                "batter": 0,
                "extras": 0,
                "total": 0
              }
            },
            {
              "batter": "CNIM Joyce",
              "bowler": "AH Maqsood",
              "non_striker": "KJ Garth",
              "runs": {
                "batter": 1,
                "extras": 0,
                "total": 1
              }
            },
            {
              "batter": "KJ Garth",
              "bowler": "AH Maqsood",
              "non_striker": "CNIM Joyce",
              "runs": {
                "batter": 0,
                "extras": 0,
                "total": 0
              }
            },
            {
              "batter": "KJ Garth",
              "bowler": "AH Maqsood",
              "non_striker": "CNIM Joyce",
              "runs": {
                "batter": 0,
                "extras": 0,
                "total": 0
              }
            },
            {
              "batter": "KJ Garth",
              "bowler": "AH Maqsood",
              "non_striker": "CNIM Joyce",
              "runs": {
                "batter": 0,
                "extras": 0,
                "total": 0
              }
            }
          ]
        },
        {
          "over": 10,
          "deliveries": [
            {
              "batter": "CNIM Joyce",
              "bowler": "RV Scholes",
              "extras": {
                "wides": 1
              },
              "non_striker": "KJ Garth",
              "runs": {
                "batter": 0,
                "extras": 1,
                "total": 1
              }
            },
            {
              "batter": "CNIM Joyce",
              "bowler": "RV Scholes",
              "non_striker": "KJ Garth",
              "runs": {
                "batter": 0,
                "extras": 0,
                "total": 0
              }
            },
            {
              "batter": "CNIM Joyce",
              "bowler": "RV Scholes",
              "non_striker": "KJ Garth",
              "runs": {
                "batter": 0,
                "extras": 0,
                "total": 0
              }
            },
            {
              "batter": "CNIM Joyce",
              "bowler": "RV Scholes",
              "non_striker": "KJ Garth",
              "runs": {
                "batter": 2,
                "extras": 0,
                "total": 2
              }
            },
            {
              "batter": "CNIM Joyce",
              "bowler": "RV Scholes",
              "non_striker": "KJ Garth",
              "runs": {
                "batter": 0,
                "extras": 0,
                "total": 0
              }
            },
            {
              "batter": "CNIM Joyce",
              "bowler": "RV Scholes",
              "non_striker": "KJ Garth",
              "runs": {
                "batter": 1,
                "extras": 0,
                "total": 1
              }
            },
            {
              "batter": "KJ Garth",
              "bowler": "RV Scholes",
              "non_striker": "CNIM Joyce",
              "runs": {
                "batter": 0,
                "extras": 0,
                "total": 0
              }
            }
          ]
        },
        {
          "over": 11,
          "deliveries": [
            {
              "batter": "CNIM Joyce",
              "bowler": "AH Maqsood",
              "non_striker": "KJ Garth",
              "runs": {
                "batter": 1,
                "extras": 0,
                "total": 1
              }
            },
            {
              "batter": "KJ Garth",
              "bowler": "AH Maqsood",
              "non_striker": "CNIM Joyce",
              "runs": {
                "batter": 0,
                "extras": 0,
                "total": 0
              }
            },
            {
              "batter": "KJ Garth",
              "bowler": "AH Maqsood",
              "non_striker": "CNIM Joyce",
              "runs": {
                "batter": 4,
                "extras": 0,
                "total": 4
              }
            }
          ]
        }
      ],
      "powerplays": [
        {
          "from": 0.1,
          "to": 5.6,
          "type": "mandatory"
        }
      ],
      "target": {
        "overs": 20,
        "runs": 78
      }
    }
  ]
}